{"type":"FeatureCollection","features":[{"type":"Feature","geometry":{"type":"LineString","coordinates":[[100.00031,20.36993],[100.00033,20.36966],[100.00044,20.36888],[100.00044,20.36885]]},"properties":{"c":"secondary","h":1.55,"k":0.7052,"m":true,"len":120,"t":"TH570905"}},{"type":"Feature","geometry":{"type":"LineString","coordinates":[[100.00044,20.36885],[100.00045,20.36872],[100.00046,20.36863],[100.00047,20.36846],[100.00053,20.36781],[100.00053,20.36777]]},"properties":{"c":"secondary","h":1.7,"k":0.7036,"m":true,"len":120,"t":"TH570905"}},{"type":"Feature","geometry":{"type":"LineString","coordinates":[[100.00053,20.36777],[100.00054,20.36772],[100.00059,20.36706],[100.00062,20.36669]]},"properties":{"c":"secondary","h":1.1,"k":0.7036,"m":true,"len":120,"t":"TH570905"}},{"type":"Feature","geometry":{"type":"LineString","coordinates":[[100.00062,20.36669],[100.00063,20.36655],[100.00067,20.36615],[100.00074,20.36562]]},"properties":{"c":"secondary","h":0.65,"k":0.7036,"m":true,"len":120,"t":"TH570905"}},{"type":"Feature","geometry":{"type":"LineString","coordinates":[[100.00074,20.36562],[100.00075,20.3655],[100.00079,20.36503],[100.00082,20.36454]]},"properties":{"c":"secondary","h":0.05,"k":0.7036,"m":true,"len":120,"t":"TH570905"}},{"type":"Feature","geometry":{"type":"LineString","coordinates":[[100.00082,20.36454],[100.00089,20.36346]]},"properties":{"c":"secondary","h":0.15,"k":0.7036,"m":true,"len":120,"t":"TH570905"}},{"type":"Feature","geometry":{"type":"LineString","coordinates":[[100.00089,20.36346],[100.00089,20.36338],[100.00058,20.36242]]},"properties":{"c":"secondary","h":0.4,"k":0.702,"m":true,"len":120,"t":"TH570905"}},{"type":"Feature","geometry":{"type":"LineString","coordinates":[[99.88365,20.43662],[99.88379,20.43667]]},"properties":{"c":"primary","h":null,"k":1.0,"m":true,"len":16,"t":"TH570901"}},{"type":"Feature","geometry":{"type":"LineString","coordinates":[[99.89343,20.43903],[99.89316,20.43989]]},"properties":{"c":"unclassified","h":0.3,"k":0.9999,"m":true,"len":99,"t":"TH570901"}},{"type":"Feature","geometry":{"type":"LineString","coordinates":[[99.89316,20.43989],[99.89311,20.44005],[99.89272,20.44068]]},"properties":{"c":"unclassified","h":0.55,"k":0.9999,"m":true,"len":99,"t":"TH570901"}},{"type":"Feature","geometry":{"type":"LineString","coordinates":[[99.89217,20.44238],[99.89211,20.44261],[99.89196,20.44295],[99.8917,20.4433]]},"properties":{"c":"unclassified","h":3.65,"k":0.9997,"m":true,"len":114,"t":"TH570901"}},{"type":"Feature","geometry":{"type":"LineString","coordinates":[[99.8917,20.4433],[99.89109,20.44412],[99.89107,20.44414]]},"properties":{"c":"unclassified","h":2.55,"k":0.9997,"m":true,"len":114,"t":"TH570901"}},{"type":"Feature","geometry":{"type":"LineString","coordinates":[[99.89107,20.44414],[99.89086,20.44434],[99.89069,20.44442],[99.89053,20.44443],[99.89039,20.44441],[99.89012,20.44429]]},"properties":{"c":"unclassified","h":0.65,"k":0.9997,"m":true,"len":114,"t":"TH570901"}},{"type":"Feature","geometry":{"type":"LineString","coordinates":[[99.89012,20.44429],[99.88997,20.44423],[99.88943,20.44397],[99.88932,20.44393],[99.88911,20.4439]]},"properties":{"c":"unclassified","h":0.4,"k":0.9997,"m":true,"len":114,"t":"TH570901"}},{"type":"Feature","geometry":{"type":"LineString","coordinates":[[99.88911,20.4439],[99.88911,20.4439],[99.88907,20.4439],[99.88885,20.44394],[99.88853,20.4441],[99.88831,20.44426],[99.88815,20.44434]]},"properties":{"c":"unclassified","h":0.4,"k":0.9997,"m":true,"len":114,"t":"TH570901"}},{"type":"Feature","geometry":{"type":"LineString","coordinates":[[99.88815,20.44434],[99.88792,20.44447],[99.88768,20.44454],[99.88749,20.44457],[99.88711,20.4446]]},"properties":{"c":"unclassified","h":0.85,"k":0.9997,"m":true,"len":114,"t":"TH570901"}},{"type":"Feature","geometry":{"type":"LineString","coordinates":[[99.88711,20.4446],[99.88653,20.44466],[99.88625,20.44468],[99.88602,20.4447]]},"properties":{"c":"unclassified","h":1.4,"k":0.9997,"m":true,"len":114,"t":"TH570901"}},{"type":"Feature","geometry":{"type":"LineString","coordinates":[[99.88602,20.4447],[99.8859,20.4447],[99.88532,20.44478],[99.885,20.44483],[99.88493,20.44484]]},"properties":{"c":"unclassified","h":0.05,"k":0.9996,"m":true,"len":114,"t":"TH570901"}},{"type":"Feature","geometry":{"type":"LineString","coordinates":[[99.88493,20.44484],[99.88455,20.44489],[99.8844,20.4449],[99.88387,20.44476]]},"properties":{"c":"unclassified","h":1.15,"k":0.9958,"m":true,"len":114,"t":"TH570901"}},{"type":"Feature","geometry":{"type":"LineString","coordinates":[[99.88387,20.44476],[99.88385,20.44475],[99.88375,20.44472],[99.88335,20.44457],[99.88305,20.44445],[99.88296,20.44442],[99.88287,20.44442],[99.88284,20.44442]]},"properties":{"c":"unclassified","h":0.45,"k":0.9958,"m":true,"len":114,"t":"TH570901"}},{"type":"Feature","geometry":{"type":"LineString","coordinates":[[99.88284,20.44442],[99.88233,20.44451],[99.88214,20.44452],[99.88194,20.44452],[99.88176,20.44451]]},"properties":{"c":"unclassified","h":0.05,"k":0.9958,"m":true,"len":114,"t":"TH570901"}},{"type":"Feature","geometry":{"type":"LineString","coordinates":[[99.88176,20.44451],[99.88163,20.4445],[99.88144,20.44448],[99.88126,20.44446],[99.88091,20.44443],[99.88067,20.4444]]},"properties":{"c":"unclassified","h":0.05,"k":0.9958,"m":true,"len":114,"t":"TH570901"}},{"type":"Feature","geometry":{"type":"LineString","coordinates":[[99.87423,20.44353],[99.87432,20.44357],[99.87436,20.44356],[99.87462,20.44352],[99.87512,20.44342]]},"properties":{"c":"residential","h":1.35,"k":0.9955,"m":true,"len":96,"t":"TH570906"}},{"type":"Feature","geometry":{"type":"LineString","coordinates":[[99.87512,20.44342],[99.87512,20.44342],[99.87536,20.44344],[99.87558,20.44348],[99.87588,20.4435],[99.87604,20.44347]]},"properties":{"c":"residential","h":0.05,"k":0.9955,"m":true,"len":96,"t":"TH570906"}},{"type":"Feature","geometry":{"type":"LineString","coordinates":[[99.87604,20.44347],[99.87609,20.44346],[99.87623,20.44342],[99.87631,20.44338],[99.87643,20.44346],[99.8765,20.44361],[99.87672,20.44382]]},"properties":{"c":"residential","h":0.2,"k":0.9955,"m":true,"len":96,"t":"TH570906"}},{"type":"Feature","geometry":{"type":"LineString","coordinates":[[99.87672,20.44382],[99.87678,20.44387],[99.87699,20.44396],[99.8775,20.444],[99.8776,20.444]]},"properties":{"c":"residential","h":3.7,"k":0.9955,"m":true,"len":96,"t":"TH570906"}},{"type":"Feature","geometry":{"type":"LineString","coordinates":[[99.81251,20.33378],[99.81235,20.33388],[99.81203,20.33401],[99.81189,20.3341],[99.81171,20.33431],[99.81163,20.33443]]},"properties":{"c":"secondary","h":null,"k":1.0,"m":true,"len":119,"t":"TH570906","n":"ถนนห้วยไคร้ - ห้วยน้ำริน"}},{"type":"Feature","geometry":{"type":"LineString","coordinates":[[99.81163,20.33443],[99.81154,20.33457],[99.81138,20.33478],[99.81127,20.33502],[99.81114,20.3354]]},"properties":{"c":"secondary","h":null,"k":1.0,"m":true,"len":119,"t":"TH570906","n":"ถนนห้วยไคร้ - ห้วยน้ำริน"}},{"type":"Feature","geometry":{"type":"LineString","coordinates":[[99.81114,20.3354],[99.81111,20.33549],[99.81107,20.33564],[99.81109,20.33575],[99.81116,20.33593],[99.81124,20.3362],[99.81124,20.33636],[99.81122,20.33644]]},"properties":{"c":"secondary","h":null,"k":1.0,"m":true,"len":119,"t":"TH570906","n":"ถนนห้วยไคร้ - ห้วยน้ำริน"}},{"type":"Feature","geometry":{"type":"LineString","coordinates":[[99.81122,20.33644],[99.81117,20.33659],[99.81108,20.33689],[99.81108,20.33723],[99.81104,20.33741],[99.81102,20.33749]]},"properties":{"c":"secondary","h":null,"k":1.0,"m":true,"len":119,"t":"TH570906","n":"ถนนห้วยไคร้ - ห้วยน้ำริน"}},{"type":"Feature","geometry":{"type":"LineString","coordinates":[[99.81102,20.33749],[99.811,20.33757],[99.81099,20.33771],[99.81101,20.3378],[99.81103,20.33787],[99.81115,20.33804],[99.81121,20.33812],[99.8113,20.33824],[99.81148,20.33842]]},"properties":{"c":"secondary","h":null,"k":1.0,"m":true,"len":119,"t":"TH570906","n":"ถนนห้วยไคร้ - ห้วยน้ำริน"}},{"type":"Feature","geometry":{"type":"LineString","coordinates":[[99.81148,20.33842],[99.81155,20.33849],[99.81171,20.33863],[99.81189,20.33878],[99.81197,20.3389],[99.812,20.33906],[99.81202,20.33918],[99.81202,20.33927],[99.81201,20.3393]]},"properties":{"c":"secondary","h":null,"k":1.0,"m":true,"len":119,"t":"TH570906","n":"ถนนห้วยไคร้ - ห้วยน้ำริน"}},{"type":"Feature","geometry":{"type":"LineString","coordinates":[[99.81201,20.3393],[99.81197,20.33942],[99.81187,20.33963],[99.81183,20.33982],[99.81185,20.33994],[99.81193,20.34007],[99.81212,20.34021],[99.81215,20.34022]]},"properties":{"c":"secondary","h":null,"k":1.0,"m":true,"len":119,"t":"TH570906","n":"ถนนห้วยไคร้ - ห้วยน้ำริน"}},{"type":"Feature","geometry":{"type":"LineString","coordinates":[[99.81215,20.34022],[99.81229,20.34027],[99.81234,20.34033],[99.81238,20.34042],[99.81239,20.34059],[99.81236,20.34089],[99.8124,20.34103],[99.81244,20.34117]]},"properties":{"c":"secondary","h":null,"k":1.0,"m":true,"len":119,"t":"TH570906","n":"ถนนห้วยไคร้ - ห้วยน้ำริน"}},{"type":"Feature","geometry":{"type":"LineString","coordinates":[[99.81244,20.34117],[99.81249,20.34136],[99.81257,20.34162],[99.81262,20.34182],[99.81266,20.342],[99.81269,20.3421],[99.81273,20.34221]]},"properties":{"c":"secondary","h":null,"k":1.0,"m":true,"len":119,"t":"TH570906","n":"ถนนห้วยไคร้ - ห้วยน้ำริน"}},{"type":"Feature","geometry":{"type":"LineString","coordinates":[[99.81273,20.34221],[99.81277,20.34231],[99.81291,20.34251],[99.81306,20.34265],[99.81322,20.34273],[99.81357,20.3429]]},"properties":{"c":"secondary","h":null,"k":1.0,"m":true,"len":119,"t":"TH570906","n":"ถนนห้วยไคร้ - ห้วยน้ำริน"}},{"type":"Feature","geometry":{"type":"LineString","coordinates":[[99.81357,20.3429],[99.81383,20.34303],[99.81413,20.34328],[99.81439,20.34351],[99.81446,20.34356]]},"properties":{"c":"secondary","h":null,"k":1.0,"m":true,"len":119,"t":"TH570906","n":"ถนนห้วยไคร้ - ห้วยน้ำริน"}},{"type":"Feature","geometry":{"type":"LineString","coordinates":[[99.81446,20.34356],[99.81487,20.34386],[99.81505,20.34398],[99.81518,20.34402],[99.81534,20.34399],[99.81544,20.34395]]},"properties":{"c":"secondary","h":null,"k":1.0,"m":true,"len":119,"t":"TH570906","n":"ถนนห้วยไคร้ - ห้วยน้ำริน"}},{"type":"Feature","geometry":{"type":"LineString","coordinates":[[99.81544,20.34395],[99.81555,20.34391],[99.81563,20.34395],[99.81569,20.34401],[99.81569,20.3441],[99.81556,20.3444],[99.81558,20.34447],[99.81565,20.34452],[99.81573,20.3445],[99.81582,20.34444],[99.81586,20.34442]]},"properties":{"c":"secondary","h":null,"k":1.0,"m":true,"len":119,"t":"TH570906","n":"ถนนห้วยไคร้ - ห้วยน้ำริน"}},{"type":"Feature","geometry":{"type":"LineString","coordinates":[[99.81586,20.34442],[99.81595,20.34438],[99.81603,20.34448],[99.81602,20.34457],[99.81593,20.34474],[99.81585,20.34488],[99.81585,20.34497],[99.81592,20.34503],[99.81602,20.34499],[99.81614,20.3449]]},"properties":{"c":"secondary","h":null,"k":1.0,"m":true,"len":119,"t":"TH570906","n":"ถนนห้วยไคร้ - ห้วยน้ำริน"}},{"type":"Feature","geometry":{"type":"LineString","coordinates":[[99.81614,20.3449],[99.81616,20.34488],[99.81623,20.34482],[99.81632,20.34477],[99.81637,20.34478],[99.81639,20.34482],[99.81635,20.34496],[99.81633,20.34511],[99.8164,20.34522],[99.81646,20.34526],[99.81666,20.3454],[99.81669,20.34543]]},"properties":{"c":"secondary","h":null,"k":1.0,"m":true,"len":119,"t":"TH570906","n":"ถนนห้วยไคร้ - ห้วยน้ำริน"}},{"type":"Feature","geometry":{"type":"LineString","coordinates":[[99.81669,20.34543],[99.81676,20.34548],[99.81698,20.34571],[99.81717,20.34599],[99.81734,20.34631]]},"properties":{"c":"secondary","h":null,"k":1.0,"m":true,"len":119,"t":"TH570906","n":"ถนนห้วยไคร้ - ห้วยน้ำริน"}},{"type":"Feature","geometry":{"type":"LineString","coordinates":[[99.81734,20.34631],[99.81735,20.34632],[99.81763,20.34683],[99.81791,20.34725]]},"properties":{"c":"secondary","h":null,"k":1.0,"m":true,"len":119,"t":"TH570906","n":"ถนนห้วยไคร้ - ห้วยน้ำริน"}},{"type":"Feature","geometry":{"type":"LineString","coordinates":[[99.81791,20.34725],[99.81791,20.34726],[99.81809,20.34751],[99.81823,20.34769],[99.81835,20.34779],[99.81839,20.34783],[99.81859,20.34795],[99.8187,20.34799]]},"properties":{"c":"secondary","h":null,"k":1.0,"m":true,"len":119,"t":"TH570906","n":"ถนนห้วยไคร้ - ห้วยน้ำริน"}},{"type":"Feature","geometry":{"type":"LineString","coordinates":[[99.8187,20.34799],[99.81881,20.34802],[99.81899,20.34806],[99.81932,20.34808],[99.81953,20.3481],[99.81966,20.34814],[99.81976,20.34819],[99.81979,20.34823]]},"properties":{"c":"secondary","h":null,"k":1.0,"m":true,"len":119,"t":"TH570906","n":"ถนนห้วยไคร้ - ห้วยน้ำริน"}},{"type":"Feature","geometry":{"type":"LineString","coordinates":[[99.81979,20.34823],[99.81985,20.34831],[99.81994,20.34847],[99.82005,20.34862],[99.82021,20.34872],[99.82041,20.34882],[99.82057,20.34888],[99.82061,20.34893]]},"properties":{"c":"secondary","h":null,"k":1.0,"m":true,"len":119,"t":"TH570906","n":"ถนนห้วยไคร้ - ห้วยน้ำริน"}},{"type":"Feature","geometry":{"type":"LineString","coordinates":[[99.82061,20.34893],[99.82076,20.34911],[99.82085,20.34934],[99.82092,20.3495],[99.82098,20.34963],[99.82108,20.34976],[99.82115,20.34987]]},"properties":{"c":"secondary","h":null,"k":1.0,"m":true,"len":119,"t":"TH570906","n":"ถนนห้วยไคร้ - ห้วยน้ำริน"}},{"type":"Feature","geometry":{"type":"LineString","coordinates":[[99.82115,20.34987],[99.82124,20.34999],[99.82155,20.35033],[99.82176,20.35063],[99.82184,20.35073]]},"properties":{"c":"secondary","h":null,"k":1.0,"m":true,"len":119,"t":"TH570906","n":"ถนนห้วยไคร้ - ห้วยน้ำริน"}},{"type":"Feature","geometry":{"type":"LineString","coordinates":[[99.82184,20.35073],[99.82189,20.35079],[99.82199,20.35093],[99.82212,20.35109],[99.82223,20.35122],[99.82244,20.35141],[99.82261,20.3515]]},"properties":{"c":"secondary","h":null,"k":1.0,"m":true,"len":119,"t":"TH570906","n":"ถนนห้วยไคร้ - ห้วยน้ำริน"}},{"type":"Feature","geometry":{"type":"LineString","coordinates":[[99.82261,20.3515],[99.82275,20.35158],[99.82298,20.35172],[99.82314,20.35176],[99.82339,20.35178],[99.82368,20.35178],[99.82368,20.35178]]},"properties":{"c":"secondary","h":null,"k":1.0,"m":true,"len":119,"t":"TH570906","n":"ถนนห้วยไคร้ - ห้วยน้ำริน"}},{"type":"Feature","geometry":{"type":"LineString","coordinates":[[99.82368,20.35178],[99.824,20.35173],[99.8243,20.35166],[99.82455,20.35167],[99.82478,20.35179]]},"properties":{"c":"secondary","h":null,"k":1.0,"m":true,"len":119,"t":"TH570906","n":"ถนนห้วยไคร้ - ห้วยน้ำริน"}},{"type":"Feature","geometry":{"type":"LineString","coordinates":[[99.82478,20.35179],[99.82478,20.35179],[99.82496,20.35192],[99.82513,20.35208],[99.82521,20.35226],[99.82525,20.35244],[99.8251,20.35256],[99.82505,20.35261]]},"properties":{"c":"secondary","h":null,"k":1.0,"m":true,"len":119,"t":"TH570906","n":"ถนนห้วยไคร้ - ห้วยน้ำริน"}},{"type":"Feature","geometry":{"type":"LineString","coordinates":[[99.82505,20.35261],[99.825,20.35265],[99.82507,20.35275],[99.82518,20.3528],[99.82525,20.35285],[99.82522,20.35291],[99.82516,20.35298],[99.8251,20.35307],[99.82513,20.35312],[99.82519,20.35313],[99.82525,20.35316],[99.82528,20.35337],[99.8253,20.35341]]},"properties":{"c":"secondary","h":null,"k":1.0,"m":true,"len":119,"t":"TH570906","n":"ถนนห้วยไคร้ - ห้วยน้ำริน"}},{"type":"Feature","geometry":{"type":"LineString","coordinates":[[99.8253,20.35341],[99.82537,20.3535],[99.8255,20.35363],[99.82553,20.3537],[99.82551,20.35381],[99.82554,20.3539],[99.82561,20.35401],[99.82566,20.35421],[99.82572,20.35437]]},"properties":{"c":"secondary","h":null,"k":1.0,"m":true,"len":119,"t":"TH570906","n":"ถนนห้วยไคร้ - ห้วยน้ำริน"}},{"type":"Feature","geometry":{"type":"LineString","coordinates":[[99.82572,20.35437],[99.82573,20.35442],[99.82594,20.35461],[99.82613,20.35473],[99.82635,20.35494],[99.82649,20.35514]]},"properties":{"c":"secondary","h":null,"k":1.0,"m":true,"len":119,"t":"TH570906","n":"ถนนห้วยไคร้ - ห้วยน้ำริน"}},{"type":"Feature","geometry":{"type":"LineString","coordinates":[[99.82649,20.35514],[99.82651,20.35518],[99.82657,20.35529],[99.82663,20.35544],[99.82667,20.35551],[99.82688,20.35593],[99.82701,20.3561]]},"properties":{"c":"secondary","h":null,"k":1.0,"m":true,"len":119,"t":"TH570906","n":"ถนนห้วยไคร้ - ห้วยน้ำริน"}},{"type":"Feature","geometry":{"type":"LineString","coordinates":[[99.82701,20.3561],[99.82702,20.35611],[99.82723,20.35628],[99.82746,20.35641],[99.82759,20.35647],[99.82764,20.35654],[99.82764,20.3566],[99.82763,20.3567],[99.82756,20.35685]]},"properties":{"c":"secondary","h":null,"k":1.0,"m":true,"len":119,"t":"TH570906","n":"ถนนห้วยไคร้ - ห้วยน้ำริน"}},{"type":"Feature","geometry":{"type":"LineString","coordinates":[[99.82756,20.35685],[99.82755,20.35689],[99.82752,20.35701],[99.82753,20.35715],[99.82762,20.35757],[99.82769,20.35791]]},"properties":{"c":"secondary","h":null,"k":1.0,"m":true,"len":119,"t":"TH570906","n":"ถนนห้วยไคร้ - ห้วยน้ำริน"}},{"type":"Feature","geometry":{"type":"LineString","coordinates":[[99.82769,20.35791],[99.8277,20.35793],[99.8277,20.3581],[99.82769,20.35827],[99.82769,20.35852],[99.82771,20.35899]]},"properties":{"c":"secondary","h":null,"k":1.0,"m":true,"len":119,"t":"TH570906","n":"ถนนห้วยไคร้ - ห้วยน้ำริน"}},{"type":"Feature","geometry":{"type":"LineString","coordinates":[[99.82771,20.35899],[99.82773,20.3594],[99.8278,20.3597],[99.82788,20.3599],[99.82796,20.36002]]},"properties":{"c":"secondary","h":null,"k":1.0,"m":true,"len":119,"t":"TH570906","n":"ถนนห้วยไคร้ - ห้วยน้ำริน"}},{"type":"Feature","geometry":{"type":"LineString","coordinates":[[99.82796,20.36002],[99.82803,20.36014],[99.82813,20.36033],[99.82829,20.36091],[99.82833,20.36104]]},"properties":{"c":"secondary","h":null,"k":1.0,"m":true,"len":119,"t":"TH570906","n":"ถนนห้วยไคร้ - ห้วยน้ำริน"}},{"type":"Feature","geometry":{"type":"LineString","coordinates":[[99.82833,20.36104],[99.82844,20.36148],[99.82846,20.36172],[99.82846,20.36204],[99.82847,20.3621]]},"properties":{"c":"secondary","h":null,"k":1.0,"m":true,"len":119,"t":"TH570906","n":"ถนนห้วยไคร้ - ห้วยน้ำริน"}},{"type":"Feature","geometry":{"type":"LineString","coordinates":[[99.82847,20.3621],[99.82851,20.36226],[99.82856,20.36245],[99.82863,20.36288],[99.82862,20.36316]]},"properties":{"c":"secondary","h":null,"k":1.0,"m":true,"len":119,"t":"TH570906","n":"ถนนห้วยไคร้ - ห้วยน้ำริน"}},{"type":"Feature","geometry":{"type":"LineString","coordinates":[[99.82862,20.36316],[99.82862,20.36322],[99.82865,20.36326],[99.8287,20.36331],[99.82889,20.36336],[99.82896,20.36337],[99.82903,20.3634],[99.82909,20.36346],[99.82914,20.36352],[99.82921,20.36364],[99.82941,20.36385]]},"properties":{"c":"secondary","h":null,"k":1.0,"m":true,"len":119,"t":"TH570906","n":"ถนนห้วยไคร้ - ห้วยน้ำริน"}},{"type":"Feature","geometry":{"type":"LineString","coordinates":[[99.82941,20.36385],[99.82943,20.36388],[99.82962,20.36408],[99.82979,20.36422],[99.82986,20.36426],[99.82994,20.36428],[99.83007,20.36431],[99.83021,20.36432],[99.83029,20.36431],[99.83037,20.36432]]},"properties":{"c":"secondary","h":null,"k":1.0,"m":true,"len":119,"t":"TH570906","n":"ถนนห้วยไคร้ - ห้วยน้ำริน"}},{"type":"Feature","geometry":{"type":"LineString","coordinates":[[99.83037,20.36432],[99.83037,20.36432],[99.83045,20.36434],[99.83051,20.36438],[99.83057,20.36447],[99.83061,20.36456],[99.83068,20.36481],[99.83078,20.36509],[99.83086,20.36525]]},"properties":{"c":"secondary","h":null,"k":1.0,"m":true,"len":119,"t":"TH570906","n":"ถนนห้วยไคร้ - ห้วยน้ำริน"}},{"type":"Feature","geometry":{"type":"LineString","coordinates":[[99.83086,20.36525],[99.83089,20.36532],[99.83141,20.36582],[99.83152,20.36593],[99.8316,20.36604],[99.83161,20.36605]]},"properties":{"c":"secondary","h":null,"k":1.0,"m":true,"len":119,"t":"TH570906","n":"ถนนห้วยไคร้ - ห้วยน้ำริน"}},{"type":"Feature","geometry":{"type":"LineString","coordinates":[[99.83161,20.36605],[99.83166,20.36614],[99.83167,20.3662],[99.83168,20.36628],[99.83167,20.36633],[99.83166,20.36641],[99.83158,20.36661],[99.83155,20.36671],[99.83153,20.3668],[99.83155,20.36703],[99.83156,20.3671]]},"properties":{"c":"secondary","h":null,"k":1.0,"m":true,"len":119,"t":"TH570906","n":"ถนนห้วยไคร้ - ห้วยน้ำริน"}},{"type":"Feature","geometry":{"type":"LineString","coordinates":[[99.83156,20.3671],[99.83156,20.36713],[99.83162,20.36726],[99.83172,20.36747],[99.83184,20.36768],[99.83194,20.36784],[99.83205,20.36802],[99.83207,20.36806]]},"properties":{"c":"secondary","h":null,"k":1.0,"m":true,"len":119,"t":"TH570906","n":"ถนนห้วยไคร้ - ห้วยน้ำริน"}},{"type":"Feature","geometry":{"type":"LineString","coordinates":[[99.83207,20.36806],[99.83244,20.36859],[99.83255,20.36876],[99.83269,20.36896]]},"properties":{"c":"secondary","h":null,"k":1.0,"m":true,"len":119,"t":"TH570906","n":"ถนนห้วยไคร้ - ห้วยน้ำริน"}},{"type":"Feature","geometry":{"type":"LineString","coordinates":[[99.83269,20.36896],[99.83273,20.36901],[99.83294,20.36927],[99.83323,20.3696],[99.83339,20.36981]]},"properties":{"c":"secondary","h":null,"k":1.0,"m":true,"len":119,"t":"TH570906","n":"ถนนห้วยไคร้ - ห้วยน้ำริน"}},{"type":"Feature","geometry":{"type":"LineString","coordinates":[[99.83339,20.36981],[99.83347,20.36992],[99.83361,20.37008],[99.83374,20.37021],[99.83381,20.37025],[99.8339,20.3703],[99.83427,20.37043],[99.83428,20.37043]]},"properties":{"c":"secondary","h":null,"k":1.0,"m":true,"len":119,"t":"TH570906","n":"ถนนห้วยไคร้ - ห้วยน้ำริน"}},{"type":"Feature","geometry":{"type":"LineString","coordinates":[[99.83428,20.37043],[99.83497,20.37057],[99.83538,20.37072]]},"properties":{"c":"secondary","h":null,"k":1.0,"m":true,"len":119,"t":"TH570906","n":"ถนนห้วยไคร้ - ห้วยน้ำริน"}},{"type":"Feature","geometry":{"type":"LineString","coordinates":[[99.83538,20.37072],[99.83541,20.37073],[99.83554,20.37082],[99.83566,20.3709],[99.83574,20.37099],[99.83581,20.37109],[99.83606,20.37149],[99.83608,20.37154]]},"properties":{"c":"secondary","h":null,"k":1.0,"m":true,"len":119,"t":"TH570906","n":"ถนนห้วยไคร้ - ห้วยน้ำริน"}},{"type":"Feature","geometry":{"type":"LineString","coordinates":[[99.83608,20.37154],[99.83627,20.37197],[99.83634,20.37217],[99.83638,20.37226],[99.83642,20.37233],[99.83657,20.37251]]},"properties":{"c":"secondary","h":null,"k":1.0,"m":true,"len":119,"t":"TH570906","n":"ถนนห้วยไคร้ - ห้วยน้ำริน"}},{"type":"Feature","geometry":{"type":"LineString","coordinates":[[99.83657,20.37251],[99.83671,20.37267],[99.83685,20.37281],[99.83704,20.37293],[99.83723,20.37303],[99.83747,20.37315]]},"properties":{"c":"secondary","h":null,"k":1.0,"m":true,"len":119,"t":"TH570906","n":"ถนนห้วยไคร้ - ห้วยน้ำริน"}},{"type":"Feature","geometry":{"type":"LineString","coordinates":[[99.83747,20.37315],[99.83754,20.37319],[99.83826,20.37344],[99.83855,20.3735]]},"properties":{"c":"secondary","h":null,"k":1.0,"m":true,"len":119,"t":"TH570906","n":"ถนนห้วยไคร้ - ห้วยน้ำริน"}},{"type":"Feature","geometry":{"type":"LineString","coordinates":[[99.83855,20.3735],[99.83879,20.37354],[99.83897,20.37357],[99.83917,20.37357],[99.83937,20.37358],[99.83958,20.37357],[99.83968,20.37359]]},"properties":{"c":"secondary","h":null,"k":1.0,"m":true,"len":119,"t":"TH570906","n":"ถนนห้วยไคร้ - ห้วยน้ำริน"}},{"type":"Feature","geometry":{"type":"LineString","coordinates":[[99.83968,20.37359],[99.83969,20.37359],[99.83978,20.37363],[99.8399,20.3737],[99.84,20.37377],[99.84019,20.37392],[99.84023,20.37398],[99.84026,20.37403],[99.84028,20.37409],[99.84027,20.37414],[99.84024,20.37418],[99.84019,20.37422],[99.84013,20.37423],[99.84005,20.37426]]},"properties":{"c":"secondary","h":null,"k":1.0,"m":true,"len":119,"t":"TH570906","n":"ถนนห้วยไคร้ - ห้วยน้ำริน"}},{"type":"Feature","geometry":{"type":"LineString","coordinates":[[99.84005,20.37426],[99.83998,20.37427],[99.83987,20.37427],[99.83978,20.37429],[99.83972,20.37434],[99.8397,20.3744],[99.83971,20.37447],[99.83975,20.37453],[99.83983,20.37459],[99.83993,20.37462],[99.84012,20.37465],[99.84016,20.3747],[99.84017,20.37475],[99.84015,20.37481]]},"properties":{"c":"secondary","h":null,"k":1.0,"m":true,"len":119,"t":"TH570906","n":"ถนนห้วยไคร้ - ห้วยน้ำริน"}},{"type":"Feature","geometry":{"type":"LineString","coordinates":[[99.84015,20.37481],[99.84011,20.37496],[99.84003,20.37513],[99.8399,20.3753],[99.83984,20.37534],[99.83977,20.37536],[99.83974,20.37538],[99.83972,20.37541],[99.83972,20.37544],[99.83973,20.37547],[99.83975,20.37549],[99.8398,20.37551],[99.83984,20.3755],[99.83989,20.3755],[99.83992,20.37552],[99.83994,20.37553],[99.83995,20.37555],[99.83995,20.37557]]},"properties":{"c":"secondary","h":null,"k":1.0,"m":true,"len":119,"t":"TH570906","n":"ถนนห้วยไคร้ - ห้วยน้ำริน"}},{"type":"Feature","geometry":{"type":"LineString","coordinates":[[99.83995,20.37557],[99.83996,20.3756],[99.83995,20.37565],[99.83995,20.37569],[99.83993,20.37572],[99.83991,20.37576],[99.83988,20.37578],[99.83982,20.37582],[99.83975,20.37585],[99.83953,20.3759],[99.83943,20.37593],[99.83935,20.37598],[99.83929,20.37603],[99.83924,20.37609],[99.83916,20.37621],[99.83916,20.37621]]},"properties":{"c":"secondary","h":null,"k":1.0,"m":true,"len":119,"t":"TH570906","n":"ถนนห้วยไคร้ - ห้วยน้ำริน"}},{"type":"Feature","geometry":{"type":"LineString","coordinates":[[99.83916,20.37621],[99.83914,20.37629],[99.83913,20.37647],[99.83911,20.37665],[99.83907,20.37683],[99.83906,20.37692],[99.83907,20.37706],[99.83909,20.37718],[99.83914,20.37727]]},"properties":{"c":"secondary","h":null,"k":1.0,"m":true,"len":119,"t":"TH570906","n":"ถนนห้วยไคร้ - ห้วยน้ำริน"}},{"type":"Feature","geometry":{"type":"LineString","coordinates":[[99.83914,20.37727],[99.83914,20.37727],[99.83931,20.37758],[99.83947,20.37798],[99.83955,20.37821],[99.83956,20.37827]]},"properties":{"c":"secondary","h":null,"k":1.0,"m":true,"len":119,"t":"TH570906","n":"ถนนห้วยไคร้ - ห้วยน้ำริน"}},{"type":"Feature","geometry":{"type":"LineString","coordinates":[[99.83956,20.37827],[99.8396,20.37843],[99.83961,20.37856],[99.8396,20.3787],[99.83949,20.37895],[99.83939,20.37913],[99.83937,20.3792],[99.83936,20.37926],[99.83936,20.37929]]},"properties":{"c":"secondary","h":null,"k":1.0,"m":true,"len":119,"t":"TH570906","n":"ถนนห้วยไคร้ - ห้วยน้ำริน"}},{"type":"Feature","geometry":{"type":"LineString","coordinates":[[99.83936,20.37929],[99.83938,20.37937],[99.83942,20.37946],[99.83958,20.37961],[99.83987,20.37991],[99.84014,20.38005]]},"properties":{"c":"secondary","h":null,"k":1.0,"m":true,"len":119,"t":"TH570906","n":"ถนนห้วยไคร้ - ห้วยน้ำริน"}},{"type":"Feature","geometry":{"type":"LineString","coordinates":[[99.84014,20.38005],[99.84016,20.38006],[99.8404,20.38011],[99.84063,20.38016],[99.8407,20.38019],[99.84076,20.38022],[99.84078,20.38025],[99.8408,20.38027],[99.8408,20.38032],[99.84079,20.38036],[99.84073,20.38042],[99.84069,20.38046],[99.84061,20.38055],[99.84059,20.3806]]},"properties":{"c":"secondary","h":null,"k":1.0,"m":true,"len":119,"t":"TH570906","n":"ถนนห้วยไคร้ - ห้วยน้ำริน"}},{"type":"Feature","geometry":{"type":"LineString","coordinates":[[99.84059,20.3806],[99.84058,20.38061],[99.84058,20.38066],[99.84055,20.38078],[99.84054,20.38089],[99.84059,20.38115],[99.84066,20.38139],[99.84069,20.38166]]},"properties":{"c":"secondary","h":null,"k":1.0,"m":true,"len":119,"t":"TH570906","n":"ถนนห้วยไคร้ - ห้วยน้ำริน"}},{"type":"Feature","geometry":{"type":"LineString","coordinates":[[99.84069,20.38166],[99.84069,20.38169],[99.84071,20.38186],[99.84074,20.38189],[99.84076,20.3819],[99.84079,20.38191],[99.84084,20.38192],[99.84089,20.3819],[99.8409,20.38188],[99.84092,20.38185],[99.84094,20.38181],[99.84099,20.38175],[99.84103,20.38171],[99.84107,20.38168],[99.84113,20.38169],[99.8412,20.38173],[99.84126,20.38178],[99.84128,20.38183],[99.8413,20.3819],[99.84131,20.38196]]},"properties":{"c":"secondary","h":null,"k":1.0,"m":true,"len":119,"t":"TH570906","n":"ถนนห้วยไคร้ - ห้วยน้ำริน"}},{"type":"Feature","geometry":{"type":"LineString","coordinates":[[99.84131,20.38196],[99.84131,20.38197],[99.84124,20.38225],[99.84116,20.38252],[99.84108,20.38269],[99.84106,20.3828],[99.84105,20.3829],[99.84109,20.383]]},"properties":{"c":"secondary","h":null,"k":1.0,"m":true,"len":119,"t":"TH570906","n":"ถนนห้วยไคร้ - ห้วยน้ำริน"}},{"type":"Feature","geometry":{"type":"LineString","coordinates":[[99.84109,20.383],[99.84109,20.383],[99.84114,20.38309],[99.84133,20.38327],[99.84151,20.38344],[99.84166,20.3836],[99.84175,20.38372],[99.84179,20.38384]]},"properties":{"c":"secondary","h":null,"k":1.0,"m":true,"len":119,"t":"TH570906","n":"ถนนห้วยไคร้ - ห้วยน้ำริน"}},{"type":"Feature","geometry":{"type":"LineString","coordinates":[[99.84179,20.38384],[99.84182,20.38395],[99.84187,20.38414],[99.84192,20.38428],[99.84194,20.38437],[99.84195,20.38442],[99.84193,20.38446],[99.8419,20.38454],[99.84183,20.38464],[99.84178,20.38477],[99.84176,20.38485]]},"properties":{"c":"secondary","h":null,"k":1.0,"m":true,"len":119,"t":"TH570906","n":"ถนนห้วยไคร้ - ห้วยน้ำริน"}},{"type":"Feature","geometry":{"type":"LineString","coordinates":[[99.84176,20.38485],[99.84174,20.38493],[99.8417,20.38515],[99.8417,20.38532],[99.84172,20.38543],[99.84176,20.38552],[99.84194,20.38588]]},"properties":{"c":"secondary","h":null,"k":1.0,"m":true,"len":119,"t":"TH570906","n":"ถนนห้วยไคร้ - ห้วยน้ำริน"}},{"type":"Feature","geometry":{"type":"LineString","coordinates":[[99.84194,20.38588],[99.84203,20.38607],[99.84209,20.38622],[99.84211,20.38633],[99.84212,20.3864],[99.84211,20.38645],[99.84203,20.38681],[99.84203,20.38687],[99.84204,20.38691],[99.84204,20.38692]]},"properties":{"c":"secondary","h":null,"k":1.0,"m":true,"len":119,"t":"TH570906","n":"ถนนห้วยไคร้ - ห้วยน้ำริน"}},{"type":"Feature","geometry":{"type":"LineString","coordinates":[[99.84204,20.38692],[99.84205,20.38694],[99.84209,20.38695],[99.84215,20.38695],[99.84219,20.38693],[99.84224,20.38689],[99.84228,20.38679],[99.84238,20.38633],[99.84243,20.38626],[99.84248,20.38623],[99.84254,20.38622],[99.84259,20.38624],[99.84261,20.38627]]},"properties":{"c":"secondary","h":null,"k":1.0,"m":true,"len":119,"t":"TH570906","n":"ถนนห้วยไคร้ - ห้วยน้ำริน"}},{"type":"Feature","geometry":{"type":"LineString","coordinates":[[99.84261,20.38627],[99.84262,20.38629],[99.84263,20.38634],[99.84264,20.38641],[99.84261,20.38651],[99.84258,20.38665],[99.84251,20.38682],[99.8425,20.38691],[99.8425,20.38696],[99.84252,20.38699],[99.84256,20.38701],[99.84261,20.38701],[99.84265,20.387],[99.84268,20.38699],[99.84274,20.38684]]},"properties":{"c":"secondary","h":null,"k":1.0,"m":true,"len":119,"t":"TH570906","n":"ถนนห้วยไคร้ - ห้วยน้ำริน"}},{"type":"Feature","geometry":{"type":"LineString","coordinates":[[99.84274,20.38684],[99.84274,20.38682],[99.84283,20.38659],[99.84292,20.38639],[99.84297,20.38631],[99.84301,20.38628],[99.84306,20.38627],[99.84311,20.38627],[99.84315,20.38629],[99.84318,20.38632],[99.84322,20.38637],[99.84325,20.38646],[99.84328,20.38655],[99.84329,20.38658]]},"properties":{"c":"secondary","h":null,"k":1.0,"m":true,"len":119,"t":"TH570906","n":"ถนนห้วยไคร้ - ห้วยน้ำริน"}},{"type":"Feature","geometry":{"type":"LineString","coordinates":[[99.84329,20.38658],[99.84331,20.38667],[99.84332,20.38679],[99.84328,20.38696],[99.84323,20.38705],[99.84308,20.38737],[99.84301,20.3876]]},"properties":{"c":"secondary","h":null,"k":1.0,"m":true,"len":119,"t":"TH570906","n":"ถนนห้วยไคร้ - ห้วยน้ำริน"}},{"type":"Feature","geometry":{"type":"LineString","coordinates":[[99.84301,20.3876],[99.84301,20.3876],[99.84297,20.38776],[99.84296,20.38783],[99.84297,20.38788],[99.84301,20.38805],[99.84305,20.38825],[99.84304,20.38832],[99.84302,20.3884],[99.84294,20.38847],[99.84283,20.38859]]},"properties":{"c":"secondary","h":null,"k":1.0,"m":true,"len":119,"t":"TH570906","n":"ถนนห้วยไคร้ - ห้วยน้ำริน"}},{"type":"Feature","geometry":{"type":"LineString","coordinates":[[99.84283,20.38859],[99.84278,20.38865],[99.84266,20.38877],[99.84262,20.38883],[99.84261,20.38891],[99.84262,20.38901],[99.84265,20.38911],[99.84271,20.38918],[99.84277,20.38921],[99.84285,20.38924],[99.84296,20.38928],[99.84302,20.38935],[99.84304,20.38939]]},"properties":{"c":"secondary","h":null,"k":1.0,"m":true,"len":119,"t":"TH570906","n":"ถนนห้วยไคร้ - ห้วยน้ำริน"}},{"type":"Feature","geometry":{"type":"LineString","coordinates":[[99.84304,20.38939],[99.84306,20.38942],[99.84307,20.3895],[99.84304,20.38961],[99.84301,20.38971],[99.843,20.38977],[99.84302,20.38985],[99.84307,20.38993],[99.84313,20.39],[99.84321,20.39007],[99.84327,20.39013],[99.84331,20.3902],[99.84333,20.39028],[99.84332,20.39035]]},"properties":{"c":"secondary","h":null,"k":1.0,"m":true,"len":119,"t":"TH570906","n":"ถนนห้วยไคร้ - ห้วยน้ำริน"}},{"type":"Feature","geometry":{"type":"LineString","coordinates":[[99.84332,20.39035],[99.84331,20.39048],[99.84329,20.39062],[99.84328,20.39077],[99.84329,20.39092],[99.84332,20.39122],[99.84335,20.39134],[99.84338,20.39141]]},"properties":{"c":"secondary","h":null,"k":1.0,"m":true,"len":119,"t":"TH570906","n":"ถนนห้วยไคร้ - ห้วยน้ำริน"}},{"type":"Feature","geometry":{"type":"LineString","coordinates":[[99.84338,20.39141],[99.84339,20.39142],[99.84341,20.39149],[99.84348,20.39152],[99.84355,20.39153],[99.84366,20.39153],[99.84378,20.39153],[99.8439,20.39158],[99.84416,20.3917],[99.84433,20.39177],[99.8444,20.39179]]},"properties":{"c":"secondary","h":null,"k":1.0,"m":true,"len":119,"t":"TH570906","n":"ถนนห้วยไคร้ - ห้วยน้ำริน"}},{"type":"Feature","geometry":{"type":"LineString","coordinates":[[99.8444,20.39179],[99.84442,20.3918],[99.84461,20.39181],[99.84479,20.3918],[99.8449,20.39182],[99.84497,20.39186],[99.84501,20.3919],[99.84503,20.39196],[99.84505,20.39205],[99.84509,20.39217],[99.84512,20.39223],[99.84515,20.39227],[99.84521,20.3923],[99.84522,20.39231]]},"properties":{"c":"secondary","h":null,"k":1.0,"m":true,"len":119,"t":"TH570906","n":"ถนนห้วยไคร้ - ห้วยน้ำริน"}},{"type":"Feature","geometry":{"type":"LineString","coordinates":[[99.84522,20.39231],[99.84529,20.39234],[99.8454,20.39238],[99.84574,20.3925],[99.84592,20.39259],[99.84606,20.39269],[99.84611,20.39274],[99.84617,20.39283],[99.84617,20.39285]]},"properties":{"c":"secondary","h":null,"k":1.0,"m":true,"len":119,"t":"TH570906","n":"ถนนห้วยไคร้ - ห้วยน้ำริน"}},{"type":"Feature","geometry":{"type":"LineString","coordinates":[[99.84617,20.39285],[99.84619,20.39294],[99.84618,20.39302],[99.84617,20.39308],[99.84616,20.39313],[99.84606,20.39321],[99.84594,20.39333],[99.84593,20.39345],[99.84593,20.39359],[99.84597,20.39372],[99.84598,20.39383],[99.84598,20.39383]]},"properties":{"c":"secondary","h":null,"k":1.0,"m":true,"len":119,"t":"TH570906","n":"ถนนห้วยไคร้ - ห้วยน้ำริน"}},{"type":"Feature","geometry":{"type":"LineString","coordinates":[[99.84598,20.39383],[99.84595,20.39395],[99.8459,20.39404],[99.84583,20.39415],[99.84582,20.39426],[99.84584,20.39434],[99.84591,20.39442],[99.84606,20.39456],[99.84615,20.39467],[99.84619,20.39473],[99.8462,20.39475]]},"properties":{"c":"secondary","h":null,"k":1.0,"m":true,"len":119,"t":"TH570906","n":"ถนนห้วยไคร้ - ห้วยน้ำริน"}},{"type":"Feature","geometry":{"type":"LineString","coordinates":[[99.8462,20.39475],[99.8462,20.39481],[99.84617,20.39501],[99.84617,20.39517],[99.84621,20.39532],[99.84623,20.3954],[99.84622,20.39547],[99.84617,20.39552],[99.84603,20.3956],[99.84596,20.39567],[99.84594,20.3957]]},"properties":{"c":"secondary","h":null,"k":1.0,"m":true,"len":119,"t":"TH570906","n":"ถนนห้วยไคร้ - ห้วยน้ำริน"}},{"type":"Feature","geometry":{"type":"LineString","coordinates":[[99.84594,20.3957],[99.84592,20.39574],[99.84591,20.39581],[99.84595,20.39589],[99.84608,20.39603],[99.84626,20.39619],[99.84651,20.39644],[99.84659,20.39651]]},"properties":{"c":"secondary","h":null,"k":1.0,"m":true,"len":119,"t":"TH570906","n":"ถนนห้วยไคร้ - ห้วยน้ำริน"}},{"type":"Feature","geometry":{"type":"LineString","coordinates":[[99.84659,20.39651],[99.84679,20.39671],[99.8469,20.3968],[99.84694,20.39688],[99.84694,20.39694],[99.84693,20.39699],[99.8469,20.39703],[99.84681,20.39707],[99.84672,20.39709],[99.84666,20.39711],[99.84653,20.39714],[99.84647,20.39716]]},"properties":{"c":"secondary","h":null,"k":1.0,"m":true,"len":119,"t":"TH570906","n":"ถนนห้วยไคร้ - ห้วยน้ำริน"}},{"type":"Feature","geometry":{"type":"LineString","coordinates":[[99.84647,20.39716],[99.84645,20.39717],[99.84633,20.39726],[99.84624,20.39739],[99.84586,20.39795],[99.84583,20.39804]]},"properties":{"c":"secondary","h":null,"k":1.0,"m":true,"len":119,"t":"TH570906","n":"ถนนห้วยไคร้ - ห้วยน้ำริน"}},{"type":"Feature","geometry":{"type":"LineString","coordinates":[[99.84583,20.39804],[99.84583,20.39804],[99.84587,20.39813],[99.84593,20.3982],[99.84607,20.39833],[99.8462,20.39838],[99.84649,20.39843],[99.8466,20.39848],[99.84667,20.39854],[99.84675,20.39859]]},"properties":{"c":"secondary","h":null,"k":1.0,"m":true,"len":119,"t":"TH570906","n":"ถนนห้วยไคร้ - ห้วยน้ำริน"}},{"type":"Feature","geometry":{"type":"LineString","coordinates":[[99.84675,20.39859],[99.84685,20.39867],[99.84693,20.39876],[99.84697,20.39881],[99.84697,20.39889],[99.8469,20.39902],[99.84675,20.39923],[99.84665,20.3994],[99.84661,20.39949]]},"properties":{"c":"secondary","h":null,"k":1.0,"m":true,"len":119,"t":"TH570906","n":"ถนนห้วยไคร้ - ห้วยน้ำริน"}},{"type":"Feature","geometry":{"type":"LineString","coordinates":[[99.84661,20.39949],[99.84657,20.39961],[99.8464,20.39991],[99.84625,20.40005],[99.84611,20.40014],[99.84591,20.40023],[99.84586,20.40025]]},"properties":{"c":"secondary","h":null,"k":1.0,"m":true,"len":119,"t":"TH570906","n":"ถนนห้วยไคร้ - ห้วยน้ำริน"}},{"type":"Feature","geometry":{"type":"LineString","coordinates":[[99.84586,20.40025],[99.84568,20.40031],[99.84554,20.40038],[99.84548,20.40044],[99.84542,20.40056],[99.84539,20.40069],[99.84536,20.40078],[99.8453,20.40087],[99.84527,20.40099],[99.84528,20.40106]]},"properties":{"c":"secondary","h":null,"k":1.0,"m":true,"len":119,"t":"TH570906","n":"ถนนห้วยไคร้ - ห้วยน้ำริน"}},{"type":"Feature","geometry":{"type":"LineString","coordinates":[[99.84528,20.40106],[99.84528,20.40114],[99.84532,20.40121],[99.84539,20.4013],[99.8455,20.4014],[99.84567,20.4016],[99.84574,20.40174],[99.84574,20.40187],[99.84572,20.40199]]},"properties":{"c":"secondary","h":null,"k":1.0,"m":true,"len":119,"t":"TH570906","n":"ถนนห้วยไคร้ - ห้วยน้ำริน"}},{"type":"Feature","geometry":{"type":"LineString","coordinates":[[99.84572,20.40199],[99.84572,20.40199],[99.84568,20.40211],[99.84558,20.40226],[99.84548,20.40238],[99.84545,20.4026],[99.84545,20.40279],[99.84551,20.40299]]},"properties":{"c":"secondary","h":null,"k":1.0,"m":true,"len":119,"t":"TH570906","n":"ถนนห้วยไคร้ - ห้วยน้ำริน"}},{"type":"Feature","geometry":{"type":"LineString","coordinates":[[99.84551,20.40299],[99.84552,20.40303],[99.84558,20.4032],[99.8456,20.40335],[99.84553,20.40357],[99.84552,20.40366],[99.84554,20.40372],[99.84561,20.4039],[99.84568,20.40402]]},"properties":{"c":"secondary","h":null,"k":1.0,"m":true,"len":119,"t":"TH570906","n":"ถนนห้วยไคร้ - ห้วยน้ำริน"}},{"type":"Feature","geometry":{"type":"LineString","coordinates":[[99.84568,20.40402],[99.84571,20.40408],[99.84581,20.40425],[99.84583,20.40437],[99.84582,20.40448],[99.8458,20.40465],[99.84568,20.40499],[99.84568,20.40505]]},"properties":{"c":"secondary","h":null,"k":1.0,"m":true,"len":119,"t":"TH570906","n":"ถนนห้วยไคร้ - ห้วยน้ำริน"}},{"type":"Feature","geometry":{"type":"LineString","coordinates":[[99.84568,20.40505],[99.84566,20.40519],[99.84567,20.40533],[99.84573,20.40553],[99.84581,20.40571],[99.84589,20.40589],[99.84604,20.40603]]},"properties":{"c":"secondary","h":null,"k":1.0,"m":true,"len":119,"t":"TH570906","n":"ถนนห้วยไคร้ - ห้วยน้ำริน"}},{"type":"Feature","geometry":{"type":"LineString","coordinates":[[99.84604,20.40603],[99.84604,20.40604],[99.84621,20.40617],[99.84651,20.40637],[99.84684,20.40666],[99.84691,20.40672]]},"properties":{"c":"secondary","h":null,"k":1.0,"m":true,"len":119,"t":"TH570906","n":"ถนนห้วยไคร้ - ห้วยน้ำริน"}},{"type":"Feature","geometry":{"type":"LineString","coordinates":[[99.84691,20.40672],[99.84702,20.40681],[99.84731,20.40697],[99.84763,20.40711],[99.84792,20.40718],[99.84793,20.40718]]},"properties":{"c":"secondary","h":null,"k":1.0,"m":true,"len":119,"t":"TH570906","n":"ถนนห้วยไคร้ - ห้วยน้ำริน"}},{"type":"Feature","geometry":{"type":"LineString","coordinates":[[99.84793,20.40718],[99.84801,20.4072],[99.84809,20.40724],[99.84816,20.4073],[99.84822,20.40738],[99.84833,20.40758],[99.84843,20.40771],[99.84854,20.40781],[99.84872,20.40792]]},"properties":{"c":"secondary","h":null,"k":1.0,"m":true,"len":119,"t":"TH570906","n":"ถนนห้วยไคร้ - ห้วยน้ำริน"}},{"type":"Feature","geometry":{"type":"LineString","coordinates":[[99.84872,20.40792],[99.84876,20.40794],[99.84894,20.40807],[99.84903,20.4082],[99.84907,20.40835],[99.84911,20.40846],[99.84911,20.40858],[99.84901,20.40884]]},"properties":{"c":"secondary","h":null,"k":1.0,"m":true,"len":119,"t":"TH570906","n":"ถนนห้วยไคร้ - ห้วยน้ำริน"}},{"type":"Feature","geometry":{"type":"LineString","coordinates":[[99.84901,20.40884],[99.84898,20.40889],[99.8489,20.40904],[99.84889,20.40912],[99.84889,20.40919],[99.84892,20.40927],[99.84897,20.40933],[99.84911,20.40946],[99.84936,20.40974]]},"properties":{"c":"secondary","h":null,"k":1.0,"m":true,"len":119,"t":"TH570906","n":"ถนนห้วยไคร้ - ห้วยน้ำริน"}},{"type":"Feature","geometry":{"type":"LineString","coordinates":[[99.84936,20.40974],[99.84945,20.40984],[99.85012,20.41037],[99.85022,20.41043]]},"properties":{"c":"secondary","h":null,"k":1.0,"m":true,"len":119,"t":"TH570906","n":"ถนนห้วยไคร้ - ห้วยน้ำริน"}},{"type":"Feature","geometry":{"type":"LineString","coordinates":[[99.85022,20.41043],[99.85061,20.41065],[99.85071,20.41076],[99.85074,20.41088],[99.85075,20.41099],[99.85072,20.41109],[99.85065,20.41125]]},"properties":{"c":"secondary","h":null,"k":1.0,"m":true,"len":119,"t":"TH570906","n":"ถนนห้วยไคร้ - ห้วยน้ำริน"}},{"type":"Feature","geometry":{"type":"LineString","coordinates":[[99.85065,20.41125],[99.85054,20.41148],[99.85052,20.41161],[99.85053,20.41172],[99.85061,20.41184],[99.85076,20.41194],[99.85101,20.41206]]},"properties":{"c":"secondary","h":null,"k":1.0,"m":true,"len":119,"t":"TH570906","n":"ถนนห้วยไคร้ - ห้วยน้ำริน"}},{"type":"Feature","geometry":{"type":"LineString","coordinates":[[99.85101,20.41206],[99.8511,20.41211],[99.85165,20.41235],[99.85182,20.41246],[99.85193,20.41256],[99.85198,20.41261]]},"properties":{"c":"secondary","h":null,"k":1.0,"m":true,"len":119,"t":"TH570906","n":"ถนนห้วยไคร้ - ห้วยน้ำริน"}},{"type":"Feature","geometry":{"type":"LineString","coordinates":[[99.85198,20.41261],[99.8525,20.41312],[99.85262,20.41321],[99.85274,20.41326],[99.85285,20.41329]]},"properties":{"c":"secondary","h":null,"k":1.0,"m":true,"len":119,"t":"TH570906","n":"ถนนห้วยไคร้ - ห้วยน้ำริน"}},{"type":"Feature","geometry":{"type":"LineString","coordinates":[[99.85285,20.41329],[99.85286,20.41329],[99.85298,20.41331],[99.85331,20.4133],[99.85342,20.4133],[99.8535,20.41334],[99.85359,20.41341],[99.85363,20.41348],[99.85369,20.41363],[99.85371,20.41373]]},"properties":{"c":"secondary","h":null,"k":1.0,"m":true,"len":119,"t":"TH570906","n":"ถนนห้วยไคร้ - ห้วยน้ำริน"}},{"type":"Feature","geometry":{"type":"LineString","coordinates":[[99.85371,20.41373],[99.85377,20.41392],[99.85384,20.41399],[99.85401,20.41401],[99.85416,20.41403],[99.85436,20.41403],[99.85456,20.41404],[99.85466,20.41409]]},"properties":{"c":"secondary","h":null,"k":1.0,"m":true,"len":119,"t":"TH570906","n":"ถนนห้วยไคร้ - ห้วยน้ำริน"}},{"type":"Feature","geometry":{"type":"LineString","coordinates":[[99.85466,20.41409],[99.85467,20.4141],[99.85478,20.41419],[99.8549,20.41429],[99.85506,20.41435],[99.85526,20.41434],[99.85549,20.4143],[99.8557,20.41424]]},"properties":{"c":"secondary","h":null,"k":1.0,"m":true,"len":119,"t":"TH570906","n":"ถนนห้วยไคร้ - ห้วยน้ำริน"}},{"type":"Feature","geometry":{"type":"LineString","coordinates":[[99.8557,20.41424],[99.85571,20.41424],[99.85581,20.41414],[99.85599,20.41389],[99.85608,20.41376],[99.85618,20.41366],[99.85632,20.41358],[99.85647,20.41353],[99.8565,20.41352]]},"properties":{"c":"secondary","h":null,"k":1.0,"m":true,"len":119,"t":"TH570906","n":"ถนนห้วยไคร้ - ห้วยน้ำริน"}},{"type":"Feature","geometry":{"type":"LineString","coordinates":[[99.8565,20.41352],[99.85755,20.41308]]},"properties":{"c":"secondary","h":null,"k":1.0,"m":true,"len":119,"t":"TH570906","n":"ถนนห้วยไคร้ - ห้วยน้ำริน"}},{"type":"Feature","geometry":{"type":"LineString","coordinates":[[99.85755,20.41308],[99.85758,20.41307],[99.85798,20.41286],[99.8583,20.41266],[99.85844,20.41253],[99.8585,20.4125]]},"properties":{"c":"secondary","h":null,"k":1.0,"m":true,"len":119,"t":"TH570906","n":"ถนนห้วยไคร้ - ห้วยน้ำริน"}},{"type":"Feature","geometry":{"type":"LineString","coordinates":[[99.8585,20.4125],[99.85854,20.41249],[99.85863,20.41248],[99.85877,20.41248],[99.85889,20.41252],[99.85897,20.41257],[99.85903,20.41263],[99.85907,20.41269],[99.85909,20.41276],[99.85907,20.41287],[99.85901,20.41296],[99.85886,20.41306]]},"properties":{"c":"secondary","h":null,"k":1.0,"m":true,"len":119,"t":"TH570906","n":"ถนนห้วยไคร้ - ห้วยน้ำริน"}},{"type":"Feature","geometry":{"type":"LineString","coordinates":[[99.85886,20.41306],[99.8587,20.41318],[99.85862,20.41328],[99.85859,20.41339],[99.85853,20.41364],[99.85849,20.4137],[99.85844,20.41373],[99.8584,20.41376],[99.85835,20.41376],[99.85818,20.41375]]},"properties":{"c":"secondary","h":null,"k":1.0,"m":true,"len":119,"t":"TH570906","n":"ถนนห้วยไคร้ - ห้วยน้ำริน"}},{"type":"Feature","geometry":{"type":"LineString","coordinates":[[99.85818,20.41375],[99.85793,20.41373],[99.85776,20.41372],[99.85769,20.41376],[99.85767,20.41381],[99.85765,20.41403],[99.85765,20.41436]]},"properties":{"c":"secondary","h":null,"k":1.0,"m":true,"len":119,"t":"TH570906","n":"ถนนห้วยไคร้ - ห้วยน้ำริน"}},{"type":"Feature","geometry":{"type":"LineString","coordinates":[[99.85765,20.41436],[99.85765,20.41441],[99.85768,20.41451],[99.85775,20.41459],[99.85796,20.41478],[99.85812,20.41498],[99.8582,20.41518],[99.85821,20.41526]]},"properties":{"c":"secondary","h":null,"k":1.0,"m":true,"len":119,"t":"TH570906","n":"ถนนห้วยไคร้ - ห้วยน้ำริน"}},{"type":"Feature","geometry":{"type":"LineString","coordinates":[[99.85821,20.41526],[99.85825,20.4155],[99.85824,20.4158],[99.85819,20.41618],[99.85815,20.41633]]},"properties":{"c":"secondary","h":null,"k":1.0,"m":true,"len":119,"t":"TH570906","n":"ถนนห้วยไคร้ - ห้วยน้ำริน"}},{"type":"Feature","geometry":{"type":"LineString","coordinates":[[99.85815,20.41633],[99.85811,20.41647],[99.85807,20.41671],[99.85809,20.41684],[99.85812,20.41697],[99.85818,20.41713],[99.85825,20.41723],[99.85832,20.41733],[99.85834,20.41734]]},"properties":{"c":"secondary","h":null,"k":1.0,"m":true,"len":119,"t":"TH570906","n":"ถนนห้วยไคร้ - ห้วยน้ำริน"}},{"type":"Feature","geometry":{"type":"LineString","coordinates":[[99.85834,20.41734],[99.85849,20.41748],[99.85866,20.41756],[99.85878,20.41764],[99.85886,20.41771],[99.85892,20.41779],[99.85894,20.41788],[99.85894,20.41797],[99.85891,20.41806],[99.85888,20.41814],[99.85888,20.41814]]},"properties":{"c":"secondary","h":null,"k":1.0,"m":true,"len":119,"t":"TH570906","n":"ถนนห้วยไคร้ - ห้วยน้ำริน"}},{"type":"Feature","geometry":{"type":"LineString","coordinates":[[99.85888,20.41814],[99.85869,20.41837],[99.85851,20.41856],[99.85839,20.4188],[99.85833,20.41906]]},"properties":{"c":"secondary","h":null,"k":1.0,"m":true,"len":119,"t":"TH570906","n":"ถนนห้วยไคร้ - ห้วยน้ำริน"}},{"type":"Feature","geometry":{"type":"LineString","coordinates":[[99.85833,20.41906],[99.85833,20.41907],[99.85833,20.41924],[99.85839,20.41939],[99.85857,20.4196],[99.8589,20.41993],[99.85891,20.41994]]},"properties":{"c":"secondary","h":null,"k":1.0,"m":true,"len":119,"t":"TH570906","n":"ถนนห้วยไคร้ - ห้วยน้ำริน"}},{"type":"Feature","geometry":{"type":"LineString","coordinates":[[99.85891,20.41994],[99.85917,20.42019],[99.85958,20.42045],[99.85974,20.42066],[99.85974,20.42067]]},"properties":{"c":"secondary","h":null,"k":1.0,"m":true,"len":119,"t":"TH570906","n":"ถนนห้วยไคร้ - ห้วยน้ำริน"}},{"type":"Feature","geometry":{"type":"LineString","coordinates":[[99.85974,20.42067],[99.85982,20.42087],[99.85996,20.42104],[99.86008,20.42113],[99.86019,20.42119],[99.8603,20.42124],[99.86041,20.42124],[99.86058,20.4212]]},"properties":{"c":"secondary","h":null,"k":1.0,"m":true,"len":119,"t":"TH570906","n":"ถนนห้วยไคร้ - ห้วยน้ำริน"}},{"type":"Feature","geometry":{"type":"LineString","coordinates":[[99.86058,20.4212],[99.86068,20.42118],[99.861,20.42111],[99.86111,20.42111],[99.86121,20.42114],[99.86129,20.42118],[99.86135,20.42124],[99.86146,20.42137],[99.86154,20.42148]]},"properties":{"c":"secondary","h":null,"k":1.0,"m":true,"len":119,"t":"TH570906","n":"ถนนห้วยไคร้ - ห้วยน้ำริน"}},{"type":"Feature","geometry":{"type":"LineString","coordinates":[[99.86154,20.42148],[99.86169,20.42169],[99.86183,20.42201],[99.86187,20.42222],[99.86188,20.42232],[99.86187,20.4224],[99.86183,20.42248]]},"properties":{"c":"secondary","h":null,"k":1.0,"m":true,"len":119,"t":"TH570906","n":"ถนนห้วยไคร้ - ห้วยน้ำริน"}},{"type":"Feature","geometry":{"type":"LineString","coordinates":[[99.86183,20.42248],[99.8618,20.42254],[99.86169,20.42268],[99.8616,20.42278],[99.86146,20.4229],[99.86135,20.42292],[99.86124,20.42291],[99.86113,20.42285],[99.86098,20.42271]]},"properties":{"c":"secondary","h":null,"k":1.0,"m":true,"len":119,"t":"TH570906","n":"ถนนห้วยไคร้ - ห้วยน้ำริน"}},{"type":"Feature","geometry":{"type":"LineString","coordinates":[[99.86098,20.42271],[99.86076,20.42249],[99.86055,20.42241],[99.86039,20.42244],[99.86001,20.42263],[99.86001,20.42264]]},"properties":{"c":"secondary","h":null,"k":1.0,"m":true,"len":119,"t":"TH570906","n":"ถนนห้วยไคร้ - ห้วยน้ำริน"}},{"type":"Feature","geometry":{"type":"LineString","coordinates":[[99.86001,20.42264],[99.85986,20.42278],[99.85974,20.4229],[99.85964,20.42307],[99.85959,20.42322],[99.85961,20.42338],[99.85967,20.42357]]},"properties":{"c":"secondary","h":null,"k":1.0,"m":true,"len":119,"t":"TH570906","n":"ถนนห้วยไคร้ - ห้วยน้ำริน"}},{"type":"Feature","geometry":{"type":"LineString","coordinates":[[99.85967,20.42357],[99.85972,20.42372],[99.86,20.42455],[99.86002,20.4246]]},"properties":{"c":"secondary","h":null,"k":1.0,"m":true,"len":119,"t":"TH570906","n":"ถนนห้วยไคร้ - ห้วยน้ำริน"}},{"type":"Feature","geometry":{"type":"LineString","coordinates":[[99.86002,20.4246],[99.86009,20.42476],[99.86034,20.42506],[99.86043,20.42515],[99.86062,20.42531],[99.86075,20.42541]]},"properties":{"c":"secondary","h":null,"k":1.0,"m":true,"len":119,"t":"TH570906","n":"ถนนห้วยไคร้ - ห้วยน้ำริน"}},{"type":"Feature","geometry":{"type":"LineString","coordinates":[[99.86075,20.42541],[99.8609,20.42552],[99.86125,20.4257],[99.86155,20.42595],[99.86166,20.42605]]},"properties":{"c":"secondary","h":null,"k":1.0,"m":true,"len":119,"t":"TH570906","n":"ถนนห้วยไคร้ - ห้วยน้ำริน"}},{"type":"Feature","geometry":{"type":"LineString","coordinates":[[99.86166,20.42605],[99.86186,20.42621],[99.86215,20.42635],[99.86233,20.42648],[99.86247,20.42671],[99.86248,20.42675]]},"properties":{"c":"secondary","h":null,"k":1.0,"m":true,"len":119,"t":"TH570906","n":"ถนนห้วยไคร้ - ห้วยน้ำริน"}},{"type":"Feature","geometry":{"type":"LineString","coordinates":[[99.86248,20.42675],[99.86252,20.42689],[99.86254,20.42698],[99.86256,20.42723],[99.86247,20.42741],[99.86231,20.42762],[99.8623,20.42776]]},"properties":{"c":"secondary","h":null,"k":1.0,"m":true,"len":119,"t":"TH570906","n":"ถนนห้วยไคร้ - ห้วยน้ำริน"}},{"type":"Feature","geometry":{"type":"LineString","coordinates":[[99.8623,20.42776],[99.8623,20.42776],[99.86238,20.42786],[99.86247,20.42793],[99.86258,20.42799],[99.86278,20.42812],[99.86321,20.4284]]},"properties":{"c":"secondary","h":null,"k":1.0,"m":true,"len":119,"t":"TH570906","n":"ถนนห้วยไคร้ - ห้วยน้ำริน"}},{"type":"Feature","geometry":{"type":"LineString","coordinates":[[99.86321,20.4284],[99.86327,20.42843],[99.86336,20.42847],[99.86344,20.42845],[99.86352,20.42841],[99.86356,20.42832],[99.8636,20.42807],[99.86364,20.42793],[99.86372,20.42781],[99.86379,20.42771]]},"properties":{"c":"secondary","h":null,"k":1.0,"m":true,"len":119,"t":"TH570906","n":"ถนนห้วยไคร้ - ห้วยน้ำริน"}},{"type":"Feature","geometry":{"type":"LineString","coordinates":[[99.86379,20.42771],[99.86385,20.42764],[99.86407,20.42743],[99.86416,20.42738],[99.86436,20.4273],[99.86448,20.42729],[99.86459,20.42729],[99.86477,20.42734]]},"properties":{"c":"secondary","h":null,"k":1.0,"m":true,"len":119,"t":"TH570906","n":"ถนนห้วยไคร้ - ห้วยน้ำริน"}},{"type":"Feature","geometry":{"type":"LineString","coordinates":[[99.86477,20.42734],[99.86483,20.42736],[99.86506,20.4274],[99.86519,20.4274],[99.8653,20.42736],[99.86556,20.42722],[99.86569,20.42719],[99.86585,20.42719],[99.86585,20.42719]]},"properties":{"c":"secondary","h":null,"k":1.0,"m":true,"len":119,"t":"TH570906","n":"ถนนห้วยไคร้ - ห้วยน้ำริน"}},{"type":"Feature","geometry":{"type":"LineString","coordinates":[[99.86585,20.42719],[99.8662,20.42725],[99.86629,20.42724],[99.86654,20.42716],[99.86682,20.42709],[99.86697,20.42708]]},"properties":{"c":"secondary","h":null,"k":1.0,"m":true,"len":119,"t":"TH570906","n":"ถนนห้วยไคร้ - ห้วยน้ำริน"}},{"type":"Feature","geometry":{"type":"LineString","coordinates":[[99.86697,20.42708],[99.86708,20.42707],[99.86718,20.42705],[99.86728,20.42699],[99.86743,20.42686],[99.86755,20.42681],[99.86765,20.42681],[99.8678,20.42684],[99.86789,20.42691],[99.86795,20.42698],[99.86796,20.42698]]},"properties":{"c":"secondary","h":null,"k":1.0,"m":true,"len":119,"t":"TH570906","n":"ถนนห้วยไคร้ - ห้วยน้ำริน"}},{"type":"Feature","geometry":{"type":"LineString","coordinates":[[99.86796,20.42698],[99.86798,20.42706],[99.86802,20.42722],[99.86801,20.42739],[99.86795,20.42756],[99.86782,20.42771],[99.8677,20.42782],[99.86758,20.42789]]},"properties":{"c":"secondary","h":null,"k":1.0,"m":true,"len":119,"t":"TH570906","n":"ถนนห้วยไคร้ - ห้วยน้ำริน"}},{"type":"Feature","geometry":{"type":"LineString","coordinates":[[99.86758,20.42789],[99.86755,20.42791],[99.86747,20.42791],[99.86738,20.42789],[99.86722,20.42776],[99.867,20.42769],[99.86693,20.4277],[99.8668,20.42778],[99.86672,20.42786],[99.86662,20.42796]]},"properties":{"c":"secondary","h":null,"k":1.0,"m":true,"len":119,"t":"TH570906","n":"ถนนห้วยไคร้ - ห้วยน้ำริน"}},{"type":"Feature","geometry":{"type":"LineString","coordinates":[[99.86662,20.42796],[99.86649,20.42809],[99.86635,20.42826],[99.86621,20.42862],[99.8662,20.42879],[99.86624,20.42888],[99.86626,20.4289]]},"properties":{"c":"secondary","h":null,"k":1.0,"m":true,"len":119,"t":"TH570906","n":"ถนนห้วยไคร้ - ห้วยน้ำริน"}},{"type":"Feature","geometry":{"type":"LineString","coordinates":[[99.86626,20.4289],[99.86631,20.42894],[99.86638,20.42898],[99.86662,20.42902],[99.86698,20.42908],[99.86735,20.42917]]},"properties":{"c":"secondary","h":null,"k":1.0,"m":true,"len":119,"t":"TH570906","n":"ถนนห้วยไคร้ - ห้วยน้ำริน"}},{"type":"Feature","geometry":{"type":"LineString","coordinates":[[99.86735,20.42917],[99.86742,20.42919],[99.86753,20.42929],[99.8676,20.4294],[99.86763,20.42956],[99.86769,20.42967],[99.86784,20.42984],[99.86805,20.42997]]},"properties":{"c":"secondary","h":null,"k":1.0,"m":true,"len":119,"t":"TH570906","n":"ถนนห้วยไคร้ - ห้วยน้ำริน"}},{"type":"Feature","geometry":{"type":"LineString","coordinates":[[99.86805,20.42997],[99.86828,20.43012],[99.86846,20.4302],[99.86867,20.43018],[99.86881,20.43015],[99.86897,20.43011],[99.86907,20.43007],[99.8691,20.43005]]},"properties":{"c":"secondary","h":null,"k":1.0,"m":true,"len":119,"t":"TH570906","n":"ถนนห้วยไคร้ - ห้วยน้ำริน"}},{"type":"Feature","geometry":{"type":"LineString","coordinates":[[99.8691,20.43005],[99.86929,20.42995],[99.86953,20.42986],[99.86974,20.42982],[99.86993,20.42981],[99.87019,20.42978]]},"properties":{"c":"secondary","h":null,"k":1.0,"m":true,"len":119,"t":"TH570906","n":"ถนนห้วยไคร้ - ห้วยน้ำริน"}},{"type":"Feature","geometry":{"type":"LineString","coordinates":[[99.87019,20.42978],[99.8709,20.42972],[99.87116,20.4297],[99.87127,20.42968],[99.87132,20.42965]]},"properties":{"c":"secondary","h":null,"k":1.0,"m":true,"len":119,"t":"TH570906","n":"ถนนห้วยไคร้ - ห้วยน้ำริน"}},{"type":"Feature","geometry":{"type":"LineString","coordinates":[[99.87132,20.42965],[99.87133,20.42965],[99.87138,20.42961],[99.87142,20.4295],[99.87153,20.4291],[99.87166,20.42868],[99.87167,20.42864]]},"properties":{"c":"secondary","h":null,"k":1.0,"m":true,"len":119,"t":"TH570906","n":"ถนนห้วยไคร้ - ห้วยน้ำริน"}},{"type":"Feature","geometry":{"type":"LineString","coordinates":[[99.87167,20.42864],[99.87171,20.42854],[99.8718,20.42843],[99.87189,20.42833],[99.87207,20.42815],[99.8723,20.42798],[99.87245,20.42786]]},"properties":{"c":"secondary","h":null,"k":1.0,"m":true,"len":119,"t":"TH570906","n":"ถนนห้วยไคร้ - ห้วยน้ำริน"}},{"type":"Feature","geometry":{"type":"LineString","coordinates":[[99.87245,20.42786],[99.87253,20.4278],[99.87255,20.42778],[99.87311,20.42735],[99.87333,20.42718]]},"properties":{"c":"secondary","h":null,"k":1.0,"m":true,"len":119,"t":"TH570906","n":"ถนนห้วยไคร้ - ห้วยน้ำริน"}},{"type":"Feature","geometry":{"type":"LineString","coordinates":[[99.87333,20.42718],[99.87355,20.42701],[99.87421,20.42649]]},"properties":{"c":"secondary","h":null,"k":1.0,"m":true,"len":119,"t":"TH570906","n":"ถนนห้วยไคร้ - ห้วยน้ำริน"}},{"type":"Feature","geometry":{"type":"LineString","coordinates":[[99.87421,20.42649],[99.87437,20.42637],[99.87465,20.42615],[99.87509,20.4258]]},"properties":{"c":"secondary","h":null,"k":1.0,"m":true,"len":119,"t":"TH570906","n":"ถนนห้วยไคร้ - ห้วยน้ำริน"}},{"type":"Feature","geometry":{"type":"LineString","coordinates":[[99.87509,20.4258],[99.87548,20.42549],[99.87575,20.42524],[99.87591,20.42505]]},"properties":{"c":"secondary","h":null,"k":1.0,"m":true,"len":119,"t":"TH570906","n":"ถนนห้วยไคร้ - ห้วยน้ำริน"}},{"type":"Feature","geometry":{"type":"LineString","coordinates":[[99.87591,20.42505],[99.87614,20.42477],[99.87657,20.42417]]},"properties":{"c":"secondary","h":null,"k":1.0,"m":true,"len":119,"t":"TH570906","n":"ถนนห้วยไคร้ - ห้วยน้ำริน"}},{"type":"Feature","geometry":{"type":"LineString","coordinates":[[99.87657,20.42417],[99.87674,20.42393],[99.87717,20.4233],[99.87719,20.42327]]},"properties":{"c":"secondary","h":null,"k":1.0,"m":true,"len":119,"t":"TH570906","n":"ถนนห้วยไคร้ - ห้วยน้ำริน"}},{"type":"Feature","geometry":{"type":"LineString","coordinates":[[99.87719,20.42327],[99.87772,20.42251],[99.87782,20.42237]]},"properties":{"c":"secondary","h":null,"k":1.0,"m":true,"len":119,"t":"TH570906","n":"ถนนห้วยไคร้ - ห้วยน้ำริน"}},{"type":"Feature","geometry":{"type":"LineString","coordinates":[[99.87782,20.42237],[99.87834,20.42165],[99.87846,20.42148]]},"properties":{"c":"secondary","h":null,"k":1.0,"m":true,"len":119,"t":"TH570906","n":"ถนนห้วยไคร้ - ห้วยน้ำริน"}},{"type":"Feature","geometry":{"type":"LineString","coordinates":[[99.87846,20.42148],[99.87893,20.42084],[99.87912,20.42059]]},"properties":{"c":"secondary","h":null,"k":1.0,"m":true,"len":119,"t":"TH570906","n":"ถนนห้วยไคร้ - ห้วยน้ำริน"}},{"type":"Feature","geometry":{"type":"LineString","coordinates":[[99.87912,20.42059],[99.87981,20.41973]]},"properties":{"c":"secondary","h":null,"k":1.0,"m":true,"len":119,"t":"TH570906","n":"ถนนห้วยไคร้ - ห้วยน้ำริน"}},{"type":"Feature","geometry":{"type":"LineString","coordinates":[[99.87981,20.41973],[99.87984,20.41969],[99.88022,20.41911],[99.88045,20.41884]]},"properties":{"c":"secondary","h":null,"k":1.0,"m":true,"len":119,"t":"TH570906","n":"ถนนห้วยไคร้ - ห้วยน้ำริน"}},{"type":"Feature","geometry":{"type":"LineString","coordinates":[[99.88045,20.41884],[99.88047,20.41882],[99.88063,20.41868],[99.88078,20.41859],[99.88088,20.41852],[99.88104,20.41847],[99.88141,20.41843],[99.88146,20.41843]]},"properties":{"c":"secondary","h":null,"k":1.0,"m":true,"len":119,"t":"TH570906","n":"ถนนห้วยไคร้ - ห้วยน้ำริน"}},{"type":"Feature","geometry":{"type":"LineString","coordinates":[[99.88146,20.41843],[99.88182,20.41843],[99.88186,20.41843],[99.88191,20.41845],[99.88259,20.41858]]},"properties":{"c":"secondary","h":null,"k":1.0,"m":true,"len":119,"t":"TH570906","n":"ถนนห้วยไคร้ - ห้วยน้ำริน"}},{"type":"Feature","geometry":{"type":"LineString","coordinates":[[99.88259,20.41858],[99.88371,20.4188]]},"properties":{"c":"secondary","h":null,"k":1.0,"m":true,"len":119,"t":"TH570906","n":"ถนนห้วยไคร้ - ห้วยน้ำริน"}},{"type":"Feature","geometry":{"type":"LineString","coordinates":[[99.88084,20.44333],[99.88066,20.44354],[99.88061,20.44363],[99.88048,20.44393]]},"properties":{"c":"unclassified","h":3.2,"k":0.9958,"m":true,"len":78,"t":"TH570906"}},{"type":"Feature","geometry":{"type":"LineString","coordinates":[[99.88048,20.44393],[99.88044,20.44403],[99.88036,20.44429],[99.88036,20.44431],[99.88055,20.44437],[99.88067,20.4444]]},"properties":{"c":"unclassified","h":0.05,"k":0.9958,"m":true,"len":78,"t":"TH570906"}},{"type":"Feature","geometry":{"type":"LineString","coordinates":[[99.89834,20.43078],[99.89846,20.43124],[99.8985,20.43178],[99.89851,20.43181]]},"properties":{"c":"residential","h":2.65,"k":1.0,"m":true,"len":115,"t":"TH570901"}},{"type":"Feature","geometry":{"type":"LineString","coordinates":[[99.89851,20.43181],[99.89861,20.43219],[99.89879,20.43282]]},"properties":{"c":"residential","h":0.5,"k":1.0,"m":true,"len":115,"t":"TH570901"}},{"type":"Feature","geometry":{"type":"LineString","coordinates":[[99.90102,20.43857],[99.9011,20.43802],[99.90114,20.43766]]},"properties":{"c":"residential","h":0.6,"k":1.0,"m":true,"len":101,"t":"TH570901"}},{"type":"Feature","geometry":{"type":"LineString","coordinates":[[99.90114,20.43766],[99.90115,20.4376],[99.9012,20.43721],[99.90121,20.43715],[99.90125,20.4368],[99.90126,20.43675]]},"properties":{"c":"residential","h":0.05,"k":1.0,"m":true,"len":101,"t":"TH570901"}},{"type":"Feature","geometry":{"type":"LineString","coordinates":[[99.89406,20.43711],[99.89452,20.43716],[99.89457,20.43657]]},"properties":{"c":"residential","h":0.35,"k":1.0,"m":true,"len":114,"t":"TH570901"}},{"type":"Feature","geometry":{"type":"LineString","coordinates":[[99.89457,20.43657],[99.89463,20.43591],[99.89465,20.43555]]},"properties":{"c":"residential","h":0.35,"k":1.0,"m":true,"len":114,"t":"TH570901"}},{"type":"Feature","geometry":{"type":"LineString","coordinates":[[99.88874,20.44376],[99.88873,20.44353],[99.88868,20.44304],[99.88865,20.44281]]},"properties":{"c":"residential","h":0.1,"k":0.9997,"m":true,"len":105,"t":"TH570901"}},{"type":"Feature","geometry":{"type":"LineString","coordinates":[[99.88865,20.44281],[99.88861,20.44253],[99.88849,20.44188]]},"properties":{"c":"residential","h":0.05,"k":0.9997,"m":true,"len":105,"t":"TH570901"}},{"type":"Feature","geometry":{"type":"LineString","coordinates":[[99.88831,20.44426],[99.88842,20.44445],[99.8885,20.44451],[99.88862,20.44456],[99.8888,20.44462]]},"properties":{"c":"residential","h":1.75,"k":0.9997,"m":true,"len":68,"t":"TH570901"}},{"type":"Feature","geometry":{"type":"LineString","coordinates":[[99.8888,20.44462],[99.8889,20.44465],[99.8893,20.44478],[99.88941,20.44483]]},"properties":{"c":"residential","h":3.0,"k":0.9997,"m":true,"len":68,"t":"TH570901"}},{"type":"Feature","geometry":{"type":"LineString","coordinates":[[99.88342,20.43938],[99.88353,20.43943],[99.88374,20.4396],[99.88396,20.43977]]},"properties":{"c":"residential","h":3.0,"k":0.9999,"m":true,"len":72,"t":"TH570901"}},{"type":"Feature","geometry":{"type":"LineString","coordinates":[[99.89463,20.43919],[99.8947,20.43984],[99.89475,20.44003],[99.89477,20.44012]]},"properties":{"c":"residential","h":0.8,"k":1.0,"m":true,"len":104,"t":"TH570901"}},{"type":"Feature","geometry":{"type":"LineString","coordinates":[[99.89831,20.43671],[99.89892,20.43669]]},"properties":{"c":"residential","h":1.15,"k":1.0,"m":true,"len":63,"t":"TH570901"}},{"type":"Feature","geometry":{"type":"LineString","coordinates":[[99.88997,20.44423],[99.89017,20.44369],[99.89027,20.44335]]},"properties":{"c":"residential","h":0.05,"k":0.9997,"m":true,"len":102,"t":"TH570901"}},{"type":"Feature","geometry":{"type":"LineString","coordinates":[[99.89027,20.44335],[99.89036,20.44302],[99.89014,20.44247]]},"properties":{"c":"residential","h":0.05,"k":0.9997,"m":true,"len":102,"t":"TH570901"}},{"type":"Feature","geometry":{"type":"LineString","coordinates":[[99.89748,20.43198],[99.89754,20.43241],[99.89762,20.43283],[99.89763,20.4329]]},"properties":{"c":"residential","h":0.8,"k":1.0,"m":true,"len":103,"t":"TH570901"}},{"type":"Feature","geometry":{"type":"LineString","coordinates":[[99.89763,20.4329],[99.89766,20.43303],[99.89769,20.43324],[99.89776,20.43366],[99.89779,20.43382]]},"properties":{"c":"residential","h":1.05,"k":1.0,"m":true,"len":103,"t":"TH570901"}},{"type":"Feature","geometry":{"type":"LineString","coordinates":[[99.89756,20.43754],[99.89757,20.43761],[99.89761,20.438],[99.89766,20.43847]]},"properties":{"c":"residential","h":3.5,"k":1.0,"m":true,"len":103,"t":"TH570901"}},{"type":"Feature","geometry":{"type":"LineString","coordinates":[[99.88712,20.43976],[99.88744,20.43965],[99.88772,20.43952],[99.88806,20.43923]]},"properties":{"c":"residential","h":1.35,"k":0.9999,"m":true,"len":115,"t":"TH570901"}},{"type":"Feature","geometry":{"type":"LineString","coordinates":[[99.88806,20.43923],[99.88806,20.43923],[99.88826,20.43912],[99.88857,20.43906],[99.88865,20.43854]]},"properties":{"c":"residential","h":0.5,"k":0.9999,"m":true,"len":115,"t":"TH570901"}},{"type":"Feature","geometry":{"type":"LineString","coordinates":[[99.88853,20.44382],[99.88874,20.44376],[99.88882,20.44373],[99.88895,20.44371],[99.88905,20.44368],[99.88908,20.44356],[99.88918,20.44355],[99.88929,20.44356]]},"properties":{"c":"residential","h":0.1,"k":0.9997,"m":true,"len":93,"t":"TH570901"}},{"type":"Feature","geometry":{"type":"LineString","coordinates":[[99.88929,20.44356],[99.88944,20.44357],[99.89017,20.44369]]},"properties":{"c":"residential","h":0.05,"k":0.9997,"m":true,"len":93,"t":"TH570901"}},{"type":"Feature","geometry":{"type":"LineString","coordinates":[[99.91464,20.4102],[99.91536,20.41102]]},"properties":{"c":"secondary","h":6.5,"k":1.0,"m":true,"len":119,"t":"TH570901"}},{"type":"Feature","geometry":{"type":"LineString","coordinates":[[99.91536,20.41102],[99.91555,20.41124],[99.91608,20.41186]]},"properties":{"c":"secondary","h":5.95,"k":1.0,"m":true,"len":119,"t":"TH570901"}},{"type":"Feature","geometry":{"type":"LineString","coordinates":[[99.91608,20.41186],[99.9167,20.41258],[99.91676,20.41272]]},"properties":{"c":"secondary","h":5.5,"k":1.0,"m":true,"len":119,"t":"TH570901"}},{"type":"Feature","geometry":{"type":"LineString","coordinates":[[99.91676,20.41272],[99.91691,20.41306],[99.91688,20.41376]]},"properties":{"c":"secondary","h":5.7,"k":1.0,"m":true,"len":119,"t":"TH570901"}},{"type":"Feature","geometry":{"type":"LineString","coordinates":[[99.91688,20.41376],[99.91687,20.414],[99.91681,20.41484]]},"properties":{"c":"secondary","h":5.5,"k":1.0,"m":true,"len":119,"t":"TH570901"}},{"type":"Feature","geometry":{"type":"LineString","coordinates":[[99.91681,20.41484],[99.91675,20.41591]]},"properties":{"c":"secondary","h":6.05,"k":1.0,"m":true,"len":119,"t":"TH570901"}},{"type":"Feature","geometry":{"type":"LineString","coordinates":[[99.91675,20.41591],[99.91668,20.41693],[99.91668,20.41698]]},"properties":{"c":"secondary","h":6.1,"k":1.0,"m":true,"len":119,"t":"TH570901"}},{"type":"Feature","geometry":{"type":"LineString","coordinates":[[99.91668,20.41698],[99.9166,20.41806]]},"properties":{"c":"secondary","h":6.15,"k":1.0,"m":true,"len":119,"t":"TH570901"}},{"type":"Feature","geometry":{"type":"LineString","coordinates":[[99.9166,20.41806],[99.91652,20.41913]]},"properties":{"c":"secondary","h":6.4,"k":1.0,"m":true,"len":119,"t":"TH570901"}},{"type":"Feature","geometry":{"type":"LineString","coordinates":[[99.91652,20.41913],[99.91646,20.41996],[99.91643,20.42011],[99.91639,20.42019]]},"properties":{"c":"secondary","h":6.6,"k":1.0,"m":true,"len":119,"t":"TH570901"}},{"type":"Feature","geometry":{"type":"LineString","coordinates":[[99.91639,20.42019],[99.91638,20.42025],[99.91631,20.42035],[99.91623,20.42044],[99.91564,20.42099]]},"properties":{"c":"secondary","h":6.95,"k":1.0,"m":true,"len":119,"t":"TH570901"}},{"type":"Feature","geometry":{"type":"LineString","coordinates":[[99.91564,20.42099],[99.91482,20.42174]]},"properties":{"c":"secondary","h":6.95,"k":1.0,"m":true,"len":119,"t":"TH570901"}},{"type":"Feature","geometry":{"type":"LineString","coordinates":[[99.91482,20.42174],[99.91405,20.42245],[99.914,20.42248]]},"properties":{"c":"secondary","h":5.3,"k":1.0,"m":true,"len":119,"t":"TH570901"}},{"type":"Feature","geometry":{"type":"LineString","coordinates":[[99.914,20.42248],[99.91391,20.42253],[99.91376,20.4226],[99.91358,20.42265],[99.9129,20.42274]]},"properties":{"c":"secondary","h":3.45,"k":1.0,"m":true,"len":119,"t":"TH570901"}},{"type":"Feature","geometry":{"type":"LineString","coordinates":[[99.9129,20.42274],[99.91178,20.42289]]},"properties":{"c":"secondary","h":4.0,"k":1.0,"m":true,"len":119,"t":"TH570901"}},{"type":"Feature","geometry":{"type":"LineString","coordinates":[[99.91178,20.42289],[99.91126,20.42296],[99.91072,20.42305],[99.91065,20.42307]]},"properties":{"c":"secondary","h":5.45,"k":1.0,"m":true,"len":119,"t":"TH570901"}},{"type":"Feature","geometry":{"type":"LineString","coordinates":[[99.91065,20.42307],[99.91057,20.4231],[99.91044,20.42319],[99.91033,20.42328],[99.90983,20.4238]]},"properties":{"c":"secondary","h":5.35,"k":1.0,"m":true,"len":119,"t":"TH570901"}},{"type":"Feature","geometry":{"type":"LineString","coordinates":[[99.90983,20.4238],[99.90906,20.4246]]},"properties":{"c":"secondary","h":3.9,"k":1.0,"m":true,"len":119,"t":"TH570901"}},{"type":"Feature","geometry":{"type":"LineString","coordinates":[[99.90906,20.4246],[99.90906,20.4246],[99.90896,20.42476],[99.90891,20.42487],[99.90885,20.42504],[99.90873,20.42562]]},"properties":{"c":"secondary","h":4.2,"k":1.0,"m":true,"len":119,"t":"TH570901"}},{"type":"Feature","geometry":{"type":"LineString","coordinates":[[99.90873,20.42562],[99.90852,20.42667]]},"properties":{"c":"secondary","h":4.25,"k":1.0,"m":true,"len":119,"t":"TH570901"}},{"type":"Feature","geometry":{"type":"LineString","coordinates":[[99.88894,20.44513],[99.8889,20.44465]]},"properties":{"c":"residential","h":3.05,"k":0.9997,"m":true,"len":54,"t":"TH570901"}},{"type":"Feature","geometry":{"type":"LineString","coordinates":[[99.8983,20.43628],[99.89887,20.43625]]},"properties":{"c":"residential","h":1.2,"k":1.0,"m":true,"len":60,"t":"TH570901"}},{"type":"Feature","geometry":{"type":"LineString","coordinates":[[99.89826,20.43716],[99.89833,20.43716],[99.899,20.4371]]},"properties":{"c":"residential","h":1.65,"k":1.0,"m":true,"len":77,"t":"TH570901"}},{"type":"Feature","geometry":{"type":"LineString","coordinates":[[99.89192,20.43885],[99.89211,20.43829]]},"properties":{"c":"residential","h":2.35,"k":1.0,"m":true,"len":66,"t":"TH570901"}},{"type":"Feature","geometry":{"type":"LineString","coordinates":[[99.89211,20.43829],[99.89217,20.4381],[99.89229,20.43771]]},"properties":{"c":"residential","h":1.85,"k":1.0,"m":true,"len":66,"t":"TH570901"}},{"type":"Feature","geometry":{"type":"LineString","coordinates":[[99.88514,20.4434],[99.88504,20.4436],[99.88476,20.44415]]},"properties":{"c":"residential","h":0.8,"k":0.9996,"m":true,"len":92,"t":"TH570901"}},{"type":"Feature","geometry":{"type":"LineString","coordinates":[[99.88476,20.44415],[99.88463,20.4444],[99.88444,20.44474],[99.8844,20.4449]]},"properties":{"c":"residential","h":0.5,"k":0.9958,"m":true,"len":92,"t":"TH570901"}},{"type":"Feature","geometry":{"type":"LineString","coordinates":[[99.88346,20.4438],[99.88359,20.44359],[99.8837,20.44337],[99.88383,20.44312],[99.88387,20.44303]]},"properties":{"c":"residential","h":0.2,"k":0.9958,"m":true,"len":96,"t":"TH570901"}},{"type":"Feature","geometry":{"type":"LineString","coordinates":[[99.88387,20.44303],[99.88398,20.44277],[99.88408,20.44262],[99.88421,20.44247],[99.8844,20.44234]]},"properties":{"c":"residential","h":2.5,"k":0.9997,"m":true,"len":96,"t":"TH570901"}},{"type":"Feature","geometry":{"type":"LineString","coordinates":[[99.88496,20.44309],[99.88541,20.44277],[99.88578,20.44257]]},"properties":{"c":"unclassified","h":0.55,"k":0.9997,"m":true,"len":103,"t":"TH570901"}},{"type":"Feature","geometry":{"type":"LineString","coordinates":[[99.88578,20.44257],[99.88589,20.44251],[99.88612,20.44239],[99.88633,20.44228],[99.88666,20.44214]]},"properties":{"c":"unclassified","h":0.05,"k":0.9997,"m":true,"len":103,"t":"TH570901"}},{"type":"Feature","geometry":{"type":"LineString","coordinates":[[99.88666,20.44214],[99.88676,20.44209],[99.88716,20.44197],[99.88723,20.44196],[99.88762,20.44193]]},"properties":{"c":"unclassified","h":0.3,"k":0.9997,"m":true,"len":103,"t":"TH570901"}},{"type":"Feature","geometry":{"type":"LineString","coordinates":[[99.88762,20.44193],[99.88778,20.44192],[99.88849,20.44188],[99.88859,20.44182]]},"properties":{"c":"unclassified","h":0.35,"k":0.9997,"m":true,"len":103,"t":"TH570901"}},{"type":"Feature","geometry":{"type":"LineString","coordinates":[[99.88616,20.4414],[99.88584,20.4408]]},"properties":{"c":"residential","h":1.05,"k":0.9997,"m":true,"len":74,"t":"TH570901"}},{"type":"Feature","geometry":{"type":"LineString","coordinates":[[99.88584,20.4408],[99.88568,20.4405],[99.88563,20.44017]]},"properties":{"c":"residential","h":1.75,"k":0.9999,"m":true,"len":74,"t":"TH570901"}},{"type":"Feature","geometry":{"type":"LineString","coordinates":[[99.89685,20.43804],[99.89761,20.438],[99.89785,20.43799]]},"properties":{"c":"residential","h":0.4,"k":1.0,"m":true,"len":104,"t":"TH570901"}},{"type":"Feature","geometry":{"type":"LineString","coordinates":[[99.89785,20.43799],[99.89836,20.43795],[99.89885,20.43792]]},"properties":{"c":"residential","h":2.05,"k":1.0,"m":true,"len":104,"t":"TH570901"}},{"type":"Feature","geometry":{"type":"LineString","coordinates":[[99.87488,20.44313],[99.87505,20.44301],[99.87517,20.44295],[99.87533,20.44291],[99.87543,20.44291],[99.87555,20.44293],[99.87564,20.44295]]},"properties":{"c":"residential","h":0.5,"k":0.9955,"m":true,"len":86,"t":"TH570906"}},{"type":"Feature","geometry":{"type":"LineString","coordinates":[[99.87564,20.44295],[99.87573,20.44298],[99.87586,20.44305],[99.87594,20.44309],[99.87618,20.44324],[99.87631,20.44338]]},"properties":{"c":"residential","h":0.6,"k":0.9955,"m":true,"len":86,"t":"TH570906"}},{"type":"Feature","geometry":{"type":"LineString","coordinates":[[99.88907,20.4439],[99.88914,20.44419],[99.88922,20.44438],[99.88932,20.44447],[99.88942,20.44455],[99.88954,20.44467],[99.88962,20.4448]]},"properties":{"c":"residential","h":0.4,"k":0.9997,"m":true,"len":119,"t":"TH570901"}},{"type":"Feature","geometry":{"type":"LineString","coordinates":[[99.89766,20.43303],[99.89866,20.43284]]},"properties":{"c":"residential","h":0.4,"k":1.0,"m":true,"len":106,"t":"TH570901"}},{"type":"Feature","geometry":{"type":"LineString","coordinates":[[99.89866,20.43284],[99.89874,20.43283],[99.89879,20.43282],[99.89966,20.43265]]},"properties":{"c":"residential","h":0.4,"k":1.0,"m":true,"len":106,"t":"TH570901"}},{"type":"Feature","geometry":{"type":"LineString","coordinates":[[99.89966,20.43265],[99.89967,20.43265],[99.89985,20.43258],[99.90067,20.43265]]},"properties":{"c":"residential","h":0.4,"k":1.0,"m":true,"len":106,"t":"TH570901"}},{"type":"Feature","geometry":{"type":"LineString","coordinates":[[99.90168,20.43274],[99.90209,20.43278],[99.9027,20.43282]]},"properties":{"c":"residential","h":3.15,"k":1.0,"m":true,"len":106,"t":"TH570901"}},{"type":"Feature","geometry":{"type":"LineString","coordinates":[[99.89785,20.43932],[99.89789,20.43998],[99.89791,20.44018]]},"properties":{"c":"residential","h":0.65,"k":1.0,"m":true,"len":95,"t":"TH570901"}},{"type":"Feature","geometry":{"type":"LineString","coordinates":[[99.88568,20.4405],[99.88616,20.44041],[99.88643,20.4404]]},"properties":{"c":"residential","h":1.75,"k":0.9999,"m":true,"len":79,"t":"TH570901"}},{"type":"Feature","geometry":{"type":"LineString","coordinates":[[99.88643,20.4404],[99.88672,20.44038],[99.88719,20.44042]]},"properties":{"c":"residential","h":2.7,"k":0.9999,"m":true,"len":79,"t":"TH570901"}},{"type":"Feature","geometry":{"type":"LineString","coordinates":[[99.88375,20.44472],[99.88383,20.44447],[99.88389,20.44431],[99.88388,20.4442],[99.88399,20.44418],[99.88403,20.44418]]},"properties":{"c":"residential","h":0.6,"k":0.9958,"m":true,"len":75,"t":"TH570901"}},{"type":"Feature","geometry":{"type":"LineString","coordinates":[[99.88403,20.44418],[99.88409,20.44418],[99.88412,20.44424],[99.88412,20.4443],[99.88439,20.44432],[99.88463,20.4444]]},"properties":{"c":"residential","h":0.05,"k":0.9958,"m":true,"len":75,"t":"TH570901"}},{"type":"Feature","geometry":{"type":"LineString","coordinates":[[99.88843,20.44167],[99.88852,20.44146],[99.88866,20.44128],[99.88891,20.44105],[99.88901,20.44093]]},"properties":{"c":"residential","h":0.65,"k":0.9999,"m":true,"len":103,"t":"TH570901"}},{"type":"Feature","geometry":{"type":"LineString","coordinates":[[99.88901,20.44093],[99.88903,20.44092],[99.88912,20.44083],[99.88918,20.44072],[99.88921,20.44061],[99.88946,20.44062],[99.88941,20.44032]]},"properties":{"c":"residential","h":0.45,"k":0.9999,"m":true,"len":103,"t":"TH570901"}},{"type":"Feature","geometry":{"type":"LineString","coordinates":[[99.88941,20.44032],[99.88939,20.44018],[99.88939,20.44017],[99.88936,20.43997],[99.88932,20.4397],[99.88931,20.43961],[99.8893,20.43939]]},"properties":{"c":"residential","h":0.65,"k":0.9999,"m":true,"len":103,"t":"TH570901"}},{"type":"Feature","geometry":{"type":"LineString","coordinates":[[99.8893,20.43939],[99.88927,20.43846]]},"properties":{"c":"residential","h":2.1,"k":0.9999,"m":true,"len":103,"t":"TH570901"}},{"type":"Feature","geometry":{"type":"LineString","coordinates":[[99.89387,20.43907],[99.89391,20.43895],[99.89398,20.43873],[99.89426,20.43828],[99.89429,20.43824],[99.89438,20.43813]]},"properties":{"c":"unclassified","h":0.05,"k":1.0,"m":true,"len":119,"t":"TH570901"}},{"type":"Feature","geometry":{"type":"LineString","coordinates":[[99.89438,20.43813],[99.89464,20.43781],[99.89474,20.43763],[99.89485,20.43733],[99.89486,20.43718]]},"properties":{"c":"unclassified","h":0.05,"k":1.0,"m":true,"len":119,"t":"TH570901"}},{"type":"Feature","geometry":{"type":"LineString","coordinates":[[99.89486,20.43718],[99.89492,20.43658],[99.89495,20.43614],[99.89495,20.43611]]},"properties":{"c":"unclassified","h":0.05,"k":1.0,"m":true,"len":119,"t":"TH570901"}},{"type":"Feature","geometry":{"type":"LineString","coordinates":[[99.89495,20.43611],[99.895,20.43532],[99.89503,20.43504]]},"properties":{"c":"unclassified","h":3.6,"k":1.0,"m":true,"len":119,"t":"TH570901"}},{"type":"Feature","geometry":{"type":"LineString","coordinates":[[99.89087,20.43976],[99.89024,20.43974],[99.89009,20.43973]]},"properties":{"c":"residential","h":0.05,"k":0.9999,"m":true,"len":81,"t":"TH570901"}},{"type":"Feature","geometry":{"type":"LineString","coordinates":[[99.89009,20.43973],[99.88966,20.4397],[99.88932,20.4397]]},"properties":{"c":"residential","h":0.4,"k":0.9999,"m":true,"len":81,"t":"TH570901"}},{"type":"Feature","geometry":{"type":"LineString","coordinates":[[99.88637,20.44133],[99.88676,20.44209],[99.88678,20.44212]]},"properties":{"c":"residential","h":0.45,"k":0.9997,"m":true,"len":96,"t":"TH570901"}},{"type":"Feature","geometry":{"type":"LineString","coordinates":[[99.88678,20.44212],[99.88706,20.44252],[99.8873,20.44284]]},"properties":{"c":"residential","h":0.45,"k":0.9997,"m":true,"len":96,"t":"TH570901"}},{"type":"Feature","geometry":{"type":"LineString","coordinates":[[99.8873,20.44284],[99.88737,20.44293],[99.88756,20.44327],[99.8877,20.44362]]},"properties":{"c":"residential","h":0.05,"k":0.9997,"m":true,"len":96,"t":"TH570901"}},{"type":"Feature","geometry":{"type":"LineString","coordinates":[[99.8877,20.44362],[99.88773,20.44369],[99.88783,20.44406],[99.88792,20.44447]]},"properties":{"c":"residential","h":0.05,"k":0.9997,"m":true,"len":96,"t":"TH570901"}},{"type":"Feature","geometry":{"type":"LineString","coordinates":[[99.89777,20.4422],[99.89796,20.44266],[99.89801,20.44306]]},"properties":{"c":"residential","h":3.9,"k":0.4929,"m":true,"len":99,"t":"TH570901"}},{"type":"Feature","geometry":{"type":"LineString","coordinates":[[99.89801,20.44306],[99.89804,20.44325],[99.89809,20.44395]]},"properties":{"c":"residential","h":3.9,"k":0.4929,"m":true,"len":99,"t":"TH570901"}},{"type":"Feature","geometry":{"type":"LineString","coordinates":[[99.90121,20.43715],[99.90188,20.43728],[99.90197,20.43729]]},"properties":{"c":"residential","h":0.6,"k":1.0,"m":true,"len":81,"t":"TH570901"}},{"type":"Feature","geometry":{"type":"LineString","coordinates":[[99.90197,20.43729],[99.90275,20.43736]]},"properties":{"c":"residential","h":2.25,"k":1.0,"m":true,"len":81,"t":"TH570901"}},{"type":"Feature","geometry":{"type":"LineString","coordinates":[[99.90275,20.43736],[99.90352,20.43743]]},"properties":{"c":"residential","h":1.4,"k":1.0,"m":true,"len":81,"t":"TH570901"}},{"type":"Feature","geometry":{"type":"LineString","coordinates":[[99.89952,20.43918],[99.89948,20.43856],[99.89948,20.43853]]},"properties":{"c":"residential","h":0.25,"k":1.0,"m":true,"len":72,"t":"TH570901"}},{"type":"Feature","geometry":{"type":"LineString","coordinates":[[99.89088,20.43787],[99.89114,20.43782],[99.89139,20.43779],[99.89168,20.43775],[99.89195,20.43767]]},"properties":{"c":"residential","h":1.85,"k":1.0,"m":true,"len":114,"t":"TH570901"}},{"type":"Feature","geometry":{"type":"LineString","coordinates":[[99.88653,20.44466],[99.88655,20.44417]]},"properties":{"c":"residential","h":1.25,"k":0.9997,"m":true,"len":54,"t":"TH570901"}},{"type":"Feature","geometry":{"type":"LineString","coordinates":[[99.89217,20.4381],[99.89281,20.43815]]},"properties":{"c":"residential","h":1.6,"k":1.0,"m":true,"len":67,"t":"TH570901"}},{"type":"Feature","geometry":{"type":"LineString","coordinates":[[99.89281,20.43815],[99.8929,20.43816],[99.89345,20.43814]]},"properties":{"c":"residential","h":1.6,"k":1.0,"m":true,"len":67,"t":"TH570901"}},{"type":"Feature","geometry":{"type":"LineString","coordinates":[[99.89991,20.43845],[99.89984,20.43763],[99.89983,20.4376],[99.89981,20.43746]]},"properties":{"c":"residential","h":0.1,"k":1.0,"m":true,"len":110,"t":"TH570901"}},{"type":"Feature","geometry":{"type":"LineString","coordinates":[[99.89981,20.43746],[99.89977,20.43715],[99.89971,20.43667],[99.89969,20.43648]]},"properties":{"c":"residential","h":0.1,"k":1.0,"m":true,"len":110,"t":"TH570901"}},{"type":"Feature","geometry":{"type":"LineString","coordinates":[[99.89969,20.43648],[99.89965,20.43617],[99.89963,20.436],[99.89971,20.43576],[99.89978,20.43551]]},"properties":{"c":"residential","h":0.05,"k":1.0,"m":true,"len":110,"t":"TH570901"}},{"type":"Feature","geometry":{"type":"LineString","coordinates":[[99.89978,20.43551],[99.89987,20.4352],[99.90057,20.43537]]},"properties":{"c":"residential","h":0.2,"k":1.0,"m":true,"len":110,"t":"TH570901"}},{"type":"Feature","geometry":{"type":"LineString","coordinates":[[99.90057,20.43537],[99.90146,20.43558],[99.90142,20.4357]]},"properties":{"c":"residential","h":0.05,"k":1.0,"m":true,"len":110,"t":"TH570901"}},{"type":"Feature","geometry":{"type":"LineString","coordinates":[[99.90142,20.4357],[99.90129,20.43613],[99.90073,20.436]]},"properties":{"c":"residential","h":0.05,"k":1.0,"m":true,"len":110,"t":"TH570901"}},{"type":"Feature","geometry":{"type":"LineString","coordinates":[[99.90073,20.436],[99.89971,20.43576]]},"properties":{"c":"residential","h":0.05,"k":1.0,"m":true,"len":110,"t":"TH570901"}},{"type":"Feature","geometry":{"type":"LineString","coordinates":[[99.89837,20.43841],[99.89836,20.43795],[99.89834,20.43755],[99.89834,20.43735]]},"properties":{"c":"residential","h":2.75,"k":1.0,"m":true,"len":118,"t":"TH570901"}},{"type":"Feature","geometry":{"type":"LineString","coordinates":[[99.90041,20.43796],[99.9011,20.43802],[99.9014,20.43806]]},"properties":{"c":"residential","h":0.3,"k":1.0,"m":true,"len":104,"t":"TH570901"}},{"type":"Feature","geometry":{"type":"LineString","coordinates":[[99.9014,20.43806],[99.90184,20.43812],[99.90239,20.43818]]},"properties":{"c":"residential","h":1.5,"k":1.0,"m":true,"len":104,"t":"TH570901"}},{"type":"Feature","geometry":{"type":"LineString","coordinates":[[99.90239,20.43818],[99.90338,20.43828]]},"properties":{"c":"residential","h":2.2,"k":1.0,"m":true,"len":104,"t":"TH570901"}},{"type":"Feature","geometry":{"type":"LineString","coordinates":[[99.89177,20.43966],[99.89239,20.43959],[99.89262,20.43957]]},"properties":{"c":"residential","h":0.05,"k":0.9999,"m":true,"len":90,"t":"TH570901"}},{"type":"Feature","geometry":{"type":"LineString","coordinates":[[99.89262,20.43957],[99.89283,20.43956],[99.8929,20.43952],[99.89292,20.43949],[99.89301,20.439]]},"properties":{"c":"residential","h":0.05,"k":0.9999,"m":true,"len":90,"t":"TH570901"}},{"type":"Feature","geometry":{"type":"LineString","coordinates":[[99.88992,20.4424],[99.88984,20.44188],[99.88979,20.44142]]},"properties":{"c":"residential","h":0.05,"k":0.9997,"m":true,"len":109,"t":"TH570901"}},{"type":"Feature","geometry":{"type":"LineString","coordinates":[[99.88737,20.44293],[99.88793,20.44273],[99.88799,20.44272]]},"properties":{"c":"residential","h":0.2,"k":0.9997,"m":true,"len":69,"t":"TH570901"}},{"type":"Feature","geometry":{"type":"LineString","coordinates":[[99.88799,20.44272],[99.88861,20.44253]]},"properties":{"c":"residential","h":0.05,"k":0.9997,"m":true,"len":69,"t":"TH570901"}},{"type":"Feature","geometry":{"type":"LineString","coordinates":[[99.89423,20.43912],[99.89403,20.43965],[99.89392,20.4399],[99.89389,20.44]]},"properties":{"c":"residential","h":1.2,"k":0.9999,"m":true,"len":104,"t":"TH570901"}},{"type":"Feature","geometry":{"type":"LineString","coordinates":[[99.89398,20.43873],[99.89507,20.43866]]},"properties":{"c":"unclassified","h":0.05,"k":1.0,"m":true,"len":114,"t":"TH570901"}},{"type":"Feature","geometry":{"type":"LineString","coordinates":[[99.89615,20.43858],[99.89659,20.43856],[99.89665,20.43854],[99.89724,20.4385]]},"properties":{"c":"unclassified","h":0.9,"k":1.0,"m":true,"len":114,"t":"TH570901"}},{"type":"Feature","geometry":{"type":"LineString","coordinates":[[99.89724,20.4385],[99.89766,20.43847],[99.89832,20.43841]]},"properties":{"c":"unclassified","h":2.05,"k":1.0,"m":true,"len":114,"t":"TH570901"}},{"type":"Feature","geometry":{"type":"LineString","coordinates":[[99.89832,20.43841],[99.89837,20.43841],[99.89941,20.43841]]},"properties":{"c":"unclassified","h":0.45,"k":1.0,"m":true,"len":114,"t":"TH570901"}},{"type":"Feature","geometry":{"type":"LineString","coordinates":[[99.89941,20.43841],[99.89948,20.4384],[99.89991,20.43845],[99.90049,20.43851]]},"properties":{"c":"unclassified","h":0.2,"k":1.0,"m":true,"len":114,"t":"TH570901"}},{"type":"Feature","geometry":{"type":"LineString","coordinates":[[99.90049,20.43851],[99.90102,20.43857],[99.90157,20.43862]]},"properties":{"c":"unclassified","h":3.3,"k":0.4929,"m":true,"len":114,"t":"TH570901"}},{"type":"Feature","geometry":{"type":"LineString","coordinates":[[99.90266,20.43874],[99.90329,20.4388],[99.90374,20.43884]]},"properties":{"c":"unclassified","h":1.9,"k":1.0,"m":true,"len":114,"t":"TH570901"}},{"type":"Feature","geometry":{"type":"LineString","coordinates":[[99.90374,20.43884],[99.90482,20.43894]]},"properties":{"c":"unclassified","h":2.05,"k":1.0,"m":true,"len":114,"t":"TH570901"}},{"type":"Feature","geometry":{"type":"LineString","coordinates":[[99.88868,20.44304],[99.88903,20.44302],[99.88924,20.44304],[99.88934,20.44307],[99.88944,20.44307],[99.88952,20.44308]]},"properties":{"c":"residential","h":0.05,"k":0.9997,"m":true,"len":89,"t":"TH570901"}},{"type":"Feature","geometry":{"type":"LineString","coordinates":[[99.88952,20.44308],[99.88959,20.44308],[99.88981,20.44309],[99.89012,20.44309],[99.89036,20.44302]]},"properties":{"c":"residential","h":0.05,"k":0.9997,"m":true,"len":89,"t":"TH570901"}},{"type":"Feature","geometry":{"type":"LineString","coordinates":[[99.89092,20.43869],[99.89087,20.43966]]},"properties":{"c":"unclassified","h":0.05,"k":0.9999,"m":true,"len":108,"t":"TH570901"}},{"type":"Feature","geometry":{"type":"LineString","coordinates":[[99.89087,20.43966],[99.89087,20.43976],[99.89087,20.44032],[99.89088,20.44064]]},"properties":{"c":"unclassified","h":0.05,"k":0.9999,"m":true,"len":108,"t":"TH570901"}},{"type":"Feature","geometry":{"type":"LineString","coordinates":[[99.89088,20.44064],[99.89088,20.44078],[99.89091,20.4411],[99.89091,20.44132],[99.89089,20.44143],[99.89083,20.4416]]},"properties":{"c":"unclassified","h":0.05,"k":0.9997,"m":true,"len":108,"t":"TH570901"}},{"type":"Feature","geometry":{"type":"LineString","coordinates":[[99.89083,20.4416],[99.89051,20.44253]]},"properties":{"c":"unclassified","h":0.05,"k":0.9997,"m":true,"len":108,"t":"TH570901"}},{"type":"Feature","geometry":{"type":"LineString","coordinates":[[99.88408,20.44191],[99.88409,20.44196],[99.8844,20.44234],[99.88466,20.44269],[99.88472,20.44278]]},"properties":{"c":"residential","h":1.55,"k":0.9997,"m":true,"len":119,"t":"TH570901"}},{"type":"Feature","geometry":{"type":"LineString","coordinates":[[99.88472,20.44278],[99.88477,20.44285],[99.88496,20.44309],[99.88502,20.4432],[99.88514,20.4434],[99.88533,20.44364],[99.88536,20.44367]]},"properties":{"c":"residential","h":0.5,"k":0.9996,"m":true,"len":119,"t":"TH570901"}},{"type":"Feature","geometry":{"type":"LineString","coordinates":[[99.88536,20.44367],[99.8855,20.44379],[99.88567,20.4439],[99.8859,20.444],[99.88636,20.44412],[99.88637,20.44412]]},"properties":{"c":"residential","h":0.05,"k":0.9996,"m":true,"len":119,"t":"TH570901"}},{"type":"Feature","geometry":{"type":"LineString","coordinates":[[99.88637,20.44412],[99.88655,20.44417],[99.88666,20.44402],[99.88669,20.44393],[99.88662,20.4435],[99.88659,20.44332]]},"properties":{"c":"residential","h":0.3,"k":0.9997,"m":true,"len":119,"t":"TH570901"}},{"type":"Feature","geometry":{"type":"LineString","coordinates":[[99.88659,20.44332],[99.88659,20.44331],[99.88655,20.44314],[99.88645,20.44273],[99.88633,20.44228]]},"properties":{"c":"residential","h":0.05,"k":0.9997,"m":true,"len":119,"t":"TH570901"}},{"type":"Feature","geometry":{"type":"LineString","coordinates":[[99.89239,20.43959],[99.8924,20.43966],[99.89252,20.44013]]},"properties":{"c":"residential","h":0.05,"k":0.9999,"m":true,"len":61,"t":"TH570901"}},{"type":"Feature","geometry":{"type":"LineString","coordinates":[[99.89902,20.43917],[99.89912,20.44012]]},"properties":{"c":"residential","h":1.85,"k":1.0,"m":true,"len":105,"t":"TH570901"}},{"type":"Feature","geometry":{"type":"LineString","coordinates":[[99.89938,20.43204],[99.89861,20.43219],[99.89829,20.43226]]},"properties":{"c":"residential","h":0.4,"k":1.0,"m":true,"len":116,"t":"TH570901"}},{"type":"Feature","geometry":{"type":"LineString","coordinates":[[99.89829,20.43226],[99.89754,20.43241],[99.8972,20.43244]]},"properties":{"c":"residential","h":0.45,"k":1.0,"m":true,"len":116,"t":"TH570901"}},{"type":"Feature","geometry":{"type":"LineString","coordinates":[[99.88563,20.44017],[99.88637,20.43982]]},"properties":{"c":"residential","h":1.75,"k":0.9999,"m":true,"len":87,"t":"TH570901"}},{"type":"Feature","geometry":{"type":"LineString","coordinates":[[99.88637,20.43982],[99.88647,20.43978],[99.8865,20.43962],[99.88701,20.43944]]},"properties":{"c":"residential","h":1.8,"k":0.9999,"m":true,"len":87,"t":"TH570901"}},{"type":"Feature","geometry":{"type":"LineString","coordinates":[[99.88712,20.44131],[99.88764,20.44135],[99.88786,20.4414],[99.88803,20.44146]]},"properties":{"c":"unclassified","h":1.45,"k":0.9997,"m":true,"len":96,"t":"TH570901"}},{"type":"Feature","geometry":{"type":"LineString","coordinates":[[99.88803,20.44146],[99.88823,20.44154],[99.88843,20.44167],[99.88859,20.44182],[99.88867,20.44188],[99.88879,20.44194]]},"properties":{"c":"unclassified","h":0.5,"k":0.9997,"m":true,"len":96,"t":"TH570901"}},{"type":"Feature","geometry":{"type":"LineString","coordinates":[[99.88879,20.44194],[99.88882,20.44195],[99.88963,20.44229]]},"properties":{"c":"unclassified","h":0.05,"k":0.9997,"m":true,"len":96,"t":"TH570901"}},{"type":"Feature","geometry":{"type":"LineString","coordinates":[[99.88963,20.44229],[99.88968,20.44231],[99.88992,20.4424],[99.89014,20.44247],[99.89051,20.44253]]},"properties":{"c":"unclassified","h":0.05,"k":0.9997,"m":true,"len":96,"t":"TH570901"}},{"type":"Feature","geometry":{"type":"LineString","coordinates":[[99.8967,20.43943],[99.89695,20.44015],[99.897,20.44039]]},"properties":{"c":"residential","h":1.25,"k":1.0,"m":true,"len":111,"t":"TH570901"}},{"type":"Feature","geometry":{"type":"LineString","coordinates":[[99.89179,20.43884],[99.89175,20.43924],[99.89176,20.43943]]},"properties":{"c":"residential","h":0.7,"k":0.9999,"m":true,"len":66,"t":"TH570901"}},{"type":"Feature","geometry":{"type":"LineString","coordinates":[[99.89176,20.43943],[99.89177,20.43966],[99.89174,20.44002]]},"properties":{"c":"residential","h":0.05,"k":0.9999,"m":true,"len":66,"t":"TH570901"}},{"type":"Feature","geometry":{"type":"LineString","coordinates":[[99.89113,20.44205],[99.89181,20.44226]]},"properties":{"c":"residential","h":1.25,"k":0.9997,"m":true,"len":75,"t":"TH570901"}},{"type":"Feature","geometry":{"type":"LineString","coordinates":[[99.89819,20.43756],[99.89834,20.43755],[99.8988,20.43752]]},"properties":{"c":"residential","h":3.3,"k":1.0,"m":true,"len":64,"t":"TH570901"}},{"type":"Feature","geometry":{"type":"LineString","coordinates":[[99.88716,20.44197],[99.88712,20.44131],[99.88711,20.44121],[99.88713,20.44105]]},"properties":{"c":"unclassified","h":1.95,"k":0.9997,"m":true,"len":101,"t":"TH570901"}},{"type":"Feature","geometry":{"type":"LineString","coordinates":[[99.88713,20.44105],[99.88719,20.44042],[99.8872,20.44014]]},"properties":{"c":"unclassified","h":2.65,"k":0.9999,"m":true,"len":101,"t":"TH570901"}},{"type":"Feature","geometry":{"type":"LineString","coordinates":[[99.8872,20.44014],[99.8872,20.44014],[99.88712,20.43976],[99.88701,20.43944],[99.88694,20.43926]]},"properties":{"c":"unclassified","h":1.8,"k":0.9999,"m":true,"len":101,"t":"TH570901"}},{"type":"Feature","geometry":{"type":"LineString","coordinates":[[99.88694,20.43926],[99.88694,20.43924],[99.88672,20.43872],[99.88662,20.4384]]},"properties":{"c":"unclassified","h":1.9,"k":0.9999,"m":true,"len":101,"t":"TH570901"}},{"type":"Feature","geometry":{"type":"LineString","coordinates":[[99.90046,20.43753],[99.90115,20.4376],[99.90145,20.43765]]},"properties":{"c":"residential","h":0.7,"k":1.0,"m":true,"len":105,"t":"TH570901"}},{"type":"Feature","geometry":{"type":"LineString","coordinates":[[99.90145,20.43765],[99.90186,20.43771],[99.90245,20.43776]]},"properties":{"c":"residential","h":1.5,"k":1.0,"m":true,"len":105,"t":"TH570901"}},{"type":"Feature","geometry":{"type":"LineString","coordinates":[[99.90245,20.43776],[99.90345,20.43785]]},"properties":{"c":"residential","h":1.95,"k":1.0,"m":true,"len":105,"t":"TH570901"}},{"type":"Feature","geometry":{"type":"LineString","coordinates":[[99.88409,20.44196],[99.88379,20.44233],[99.88359,20.44258],[99.88352,20.44267],[99.8835,20.4427]]},"properties":{"c":"residential","h":3.95,"k":0.9997,"m":true,"len":103,"t":"TH570901"}},{"type":"Feature","geometry":{"type":"LineString","coordinates":[[99.8835,20.4427],[99.88333,20.44295],[99.88325,20.44301],[99.88316,20.44324],[99.88312,20.44347],[99.88311,20.44353]]},"properties":{"c":"residential","h":0.2,"k":0.9958,"m":true,"len":103,"t":"TH570901"}},{"type":"Feature","geometry":{"type":"LineString","coordinates":[[99.88311,20.44353],[99.88306,20.44391],[99.88305,20.44427],[99.88305,20.44445]]},"properties":{"c":"residential","h":0.2,"k":0.9958,"m":true,"len":103,"t":"TH570901"}},{"type":"Feature","geometry":{"type":"LineString","coordinates":[[99.89091,20.4411],[99.89068,20.44111],[99.89021,20.4411],[99.89022,20.44075],[99.89022,20.44075]]},"properties":{"c":"residential","h":0.25,"k":0.9997,"m":true,"len":112,"t":"TH570901"}},{"type":"Feature","geometry":{"type":"LineString","coordinates":[[99.89022,20.44075],[99.89024,20.43974]]},"properties":{"c":"residential","h":0.05,"k":0.9999,"m":true,"len":112,"t":"TH570901"}},{"type":"Feature","geometry":{"type":"LineString","coordinates":[[99.88362,20.44531],[99.88385,20.44546],[99.88391,20.44547],[99.88433,20.44539]]},"properties":{"c":"residential","h":2.65,"k":0.9996,"m":true,"len":80,"t":"TH570901"}},{"type":"Feature","geometry":{"type":"LineString","coordinates":[[99.89088,20.44078],[99.89022,20.44075]]},"properties":{"c":"residential","h":0.1,"k":0.9997,"m":true,"len":69,"t":"TH570901"}},{"type":"Feature","geometry":{"type":"LineString","coordinates":[[99.88359,20.44258],[99.88398,20.44277]]},"properties":{"c":"residential","h":2.5,"k":0.9997,"m":true,"len":46,"t":"TH570901"}},{"type":"Feature","geometry":{"type":"LineString","coordinates":[[99.88291,20.44482],[99.88305,20.44445]]},"properties":{"c":"residential","h":1.6,"k":0.9958,"m":true,"len":44,"t":"TH570901"}},{"type":"Feature","geometry":{"type":"LineString","coordinates":[[99.88421,20.44298],[99.88466,20.44269]]},"properties":{"c":"residential","h":1.15,"k":0.9997,"m":true,"len":56,"t":"TH570901"}},{"type":"Feature","geometry":{"type":"LineString","coordinates":[[99.88333,20.44295],[99.88383,20.44312],[99.88385,20.44313],[99.88395,20.4432],[99.88407,20.44334],[99.88407,20.44333]]},"properties":{"c":"residential","h":1.35,"k":0.9958,"m":true,"len":90,"t":"TH570901"}},{"type":"Feature","geometry":{"type":"LineString","coordinates":[[99.88407,20.44333],[99.88442,20.44311],[99.88477,20.44285]]},"properties":{"c":"residential","h":1.2,"k":0.9997,"m":true,"len":90,"t":"TH570901"}},{"type":"Feature","geometry":{"type":"LineString","coordinates":[[99.88792,20.44447],[99.88796,20.44455],[99.8879,20.44516],[99.88792,20.44524],[99.88802,20.44525]]},"properties":{"c":"residential","h":1.65,"k":0.9997,"m":true,"len":98,"t":"TH570901"}},{"type":"Feature","geometry":{"type":"LineString","coordinates":[[99.88833,20.44363],[99.88873,20.44353]]},"properties":{"c":"residential","h":0.7,"k":0.9997,"m":true,"len":44,"t":"TH570901"}},{"type":"Feature","geometry":{"type":"LineString","coordinates":[[99.88694,20.43924],[99.88756,20.43912]]},"properties":{"c":"residential","h":1.75,"k":0.9999,"m":true,"len":66,"t":"TH570901"}},{"type":"Feature","geometry":{"type":"LineString","coordinates":[[99.88756,20.43912],[99.88775,20.43908],[99.88774,20.43867]]},"properties":{"c":"residential","h":1.8,"k":0.9999,"m":true,"len":66,"t":"TH570901"}},{"type":"Feature","geometry":{"type":"LineString","coordinates":[[99.88331,20.44231],[99.88329,20.4424],[99.88326,20.44254],[99.88308,20.44295]]},"properties":{"c":"residential","h":0.95,"k":0.9958,"m":true,"len":75,"t":"TH570901"}},{"type":"Feature","geometry":{"type":"LineString","coordinates":[[99.88325,20.44301],[99.88308,20.44295],[99.88234,20.44265]]},"properties":{"c":"residential","h":0.9,"k":0.9958,"m":true,"len":103,"t":"TH570901"}},{"type":"Feature","geometry":{"type":"LineString","coordinates":[[99.88234,20.44265],[99.88223,20.44261],[99.88144,20.44228]]},"properties":{"c":"residential","h":3.35,"k":0.9958,"m":true,"len":103,"t":"TH570901"}},{"type":"Feature","geometry":{"type":"LineString","coordinates":[[99.88563,20.44017],[99.88564,20.43981],[99.88567,20.43951],[99.88565,20.43942]]},"properties":{"c":"residential","h":1.75,"k":0.9999,"m":true,"len":83,"t":"TH570901"}},{"type":"Feature","geometry":{"type":"LineString","coordinates":[[99.88565,20.43942],[99.88562,20.43925],[99.8856,20.43908],[99.88551,20.43889],[99.88542,20.4387]]},"properties":{"c":"residential","h":2.15,"k":0.9999,"m":true,"len":83,"t":"TH570901"}},{"type":"Feature","geometry":{"type":"LineString","coordinates":[[99.94431,20.30782],[99.9443,20.30803],[99.94421,20.30842],[99.94417,20.30886],[99.94417,20.30887]]},"properties":{"c":"tertiary","h":3.55,"k":0.3722,"m":true,"len":118,"t":"TH570908"}},{"type":"Feature","geometry":{"type":"LineString","coordinates":[[99.94417,20.30887],[99.94423,20.30923],[99.94433,20.30978],[99.94433,20.30993]]},"properties":{"c":"tertiary","h":2.65,"k":0.3722,"m":true,"len":118,"t":"TH570908"}},{"type":"Feature","geometry":{"type":"LineString","coordinates":[[99.94433,20.30993],[99.94432,20.31099]]},"properties":{"c":"tertiary","h":2.3,"k":0.3722,"m":true,"len":118,"t":"TH570908"}},{"type":"Feature","geometry":{"type":"LineString","coordinates":[[99.94432,20.31099],[99.94432,20.31125],[99.94427,20.31182],[99.94423,20.31205]]},"properties":{"c":"tertiary","h":1.95,"k":0.3722,"m":true,"len":118,"t":"TH570908"}},{"type":"Feature","geometry":{"type":"LineString","coordinates":[[99.94423,20.31205],[99.94416,20.31254],[99.94417,20.31275],[99.94421,20.31311]]},"properties":{"c":"tertiary","h":3.9,"k":0.3722,"m":true,"len":118,"t":"TH570908"}},{"type":"Feature","geometry":{"type":"LineString","coordinates":[[99.94631,20.33054],[99.94632,20.33056],[99.94614,20.33063],[99.94533,20.33104]]},"properties":{"c":"tertiary","h":2.7,"k":0.6165,"m":true,"len":118,"t":"TH570908"}},{"type":"Feature","geometry":{"type":"LineString","coordinates":[[99.94533,20.33104],[99.94434,20.33155]]},"properties":{"c":"tertiary","h":0.65,"k":0.6165,"m":true,"len":118,"t":"TH570908"}},{"type":"Feature","geometry":{"type":"LineString","coordinates":[[99.94434,20.33155],[99.94335,20.33206]]},"properties":{"c":"tertiary","h":0.1,"k":0.6165,"m":true,"len":118,"t":"TH570908"}},{"type":"Feature","geometry":{"type":"LineString","coordinates":[[99.94335,20.33206],[99.94264,20.33242],[99.94256,20.33246],[99.94236,20.33256]]},"properties":{"c":"tertiary","h":0.05,"k":0.6165,"m":true,"len":118,"t":"TH570908"}},{"type":"Feature","geometry":{"type":"LineString","coordinates":[[99.94236,20.33256],[99.94135,20.33305]]},"properties":{"c":"tertiary","h":0.05,"k":0.6165,"m":true,"len":118,"t":"TH570908"}},{"type":"Feature","geometry":{"type":"LineString","coordinates":[[99.94135,20.33305],[99.94074,20.33335],[99.94035,20.33354]]},"properties":{"c":"tertiary","h":0.45,"k":0.6165,"m":true,"len":118,"t":"TH570908"}},{"type":"Feature","geometry":{"type":"LineString","coordinates":[[99.94035,20.33354],[99.94011,20.33366],[99.93935,20.33403]]},"properties":{"c":"tertiary","h":0.05,"k":0.6165,"m":true,"len":118,"t":"TH570908"}},{"type":"Feature","geometry":{"type":"LineString","coordinates":[[99.93935,20.33403],[99.93851,20.33444],[99.93835,20.33452]]},"properties":{"c":"tertiary","h":0.1,"k":0.6165,"m":true,"len":118,"t":"TH570908"}},{"type":"Feature","geometry":{"type":"LineString","coordinates":[[99.93835,20.33452],[99.93735,20.33501]]},"properties":{"c":"tertiary","h":1.4,"k":0.6165,"m":true,"len":118,"t":"TH570908"}},{"type":"Feature","geometry":{"type":"LineString","coordinates":[[99.93735,20.33501],[99.93634,20.3355]]},"properties":{"c":"tertiary","h":0.1,"k":0.6165,"m":true,"len":118,"t":"TH570908"}},{"type":"Feature","geometry":{"type":"LineString","coordinates":[[99.93634,20.3355],[99.93534,20.33599]]},"properties":{"c":"tertiary","h":0.1,"k":0.6165,"m":true,"len":118,"t":"TH570908"}},{"type":"Feature","geometry":{"type":"LineString","coordinates":[[99.93534,20.33599],[99.9349,20.33621],[99.93434,20.33648]]},"properties":{"c":"tertiary","h":0.15,"k":0.6165,"m":true,"len":118,"t":"TH570908"}},{"type":"Feature","geometry":{"type":"LineString","coordinates":[[99.93434,20.33648],[99.93334,20.33697]]},"properties":{"c":"tertiary","h":0.25,"k":0.6165,"m":true,"len":118,"t":"TH570908"}},{"type":"Feature","geometry":{"type":"LineString","coordinates":[[99.93334,20.33697],[99.93234,20.33746]]},"properties":{"c":"tertiary","h":0.4,"k":0.6168,"m":true,"len":118,"t":"TH570908"}},{"type":"Feature","geometry":{"type":"LineString","coordinates":[[99.93234,20.33746],[99.93134,20.33795]]},"properties":{"c":"tertiary","h":0.05,"k":0.5676,"m":true,"len":118,"t":"TH570908"}},{"type":"Feature","geometry":{"type":"LineString","coordinates":[[99.93134,20.33795],[99.93117,20.33803],[99.93038,20.33841],[99.93033,20.33843]]},"properties":{"c":"tertiary","h":0.05,"k":0.5676,"m":true,"len":118,"t":"TH570908"}},{"type":"Feature","geometry":{"type":"LineString","coordinates":[[99.93033,20.33843],[99.92985,20.33867],[99.92932,20.33891]]},"properties":{"c":"tertiary","h":0.05,"k":0.5676,"m":true,"len":118,"t":"TH570908"}},{"type":"Feature","geometry":{"type":"LineString","coordinates":[[99.92932,20.33891],[99.92831,20.33937]]},"properties":{"c":"tertiary","h":0.65,"k":0.5676,"m":true,"len":118,"t":"TH570908"}},{"type":"Feature","geometry":{"type":"LineString","coordinates":[[99.92831,20.33937],[99.92749,20.33974],[99.92729,20.33983]]},"properties":{"c":"tertiary","h":0.35,"k":0.5676,"m":true,"len":118,"t":"TH570908"}},{"type":"Feature","geometry":{"type":"LineString","coordinates":[[99.92729,20.33983],[99.92652,20.34017],[99.92644,20.3402],[99.92626,20.34027]]},"properties":{"c":"tertiary","h":0.05,"k":0.5676,"m":true,"len":118,"t":"TH570908"}},{"type":"Feature","geometry":{"type":"LineString","coordinates":[[99.89814,20.38374],[99.89883,20.38334],[99.8991,20.38314]]},"properties":{"c":"unclassified","h":1.6,"k":0.35,"m":true,"len":120,"t":"TH570904"}},{"type":"Feature","geometry":{"type":"LineString","coordinates":[[99.8991,20.38314],[99.89944,20.38288],[99.89948,20.38286],[99.89966,20.38272],[99.89988,20.38255],[99.89991,20.38252],[99.89999,20.38246]]},"properties":{"c":"unclassified","h":1.6,"k":0.35,"m":true,"len":120,"t":"TH570904"}},{"type":"Feature","geometry":{"type":"LineString","coordinates":[[99.91797,20.37615],[99.91912,20.37609]]},"properties":{"c":"unclassified","h":3.2,"k":0.3712,"m":true,"len":120,"t":"TH570904"}},{"type":"Feature","geometry":{"type":"LineString","coordinates":[[99.91912,20.37609],[99.9192,20.37608],[99.92009,20.37603],[99.92026,20.37601]]},"properties":{"c":"unclassified","h":1.95,"k":0.3709,"m":true,"len":120,"t":"TH570904"}},{"type":"Feature","geometry":{"type":"LineString","coordinates":[[99.92026,20.37601],[99.92119,20.37588],[99.92139,20.37582]]},"properties":{"c":"unclassified","h":1.5,"k":0.3709,"m":true,"len":120,"t":"TH570904"}},{"type":"Feature","geometry":{"type":"LineString","coordinates":[[99.92139,20.37582],[99.92148,20.37579],[99.92166,20.37574],[99.92176,20.37567],[99.92214,20.37507]]},"properties":{"c":"unclassified","h":0.85,"k":0.3708,"m":true,"len":120,"t":"TH570904"}},{"type":"Feature","geometry":{"type":"LineString","coordinates":[[99.92214,20.37507],[99.92221,20.37495],[99.92244,20.37478],[99.92315,20.37475]]},"properties":{"c":"unclassified","h":2.15,"k":0.3709,"m":true,"len":120,"t":"TH570904"}},{"type":"Feature","geometry":{"type":"LineString","coordinates":[[99.92315,20.37475],[99.9232,20.37475],[99.92385,20.37481],[99.92429,20.37487]]},"properties":{"c":"unclassified","h":2.9,"k":0.3759,"m":true,"len":120,"t":"TH570904"}},{"type":"Feature","geometry":{"type":"LineString","coordinates":[[99.92599,20.36673],[99.92565,20.36626],[99.92544,20.36591],[99.92541,20.36581]]},"properties":{"c":"unclassified","h":0.05,"k":0.3767,"m":true,"len":119,"t":"TH570905"}},{"type":"Feature","geometry":{"type":"LineString","coordinates":[[99.92541,20.36581],[99.92509,20.36478]]},"properties":{"c":"unclassified","h":0.05,"k":0.3776,"m":true,"len":119,"t":"TH570905"}},{"type":"Feature","geometry":{"type":"LineString","coordinates":[[99.92509,20.36478],[99.92476,20.36374]]},"properties":{"c":"unclassified","h":0.05,"k":0.3776,"m":true,"len":119,"t":"TH570905"}},{"type":"Feature","geometry":{"type":"LineString","coordinates":[[99.92476,20.36374],[99.92475,20.36371],[99.92458,20.36331],[99.92432,20.36275]]},"properties":{"c":"unclassified","h":0.45,"k":0.3776,"m":true,"len":119,"t":"TH570905"}},{"type":"Feature","geometry":{"type":"LineString","coordinates":[[99.91039,20.3496],[99.91025,20.34927],[99.91012,20.34896],[99.91003,20.34859]]},"properties":{"c":"unclassified","h":1.65,"k":0.3997,"m":true,"len":118,"t":"TH570909"}},{"type":"Feature","geometry":{"type":"LineString","coordinates":[[99.91003,20.34859],[99.90977,20.34755]]},"properties":{"c":"unclassified","h":0.15,"k":0.3997,"m":true,"len":118,"t":"TH570909"}},{"type":"Feature","geometry":{"type":"LineString","coordinates":[[99.90977,20.34755],[99.90967,20.34712],[99.90957,20.3465]]},"properties":{"c":"unclassified","h":0.45,"k":0.3851,"m":true,"len":118,"t":"TH570909"}},{"type":"Feature","geometry":{"type":"LineString","coordinates":[[99.90957,20.3465],[99.90943,20.34568],[99.90939,20.34545]]},"properties":{"c":"unclassified","h":0.45,"k":0.3851,"m":true,"len":118,"t":"TH570909"}},{"type":"Feature","geometry":{"type":"LineString","coordinates":[[99.90939,20.34545],[99.90928,20.34472],[99.90921,20.34452],[99.90913,20.34443]]},"properties":{"c":"unclassified","h":2.5,"k":0.4009,"m":true,"len":118,"t":"TH570909"}},{"type":"Feature","geometry":{"type":"LineString","coordinates":[[99.90913,20.34443],[99.90909,20.34438],[99.90831,20.34384],[99.90825,20.34377]]},"properties":{"c":"unclassified","h":2.3,"k":0.4009,"m":true,"len":118,"t":"TH570909"}},{"type":"Feature","geometry":{"type":"LineString","coordinates":[[99.90825,20.34377],[99.9082,20.34371],[99.90818,20.34354],[99.90819,20.3432],[99.90811,20.34303],[99.90792,20.34289],[99.90786,20.34287]]},"properties":{"c":"unclassified","h":2.75,"k":0.4009,"m":true,"len":118,"t":"TH570909"}},{"type":"Feature","geometry":{"type":"LineString","coordinates":[[99.90786,20.34287],[99.9072,20.3427],[99.90683,20.34259],[99.90678,20.34257]]},"properties":{"c":"unclassified","h":2.7,"k":0.4279,"m":true,"len":118,"t":"TH570909"}},{"type":"Feature","geometry":{"type":"LineString","coordinates":[[99.90678,20.34257],[99.90659,20.34247],[99.90613,20.3421],[99.90585,20.34197]]},"properties":{"c":"unclassified","h":2.7,"k":0.4279,"m":true,"len":118,"t":"TH570909"}},{"type":"Feature","geometry":{"type":"LineString","coordinates":[[99.90585,20.34197],[99.90579,20.34194],[99.90493,20.34164],[99.90479,20.34159]]},"properties":{"c":"unclassified","h":2.95,"k":0.4279,"m":true,"len":118,"t":"TH570909"}},{"type":"Feature","geometry":{"type":"LineString","coordinates":[[99.96532,20.35291],[99.96518,20.35305],[99.96518,20.35355],[99.96518,20.3539]]},"properties":{"c":"tertiary","h":0.05,"k":0.6728,"m":true,"len":116,"t":"TH570905"}},{"type":"Feature","geometry":{"type":"LineString","coordinates":[[99.96518,20.3539],[99.96518,20.35477],[99.96516,20.35495]]},"properties":{"c":"tertiary","h":1.55,"k":0.6728,"m":true,"len":116,"t":"TH570905"}},{"type":"Feature","geometry":{"type":"LineString","coordinates":[[99.96516,20.35495],[99.96512,20.35531],[99.96495,20.35598]]},"properties":{"c":"tertiary","h":1.9,"k":0.6728,"m":true,"len":116,"t":"TH570905"}},{"type":"Feature","geometry":{"type":"LineString","coordinates":[[99.96495,20.35598],[99.96494,20.35601],[99.9649,20.35611],[99.96472,20.35658],[99.96457,20.35698]]},"properties":{"c":"tertiary","h":2.5,"k":0.6728,"m":true,"len":116,"t":"TH570905"}},{"type":"Feature","geometry":{"type":"LineString","coordinates":[[99.96356,20.35998],[99.96356,20.36],[99.96347,20.36095],[99.96346,20.36101],[99.96345,20.36103]]},"properties":{"c":"tertiary","h":2.55,"k":0.6728,"m":true,"len":116,"t":"TH570905"}},{"type":"Feature","geometry":{"type":"LineString","coordinates":[[99.96285,20.36189],[99.96235,20.3623],[99.96201,20.36258]]},"properties":{"c":"tertiary","h":2.6,"k":0.6728,"m":true,"len":116,"t":"TH570905"}},{"type":"Feature","geometry":{"type":"LineString","coordinates":[[99.96201,20.36258],[99.96193,20.36265],[99.96157,20.36313],[99.96135,20.36343]]},"properties":{"c":"tertiary","h":2.2,"k":0.6728,"m":true,"len":116,"t":"TH570905"}},{"type":"Feature","geometry":{"type":"LineString","coordinates":[[99.96135,20.36343],[99.9609,20.36405],[99.96074,20.36427],[99.96072,20.3643]]},"properties":{"c":"tertiary","h":2.0,"k":0.6728,"m":true,"len":116,"t":"TH570905"}},{"type":"Feature","geometry":{"type":"LineString","coordinates":[[99.96072,20.3643],[99.96068,20.36434],[99.96008,20.36507],[99.96003,20.36512]]},"properties":{"c":"tertiary","h":2.75,"k":0.6728,"m":true,"len":116,"t":"TH570905"}},{"type":"Feature","geometry":{"type":"LineString","coordinates":[[99.96003,20.36512],[99.95991,20.36525],[99.95978,20.3654],[99.9593,20.36592]]},"properties":{"c":"tertiary","h":3.5,"k":0.6728,"m":true,"len":116,"t":"TH570905"}},{"type":"Feature","geometry":{"type":"LineString","coordinates":[[99.96553,20.35279],[99.96532,20.35291]]},"properties":{"c":"tertiary","h":0.05,"k":0.6728,"m":true,"len":25,"t":"TH570905"}},{"type":"Feature","geometry":{"type":"LineString","coordinates":[[99.88816,20.30459],[99.88872,20.30455],[99.88925,20.30454],[99.8893,20.30454]]},"properties":{"c":"tertiary","h":3.9,"k":0.4482,"m":true,"len":119,"t":"TH570908"}},{"type":"Feature","geometry":{"type":"LineString","coordinates":[[99.8893,20.30454],[99.88976,20.30448],[99.89029,20.30435],[99.89041,20.30431]]},"properties":{"c":"tertiary","h":2.25,"k":0.4239,"m":true,"len":119,"t":"TH570908"}},{"type":"Feature","geometry":{"type":"LineString","coordinates":[[99.89041,20.30431],[99.89084,20.30414],[99.89146,20.30388]]},"properties":{"c":"tertiary","h":1.85,"k":0.4239,"m":true,"len":119,"t":"TH570908"}},{"type":"Feature","geometry":{"type":"LineString","coordinates":[[99.89146,20.30388],[99.89165,20.3038],[99.89251,20.30346]]},"properties":{"c":"tertiary","h":1.15,"k":0.4239,"m":true,"len":119,"t":"TH570908"}},{"type":"Feature","geometry":{"type":"LineString","coordinates":[[99.89251,20.30346],[99.89261,20.30342],[99.89363,20.30322]]},"properties":{"c":"tertiary","h":0.25,"k":0.4237,"m":true,"len":119,"t":"TH570908"}},{"type":"Feature","geometry":{"type":"LineString","coordinates":[[99.89363,20.30322],[99.89417,20.30311],[99.89474,20.30298]]},"properties":{"c":"tertiary","h":0.2,"k":0.4237,"m":true,"len":119,"t":"TH570908"}},{"type":"Feature","geometry":{"type":"LineString","coordinates":[[99.89474,20.30298],[99.89585,20.30273]]},"properties":{"c":"tertiary","h":0.95,"k":0.446,"m":true,"len":119,"t":"TH570908"}},{"type":"Feature","geometry":{"type":"LineString","coordinates":[[99.89585,20.30273],[99.89679,20.30251],[99.89696,20.30248]]},"properties":{"c":"tertiary","h":2.05,"k":0.446,"m":true,"len":119,"t":"TH570908"}},{"type":"Feature","geometry":{"type":"LineString","coordinates":[[99.89696,20.30248],[99.89808,20.30224]]},"properties":{"c":"tertiary","h":2.35,"k":0.4515,"m":true,"len":119,"t":"TH570908"}},{"type":"Feature","geometry":{"type":"LineString","coordinates":[[99.89808,20.30224],[99.8992,20.30201]]},"properties":{"c":"tertiary","h":2.35,"k":0.4515,"m":true,"len":119,"t":"TH570908"}},{"type":"Feature","geometry":{"type":"LineString","coordinates":[[99.8992,20.30201],[99.89974,20.30189],[99.90031,20.30175]]},"properties":{"c":"tertiary","h":2.85,"k":0.4515,"m":true,"len":119,"t":"TH570908"}},{"type":"Feature","geometry":{"type":"LineString","coordinates":[[99.90031,20.30175],[99.90122,20.30151],[99.9014,20.30145]]},"properties":{"c":"tertiary","h":2.85,"k":0.4515,"m":true,"len":119,"t":"TH570908"}},{"type":"Feature","geometry":{"type":"LineString","coordinates":[[99.9014,20.30145],[99.90248,20.30109]]},"properties":{"c":"tertiary","h":3.05,"k":0.4515,"m":true,"len":119,"t":"TH570908"}},{"type":"Feature","geometry":{"type":"LineString","coordinates":[[99.90248,20.30109],[99.90258,20.30106],[99.90317,20.30085],[99.90356,20.30074]]},"properties":{"c":"tertiary","h":3.65,"k":0.47,"m":true,"len":119,"t":"TH570908"}},{"type":"Feature","geometry":{"type":"LineString","coordinates":[[99.91868,20.29861],[99.91974,20.2982]]},"properties":{"c":"tertiary","h":4.0,"k":0.3698,"m":true,"len":119,"t":"TH570908"}},{"type":"Feature","geometry":{"type":"LineString","coordinates":[[99.91974,20.2982],[99.92036,20.29797],[99.92082,20.29783]]},"properties":{"c":"tertiary","h":1.45,"k":0.3648,"m":true,"len":119,"t":"TH570908"}},{"type":"Feature","geometry":{"type":"LineString","coordinates":[[99.92082,20.29783],[99.92191,20.29751]]},"properties":{"c":"tertiary","h":0.55,"k":0.3647,"m":true,"len":119,"t":"TH570908"}},{"type":"Feature","geometry":{"type":"LineString","coordinates":[[99.92191,20.29751],[99.923,20.29719]]},"properties":{"c":"tertiary","h":0.05,"k":0.3646,"m":true,"len":119,"t":"TH570908"}},{"type":"Feature","geometry":{"type":"LineString","coordinates":[[99.923,20.29719],[99.92304,20.29717],[99.92397,20.29704],[99.92413,20.29704]]},"properties":{"c":"tertiary","h":0.05,"k":0.3646,"m":true,"len":119,"t":"TH570908"}},{"type":"Feature","geometry":{"type":"LineString","coordinates":[[99.92413,20.29704],[99.92422,20.29704],[99.92431,20.29769],[99.9243,20.29803]]},"properties":{"c":"tertiary","h":0.5,"k":0.3615,"m":true,"len":119,"t":"TH570908"}},{"type":"Feature","geometry":{"type":"LineString","coordinates":[[99.9243,20.29803],[99.92429,20.29827],[99.92435,20.29842],[99.9247,20.29882],[99.92479,20.29895]]},"properties":{"c":"tertiary","h":0.75,"k":0.3615,"m":true,"len":119,"t":"TH570908"}},{"type":"Feature","geometry":{"type":"LineString","coordinates":[[99.94483,20.29843],[99.94513,20.29833],[99.94546,20.29825],[99.94554,20.2981],[99.94563,20.29783]]},"properties":{"c":"tertiary","h":2.85,"k":0.9158,"m":true,"len":119,"t":"TH570908"}},{"type":"Feature","geometry":{"type":"LineString","coordinates":[[99.94563,20.29783],[99.9457,20.29765],[99.94568,20.29744],[99.94551,20.29715],[99.94529,20.29687]]},"properties":{"c":"tertiary","h":1.25,"k":0.9158,"m":true,"len":119,"t":"TH570908"}},{"type":"Feature","geometry":{"type":"LineString","coordinates":[[99.94493,20.29588],[99.94493,20.29573],[99.94484,20.29503],[99.94483,20.29481]]},"properties":{"c":"tertiary","h":3.35,"k":0.9158,"m":true,"len":119,"t":"TH570908"}},{"type":"Feature","geometry":{"type":"LineString","coordinates":[[99.88808,20.36789],[99.88785,20.36791],[99.88705,20.36802]]},"properties":{"c":"residential","h":1.15,"k":0.35,"m":true,"len":109,"t":"TH570904"}},{"type":"Feature","geometry":{"type":"LineString","coordinates":[[99.88705,20.36802],[99.88679,20.36805],[99.88648,20.36806],[99.88611,20.36806],[99.88602,20.36808]]},"properties":{"c":"residential","h":0.85,"k":0.35,"m":true,"len":109,"t":"TH570904"}},{"type":"Feature","geometry":{"type":"LineString","coordinates":[[99.92626,20.34027],[99.92606,20.34029]]},"properties":{"c":"tertiary","h":0.1,"k":0.5676,"m":true,"len":21,"t":"TH570909"}},{"type":"Feature","geometry":{"type":"LineString","coordinates":[[99.92606,20.34029],[99.92551,20.34059],[99.92507,20.3408]]},"properties":{"c":"tertiary","h":0.4,"k":0.5676,"m":true,"len":118,"t":"TH570904"}},{"type":"Feature","geometry":{"type":"LineString","coordinates":[[99.92507,20.3408],[99.92496,20.34085],[99.92439,20.34105],[99.92402,20.34117]]},"properties":{"c":"tertiary","h":0.05,"k":0.5676,"m":true,"len":118,"t":"TH570904"}},{"type":"Feature","geometry":{"type":"LineString","coordinates":[[99.92402,20.34117],[99.92349,20.34134],[99.92299,20.34159]]},"properties":{"c":"tertiary","h":0.05,"k":0.5676,"m":true,"len":118,"t":"TH570904"}},{"type":"Feature","geometry":{"type":"LineString","coordinates":[[99.92299,20.34159],[99.92199,20.34209]]},"properties":{"c":"tertiary","h":0.05,"k":0.5676,"m":true,"len":118,"t":"TH570904"}},{"type":"Feature","geometry":{"type":"LineString","coordinates":[[99.92199,20.34209],[99.921,20.34259]]},"properties":{"c":"tertiary","h":0.05,"k":0.5676,"m":true,"len":118,"t":"TH570904"}},{"type":"Feature","geometry":{"type":"LineString","coordinates":[[99.921,20.34259],[99.92049,20.34285],[99.92006,20.34315],[99.92005,20.34316]]},"properties":{"c":"tertiary","h":0.1,"k":0.5676,"m":true,"len":118,"t":"TH570904"}},{"type":"Feature","geometry":{"type":"LineString","coordinates":[[99.92005,20.34316],[99.91945,20.34405]]},"properties":{"c":"tertiary","h":0.15,"k":0.5676,"m":true,"len":118,"t":"TH570904"}},{"type":"Feature","geometry":{"type":"LineString","coordinates":[[99.91945,20.34405],[99.91937,20.34417],[99.91869,20.34483]]},"properties":{"c":"tertiary","h":0.2,"k":0.5676,"m":true,"len":118,"t":"TH570904"}},{"type":"Feature","geometry":{"type":"LineString","coordinates":[[99.91869,20.34483],[99.9179,20.3456]]},"properties":{"c":"tertiary","h":0.25,"k":0.5676,"m":true,"len":118,"t":"TH570904"}},{"type":"Feature","geometry":{"type":"LineString","coordinates":[[99.9179,20.3456],[99.91741,20.34607],[99.91718,20.34621],[99.91704,20.34625]]},"properties":{"c":"tertiary","h":1.05,"k":0.5676,"m":true,"len":118,"t":"TH570904"}},{"type":"Feature","geometry":{"type":"LineString","coordinates":[[99.91704,20.34625],[99.91678,20.34634],[99.91616,20.34656],[99.91598,20.34662]]},"properties":{"c":"tertiary","h":1.85,"k":0.5676,"m":true,"len":118,"t":"TH570904"}},{"type":"Feature","geometry":{"type":"LineString","coordinates":[[99.91598,20.34662],[99.91493,20.34699]]},"properties":{"c":"tertiary","h":3.4,"k":0.5676,"m":true,"len":118,"t":"TH570904"}},{"type":"Feature","geometry":{"type":"LineString","coordinates":[[99.91493,20.34699],[99.91387,20.34735]]},"properties":{"c":"tertiary","h":3.55,"k":0.5676,"m":true,"len":118,"t":"TH570904"}},{"type":"Feature","geometry":{"type":"LineString","coordinates":[[99.91016,20.34975],[99.90948,20.35021],[99.90925,20.35037]]},"properties":{"c":"tertiary","h":2.2,"k":0.3997,"m":true,"len":118,"t":"TH570904"}},{"type":"Feature","geometry":{"type":"LineString","coordinates":[[99.90731,20.38603],[99.90723,20.38573]]},"properties":{"c":"unclassified","h":1.1,"k":0.35,"m":true,"len":34,"t":"TH570904"}},{"type":"Feature","geometry":{"type":"LineString","coordinates":[[99.91464,20.4102],[99.91453,20.41008]]},"properties":{"c":"secondary","h":8.05,"k":1.0,"m":true,"len":17,"t":"TH570905"}},{"type":"Feature","geometry":{"type":"LineString","coordinates":[[99.90723,20.38573],[99.90713,20.38532],[99.90701,20.38478]]},"properties":{"c":"unclassified","h":0.55,"k":0.35,"m":true,"len":108,"t":"TH570904"}},{"type":"Feature","geometry":{"type":"LineString","coordinates":[[99.90701,20.38478],[99.90679,20.38382]]},"properties":{"c":"unclassified","h":0.55,"k":0.35,"m":true,"len":108,"t":"TH570904"}},{"type":"Feature","geometry":{"type":"LineString","coordinates":[[99.90679,20.38382],[99.90658,20.38286]]},"properties":{"c":"unclassified","h":3.45,"k":0.3506,"m":true,"len":108,"t":"TH570904"}},{"type":"Feature","geometry":{"type":"LineString","coordinates":[[99.95492,20.36906],[99.95484,20.36894],[99.9547,20.36856],[99.95468,20.36851],[99.95475,20.36813]]},"properties":{"c":"residential","h":4.0,"k":0.6682,"m":true,"len":109,"t":"TH570905"}},{"type":"Feature","geometry":{"type":"LineString","coordinates":[[99.96437,20.35752],[99.96329,20.35725]]},"properties":{"c":"residential","h":1.6,"k":0.6728,"m":true,"len":116,"t":"TH570905"}},{"type":"Feature","geometry":{"type":"LineString","coordinates":[[99.96329,20.35725],[99.96328,20.35725],[99.96243,20.35792]]},"properties":{"c":"residential","h":1.15,"k":0.6728,"m":true,"len":116,"t":"TH570905"}},{"type":"Feature","geometry":{"type":"LineString","coordinates":[[99.96243,20.35792],[99.96204,20.35823],[99.96186,20.35821],[99.96161,20.3579]]},"properties":{"c":"residential","h":0.4,"k":0.6728,"m":true,"len":116,"t":"TH570905"}},{"type":"Feature","geometry":{"type":"LineString","coordinates":[[99.96161,20.3579],[99.96113,20.3573],[99.96095,20.35705]]},"properties":{"c":"residential","h":0.4,"k":0.6728,"m":true,"len":116,"t":"TH570905"}},{"type":"Feature","geometry":{"type":"LineString","coordinates":[[99.96095,20.35705],[99.96051,20.35648],[99.96043,20.35648],[99.9603,20.35646],[99.96019,20.35657]]},"properties":{"c":"residential","h":0.5,"k":0.6728,"m":true,"len":116,"t":"TH570905"}},{"type":"Feature","geometry":{"type":"LineString","coordinates":[[99.96019,20.35657],[99.95943,20.35734]]},"properties":{"c":"residential","h":0.4,"k":0.6728,"m":true,"len":116,"t":"TH570905"}},{"type":"Feature","geometry":{"type":"LineString","coordinates":[[99.95943,20.35734],[99.95916,20.3576],[99.95901,20.35758],[99.95891,20.35748],[99.95864,20.35716]]},"properties":{"c":"residential","h":0.45,"k":0.6728,"m":true,"len":116,"t":"TH570905"}},{"type":"Feature","geometry":{"type":"LineString","coordinates":[[99.95864,20.35716],[99.95819,20.35663],[99.95795,20.35634]]},"properties":{"c":"residential","h":0.8,"k":0.6728,"m":true,"len":116,"t":"TH570905"}},{"type":"Feature","geometry":{"type":"LineString","coordinates":[[99.95795,20.35634],[99.95771,20.35605],[99.95748,20.35591],[99.95737,20.35592],[99.95726,20.35594],[99.95709,20.35609]]},"properties":{"c":"residential","h":1.0,"k":0.671,"m":true,"len":116,"t":"TH570905"}},{"type":"Feature","geometry":{"type":"LineString","coordinates":[[99.95709,20.35609],[99.957,20.35617],[99.95665,20.3566],[99.95631,20.35682]]},"properties":{"c":"residential","h":0.95,"k":0.671,"m":true,"len":116,"t":"TH570905"}},{"type":"Feature","geometry":{"type":"LineString","coordinates":[[99.95631,20.35682],[99.95562,20.35728],[99.95549,20.35751]]},"properties":{"c":"residential","h":2.5,"k":0.671,"m":true,"len":116,"t":"TH570905"}},{"type":"Feature","geometry":{"type":"LineString","coordinates":[[99.95549,20.35751],[99.95549,20.35751],[99.9552,20.35852]]},"properties":{"c":"residential","h":3.5,"k":0.671,"m":true,"len":116,"t":"TH570905"}},{"type":"Feature","geometry":{"type":"LineString","coordinates":[[99.95493,20.35954],[99.95473,20.36008],[99.95466,20.36055],[99.95466,20.36055]]},"properties":{"c":"residential","h":4.0,"k":0.6682,"m":true,"len":116,"t":"TH570905"}},{"type":"Feature","geometry":{"type":"LineString","coordinates":[[99.95165,20.3618],[99.95149,20.36185],[99.9511,20.36196],[99.95102,20.36198],[99.95056,20.36195]]},"properties":{"c":"residential","h":3.5,"k":0.6682,"m":true,"len":116,"t":"TH570905"}},{"type":"Feature","geometry":{"type":"LineString","coordinates":[[99.95475,20.36813],[99.95365,20.36845]]},"properties":{"c":"residential","h":3.45,"k":0.6682,"m":true,"len":120,"t":"TH570905"}},{"type":"Feature","geometry":{"type":"LineString","coordinates":[[99.95365,20.36845],[99.95331,20.36855],[99.95255,20.36874]]},"properties":{"c":"residential","h":3.4,"k":0.6682,"m":true,"len":120,"t":"TH570905"}},{"type":"Feature","geometry":{"type":"LineString","coordinates":[[99.95255,20.36874],[99.95234,20.36879],[99.9523,20.3688],[99.95144,20.369]]},"properties":{"c":"residential","h":3.4,"k":0.6682,"m":true,"len":120,"t":"TH570905"}},{"type":"Feature","geometry":{"type":"LineString","coordinates":[[99.95144,20.369],[99.95122,20.36905],[99.95041,20.36922],[99.95032,20.36924]]},"properties":{"c":"residential","h":3.45,"k":0.6682,"m":true,"len":120,"t":"TH570905"}},{"type":"Feature","geometry":{"type":"LineString","coordinates":[[99.95032,20.36924],[99.95025,20.36925],[99.95019,20.36926],[99.94958,20.36968],[99.94934,20.36978]]},"properties":{"c":"residential","h":3.4,"k":0.6682,"m":true,"len":120,"t":"TH570905"}},{"type":"Feature","geometry":{"type":"LineString","coordinates":[[99.94934,20.36978],[99.94932,20.36978],[99.9482,20.36985]]},"properties":{"c":"residential","h":3.4,"k":0.6682,"m":true,"len":120,"t":"TH570905"}},{"type":"Feature","geometry":{"type":"LineString","coordinates":[[99.9482,20.36985],[99.94786,20.36987],[99.94765,20.36981],[99.94717,20.36949]]},"properties":{"c":"residential","h":3.4,"k":0.6682,"m":true,"len":120,"t":"TH570905"}},{"type":"Feature","geometry":{"type":"LineString","coordinates":[[99.94717,20.36949],[99.94623,20.36887]]},"properties":{"c":"residential","h":3.4,"k":0.6682,"m":true,"len":120,"t":"TH570905"}},{"type":"Feature","geometry":{"type":"LineString","coordinates":[[99.94623,20.36887],[99.94616,20.36883],[99.94544,20.36821],[99.94537,20.36816]]},"properties":{"c":"residential","h":3.5,"k":0.6682,"m":true,"len":120,"t":"TH570905"}},{"type":"Feature","geometry":{"type":"LineString","coordinates":[[99.94537,20.36816],[99.94512,20.36795],[99.94494,20.36793],[99.94435,20.36812],[99.94434,20.36813]]},"properties":{"c":"residential","h":3.3,"k":0.6682,"m":true,"len":120,"t":"TH570905"}},{"type":"Feature","geometry":{"type":"LineString","coordinates":[[99.94434,20.36813],[99.94325,20.36846]]},"properties":{"c":"residential","h":3.15,"k":0.6682,"m":true,"len":120,"t":"TH570905"}},{"type":"Feature","geometry":{"type":"LineString","coordinates":[[99.94325,20.36846],[99.94318,20.36848],[99.94212,20.36866]]},"properties":{"c":"residential","h":2.85,"k":0.6682,"m":true,"len":120,"t":"TH570905"}},{"type":"Feature","geometry":{"type":"LineString","coordinates":[[99.94212,20.36866],[99.94099,20.36886]]},"properties":{"c":"residential","h":3.1,"k":0.6682,"m":true,"len":120,"t":"TH570905"}},{"type":"Feature","geometry":{"type":"LineString","coordinates":[[99.94099,20.36886],[99.94056,20.36893],[99.93986,20.36904]]},"properties":{"c":"residential","h":3.6,"k":0.6682,"m":true,"len":120,"t":"TH570905"}},{"type":"Feature","geometry":{"type":"LineString","coordinates":[[99.93986,20.36904],[99.93873,20.36922]]},"properties":{"c":"residential","h":3.5,"k":0.6682,"m":true,"len":120,"t":"TH570905"}},{"type":"Feature","geometry":{"type":"LineString","coordinates":[[99.93873,20.36922],[99.93786,20.36936],[99.93786,20.36961]]},"properties":{"c":"residential","h":3.6,"k":0.6682,"m":true,"len":120,"t":"TH570905"}},{"type":"Feature","geometry":{"type":"LineString","coordinates":[[99.93786,20.36961],[99.93787,20.37024],[99.93739,20.37021]]},"properties":{"c":"residential","h":4.0,"k":0.6682,"m":true,"len":120,"t":"TH570905"}},{"type":"Feature","geometry":{"type":"LineString","coordinates":[[99.94663,20.29998],[99.94573,20.30003]]},"properties":{"c":"residential","h":0.05,"k":0.9158,"m":true,"len":94,"t":"TH570908"}},{"type":"Feature","geometry":{"type":"LineString","coordinates":[[99.94573,20.30003],[99.94567,20.30003],[99.94557,20.30012],[99.94546,20.3002],[99.94492,20.30035]]},"properties":{"c":"residential","h":0.7,"k":0.9158,"m":true,"len":94,"t":"TH570908"}},{"type":"Feature","geometry":{"type":"LineString","coordinates":[[99.94546,20.29825],[99.94546,20.2983],[99.94546,20.29841],[99.94546,20.29872],[99.94527,20.29913],[99.94524,20.29923]]},"properties":{"c":"residential","h":3.9,"k":0.9158,"m":true,"len":113,"t":"TH570908"}},{"type":"Feature","geometry":{"type":"LineString","coordinates":[[99.94524,20.29923],[99.94521,20.29936],[99.94544,20.29997],[99.94557,20.30012],[99.94561,20.30014]]},"properties":{"c":"residential","h":0.55,"k":0.9158,"m":true,"len":113,"t":"TH570908"}},{"type":"Feature","geometry":{"type":"LineString","coordinates":[[99.94561,20.30014],[99.94562,20.30014],[99.94607,20.30035],[99.94634,20.30049],[99.94649,20.30069],[99.94649,20.3007]]},"properties":{"c":"residential","h":0.05,"k":0.9158,"m":true,"len":113,"t":"TH570908"}},{"type":"Feature","geometry":{"type":"LineString","coordinates":[[99.94649,20.3007],[99.94669,20.30159],[99.94669,20.3017]]},"properties":{"c":"residential","h":0.05,"k":0.9158,"m":true,"len":113,"t":"TH570908"}},{"type":"Feature","geometry":{"type":"LineString","coordinates":[[99.92611,20.27451],[99.92605,20.27454],[99.92531,20.27528]]},"properties":{"c":"unclassified","h":1.1,"k":0.3507,"m":true,"len":120,"t":"TH570902"}},{"type":"Feature","geometry":{"type":"LineString","coordinates":[[99.92531,20.27528],[99.92453,20.27607]]},"properties":{"c":"unclassified","h":0.6,"k":0.3507,"m":true,"len":120,"t":"TH570902"}},{"type":"Feature","geometry":{"type":"LineString","coordinates":[[99.92453,20.27607],[99.92434,20.27626],[99.9237,20.27683]]},"properties":{"c":"unclassified","h":0.45,"k":0.3504,"m":true,"len":120,"t":"TH570902"}},{"type":"Feature","geometry":{"type":"LineString","coordinates":[[99.9237,20.27683],[99.92287,20.27757]]},"properties":{"c":"unclassified","h":0.55,"k":0.3504,"m":true,"len":120,"t":"TH570902"}},{"type":"Feature","geometry":{"type":"LineString","coordinates":[[99.92287,20.27757],[99.92228,20.2781],[99.92201,20.27828]]},"properties":{"c":"unclassified","h":0.95,"k":0.3504,"m":true,"len":120,"t":"TH570902"}},{"type":"Feature","geometry":{"type":"LineString","coordinates":[[99.91876,20.27921],[99.91869,20.2793],[99.91844,20.27959],[99.91791,20.27992]]},"properties":{"c":"unclassified","h":3.2,"k":0.357,"m":true,"len":120,"t":"TH570902"}},{"type":"Feature","geometry":{"type":"LineString","coordinates":[[99.91791,20.27992],[99.91695,20.28052]]},"properties":{"c":"unclassified","h":3.5,"k":0.357,"m":true,"len":120,"t":"TH570902"}},{"type":"Feature","geometry":{"type":"LineString","coordinates":[[99.91695,20.28052],[99.91666,20.2807],[99.91622,20.28133]]},"properties":{"c":"unclassified","h":3.85,"k":0.357,"m":true,"len":120,"t":"TH570902"}},{"type":"Feature","geometry":{"type":"LineString","coordinates":[[99.91622,20.28133],[99.91559,20.28222],[99.91558,20.28222]]},"properties":{"c":"unclassified","h":3.65,"k":0.357,"m":true,"len":120,"t":"TH570902"}},{"type":"Feature","geometry":{"type":"LineString","coordinates":[[99.92645,20.29686],[99.92588,20.29709],[99.92567,20.29713],[99.92536,20.29711]]},"properties":{"c":"unclassified","h":0.15,"k":0.3589,"m":true,"len":119,"t":"TH570908"}},{"type":"Feature","geometry":{"type":"LineString","coordinates":[[99.92536,20.29711],[99.92422,20.29704]]},"properties":{"c":"unclassified","h":0.05,"k":0.3589,"m":true,"len":119,"t":"TH570908"}},{"type":"Feature","geometry":{"type":"LineString","coordinates":[[99.92809,20.30575],[99.92819,20.3057],[99.92841,20.30562],[99.92893,20.30544],[99.92903,20.30541]]},"properties":{"c":"residential","h":3.85,"k":0.3713,"m":true,"len":106,"t":"TH570908"}},{"type":"Feature","geometry":{"type":"LineString","coordinates":[[99.93133,20.31744],[99.93116,20.31658],[99.93113,20.31638]]},"properties":{"c":"unclassified","h":2.85,"k":0.3741,"m":true,"len":120,"t":"TH570908"}},{"type":"Feature","geometry":{"type":"LineString","coordinates":[[99.93113,20.31638],[99.93106,20.31573],[99.93096,20.31531]]},"properties":{"c":"unclassified","h":3.3,"k":0.3741,"m":true,"len":120,"t":"TH570908"}},{"type":"Feature","geometry":{"type":"LineString","coordinates":[[99.93085,20.31425],[99.93071,20.31386],[99.93068,20.3135],[99.93066,20.31319]]},"properties":{"c":"unclassified","h":2.8,"k":0.3725,"m":true,"len":120,"t":"TH570908"}},{"type":"Feature","geometry":{"type":"LineString","coordinates":[[99.93066,20.31319],[99.93065,20.31316],[99.93058,20.31278],[99.93055,20.31247],[99.93051,20.31212]]},"properties":{"c":"unclassified","h":3.55,"k":0.3725,"m":true,"len":120,"t":"TH570908"}},{"type":"Feature","geometry":{"type":"LineString","coordinates":[[99.94546,20.29294],[99.94581,20.29301],[99.94587,20.29302],[99.94598,20.29247]]},"properties":{"c":"residential","h":1.05,"k":0.9158,"m":true,"len":106,"t":"TH570908"}},{"type":"Feature","geometry":{"type":"LineString","coordinates":[[99.838,20.26983],[99.8379,20.27029],[99.83788,20.2704],[99.83778,20.27087]]},"properties":{"c":"secondary","h":null,"k":1.0,"m":true,"len":117,"t":"TH570902","n":"ถนนฤทธิประศาสน์"}},{"type":"Feature","geometry":{"type":"LineString","coordinates":[[99.83778,20.27087],[99.83776,20.27096],[99.8377,20.27125],[99.8378,20.27155],[99.83801,20.27185]]},"properties":{"c":"secondary","h":null,"k":1.0,"m":true,"len":117,"t":"TH570902","n":"ถนนฤทธิประศาสน์"}},{"type":"Feature","geometry":{"type":"LineString","coordinates":[[99.83801,20.27185],[99.83847,20.27255],[99.8386,20.27275]]},"properties":{"c":"secondary","h":null,"k":1.0,"m":true,"len":117,"t":"TH570902","n":"ถนนฤทธิประศาสน์"}},{"type":"Feature","geometry":{"type":"LineString","coordinates":[[99.8386,20.27275],[99.83906,20.27344],[99.83914,20.27354],[99.8392,20.27365]]},"properties":{"c":"secondary","h":null,"k":1.0,"m":true,"len":117,"t":"TH570902","n":"ถนนฤทธิประศาสน์"}},{"type":"Feature","geometry":{"type":"LineString","coordinates":[[99.8392,20.27365],[99.83926,20.27377],[99.83934,20.27396],[99.83943,20.27408],[99.83954,20.27415],[99.83995,20.27432],[99.83998,20.27433]]},"properties":{"c":"secondary","h":null,"k":1.0,"m":true,"len":117,"t":"TH570902","n":"ถนนฤทธิประศาสน์"}},{"type":"Feature","geometry":{"type":"LineString","coordinates":[[99.83998,20.27433],[99.84048,20.27448],[99.84105,20.27466]]},"properties":{"c":"secondary","h":null,"k":1.0,"m":true,"len":117,"t":"TH570902","n":"ถนนฤทธิประศาสน์"}},{"type":"Feature","geometry":{"type":"LineString","coordinates":[[99.84105,20.27466],[99.84182,20.27489],[99.84212,20.27498]]},"properties":{"c":"secondary","h":null,"k":1.0,"m":true,"len":117,"t":"TH570902","n":"ถนนฤทธิประศาสน์"}},{"type":"Feature","geometry":{"type":"LineString","coordinates":[[99.84212,20.27498],[99.84259,20.27514],[99.84265,20.27516],[99.84295,20.27527],[99.84316,20.27537]]},"properties":{"c":"secondary","h":null,"k":1.0,"m":true,"len":117,"t":"TH570902","n":"ถนนฤทธิประศาสน์"}},{"type":"Feature","geometry":{"type":"LineString","coordinates":[[99.84316,20.27537],[99.84323,20.27539],[99.84372,20.27562],[99.84417,20.27584]]},"properties":{"c":"secondary","h":null,"k":1.0,"m":true,"len":117,"t":"TH570902","n":"ถนนฤทธิประศาสน์"}},{"type":"Feature","geometry":{"type":"LineString","coordinates":[[99.84417,20.27584],[99.84437,20.27594],[99.84461,20.27601],[99.84483,20.27598],[99.84522,20.27582]]},"properties":{"c":"secondary","h":null,"k":1.0,"m":true,"len":117,"t":"TH570902","n":"ถนนฤทธิประศาสน์"}},{"type":"Feature","geometry":{"type":"LineString","coordinates":[[99.84522,20.27582],[99.84532,20.27577],[99.84581,20.27556],[99.84611,20.27543],[99.84623,20.27537]]},"properties":{"c":"secondary","h":null,"k":1.0,"m":true,"len":117,"t":"TH570902","n":"ถนนฤทธิประศาสน์"}},{"type":"Feature","geometry":{"type":"LineString","coordinates":[[99.84623,20.27537],[99.84724,20.27489]]},"properties":{"c":"secondary","h":null,"k":1.0,"m":true,"len":117,"t":"TH570902","n":"ถนนฤทธิประศาสน์"}},{"type":"Feature","geometry":{"type":"LineString","coordinates":[[99.84724,20.27489],[99.84752,20.27476],[99.84821,20.27436]]},"properties":{"c":"secondary","h":null,"k":1.0,"m":true,"len":117,"t":"TH570902","n":"ถนนฤทธิประศาสน์"}},{"type":"Feature","geometry":{"type":"LineString","coordinates":[[99.84821,20.27436],[99.84868,20.2741],[99.84919,20.27385]]},"properties":{"c":"secondary","h":null,"k":1.0,"m":true,"len":117,"t":"TH570902","n":"ถนนฤทธิประศาสน์"}},{"type":"Feature","geometry":{"type":"LineString","coordinates":[[99.84919,20.27385],[99.84956,20.27367],[99.85004,20.27349],[99.85019,20.27343],[99.85022,20.27342]]},"properties":{"c":"secondary","h":null,"k":1.0,"m":true,"len":117,"t":"TH570902","n":"ถนนฤทธิประศาสน์"}},{"type":"Feature","geometry":{"type":"LineString","coordinates":[[99.85022,20.27342],[99.85126,20.273]]},"properties":{"c":"secondary","h":null,"k":1.0,"m":true,"len":117,"t":"TH570902","n":"ถนนฤทธิประศาสน์"}},{"type":"Feature","geometry":{"type":"LineString","coordinates":[[99.85126,20.273],[99.85158,20.27287],[99.85228,20.27257]]},"properties":{"c":"secondary","h":null,"k":1.0,"m":true,"len":117,"t":"TH570902","n":"ถนนฤทธิประศาสน์"}},{"type":"Feature","geometry":{"type":"LineString","coordinates":[[99.85228,20.27257],[99.85238,20.27252],[99.8529,20.2723],[99.85332,20.27216]]},"properties":{"c":"secondary","h":null,"k":1.0,"m":true,"len":117,"t":"TH570902","n":"ถนนฤทธิประศาสน์"}},{"type":"Feature","geometry":{"type":"LineString","coordinates":[[99.85332,20.27216],[99.85356,20.27208],[99.85411,20.27201],[99.85442,20.272]]},"properties":{"c":"secondary","h":null,"k":1.0,"m":true,"len":117,"t":"TH570902","n":"ถนนฤทธิประศาสน์"}},{"type":"Feature","geometry":{"type":"LineString","coordinates":[[99.85442,20.272],[99.85554,20.27195]]},"properties":{"c":"secondary","h":null,"k":1.0,"m":true,"len":117,"t":"TH570902","n":"ถนนฤทธิประศาสน์"}},{"type":"Feature","geometry":{"type":"LineString","coordinates":[[99.85554,20.27195],[99.85557,20.27194],[99.85628,20.27188],[99.85665,20.2718]]},"properties":{"c":"secondary","h":null,"k":1.0,"m":true,"len":117,"t":"TH570902","n":"ถนนฤทธิประศาสน์"}},{"type":"Feature","geometry":{"type":"LineString","coordinates":[[99.85665,20.2718],[99.857,20.27172],[99.8574,20.27156],[99.8577,20.27143]]},"properties":{"c":"secondary","h":null,"k":1.0,"m":true,"len":117,"t":"TH570902","n":"ถนนฤทธิประศาสน์"}},{"type":"Feature","geometry":{"type":"LineString","coordinates":[[99.8577,20.27143],[99.85798,20.27132],[99.85872,20.27098]]},"properties":{"c":"secondary","h":null,"k":1.0,"m":true,"len":117,"t":"TH570902","n":"ถนนฤทธิประศาสน์"}},{"type":"Feature","geometry":{"type":"LineString","coordinates":[[99.85872,20.27098],[99.85877,20.27095],[99.85947,20.27067],[99.85962,20.27064],[99.85977,20.27063]]},"properties":{"c":"secondary","h":null,"k":1.0,"m":true,"len":117,"t":"TH570902","n":"ถนนฤทธิประศาสน์"}},{"type":"Feature","geometry":{"type":"LineString","coordinates":[[99.85977,20.27063],[99.85979,20.27063],[99.86089,20.27071]]},"properties":{"c":"secondary","h":null,"k":1.0,"m":true,"len":117,"t":"TH570902","n":"ถนนฤทธิประศาสน์"}},{"type":"Feature","geometry":{"type":"LineString","coordinates":[[99.88085,20.44354],[99.881,20.4434],[99.88108,20.4432],[99.88131,20.4426]]},"properties":{"c":"primary","h":4.35,"k":0.9958,"m":true,"len":115,"t":"TH570901","n":"ถนนพหลโยธิน"}},{"type":"Feature","geometry":{"type":"LineString","coordinates":[[99.88131,20.4426],[99.88144,20.44228],[99.88172,20.44163]]},"properties":{"c":"primary","h":6.6,"k":0.9999,"m":true,"len":115,"t":"TH570901","n":"ถนนพหลโยธิน"}},{"type":"Feature","geometry":{"type":"LineString","coordinates":[[99.88172,20.44163],[99.88196,20.44105],[99.88202,20.44091],[99.88213,20.44067]]},"properties":{"c":"primary","h":6.6,"k":0.9999,"m":true,"len":115,"t":"TH570901","n":"ถนนพหลโยธิน"}},{"type":"Feature","geometry":{"type":"LineString","coordinates":[[99.88213,20.44067],[99.88234,20.44017],[99.88254,20.4397]]},"properties":{"c":"primary","h":6.7,"k":0.9999,"m":true,"len":115,"t":"TH570901","n":"ถนนพหลโยธิน"}},{"type":"Feature","geometry":{"type":"LineString","coordinates":[[99.88254,20.4397],[99.88276,20.43917],[99.8829,20.43883],[99.88295,20.43873]]},"properties":{"c":"primary","h":8.65,"k":0.9999,"m":true,"len":115,"t":"TH570901","n":"ถนนพหลโยธิน"}},{"type":"Feature","geometry":{"type":"LineString","coordinates":[[99.88295,20.43873],[99.88335,20.43776]]},"properties":{"c":"primary","h":null,"k":1.0,"m":true,"len":115,"t":"TH570901","n":"ถนนพหลโยธิน"}},{"type":"Feature","geometry":{"type":"LineString","coordinates":[[99.88335,20.43776],[99.88341,20.4376],[99.88375,20.43679]]},"properties":{"c":"primary","h":null,"k":1.0,"m":true,"len":115,"t":"TH570901","n":"ถนนพหลโยธิน"}},{"type":"Feature","geometry":{"type":"LineString","coordinates":[[99.88375,20.43679],[99.88379,20.43667],[99.88385,20.43652],[99.88389,20.43643],[99.88398,20.43619],[99.884,20.43615],[99.88415,20.43582]]},"properties":{"c":"primary","h":null,"k":1.0,"m":true,"len":115,"t":"TH570901","n":"ถนนพหลโยธิน"}},{"type":"Feature","geometry":{"type":"LineString","coordinates":[[99.88415,20.43582],[99.88456,20.43485]]},"properties":{"c":"primary","h":null,"k":1.0,"m":true,"len":115,"t":"TH570901","n":"ถนนพหลโยธิน"}},{"type":"Feature","geometry":{"type":"LineString","coordinates":[[99.88456,20.43485],[99.88486,20.43416],[99.88495,20.43387]]},"properties":{"c":"primary","h":null,"k":1.0,"m":true,"len":115,"t":"TH570901","n":"ถนนพหลโยธิน"}},{"type":"Feature","geometry":{"type":"LineString","coordinates":[[99.88495,20.43387],[99.88496,20.43386],[99.88502,20.43362],[99.88507,20.43335],[99.88511,20.43308],[99.88513,20.43285]]},"properties":{"c":"primary","h":null,"k":1.0,"m":true,"len":115,"t":"TH570901","n":"ถนนพหลโยธิน"}},{"type":"Feature","geometry":{"type":"LineString","coordinates":[[99.88513,20.43285],[99.88515,20.43267],[99.88516,20.43261],[99.88517,20.43221],[99.88516,20.43181]]},"properties":{"c":"primary","h":null,"k":1.0,"m":true,"len":115,"t":"TH570901","n":"ถนนพหลโยธิน"}},{"type":"Feature","geometry":{"type":"LineString","coordinates":[[99.88516,20.43181],[99.88516,20.43164],[99.88507,20.43077]]},"properties":{"c":"primary","h":null,"k":1.0,"m":true,"len":115,"t":"TH570901","n":"ถนนพหลโยธิน"}},{"type":"Feature","geometry":{"type":"LineString","coordinates":[[99.88507,20.43077],[99.88507,20.43075],[99.88491,20.42974]]},"properties":{"c":"primary","h":null,"k":1.0,"m":true,"len":115,"t":"TH570901","n":"ถนนพหลโยธิน"}},{"type":"Feature","geometry":{"type":"LineString","coordinates":[[99.88491,20.42974],[99.8849,20.42971],[99.88482,20.4293],[99.88479,20.42909],[99.88471,20.42883],[99.88468,20.42872]]},"properties":{"c":"primary","h":null,"k":1.0,"m":true,"len":115,"t":"TH570901","n":"ถนนพหลโยธิน"}},{"type":"Feature","geometry":{"type":"LineString","coordinates":[[99.88468,20.42872],[99.88464,20.42858],[99.88451,20.42824],[99.88435,20.4279],[99.88428,20.42775]]},"properties":{"c":"primary","h":null,"k":1.0,"m":true,"len":115,"t":"TH570901","n":"ถนนพหลโยธิน"}},{"type":"Feature","geometry":{"type":"LineString","coordinates":[[99.88428,20.42775],[99.88415,20.42745],[99.88392,20.42696],[99.88384,20.42679]]},"properties":{"c":"primary","h":null,"k":1.0,"m":true,"len":115,"t":"TH570901","n":"ถนนพหลโยธิน"}},{"type":"Feature","geometry":{"type":"LineString","coordinates":[[99.88384,20.42679],[99.88371,20.42653],[99.88362,20.42633],[99.88351,20.42611],[99.8834,20.42584]]},"properties":{"c":"primary","h":null,"k":1.0,"m":true,"len":115,"t":"TH570901","n":"ถนนพหลโยธิน"}},{"type":"Feature","geometry":{"type":"LineString","coordinates":[[99.8834,20.42584],[99.88303,20.42503],[99.88296,20.42488]]},"properties":{"c":"primary","h":null,"k":1.0,"m":true,"len":115,"t":"TH570901","n":"ถนนพหลโยธิน"}},{"type":"Feature","geometry":{"type":"LineString","coordinates":[[99.88296,20.42488],[99.88282,20.4246],[99.88268,20.42432],[99.88262,20.42398],[99.88262,20.4239]]},"properties":{"c":"primary","h":null,"k":1.0,"m":true,"len":115,"t":"TH570901","n":"ถนนพหลโยธิน"}},{"type":"Feature","geometry":{"type":"LineString","coordinates":[[99.88262,20.4239],[99.88263,20.42361],[99.88285,20.42289]]},"properties":{"c":"primary","h":null,"k":1.0,"m":true,"len":115,"t":"TH570901","n":"ถนนพหลโยธิน"}},{"type":"Feature","geometry":{"type":"LineString","coordinates":[[99.88285,20.42289],[99.88292,20.42267],[99.88308,20.4222],[99.88318,20.4219]]},"properties":{"c":"primary","h":null,"k":1.0,"m":true,"len":115,"t":"TH570901","n":"ถนนพหลโยธิน"}},{"type":"Feature","geometry":{"type":"LineString","coordinates":[[99.88318,20.4219],[99.88323,20.42177],[99.88352,20.4209]]},"properties":{"c":"primary","h":null,"k":1.0,"m":true,"len":115,"t":"TH570901","n":"ถนนพหลโยธิน"}},{"type":"Feature","geometry":{"type":"LineString","coordinates":[[99.88352,20.4209],[99.88374,20.42028],[99.88386,20.41994],[99.88386,20.41991]]},"properties":{"c":"primary","h":null,"k":1.0,"m":true,"len":115,"t":"TH570901","n":"ถนนพหลโยธิน"}},{"type":"Feature","geometry":{"type":"LineString","coordinates":[[99.88386,20.41991],[99.8841,20.41922],[99.88417,20.41903],[99.8842,20.41892]]},"properties":{"c":"primary","h":null,"k":1.0,"m":true,"len":115,"t":"TH570901","n":"ถนนพหลโยธิน"}},{"type":"Feature","geometry":{"type":"LineString","coordinates":[[99.816,20.32574],[99.81612,20.32603],[99.81625,20.32616],[99.81638,20.32627],[99.81662,20.32636],[99.81672,20.32641],[99.81676,20.32646]]},"properties":{"c":"secondary","h":null,"k":1.0,"m":true,"len":119,"t":"TH570902"}},{"type":"Feature","geometry":{"type":"LineString","coordinates":[[99.81676,20.32646],[99.81677,20.32648],[99.81692,20.32682],[99.81705,20.32693],[99.81724,20.327],[99.81751,20.3272]]},"properties":{"c":"secondary","h":null,"k":1.0,"m":true,"len":119,"t":"TH570902"}},{"type":"Feature","geometry":{"type":"LineString","coordinates":[[99.81751,20.3272],[99.81753,20.32721],[99.81793,20.32746],[99.81822,20.32767],[99.81835,20.32771],[99.81846,20.32775],[99.81848,20.32774]]},"properties":{"c":"secondary","h":null,"k":1.0,"m":true,"len":119,"t":"TH570902"}},{"type":"Feature","geometry":{"type":"LineString","coordinates":[[99.81848,20.32774],[99.81865,20.32773],[99.81894,20.32771],[99.81929,20.32774],[99.8195,20.32779],[99.81959,20.32783],[99.8196,20.32782]]},"properties":{"c":"secondary","h":null,"k":1.0,"m":true,"len":119,"t":"TH570902"}},{"type":"Feature","geometry":{"type":"LineString","coordinates":[[99.8196,20.32782],[99.81968,20.32781],[99.81973,20.32777],[99.81984,20.32754],[99.81996,20.32733],[99.8202,20.32717],[99.82037,20.32714]]},"properties":{"c":"secondary","h":null,"k":1.0,"m":true,"len":119,"t":"TH570902"}},{"type":"Feature","geometry":{"type":"LineString","coordinates":[[99.82037,20.32714],[99.82038,20.32714],[99.82058,20.32716],[99.82091,20.32726],[99.82111,20.32731],[99.82127,20.32729],[99.82142,20.32724],[99.82147,20.32722]]},"properties":{"c":"secondary","h":null,"k":1.0,"m":true,"len":119,"t":"TH570902"}},{"type":"Feature","geometry":{"type":"LineString","coordinates":[[99.82147,20.32722],[99.82184,20.32708],[99.82208,20.32703],[99.82228,20.32703],[99.8225,20.32712],[99.82254,20.32715]]},"properties":{"c":"secondary","h":null,"k":1.0,"m":true,"len":119,"t":"TH570902"}},{"type":"Feature","geometry":{"type":"LineString","coordinates":[[99.82254,20.32715],[99.82279,20.32731],[99.82308,20.32747],[99.82335,20.32756],[99.82356,20.32761]]},"properties":{"c":"secondary","h":null,"k":1.0,"m":true,"len":119,"t":"TH570902"}},{"type":"Feature","geometry":{"type":"LineString","coordinates":[[99.82356,20.32761],[99.82367,20.32764],[99.82388,20.32764],[99.82408,20.32757],[99.82431,20.32747],[99.82454,20.32741],[99.8246,20.32739],[99.82463,20.32736]]},"properties":{"c":"secondary","h":null,"k":1.0,"m":true,"len":119,"t":"TH570902"}},{"type":"Feature","geometry":{"type":"LineString","coordinates":[[99.85857,20.26571],[99.85851,20.26574],[99.85843,20.26577],[99.85809,20.26591],[99.85792,20.26598],[99.85782,20.26602]]},"properties":{"c":"secondary","h":null,"k":1.0,"m":true,"len":85,"t":"TH570902","n":"ถนนห้วยไคร้ - ห้วยน้ำริน"}},{"type":"Feature","geometry":{"type":"LineString","coordinates":[[99.85782,20.26602],[99.85747,20.26615],[99.85709,20.26636]]},"properties":{"c":"secondary","h":null,"k":1.0,"m":true,"len":85,"t":"TH570902","n":"ถนนห้วยไคร้ - ห้วยน้ำริน"}},{"type":"Feature","geometry":{"type":"LineString","coordinates":[[99.85709,20.26636],[99.85761,20.26622],[99.85786,20.26611]]},"properties":{"c":"secondary","h":null,"k":1.0,"m":true,"len":85,"t":"TH570902","n":"ถนนห้วยไคร้ - ห้วยน้ำริน"}},{"type":"Feature","geometry":{"type":"LineString","coordinates":[[99.85786,20.26611],[99.85795,20.26608],[99.85822,20.26599],[99.85849,20.26588],[99.85862,20.26582]]},"properties":{"c":"secondary","h":null,"k":1.0,"m":true,"len":85,"t":"TH570902","n":"ถนนห้วยไคร้ - ห้วยน้ำริน"}},{"type":"Feature","geometry":{"type":"LineString","coordinates":[[99.85829,20.26547],[99.85829,20.26561],[99.85825,20.26572],[99.85819,20.2658],[99.85809,20.26591]]},"properties":{"c":"trunk","h":null,"k":1.0,"m":true,"len":55,"t":"TH570902"}},{"type":"Feature","geometry":{"type":"LineString","coordinates":[[99.85822,20.26599],[99.85834,20.266],[99.85845,20.26603],[99.85853,20.26609],[99.85864,20.26618]]},"properties":{"c":"trunk","h":null,"k":1.0,"m":true,"len":50,"t":"TH570902"}},{"type":"Feature","geometry":{"type":"LineString","coordinates":[[99.91328,20.34883],[99.91351,20.34923],[99.9141,20.34896]]},"properties":{"c":"residential","h":3.8,"k":0.3997,"m":true,"len":119,"t":"TH570904"}},{"type":"Feature","geometry":{"type":"LineString","coordinates":[[99.91767,20.35242],[99.91775,20.35239],[99.91851,20.35222],[99.91866,20.35217]]},"properties":{"c":"residential","h":2.45,"k":0.5676,"m":true,"len":107,"t":"TH570904"}},{"type":"Feature","geometry":{"type":"LineString","coordinates":[[99.91866,20.35217],[99.91954,20.35191],[99.91964,20.35191]]},"properties":{"c":"residential","h":1.4,"k":0.5676,"m":true,"len":107,"t":"TH570904"}},{"type":"Feature","geometry":{"type":"LineString","coordinates":[[99.91964,20.35191],[99.91964,20.35191],[99.91973,20.35246],[99.91979,20.35249],[99.91991,20.35247],[99.92013,20.3524]]},"properties":{"c":"residential","h":2.2,"k":0.5676,"m":true,"len":107,"t":"TH570904"}},{"type":"Feature","geometry":{"type":"LineString","coordinates":[[99.92013,20.3524],[99.92111,20.35209]]},"properties":{"c":"residential","h":3.25,"k":0.5676,"m":true,"len":107,"t":"TH570904"}},{"type":"Feature","geometry":{"type":"LineString","coordinates":[[99.92111,20.35209],[99.92164,20.35192],[99.92209,20.35183]]},"properties":{"c":"residential","h":2.8,"k":0.5676,"m":true,"len":107,"t":"TH570904"}},{"type":"Feature","geometry":{"type":"LineString","coordinates":[[99.88563,20.44017],[99.88501,20.44041],[99.88483,20.44049]]},"properties":{"c":"residential","h":1.75,"k":0.9999,"m":true,"len":90,"t":"TH570901"}},{"type":"Feature","geometry":{"type":"LineString","coordinates":[[99.88483,20.44049],[99.88468,20.44055],[99.88453,20.44065],[99.88433,20.44078],[99.88411,20.44093]]},"properties":{"c":"residential","h":2.7,"k":0.9999,"m":true,"len":90,"t":"TH570901"}},{"type":"Feature","geometry":{"type":"LineString","coordinates":[[99.88411,20.44093],[99.8841,20.44093],[99.88379,20.44106],[99.8836,20.44116],[99.88336,20.44133]]},"properties":{"c":"residential","h":3.45,"k":0.9999,"m":true,"len":90,"t":"TH570901"}},{"type":"Feature","geometry":{"type":"LineString","coordinates":[[99.9185,20.44434],[99.91845,20.44434],[99.91837,20.44433],[99.918,20.4443],[99.91782,20.44429]]},"properties":{"c":"residential","h":3.15,"k":0.4946,"m":true,"len":71,"t":"TH570901"}},{"type":"Feature","geometry":{"type":"LineString","coordinates":[[99.91782,20.44429],[99.91774,20.44428],[99.91714,20.44424]]},"properties":{"c":"residential","h":2.0,"k":0.4929,"m":true,"len":71,"t":"TH570901"}},{"type":"Feature","geometry":{"type":"LineString","coordinates":[[99.91697,20.44636],[99.91693,20.44612],[99.91693,20.4461],[99.91695,20.44596],[99.91696,20.44593],[99.91704,20.44578],[99.91716,20.44547]]},"properties":{"c":"residential","h":0.05,"k":0.4931,"m":true,"len":103,"t":"TH570901"}},{"type":"Feature","geometry":{"type":"LineString","coordinates":[[99.91716,20.44547],[99.91716,20.44545],[99.91716,20.44516],[99.91717,20.44499],[99.91713,20.44459],[99.91713,20.44454]]},"properties":{"c":"residential","h":0.2,"k":0.4931,"m":true,"len":103,"t":"TH570901"}},{"type":"Feature","geometry":{"type":"LineString","coordinates":[[99.91713,20.44454],[99.91714,20.44424],[99.91716,20.44414],[99.91715,20.44411],[99.91721,20.44362]]},"properties":{"c":"residential","h":1.85,"k":0.4929,"m":true,"len":103,"t":"TH570901"}},{"type":"Feature","geometry":{"type":"LineString","coordinates":[[99.91721,20.44362],[99.91722,20.44357],[99.91728,20.44291],[99.9173,20.44269]]},"properties":{"c":"residential","h":2.55,"k":0.4929,"m":true,"len":103,"t":"TH570901"}},{"type":"Feature","geometry":{"type":"LineString","coordinates":[[99.91858,20.4437],[99.91775,20.44362],[99.91754,20.4436]]},"properties":{"c":"residential","h":2.55,"k":0.4929,"m":true,"len":109,"t":"TH570901"}},{"type":"Feature","geometry":{"type":"LineString","coordinates":[[99.91754,20.4436],[99.91722,20.44357],[99.91705,20.44355],[99.91675,20.44357],[99.9165,20.44357]]},"properties":{"c":"residential","h":0.2,"k":0.4929,"m":true,"len":109,"t":"TH570901"}},{"type":"Feature","geometry":{"type":"LineString","coordinates":[[99.9165,20.44357],[99.91637,20.44358],[99.91634,20.44359],[99.91633,20.44361],[99.91628,20.44375],[99.91619,20.44398],[99.91619,20.44401],[99.91622,20.44402],[99.91636,20.44404]]},"properties":{"c":"residential","h":0.05,"k":0.4929,"m":true,"len":83,"t":"TH570901"}},{"type":"Feature","geometry":{"type":"LineString","coordinates":[[99.91636,20.44404],[99.91715,20.44411]]},"properties":{"c":"residential","h":0.35,"k":0.4929,"m":true,"len":83,"t":"TH570901"}},{"type":"Feature","geometry":{"type":"LineString","coordinates":[[99.91883,20.44285],[99.91866,20.44288],[99.91817,20.44293],[99.91806,20.44293]]},"properties":{"c":"residential","h":3.5,"k":0.4946,"m":true,"len":81,"t":"TH570901"}},{"type":"Feature","geometry":{"type":"LineString","coordinates":[[99.91806,20.44293],[99.91764,20.44294],[99.91728,20.44291]]},"properties":{"c":"residential","h":2.55,"k":0.4929,"m":true,"len":81,"t":"TH570901"}},{"type":"Feature","geometry":{"type":"LineString","coordinates":[[99.88468,20.37749],[99.88486,20.37751]]},"properties":{"c":"trunk","h":null,"k":1.0,"m":true,"len":19,"t":"TH570904","n":"ถนนเลี่ยงเมืองแม่สาย"}},{"type":"Feature","geometry":{"type":"LineString","coordinates":[[99.88202,20.44091],[99.88188,20.44086]]},"properties":{"c":"primary","h":6.85,"k":0.9999,"m":true,"len":15,"t":"TH570906"}},{"type":"Feature","geometry":{"type":"LineString","coordinates":[[99.88337,20.42616],[99.88343,20.42618],[99.88346,20.42618],[99.88349,20.42616],[99.88351,20.42611]]},"properties":{"c":"primary","h":null,"k":1.0,"m":true,"len":20,"t":"TH570906"}},{"type":"Feature","geometry":{"type":"LineString","coordinates":[[99.88375,20.43638],[99.88389,20.43643]]},"properties":{"c":"primary","h":null,"k":1.0,"m":true,"len":16,"t":"TH570901"}},{"type":"Feature","geometry":{"type":"LineString","coordinates":[[99.88507,20.43075],[99.88488,20.43077]]},"properties":{"c":"trunk","h":null,"k":1.0,"m":true,"len":20,"t":"TH570906"}},{"type":"Feature","geometry":{"type":"LineString","coordinates":[[100.0027,20.36996],[100.00199,20.36993],[100.00173,20.36993]]},"properties":{"c":"secondary","h":0.55,"k":0.7052,"m":true,"len":101,"t":"TH570905"}},{"type":"Feature","geometry":{"type":"LineString","coordinates":[[100.00173,20.36993],[100.00077,20.36993]]},"properties":{"c":"secondary","h":0.45,"k":0.7052,"m":true,"len":101,"t":"TH570905"}},{"type":"Feature","geometry":{"type":"LineString","coordinates":[[100.00077,20.36993],[100.00031,20.36993],[99.9998,20.36995]]},"properties":{"c":"secondary","h":0.5,"k":0.7052,"m":true,"len":101,"t":"TH570905"}},{"type":"Feature","geometry":{"type":"LineString","coordinates":[[99.9998,20.36995],[99.99901,20.36998],[99.99884,20.36998]]},"properties":{"c":"secondary","h":0.95,"k":0.7018,"m":true,"len":101,"t":"TH570905"}},{"type":"Feature","geometry":{"type":"LineString","coordinates":[[99.99884,20.36998],[99.99788,20.36999]]},"properties":{"c":"secondary","h":3.65,"k":0.7018,"m":true,"len":101,"t":"TH570905"}},{"type":"Feature","geometry":{"type":"LineString","coordinates":[[99.99788,20.36999],[99.99725,20.37],[99.99692,20.37005]]},"properties":{"c":"secondary","h":1.4,"k":0.7018,"m":true,"len":101,"t":"TH570905"}},{"type":"Feature","geometry":{"type":"LineString","coordinates":[[99.99692,20.37005],[99.99726,20.37009],[99.99788,20.37008]]},"properties":{"c":"secondary","h":1.4,"k":0.7018,"m":true,"len":101,"t":"TH570905"}},{"type":"Feature","geometry":{"type":"LineString","coordinates":[[99.99788,20.37008],[99.99884,20.37006]]},"properties":{"c":"secondary","h":3.65,"k":0.7018,"m":true,"len":101,"t":"TH570905"}},{"type":"Feature","geometry":{"type":"LineString","coordinates":[[99.99884,20.37006],[99.99981,20.37005]]},"properties":{"c":"secondary","h":1.4,"k":0.7018,"m":true,"len":101,"t":"TH570905"}},{"type":"Feature","geometry":{"type":"LineString","coordinates":[[99.99981,20.37005],[100.00002,20.37004],[100.00029,20.37004],[100.00035,20.37004],[100.00077,20.37004]]},"properties":{"c":"secondary","h":0.85,"k":0.7052,"m":true,"len":101,"t":"TH570905"}},{"type":"Feature","geometry":{"type":"LineString","coordinates":[[100.00077,20.37004],[100.00101,20.37004],[100.00174,20.37004]]},"properties":{"c":"secondary","h":0.75,"k":0.7052,"m":true,"len":101,"t":"TH570905"}},{"type":"Feature","geometry":{"type":"LineString","coordinates":[[100.00174,20.37004],[100.00197,20.37004],[100.0027,20.36996]]},"properties":{"c":"secondary","h":0.75,"k":0.7052,"m":true,"len":101,"t":"TH570905"}},{"type":"Feature","geometry":{"type":"LineString","coordinates":[[100.00046,20.36863],[100.00041,20.3687],[100.00018,20.36915],[99.99999,20.36939],[99.99991,20.36947]]},"properties":{"c":"secondary","h":0.6,"k":0.7018,"m":true,"len":110,"t":"TH570905"}},{"type":"Feature","geometry":{"type":"LineString","coordinates":[[99.99991,20.36947],[99.9997,20.36967],[99.9994,20.36984],[99.99901,20.36998]]},"properties":{"c":"secondary","h":0.25,"k":0.7018,"m":true,"len":110,"t":"TH570905"}},{"type":"Feature","geometry":{"type":"LineString","coordinates":[[99.96548,20.39683],[99.96624,20.39677],[99.96661,20.39673]]},"properties":{"c":"tertiary","h":2.8,"k":1.0,"m":true,"len":119,"t":"TH570903"}},{"type":"Feature","geometry":{"type":"LineString","coordinates":[[99.96661,20.39673],[99.96774,20.39661]]},"properties":{"c":"tertiary","h":1.3,"k":1.0,"m":true,"len":119,"t":"TH570903"}},{"type":"Feature","geometry":{"type":"LineString","coordinates":[[99.96774,20.39661],[99.96838,20.39655],[99.96876,20.3965],[99.96886,20.39648]]},"properties":{"c":"tertiary","h":1.1,"k":1.0,"m":true,"len":119,"t":"TH570903"}},{"type":"Feature","geometry":{"type":"LineString","coordinates":[[99.96886,20.39648],[99.96924,20.39642],[99.96997,20.39626]]},"properties":{"c":"tertiary","h":1.15,"k":1.0,"m":true,"len":119,"t":"TH570903"}},{"type":"Feature","geometry":{"type":"LineString","coordinates":[[99.96997,20.39626],[99.97048,20.39614],[99.97109,20.39604]]},"properties":{"c":"tertiary","h":1.45,"k":1.0,"m":true,"len":119,"t":"TH570903"}},{"type":"Feature","geometry":{"type":"LineString","coordinates":[[99.97109,20.39604],[99.97192,20.3959],[99.97221,20.39587]]},"properties":{"c":"tertiary","h":0.5,"k":1.0,"m":true,"len":119,"t":"TH570903"}},{"type":"Feature","geometry":{"type":"LineString","coordinates":[[99.97221,20.39587],[99.97273,20.39582],[99.97309,20.39573],[99.9733,20.39563]]},"properties":{"c":"tertiary","h":0.1,"k":1.0,"m":true,"len":119,"t":"TH570903"}},{"type":"Feature","geometry":{"type":"LineString","coordinates":[[99.9733,20.39563],[99.97338,20.3956],[99.97427,20.39507]]},"properties":{"c":"tertiary","h":0.85,"k":1.0,"m":true,"len":119,"t":"TH570903"}},{"type":"Feature","geometry":{"type":"LineString","coordinates":[[99.97427,20.39507],[99.97432,20.39504],[99.97504,20.39465],[99.97526,20.39455]]},"properties":{"c":"tertiary","h":0.75,"k":1.0,"m":true,"len":119,"t":"TH570903"}},{"type":"Feature","geometry":{"type":"LineString","coordinates":[[99.97526,20.39455],[99.97559,20.3944],[99.97605,20.3942],[99.97628,20.39407]]},"properties":{"c":"tertiary","h":0.8,"k":1.0,"m":true,"len":119,"t":"TH570903"}},{"type":"Feature","geometry":{"type":"LineString","coordinates":[[99.97628,20.39407],[99.97638,20.39401],[99.9768,20.39376],[99.97715,20.3936],[99.97728,20.39358]]},"properties":{"c":"tertiary","h":0.35,"k":1.0,"m":true,"len":119,"t":"TH570903"}},{"type":"Feature","geometry":{"type":"LineString","coordinates":[[99.97728,20.39358],[99.97821,20.39341],[99.97839,20.39337]]},"properties":{"c":"tertiary","h":0.3,"k":1.0,"m":true,"len":119,"t":"TH570903"}},{"type":"Feature","geometry":{"type":"LineString","coordinates":[[99.97839,20.39337],[99.97903,20.39324],[99.97949,20.39309]]},"properties":{"c":"tertiary","h":0.05,"k":1.0,"m":true,"len":119,"t":"TH570903"}},{"type":"Feature","geometry":{"type":"LineString","coordinates":[[99.97949,20.39309],[99.98056,20.39275]]},"properties":{"c":"tertiary","h":0.65,"k":1.0,"m":true,"len":119,"t":"TH570903"}},{"type":"Feature","geometry":{"type":"LineString","coordinates":[[99.98056,20.39275],[99.98164,20.39241]]},"properties":{"c":"tertiary","h":1.2,"k":1.0,"m":true,"len":119,"t":"TH570903"}},{"type":"Feature","geometry":{"type":"LineString","coordinates":[[99.98164,20.39241],[99.98242,20.39217],[99.98272,20.39207]]},"properties":{"c":"tertiary","h":1.4,"k":1.0,"m":true,"len":119,"t":"TH570903"}},{"type":"Feature","geometry":{"type":"LineString","coordinates":[[99.98272,20.39207],[99.98331,20.39188],[99.98353,20.39179],[99.98377,20.39168]]},"properties":{"c":"tertiary","h":1.5,"k":1.0,"m":true,"len":119,"t":"TH570903"}},{"type":"Feature","geometry":{"type":"LineString","coordinates":[[99.98377,20.39168],[99.98381,20.39166],[99.98476,20.39115]]},"properties":{"c":"tertiary","h":1.0,"k":1.0,"m":true,"len":119,"t":"TH570903"}},{"type":"Feature","geometry":{"type":"LineString","coordinates":[[99.98476,20.39115],[99.98497,20.39103],[99.98527,20.3909],[99.98563,20.3908],[99.98581,20.39076]]},"properties":{"c":"tertiary","h":0.6,"k":1.0,"m":true,"len":119,"t":"TH570903"}},{"type":"Feature","geometry":{"type":"LineString","coordinates":[[99.98581,20.39076],[99.98692,20.39053]]},"properties":{"c":"tertiary","h":0.5,"k":1.0,"m":true,"len":119,"t":"TH570903"}},{"type":"Feature","geometry":{"type":"LineString","coordinates":[[99.98692,20.39053],[99.98802,20.39029]]},"properties":{"c":"tertiary","h":0.55,"k":1.0,"m":true,"len":119,"t":"TH570903"}},{"type":"Feature","geometry":{"type":"LineString","coordinates":[[99.98802,20.39029],[99.98913,20.39006]]},"properties":{"c":"tertiary","h":0.15,"k":1.0,"m":true,"len":119,"t":"TH570903"}},{"type":"Feature","geometry":{"type":"LineString","coordinates":[[99.98913,20.39006],[99.99024,20.38982]]},"properties":{"c":"tertiary","h":0.05,"k":1.0,"m":true,"len":119,"t":"TH570903"}},{"type":"Feature","geometry":{"type":"LineString","coordinates":[[99.99024,20.38982],[99.99135,20.38959]]},"properties":{"c":"tertiary","h":0.05,"k":1.0,"m":true,"len":119,"t":"TH570903"}},{"type":"Feature","geometry":{"type":"LineString","coordinates":[[99.99135,20.38959],[99.9921,20.38943],[99.99233,20.38937],[99.99244,20.38931]]},"properties":{"c":"tertiary","h":0.05,"k":1.0,"m":true,"len":119,"t":"TH570903"}},{"type":"Feature","geometry":{"type":"LineString","coordinates":[[99.99244,20.38931],[99.99283,20.3891],[99.99305,20.38905],[99.99336,20.3889],[99.99347,20.38887]]},"properties":{"c":"tertiary","h":0.6,"k":1.0,"m":true,"len":119,"t":"TH570903"}},{"type":"Feature","geometry":{"type":"LineString","coordinates":[[99.99347,20.38887],[99.99363,20.38882],[99.9939,20.38877],[99.99422,20.38874],[99.99448,20.38873],[99.99459,20.38872]]},"properties":{"c":"tertiary","h":0.5,"k":1.0,"m":true,"len":119,"t":"TH570903"}},{"type":"Feature","geometry":{"type":"LineString","coordinates":[[99.99459,20.38872],[99.99471,20.38871],[99.9957,20.38852]]},"properties":{"c":"tertiary","h":0.25,"k":1.0,"m":true,"len":119,"t":"TH570903"}},{"type":"Feature","geometry":{"type":"LineString","coordinates":[[99.9957,20.38852],[99.99681,20.3883]]},"properties":{"c":"tertiary","h":0.25,"k":1.0,"m":true,"len":119,"t":"TH570903"}},{"type":"Feature","geometry":{"type":"LineString","coordinates":[[99.99681,20.3883],[99.99739,20.38818],[99.99748,20.38819],[99.99759,20.38824],[99.99781,20.38848]]},"properties":{"c":"tertiary","h":0.15,"k":1.0,"m":true,"len":119,"t":"TH570903"}},{"type":"Feature","geometry":{"type":"LineString","coordinates":[[99.99781,20.38848],[99.99791,20.38859],[99.99806,20.38871],[99.99821,20.38877],[99.99836,20.38878],[99.9987,20.38879],[99.99883,20.38881]]},"properties":{"c":"tertiary","h":0.65,"k":1.0,"m":true,"len":119,"t":"TH570903"}},{"type":"Feature","geometry":{"type":"LineString","coordinates":[[99.99883,20.38881],[99.99894,20.38883],[99.99908,20.3889],[99.99934,20.38915],[99.99951,20.38928],[99.9997,20.38934],[99.99977,20.38935]]},"properties":{"c":"tertiary","h":1.35,"k":1.0,"m":true,"len":119,"t":"TH570903"}},{"type":"Feature","geometry":{"type":"LineString","coordinates":[[99.99977,20.38935],[100.00022,20.38941],[100.00035,20.38939],[100.00047,20.38933],[100.00055,20.38924],[100.00069,20.389]]},"properties":{"c":"tertiary","h":1.1,"k":1.0,"m":true,"len":119,"t":"TH570903"}},{"type":"Feature","geometry":{"type":"LineString","coordinates":[[100.00069,20.389],[100.00096,20.38858],[100.00122,20.38826],[100.00131,20.3881]]},"properties":{"c":"tertiary","h":1.25,"k":1.0,"m":true,"len":119,"t":"TH570903"}},{"type":"Feature","geometry":{"type":"LineString","coordinates":[[100.00131,20.3881],[100.00132,20.3881],[100.00138,20.38783],[100.00143,20.38769],[100.00154,20.38752],[100.00166,20.38744],[100.00185,20.38737],[100.00197,20.38737]]},"properties":{"c":"tertiary","h":0.85,"k":1.0,"m":true,"len":119,"t":"TH570903"}},{"type":"Feature","geometry":{"type":"LineString","coordinates":[[100.00197,20.38737],[100.00209,20.38736],[100.00229,20.38742],[100.00241,20.38743],[100.00248,20.38742],[100.00304,20.3872]]},"properties":{"c":"tertiary","h":0.85,"k":1.0,"m":true,"len":119,"t":"TH570903"}},{"type":"Feature","geometry":{"type":"LineString","coordinates":[[99.94864,20.40399],[99.94831,20.40434],[99.94826,20.40438],[99.94782,20.40472]]},"properties":{"c":"residential","h":1.7,"k":1.0,"m":true,"len":118,"t":"TH570905"}},{"type":"Feature","geometry":{"type":"LineString","coordinates":[[99.94782,20.40472],[99.94739,20.40505],[99.94692,20.40538]]},"properties":{"c":"residential","h":1.6,"k":1.0,"m":true,"len":118,"t":"TH570905"}},{"type":"Feature","geometry":{"type":"LineString","coordinates":[[99.94692,20.40538],[99.94685,20.40542],[99.94623,20.40622]]},"properties":{"c":"residential","h":1.15,"k":1.0,"m":true,"len":118,"t":"TH570905"}},{"type":"Feature","geometry":{"type":"LineString","coordinates":[[100.00243,20.37266],[100.00188,20.37265],[100.0018,20.37264],[100.00146,20.37256],[100.00145,20.37256]]},"properties":{"c":"residential","h":2.3,"k":0.7058,"m":true,"len":103,"t":"TH570905"}},{"type":"Feature","geometry":{"type":"LineString","coordinates":[[100.00145,20.37256],[100.00097,20.37248],[100.00047,20.37251]]},"properties":{"c":"residential","h":2.8,"k":0.7058,"m":true,"len":103,"t":"TH570905"}},{"type":"Feature","geometry":{"type":"LineString","coordinates":[[100.00047,20.37251],[99.99991,20.37255],[99.99948,20.37255]]},"properties":{"c":"residential","h":3.7,"k":0.7058,"m":true,"len":103,"t":"TH570905"}},{"type":"Feature","geometry":{"type":"LineString","coordinates":[[99.99662,20.37466],[99.99609,20.37461],[99.99552,20.37438]]},"properties":{"c":"unclassified","h":1.95,"k":1.0,"m":true,"len":120,"t":"TH570905"}},{"type":"Feature","geometry":{"type":"LineString","coordinates":[[99.99552,20.37438],[99.99455,20.374],[99.99446,20.37396]]},"properties":{"c":"unclassified","h":1.45,"k":1.0,"m":true,"len":120,"t":"TH570905"}},{"type":"Feature","geometry":{"type":"LineString","coordinates":[[99.99446,20.37396],[99.9934,20.37354]]},"properties":{"c":"unclassified","h":3.0,"k":1.0,"m":true,"len":120,"t":"TH570905"}},{"type":"Feature","geometry":{"type":"LineString","coordinates":[[99.9934,20.37354],[99.99235,20.37311]]},"properties":{"c":"unclassified","h":2.95,"k":0.7118,"m":true,"len":120,"t":"TH570905"}},{"type":"Feature","geometry":{"type":"LineString","coordinates":[[99.99235,20.37311],[99.992,20.37297],[99.99173,20.37288],[99.99148,20.37283],[99.99125,20.37285]]},"properties":{"c":"unclassified","h":2.9,"k":0.7118,"m":true,"len":120,"t":"TH570905"}},{"type":"Feature","geometry":{"type":"LineString","coordinates":[[99.99125,20.37285],[99.99088,20.37288],[99.99084,20.37287],[99.99011,20.37295]]},"properties":{"c":"unclassified","h":2.7,"k":0.7118,"m":true,"len":120,"t":"TH570905"}},{"type":"Feature","geometry":{"type":"LineString","coordinates":[[99.99011,20.37295],[99.98982,20.37298],[99.98978,20.37297],[99.98898,20.37314]]},"properties":{"c":"unclassified","h":2.7,"k":0.7118,"m":true,"len":120,"t":"TH570905"}},{"type":"Feature","geometry":{"type":"LineString","coordinates":[[99.98898,20.37314],[99.98838,20.37327],[99.98786,20.37336]]},"properties":{"c":"unclassified","h":2.75,"k":0.7118,"m":true,"len":120,"t":"TH570905"}},{"type":"Feature","geometry":{"type":"LineString","coordinates":[[99.98786,20.37336],[99.98761,20.3734],[99.98719,20.3737],[99.98688,20.3739]]},"properties":{"c":"unclassified","h":2.85,"k":0.7118,"m":true,"len":120,"t":"TH570905"}},{"type":"Feature","geometry":{"type":"LineString","coordinates":[[99.98688,20.3739],[99.98685,20.37393],[99.98585,20.37438]]},"properties":{"c":"unclassified","h":3.05,"k":0.7118,"m":true,"len":120,"t":"TH570905"}},{"type":"Feature","geometry":{"type":"LineString","coordinates":[[99.98585,20.37438],[99.98482,20.37485]]},"properties":{"c":"unclassified","h":3.05,"k":0.7118,"m":true,"len":120,"t":"TH570905"}},{"type":"Feature","geometry":{"type":"LineString","coordinates":[[99.98482,20.37485],[99.98378,20.37532]]},"properties":{"c":"unclassified","h":3.3,"k":0.7118,"m":true,"len":120,"t":"TH570905"}},{"type":"Feature","geometry":{"type":"LineString","coordinates":[[99.98378,20.37532],[99.9831,20.37563],[99.98304,20.37566],[99.98298,20.37568],[99.98273,20.37576]]},"properties":{"c":"unclassified","h":3.3,"k":0.7118,"m":true,"len":120,"t":"TH570905"}},{"type":"Feature","geometry":{"type":"LineString","coordinates":[[99.98273,20.37576],[99.98166,20.37614]]},"properties":{"c":"unclassified","h":3.4,"k":0.7118,"m":true,"len":120,"t":"TH570905"}},{"type":"Feature","geometry":{"type":"LineString","coordinates":[[99.98166,20.37614],[99.98135,20.37625],[99.98055,20.37645]]},"properties":{"c":"unclassified","h":3.7,"k":0.7118,"m":true,"len":120,"t":"TH570905"}},{"type":"Feature","geometry":{"type":"LineString","coordinates":[[99.98055,20.37645],[99.97944,20.37672]]},"properties":{"c":"unclassified","h":3.5,"k":0.7118,"m":true,"len":120,"t":"TH570905"}},{"type":"Feature","geometry":{"type":"LineString","coordinates":[[99.97944,20.37672],[99.97921,20.37677],[99.97861,20.37685],[99.97831,20.37687]]},"properties":{"c":"unclassified","h":3.7,"k":0.7118,"m":true,"len":120,"t":"TH570905"}},{"type":"Feature","geometry":{"type":"LineString","coordinates":[[99.95671,20.38754],[99.95568,20.38804]]},"properties":{"c":"unclassified","h":3.35,"k":1.0,"m":true,"len":120,"t":"TH570905"}},{"type":"Feature","geometry":{"type":"LineString","coordinates":[[99.94641,20.39233],[99.94619,20.39247],[99.94558,20.39289],[99.94547,20.39296]]},"properties":{"c":"unclassified","h":0.65,"k":1.0,"m":true,"len":120,"t":"TH570905"}},{"type":"Feature","geometry":{"type":"LineString","coordinates":[[99.94547,20.39296],[99.94511,20.39319],[99.94474,20.39331],[99.94442,20.39336]]},"properties":{"c":"unclassified","h":0.7,"k":1.0,"m":true,"len":120,"t":"TH570905"}},{"type":"Feature","geometry":{"type":"LineString","coordinates":[[99.94442,20.39336],[99.94329,20.39351]]},"properties":{"c":"unclassified","h":0.8,"k":1.0,"m":true,"len":120,"t":"TH570905"}},{"type":"Feature","geometry":{"type":"LineString","coordinates":[[99.94329,20.39351],[99.94261,20.3936],[99.94229,20.39355],[99.94217,20.39349]]},"properties":{"c":"unclassified","h":1.6,"k":1.0,"m":true,"len":120,"t":"TH570905"}},{"type":"Feature","geometry":{"type":"LineString","coordinates":[[99.94217,20.39349],[99.94203,20.39341],[99.94132,20.39276]]},"properties":{"c":"unclassified","h":1.5,"k":1.0,"m":true,"len":120,"t":"TH570905"}},{"type":"Feature","geometry":{"type":"LineString","coordinates":[[99.94132,20.39276],[99.941,20.39248],[99.94073,20.39216],[99.94075,20.39208],[99.94085,20.39192]]},"properties":{"c":"unclassified","h":2.05,"k":1.0,"m":true,"len":120,"t":"TH570905"}},{"type":"Feature","geometry":{"type":"LineString","coordinates":[[99.95794,20.40422],[99.95793,20.40423],[99.9571,20.40487]]},"properties":{"c":"residential","h":2.3,"k":1.0,"m":true,"len":114,"t":"TH570903"}},{"type":"Feature","geometry":{"type":"LineString","coordinates":[[99.9571,20.40487],[99.95676,20.40513],[99.95641,20.4054],[99.95626,20.40552]]},"properties":{"c":"residential","h":2.5,"k":1.0,"m":true,"len":114,"t":"TH570903"}},{"type":"Feature","geometry":{"type":"LineString","coordinates":[[99.95626,20.40552],[99.95561,20.40603],[99.95553,20.40609],[99.95541,20.40617]]},"properties":{"c":"residential","h":3.65,"k":1.0,"m":true,"len":114,"t":"TH570903"}},{"type":"Feature","geometry":{"type":"LineString","coordinates":[[99.95269,20.40933],[99.95265,20.4094],[99.95255,20.40991],[99.95246,20.41033]]},"properties":{"c":"residential","h":0.95,"k":1.0,"m":true,"len":114,"t":"TH570903"}},{"type":"Feature","geometry":{"type":"LineString","coordinates":[[100.00146,20.39539],[100.00138,20.39525],[100.00118,20.39519],[100.00073,20.39527]]},"properties":{"c":"unclassified","h":3.65,"k":1.0,"m":true,"len":87,"t":"TH570903"}},{"type":"Feature","geometry":{"type":"LineString","coordinates":[[99.92765,20.39899],[99.92825,20.39979]]},"properties":{"c":"residential","h":2.65,"k":1.0,"m":true,"len":108,"t":"TH570905"}},{"type":"Feature","geometry":{"type":"LineString","coordinates":[[99.92825,20.39979],[99.92884,20.40059]]},"properties":{"c":"residential","h":2.6,"k":1.0,"m":true,"len":108,"t":"TH570905"}},{"type":"Feature","geometry":{"type":"LineString","coordinates":[[99.92884,20.40059],[99.92944,20.40139]]},"properties":{"c":"residential","h":2.95,"k":1.0,"m":true,"len":108,"t":"TH570905"}},{"type":"Feature","geometry":{"type":"LineString","coordinates":[[99.92944,20.40139],[99.92992,20.40203],[99.93004,20.40218]]},"properties":{"c":"residential","h":3.45,"k":1.0,"m":true,"len":108,"t":"TH570905"}},{"type":"Feature","geometry":{"type":"LineString","coordinates":[[99.93065,20.40297],[99.93126,20.40376]]},"properties":{"c":"residential","h":3.15,"k":1.0,"m":true,"len":108,"t":"TH570905"}},{"type":"Feature","geometry":{"type":"LineString","coordinates":[[99.93126,20.40376],[99.93132,20.40385],[99.93179,20.40447],[99.93186,20.40456]]},"properties":{"c":"residential","h":3.15,"k":1.0,"m":true,"len":108,"t":"TH570905"}},{"type":"Feature","geometry":{"type":"LineString","coordinates":[[99.92942,20.40333],[99.93008,20.40288],[99.9302,20.40281]]},"properties":{"c":"residential","h":3.2,"k":1.0,"m":true,"len":100,"t":"TH570901"}},{"type":"Feature","geometry":{"type":"LineString","coordinates":[[99.9302,20.40281],[99.93044,20.40269],[99.93099,20.4023]]},"properties":{"c":"residential","h":2.8,"k":1.0,"m":true,"len":100,"t":"TH570901"}},{"type":"Feature","geometry":{"type":"LineString","coordinates":[[99.93099,20.4023],[99.93175,20.40175]]},"properties":{"c":"residential","h":2.3,"k":1.0,"m":true,"len":100,"t":"TH570901"}},{"type":"Feature","geometry":{"type":"LineString","coordinates":[[99.99833,20.3717],[99.99849,20.37256],[99.9985,20.37259],[99.99853,20.37272]]},"properties":{"c":"residential","h":3.95,"k":0.7018,"m":true,"len":114,"t":"TH570905"}},{"type":"Feature","geometry":{"type":"LineString","coordinates":[[99.99853,20.37272],[99.99858,20.37298],[99.99851,20.37301],[99.99813,20.3732],[99.99812,20.37344],[99.99812,20.37348]]},"properties":{"c":"residential","h":3.65,"k":1.0,"m":true,"len":114,"t":"TH570905"}},{"type":"Feature","geometry":{"type":"LineString","coordinates":[[99.99812,20.37348],[99.99812,20.37451]]},"properties":{"c":"residential","h":3.3,"k":1.0,"m":true,"len":114,"t":"TH570905"}},{"type":"Feature","geometry":{"type":"LineString","coordinates":[[100.00098,20.37173],[100.00097,20.37248],[100.00097,20.37264]]},"properties":{"c":"residential","h":3.2,"k":0.7058,"m":true,"len":100,"t":"TH570905"}},{"type":"Feature","geometry":{"type":"LineString","coordinates":[[100.00097,20.37264],[100.00092,20.37354]]},"properties":{"c":"residential","h":3.25,"k":0.7058,"m":true,"len":100,"t":"TH570905"}},{"type":"Feature","geometry":{"type":"LineString","coordinates":[[99.95443,20.40433],[99.95405,20.40398],[99.95375,20.40355]]},"properties":{"c":"residential","h":3.2,"k":1.0,"m":true,"len":113,"t":"TH570903"}},{"type":"Feature","geometry":{"type":"LineString","coordinates":[[99.95375,20.40355],[99.95374,20.40353],[99.95326,20.40264],[99.95326,20.40264]]},"properties":{"c":"residential","h":2.5,"k":1.0,"m":true,"len":113,"t":"TH570903"}},{"type":"Feature","geometry":{"type":"LineString","coordinates":[[99.95326,20.40264],[99.95282,20.4017]]},"properties":{"c":"residential","h":3.1,"k":1.0,"m":true,"len":113,"t":"TH570903"}},{"type":"Feature","geometry":{"type":"LineString","coordinates":[[99.95282,20.4017],[99.9527,20.40145],[99.95253,20.40118],[99.95218,20.40091]]},"properties":{"c":"residential","h":3.95,"k":1.0,"m":true,"len":113,"t":"TH570903"}},{"type":"Feature","geometry":{"type":"LineString","coordinates":[[99.92888,20.40269],[99.92965,20.4022]]},"properties":{"c":"residential","h":2.7,"k":1.0,"m":true,"len":96,"t":"TH570905"}},{"type":"Feature","geometry":{"type":"LineString","coordinates":[[99.92965,20.4022],[99.92992,20.40203],[99.93032,20.40175],[99.93033,20.40174],[99.93039,20.40169]]},"properties":{"c":"residential","h":2.65,"k":1.0,"m":true,"len":96,"t":"TH570905"}},{"type":"Feature","geometry":{"type":"LineString","coordinates":[[99.93005,20.40472],[99.93094,20.40411]]},"properties":{"c":"residential","h":3.25,"k":1.0,"m":true,"len":115,"t":"TH570905"}},{"type":"Feature","geometry":{"type":"LineString","coordinates":[[99.93094,20.40411],[99.93132,20.40385],[99.93183,20.40348]]},"properties":{"c":"residential","h":3.1,"k":1.0,"m":true,"len":115,"t":"TH570905"}},{"type":"Feature","geometry":{"type":"LineString","coordinates":[[99.93183,20.40348],[99.93215,20.40325],[99.93188,20.40289],[99.93175,20.40271]]},"properties":{"c":"residential","h":3.15,"k":1.0,"m":true,"len":115,"t":"TH570905"}},{"type":"Feature","geometry":{"type":"LineString","coordinates":[[99.94777,20.39157],[99.94779,20.39184],[99.94782,20.39256],[99.94782,20.39257]]},"properties":{"c":"unclassified","h":1.05,"k":1.0,"m":true,"len":111,"t":"TH570905"}},{"type":"Feature","geometry":{"type":"LineString","coordinates":[[99.94782,20.39257],[99.94789,20.39327],[99.94794,20.39357]]},"properties":{"c":"unclassified","h":0.8,"k":1.0,"m":true,"len":111,"t":"TH570905"}},{"type":"Feature","geometry":{"type":"LineString","coordinates":[[99.94794,20.39357],[99.94801,20.39398],[99.94805,20.39434],[99.94806,20.39456]]},"properties":{"c":"unclassified","h":0.2,"k":1.0,"m":true,"len":111,"t":"TH570905"}},{"type":"Feature","geometry":{"type":"LineString","coordinates":[[99.94806,20.39456],[99.94807,20.39477],[99.94809,20.39529],[99.9481,20.39557]]},"properties":{"c":"unclassified","h":0.05,"k":1.0,"m":true,"len":111,"t":"TH570905"}},{"type":"Feature","geometry":{"type":"LineString","coordinates":[[99.9481,20.39557],[99.94812,20.39657]]},"properties":{"c":"unclassified","h":0.2,"k":1.0,"m":true,"len":111,"t":"TH570905"}},{"type":"Feature","geometry":{"type":"LineString","coordinates":[[99.94812,20.39657],[99.94814,20.39751],[99.94814,20.39757]]},"properties":{"c":"unclassified","h":0.3,"k":1.0,"m":true,"len":111,"t":"TH570905"}},{"type":"Feature","geometry":{"type":"LineString","coordinates":[[99.94814,20.39757],[99.94815,20.39855],[99.94816,20.39857]]},"properties":{"c":"unclassified","h":0.4,"k":1.0,"m":true,"len":111,"t":"TH570905"}},{"type":"Feature","geometry":{"type":"LineString","coordinates":[[99.94816,20.39857],[99.94816,20.39858],[99.94818,20.39958]]},"properties":{"c":"unclassified","h":0.45,"k":1.0,"m":true,"len":111,"t":"TH570905"}},{"type":"Feature","geometry":{"type":"LineString","coordinates":[[99.94818,20.39958],[99.9482,20.40058]]},"properties":{"c":"unclassified","h":0.3,"k":1.0,"m":true,"len":111,"t":"TH570905"}},{"type":"Feature","geometry":{"type":"LineString","coordinates":[[99.9482,20.40058],[99.94821,20.4008],[99.94841,20.40103],[99.94873,20.4014]]},"properties":{"c":"unclassified","h":1.45,"k":1.0,"m":true,"len":111,"t":"TH570905"}},{"type":"Feature","geometry":{"type":"LineString","coordinates":[[99.94873,20.4014],[99.94904,20.40176],[99.94951,20.40207]]},"properties":{"c":"unclassified","h":3.2,"k":1.0,"m":true,"len":111,"t":"TH570905"}},{"type":"Feature","geometry":{"type":"LineString","coordinates":[[99.94951,20.40207],[99.9503,20.40258],[99.95039,20.40264]]},"properties":{"c":"unclassified","h":3.65,"k":1.0,"m":true,"len":111,"t":"TH570905"}},{"type":"Feature","geometry":{"type":"LineString","coordinates":[[99.93044,20.4054],[99.93111,20.40494]]},"properties":{"c":"residential","h":3.0,"k":1.0,"m":true,"len":87,"t":"TH570901"}},{"type":"Feature","geometry":{"type":"LineString","coordinates":[[99.93111,20.40494],[99.93179,20.40447]]},"properties":{"c":"residential","h":3.0,"k":1.0,"m":true,"len":87,"t":"TH570901"}},{"type":"Feature","geometry":{"type":"LineString","coordinates":[[99.93164,20.40307],[99.93188,20.40289],[99.93222,20.40264]]},"properties":{"c":"residential","h":3.45,"k":1.0,"m":true,"len":76,"t":"TH570905"}},{"type":"Feature","geometry":{"type":"LineString","coordinates":[[99.93222,20.40264],[99.93246,20.40247],[99.93221,20.40214]]},"properties":{"c":"residential","h":2.8,"k":1.0,"m":true,"len":76,"t":"TH570905"}},{"type":"Feature","geometry":{"type":"LineString","coordinates":[[99.9306,20.43624],[99.93086,20.43519]]},"properties":{"c":"tertiary","h":1.9,"k":1.0,"m":true,"len":120,"t":"TH570905"}},{"type":"Feature","geometry":{"type":"LineString","coordinates":[[99.93086,20.43519],[99.93107,20.43431],[99.93109,20.43413]]},"properties":{"c":"tertiary","h":1.5,"k":1.0,"m":true,"len":120,"t":"TH570905"}},{"type":"Feature","geometry":{"type":"LineString","coordinates":[[99.93109,20.43413],[99.9311,20.43403],[99.93111,20.43304]]},"properties":{"c":"tertiary","h":2.05,"k":1.0,"m":true,"len":120,"t":"TH570905"}},{"type":"Feature","geometry":{"type":"LineString","coordinates":[[99.93111,20.43304],[99.93111,20.43196]]},"properties":{"c":"tertiary","h":1.8,"k":1.0,"m":true,"len":120,"t":"TH570905"}},{"type":"Feature","geometry":{"type":"LineString","coordinates":[[99.93111,20.43196],[99.93112,20.43088]]},"properties":{"c":"tertiary","h":1.05,"k":1.0,"m":true,"len":120,"t":"TH570905"}},{"type":"Feature","geometry":{"type":"LineString","coordinates":[[99.93112,20.43088],[99.93113,20.43004],[99.93111,20.42979]]},"properties":{"c":"tertiary","h":0.8,"k":1.0,"m":true,"len":120,"t":"TH570905"}},{"type":"Feature","geometry":{"type":"LineString","coordinates":[[99.93081,20.42876],[99.9308,20.4287],[99.93102,20.42769]]},"properties":{"c":"tertiary","h":1.15,"k":1.0,"m":true,"len":120,"t":"TH570905"}},{"type":"Feature","geometry":{"type":"LineString","coordinates":[[99.93102,20.42769],[99.93113,20.42719],[99.93121,20.42696],[99.93136,20.42669],[99.93138,20.42667]]},"properties":{"c":"tertiary","h":1.4,"k":1.0,"m":true,"len":120,"t":"TH570905"}},{"type":"Feature","geometry":{"type":"LineString","coordinates":[[99.93217,20.42588],[99.93296,20.4251]]},"properties":{"c":"tertiary","h":1.95,"k":1.0,"m":true,"len":120,"t":"TH570905"}},{"type":"Feature","geometry":{"type":"LineString","coordinates":[[99.93296,20.4251],[99.93375,20.42431]]},"properties":{"c":"tertiary","h":2.75,"k":1.0,"m":true,"len":120,"t":"TH570905"}},{"type":"Feature","geometry":{"type":"LineString","coordinates":[[99.93527,20.42269],[99.93546,20.4223],[99.93566,20.42192],[99.93582,20.42175]]},"properties":{"c":"tertiary","h":3.65,"k":1.0,"m":true,"len":120,"t":"TH570905"}},{"type":"Feature","geometry":{"type":"LineString","coordinates":[[99.93582,20.42175],[99.93658,20.42094]]},"properties":{"c":"tertiary","h":3.6,"k":1.0,"m":true,"len":120,"t":"TH570905"}},{"type":"Feature","geometry":{"type":"LineString","coordinates":[[99.93658,20.42094],[99.93734,20.42012]]},"properties":{"c":"tertiary","h":3.5,"k":1.0,"m":true,"len":120,"t":"TH570905"}},{"type":"Feature","geometry":{"type":"LineString","coordinates":[[99.93734,20.42012],[99.9381,20.41931]]},"properties":{"c":"tertiary","h":3.35,"k":1.0,"m":true,"len":120,"t":"TH570905"}},{"type":"Feature","geometry":{"type":"LineString","coordinates":[[99.9381,20.41931],[99.93887,20.4185]]},"properties":{"c":"tertiary","h":3.35,"k":1.0,"m":true,"len":120,"t":"TH570905"}},{"type":"Feature","geometry":{"type":"LineString","coordinates":[[99.93887,20.4185],[99.93963,20.41769]]},"properties":{"c":"tertiary","h":2.8,"k":1.0,"m":true,"len":120,"t":"TH570905"}},{"type":"Feature","geometry":{"type":"LineString","coordinates":[[99.93963,20.41769],[99.93967,20.41764],[99.9404,20.41688]]},"properties":{"c":"tertiary","h":2.65,"k":1.0,"m":true,"len":120,"t":"TH570905"}},{"type":"Feature","geometry":{"type":"LineString","coordinates":[[99.9404,20.41688],[99.94117,20.41608]]},"properties":{"c":"tertiary","h":2.35,"k":1.0,"m":true,"len":120,"t":"TH570905"}},{"type":"Feature","geometry":{"type":"LineString","coordinates":[[99.94117,20.41608],[99.94193,20.41527]]},"properties":{"c":"tertiary","h":2.25,"k":1.0,"m":true,"len":120,"t":"TH570905"}},{"type":"Feature","geometry":{"type":"LineString","coordinates":[[99.94193,20.41527],[99.9427,20.41446]]},"properties":{"c":"tertiary","h":2.2,"k":1.0,"m":true,"len":120,"t":"TH570905"}},{"type":"Feature","geometry":{"type":"LineString","coordinates":[[99.9427,20.41446],[99.94289,20.41427],[99.94353,20.41371]]},"properties":{"c":"tertiary","h":2.35,"k":1.0,"m":true,"len":120,"t":"TH570905"}},{"type":"Feature","geometry":{"type":"LineString","coordinates":[[99.94353,20.41371],[99.94388,20.4134],[99.94434,20.41294]]},"properties":{"c":"tertiary","h":2.85,"k":1.0,"m":true,"len":120,"t":"TH570905"}},{"type":"Feature","geometry":{"type":"LineString","coordinates":[[99.94513,20.41215],[99.94588,20.41133]]},"properties":{"c":"tertiary","h":3.6,"k":1.0,"m":true,"len":120,"t":"TH570905"}},{"type":"Feature","geometry":{"type":"LineString","coordinates":[[99.94894,20.40809],[99.94905,20.40798],[99.94975,20.40733]]},"properties":{"c":"tertiary","h":3.95,"k":1.0,"m":true,"len":120,"t":"TH570905"}},{"type":"Feature","geometry":{"type":"LineString","coordinates":[[99.94975,20.40733],[99.95057,20.40657]]},"properties":{"c":"tertiary","h":3.45,"k":1.0,"m":true,"len":120,"t":"TH570905"}},{"type":"Feature","geometry":{"type":"LineString","coordinates":[[99.95057,20.40657],[99.95087,20.4063],[99.95138,20.4058]]},"properties":{"c":"tertiary","h":3.25,"k":1.0,"m":true,"len":120,"t":"TH570905"}},{"type":"Feature","geometry":{"type":"LineString","coordinates":[[99.95138,20.4058],[99.95219,20.40503]]},"properties":{"c":"tertiary","h":3.25,"k":1.0,"m":true,"len":120,"t":"TH570905"}},{"type":"Feature","geometry":{"type":"LineString","coordinates":[[99.95219,20.40503],[99.95299,20.40425]]},"properties":{"c":"tertiary","h":3.0,"k":1.0,"m":true,"len":120,"t":"TH570905"}},{"type":"Feature","geometry":{"type":"LineString","coordinates":[[99.95299,20.40425],[99.95374,20.40353],[99.9538,20.40348]]},"properties":{"c":"tertiary","h":3.15,"k":1.0,"m":true,"len":120,"t":"TH570905"}},{"type":"Feature","geometry":{"type":"LineString","coordinates":[[99.9538,20.40348],[99.95466,20.40277]]},"properties":{"c":"tertiary","h":2.85,"k":1.0,"m":true,"len":120,"t":"TH570905"}},{"type":"Feature","geometry":{"type":"LineString","coordinates":[[99.95466,20.40277],[99.9551,20.40241],[99.9554,20.40215],[99.95549,20.40202]]},"properties":{"c":"tertiary","h":2.25,"k":1.0,"m":true,"len":120,"t":"TH570905"}},{"type":"Feature","geometry":{"type":"LineString","coordinates":[[99.95549,20.40202],[99.95616,20.40113]]},"properties":{"c":"tertiary","h":2.25,"k":1.0,"m":true,"len":120,"t":"TH570905"}},{"type":"Feature","geometry":{"type":"LineString","coordinates":[[99.95616,20.40113],[99.95626,20.40099],[99.95668,20.40064],[99.957,20.40041]]},"properties":{"c":"tertiary","h":2.4,"k":1.0,"m":true,"len":120,"t":"TH570905"}},{"type":"Feature","geometry":{"type":"LineString","coordinates":[[99.957,20.40041],[99.95792,20.39975]]},"properties":{"c":"tertiary","h":2.45,"k":1.0,"m":true,"len":120,"t":"TH570905"}},{"type":"Feature","geometry":{"type":"LineString","coordinates":[[99.95792,20.39975],[99.95793,20.39974],[99.95833,20.39943],[99.95887,20.39916]]},"properties":{"c":"tertiary","h":2.45,"k":1.0,"m":true,"len":120,"t":"TH570905"}},{"type":"Feature","geometry":{"type":"LineString","coordinates":[[99.95887,20.39916],[99.95989,20.39865]]},"properties":{"c":"tertiary","h":2.0,"k":1.0,"m":true,"len":120,"t":"TH570905"}},{"type":"Feature","geometry":{"type":"LineString","coordinates":[[99.95989,20.39865],[99.96008,20.39855],[99.96093,20.3982]]},"properties":{"c":"tertiary","h":1.65,"k":1.0,"m":true,"len":120,"t":"TH570905"}},{"type":"Feature","geometry":{"type":"LineString","coordinates":[[99.99665,20.37005],[99.99698,20.37019],[99.99747,20.37029],[99.99755,20.37039]]},"properties":{"c":"residential","h":1.45,"k":0.7018,"m":true,"len":104,"t":"TH570905"}},{"type":"Feature","geometry":{"type":"LineString","coordinates":[[99.99755,20.37039],[99.99778,20.37067],[99.99782,20.37078],[99.99799,20.37122]]},"properties":{"c":"residential","h":3.8,"k":0.7018,"m":true,"len":104,"t":"TH570905"}},{"type":"Feature","geometry":{"type":"LineString","coordinates":[[99.99799,20.37122],[99.99804,20.37135],[99.99817,20.37163],[99.99828,20.37169],[99.99833,20.3717],[99.99868,20.3717]]},"properties":{"c":"residential","h":3.8,"k":0.7018,"m":true,"len":104,"t":"TH570905"}},{"type":"Feature","geometry":{"type":"LineString","coordinates":[[99.99868,20.3717],[99.99899,20.3717],[99.99967,20.37172]]},"properties":{"c":"residential","h":3.7,"k":0.7018,"m":true,"len":104,"t":"TH570905"}},{"type":"Feature","geometry":{"type":"LineString","coordinates":[[100.00067,20.37173],[100.00098,20.37173],[100.00167,20.37172]]},"properties":{"c":"residential","h":2.85,"k":0.7058,"m":true,"len":104,"t":"TH570905"}},{"type":"Feature","geometry":{"type":"LineString","coordinates":[[100.00167,20.37172],[100.00267,20.3717]]},"properties":{"c":"residential","h":2.0,"k":0.7058,"m":true,"len":104,"t":"TH570905"}},{"type":"Feature","geometry":{"type":"LineString","coordinates":[[100.00939,20.3906],[100.00924,20.39068],[100.00844,20.39112],[100.00844,20.39113]]},"properties":{"c":"residential","h":3.5,"k":1.0,"m":true,"len":116,"t":"TH570903"}},{"type":"Feature","geometry":{"type":"LineString","coordinates":[[100.00844,20.39113],[100.00789,20.39139],[100.00784,20.39141],[100.00781,20.39158],[100.00757,20.39167]]},"properties":{"c":"residential","h":3.5,"k":1.0,"m":true,"len":116,"t":"TH570903"}},{"type":"Feature","geometry":{"type":"LineString","coordinates":[[99.96129,20.39897],[99.96093,20.3982]]},"properties":{"c":"residential","h":1.85,"k":1.0,"m":true,"len":92,"t":"TH570903"}},{"type":"Feature","geometry":{"type":"LineString","coordinates":[[99.95121,20.40192],[99.95182,20.40137],[99.95199,20.40116]]},"properties":{"c":"unclassified","h":3.55,"k":1.0,"m":true,"len":117,"t":"TH570905"}},{"type":"Feature","geometry":{"type":"LineString","coordinates":[[99.95199,20.40116],[99.95218,20.40091],[99.95252,20.40047],[99.95269,20.40035]]},"properties":{"c":"unclassified","h":3.45,"k":1.0,"m":true,"len":117,"t":"TH570905"}},{"type":"Feature","geometry":{"type":"LineString","coordinates":[[99.95359,20.39972],[99.95416,20.39936],[99.95451,20.39911]]},"properties":{"c":"unclassified","h":3.6,"k":1.0,"m":true,"len":117,"t":"TH570905"}},{"type":"Feature","geometry":{"type":"LineString","coordinates":[[99.95731,20.39745],[99.95759,20.39717],[99.95782,20.39689],[99.95808,20.3967]]},"properties":{"c":"unclassified","h":4.0,"k":1.0,"m":true,"len":117,"t":"TH570905"}},{"type":"Feature","geometry":{"type":"LineString","coordinates":[[99.95808,20.3967],[99.95818,20.39663],[99.95842,20.3965],[99.95883,20.39629],[99.95904,20.39615]]},"properties":{"c":"unclassified","h":3.7,"k":1.0,"m":true,"len":117,"t":"TH570905"}},{"type":"Feature","geometry":{"type":"LineString","coordinates":[[99.95904,20.39615],[99.95936,20.39594],[99.95959,20.39574],[99.95975,20.39559],[99.95986,20.39544]]},"properties":{"c":"unclassified","h":3.8,"k":1.0,"m":true,"len":117,"t":"TH570905"}},{"type":"Feature","geometry":{"type":"LineString","coordinates":[[99.95986,20.39544],[99.95996,20.3953],[99.96037,20.3949],[99.96043,20.39472],[99.96048,20.39459]]},"properties":{"c":"unclassified","h":2.8,"k":1.0,"m":true,"len":117,"t":"TH570905"}},{"type":"Feature","geometry":{"type":"LineString","coordinates":[[99.96048,20.39459],[99.96049,20.39455],[99.96067,20.39424],[99.96111,20.39388],[99.96122,20.39382]]},"properties":{"c":"unclassified","h":1.1,"k":1.0,"m":true,"len":117,"t":"TH570905"}},{"type":"Feature","geometry":{"type":"LineString","coordinates":[[99.96122,20.39382],[99.96216,20.39324]]},"properties":{"c":"unclassified","h":0.35,"k":1.0,"m":true,"len":117,"t":"TH570905"}},{"type":"Feature","geometry":{"type":"LineString","coordinates":[[99.96216,20.39324],[99.96249,20.39305],[99.96291,20.39281],[99.96308,20.39277],[99.96315,20.39279]]},"properties":{"c":"unclassified","h":0.35,"k":1.0,"m":true,"len":117,"t":"TH570905"}},{"type":"Feature","geometry":{"type":"LineString","coordinates":[[99.94905,20.40798],[99.9499,20.40857]]},"properties":{"c":"unclassified","h":3.35,"k":1.0,"m":true,"len":110,"t":"TH570903"}},{"type":"Feature","geometry":{"type":"LineString","coordinates":[[99.9499,20.40857],[99.95075,20.40915]]},"properties":{"c":"unclassified","h":2.9,"k":1.0,"m":true,"len":110,"t":"TH570903"}},{"type":"Feature","geometry":{"type":"LineString","coordinates":[[99.95075,20.40915],[99.9516,20.40974]]},"properties":{"c":"unclassified","h":0.75,"k":1.0,"m":true,"len":110,"t":"TH570903"}},{"type":"Feature","geometry":{"type":"LineString","coordinates":[[99.9516,20.40974],[99.95246,20.41033]]},"properties":{"c":"unclassified","h":1.15,"k":1.0,"m":true,"len":110,"t":"TH570903"}},{"type":"Feature","geometry":{"type":"LineString","coordinates":[[99.96813,20.40916],[99.96837,20.40905],[99.96902,20.40873],[99.96911,20.40872]]},"properties":{"c":"residential","h":3.8,"k":1.0,"m":true,"len":114,"t":"TH570903"}},{"type":"Feature","geometry":{"type":"LineString","coordinates":[[99.9702,20.40861],[99.97031,20.4086],[99.97049,20.40854],[99.97055,20.40853],[99.97085,20.40843],[99.97124,20.40831]]},"properties":{"c":"residential","h":3.7,"k":1.0,"m":true,"len":114,"t":"TH570903"}},{"type":"Feature","geometry":{"type":"LineString","coordinates":[[99.97124,20.40831],[99.97143,20.40825],[99.97191,20.40831],[99.9722,20.40828],[99.97232,20.40827]]},"properties":{"c":"residential","h":3.5,"k":1.0,"m":true,"len":114,"t":"TH570903"}},{"type":"Feature","geometry":{"type":"LineString","coordinates":[[99.97232,20.40827],[99.97245,20.40826],[99.97338,20.40804]]},"properties":{"c":"residential","h":3.5,"k":1.0,"m":true,"len":114,"t":"TH570903"}},{"type":"Feature","geometry":{"type":"LineString","coordinates":[[99.97338,20.40804],[99.9735,20.40802],[99.97412,20.40794],[99.97447,20.40798]]},"properties":{"c":"residential","h":3.85,"k":1.0,"m":true,"len":114,"t":"TH570903"}},{"type":"Feature","geometry":{"type":"LineString","coordinates":[[100.00015,20.41082],[100.00017,20.41091],[100.00032,20.41129],[100.00037,20.41145],[100.00028,20.4118]]},"properties":{"c":"residential","h":3.85,"k":0.5752,"m":true,"len":114,"t":"TH570903"}},{"type":"Feature","geometry":{"type":"LineString","coordinates":[[100.00028,20.4118],[100.00022,20.41206],[100.00003,20.4128]]},"properties":{"c":"residential","h":3.35,"k":0.5752,"m":true,"len":114,"t":"TH570903"}},{"type":"Feature","geometry":{"type":"LineString","coordinates":[[100.00003,20.4128],[99.99997,20.41307],[99.99995,20.41318],[99.99999,20.41327],[100.00002,20.41329],[100.00018,20.41326],[100.00054,20.41316]]},"properties":{"c":"residential","h":3.6,"k":0.5752,"m":true,"len":114,"t":"TH570903"}},{"type":"Feature","geometry":{"type":"LineString","coordinates":[[99.96714,20.40957],[99.96699,20.40963],[99.96674,20.40973],[99.96655,20.40978],[99.96612,20.4099]]},"properties":{"c":"residential","h":3.8,"k":1.0,"m":true,"len":113,"t":"TH570903"}},{"type":"Feature","geometry":{"type":"LineString","coordinates":[[99.96612,20.4099],[99.96599,20.40993],[99.96549,20.41012],[99.96513,20.41031]]},"properties":{"c":"residential","h":3.4,"k":1.0,"m":true,"len":113,"t":"TH570903"}},{"type":"Feature","geometry":{"type":"LineString","coordinates":[[99.96428,20.41093],[99.96417,20.41102],[99.96405,20.41113],[99.96355,20.41168]]},"properties":{"c":"residential","h":1.3,"k":1.0,"m":true,"len":113,"t":"TH570903"}},{"type":"Feature","geometry":{"type":"LineString","coordinates":[[99.96355,20.41168],[99.96337,20.41187],[99.96311,20.41215],[99.96287,20.41246],[99.96287,20.41247]]},"properties":{"c":"residential","h":1.2,"k":1.0,"m":true,"len":113,"t":"TH570903"}},{"type":"Feature","geometry":{"type":"LineString","coordinates":[[99.96213,20.41321],[99.9617,20.41354],[99.96162,20.41359],[99.96131,20.41386]]},"properties":{"c":"residential","h":2.8,"k":1.0,"m":true,"len":113,"t":"TH570903"}},{"type":"Feature","geometry":{"type":"LineString","coordinates":[[99.96131,20.41386],[99.96123,20.41393],[99.96094,20.41416],[99.96041,20.41442]]},"properties":{"c":"residential","h":2.0,"k":1.0,"m":true,"len":113,"t":"TH570903"}},{"type":"Feature","geometry":{"type":"LineString","coordinates":[[99.96041,20.41442],[99.9604,20.41442],[99.95999,20.41446],[99.95935,20.41461]]},"properties":{"c":"residential","h":1.6,"k":1.0,"m":true,"len":113,"t":"TH570903"}},{"type":"Feature","geometry":{"type":"LineString","coordinates":[[99.95832,20.41492],[99.95811,20.41498],[99.9577,20.41501],[99.9575,20.41492],[99.95728,20.41496]]},"properties":{"c":"residential","h":1.8,"k":1.0,"m":true,"len":113,"t":"TH570903"}},{"type":"Feature","geometry":{"type":"LineString","coordinates":[[99.95728,20.41496],[99.95683,20.41506],[99.95623,20.4152]]},"properties":{"c":"residential","h":1.8,"k":1.0,"m":true,"len":113,"t":"TH570903"}},{"type":"Feature","geometry":{"type":"LineString","coordinates":[[99.95623,20.4152],[99.95543,20.41538],[99.95519,20.41547]]},"properties":{"c":"residential","h":3.0,"k":1.0,"m":true,"len":113,"t":"TH570903"}},{"type":"Feature","geometry":{"type":"LineString","coordinates":[[99.88682,20.34822],[99.88699,20.34822]]},"properties":{"c":"trunk","h":7.1,"k":0.3838,"m":true,"len":18,"t":"TH570904"}},{"type":"Feature","geometry":{"type":"LineString","coordinates":[[99.88539,20.41487],[99.88555,20.41492]]},"properties":{"c":"primary","h":null,"k":1.0,"m":true,"len":17,"t":"TH570906"}},{"type":"Feature","geometry":{"type":"LineString","coordinates":[[99.88371,20.4188],[99.88388,20.41893],[99.88392,20.41904],[99.88394,20.41918]]},"properties":{"c":"secondary","h":null,"k":1.0,"m":true,"len":52,"t":"TH570906"}},{"type":"Feature","geometry":{"type":"LineString","coordinates":[[99.88414,20.41855],[99.88402,20.4187],[99.88391,20.41877],[99.88371,20.4188]]},"properties":{"c":"secondary","h":null,"k":1.0,"m":true,"len":57,"t":"TH570906"}},{"type":"Feature","geometry":{"type":"LineString","coordinates":[[99.885,20.41899],[99.88462,20.41888],[99.88448,20.41879],[99.88439,20.41868],[99.88433,20.41855]]},"properties":{"c":"secondary","h":null,"k":1.0,"m":true,"len":90,"t":"TH570906"}},{"type":"Feature","geometry":{"type":"LineString","coordinates":[[99.8841,20.41922],[99.88422,20.41911],[99.88443,20.41905],[99.88449,20.41905],[99.88455,20.41905],[99.88462,20.41905],[99.88476,20.41907]]},"properties":{"c":"secondary","h":null,"k":1.0,"m":true,"len":75,"t":"TH570906"}},{"type":"Feature","geometry":{"type":"LineString","coordinates":[[99.92527,20.40128],[99.92485,20.40163],[99.92481,20.40166],[99.92444,20.40201]]},"properties":{"c":"secondary","h":8.65,"k":1.0,"m":true,"len":119,"t":"TH570906"}},{"type":"Feature","geometry":{"type":"LineString","coordinates":[[99.92444,20.40201],[99.92377,20.40264],[99.92364,20.40276]]},"properties":{"c":"secondary","h":5.6,"k":1.0,"m":true,"len":119,"t":"TH570906"}},{"type":"Feature","geometry":{"type":"LineString","coordinates":[[99.92364,20.40276],[99.92284,20.40352]]},"properties":{"c":"secondary","h":5.6,"k":1.0,"m":true,"len":119,"t":"TH570906"}},{"type":"Feature","geometry":{"type":"LineString","coordinates":[[99.92284,20.40352],[99.92259,20.40376],[99.9223,20.40409],[99.9221,20.40434]]},"properties":{"c":"secondary","h":9.1,"k":1.0,"m":true,"len":119,"t":"TH570906"}},{"type":"Feature","geometry":{"type":"LineString","coordinates":[[99.9221,20.40434],[99.92196,20.4045],[99.9216,20.40497],[99.92141,20.40519]]},"properties":{"c":"secondary","h":7.25,"k":1.0,"m":true,"len":119,"t":"TH570906"}},{"type":"Feature","geometry":{"type":"LineString","coordinates":[[99.92141,20.40519],[99.92136,20.40526],[99.92074,20.40605]]},"properties":{"c":"secondary","h":null,"k":1.0,"m":true,"len":119,"t":"TH570906"}},{"type":"Feature","geometry":{"type":"LineString","coordinates":[[99.92074,20.40605],[99.92007,20.40692]]},"properties":{"c":"secondary","h":10.55,"k":1.0,"m":true,"len":119,"t":"TH570906"}},{"type":"Feature","geometry":{"type":"LineString","coordinates":[[99.92007,20.40692],[99.92006,20.40694],[99.91977,20.40729],[99.9194,20.40761],[99.91929,20.40769]]},"properties":{"c":"secondary","h":10.55,"k":1.0,"m":true,"len":119,"t":"TH570906"}},{"type":"Feature","geometry":{"type":"LineString","coordinates":[[99.91929,20.40769],[99.91882,20.40803],[99.91838,20.40833]]},"properties":{"c":"secondary","h":11.0,"k":1.0,"m":true,"len":119,"t":"TH570906"}},{"type":"Feature","geometry":{"type":"LineString","coordinates":[[99.91838,20.40833],[99.91811,20.40853],[99.91746,20.40895]]},"properties":{"c":"secondary","h":11.15,"k":1.0,"m":true,"len":119,"t":"TH570906"}},{"type":"Feature","geometry":{"type":"LineString","coordinates":[[99.91746,20.40895],[99.9172,20.40912],[99.91691,20.40927],[99.9168,20.40933],[99.91646,20.40946]]},"properties":{"c":"secondary","h":null,"k":1.0,"m":true,"len":119,"t":"TH570906"}},{"type":"Feature","geometry":{"type":"LineString","coordinates":[[99.91646,20.40946],[99.9162,20.40957],[99.91539,20.40982]]},"properties":{"c":"secondary","h":10.15,"k":1.0,"m":true,"len":119,"t":"TH570906"}},{"type":"Feature","geometry":{"type":"LineString","coordinates":[[99.91539,20.40982],[99.91453,20.41008],[99.91431,20.41015]]},"properties":{"c":"secondary","h":9.15,"k":1.0,"m":true,"len":119,"t":"TH570906"}},{"type":"Feature","geometry":{"type":"LineString","coordinates":[[99.91431,20.41015],[99.91329,20.41048],[99.91324,20.4105]]},"properties":{"c":"secondary","h":7.55,"k":1.0,"m":true,"len":119,"t":"TH570906"}},{"type":"Feature","geometry":{"type":"LineString","coordinates":[[99.91324,20.4105],[99.91254,20.41082],[99.91242,20.41088],[99.91222,20.41098]]},"properties":{"c":"secondary","h":7.5,"k":1.0,"m":true,"len":119,"t":"TH570906"}},{"type":"Feature","geometry":{"type":"LineString","coordinates":[[99.91222,20.41098],[99.91121,20.41147]]},"properties":{"c":"secondary","h":null,"k":1.0,"m":true,"len":119,"t":"TH570906"}},{"type":"Feature","geometry":{"type":"LineString","coordinates":[[99.91121,20.41147],[99.9102,20.41196]]},"properties":{"c":"secondary","h":8.15,"k":1.0,"m":true,"len":119,"t":"TH570906"}},{"type":"Feature","geometry":{"type":"LineString","coordinates":[[99.9102,20.41196],[99.90975,20.41218],[99.90921,20.41248]]},"properties":{"c":"secondary","h":8.45,"k":1.0,"m":true,"len":119,"t":"TH570906"}},{"type":"Feature","geometry":{"type":"LineString","coordinates":[[99.90921,20.41248],[99.90864,20.41279],[99.90824,20.41303]]},"properties":{"c":"secondary","h":8.1,"k":1.0,"m":true,"len":119,"t":"TH570906"}},{"type":"Feature","geometry":{"type":"LineString","coordinates":[[99.90824,20.41303],[99.90787,20.41325],[99.90774,20.41332],[99.90725,20.41357]]},"properties":{"c":"secondary","h":8.5,"k":1.0,"m":true,"len":119,"t":"TH570906"}},{"type":"Feature","geometry":{"type":"LineString","coordinates":[[99.90725,20.41357],[99.90725,20.41357],[99.90675,20.41386],[99.90631,20.41417]]},"properties":{"c":"secondary","h":8.95,"k":1.0,"m":true,"len":119,"t":"TH570906"}},{"type":"Feature","geometry":{"type":"LineString","coordinates":[[99.90631,20.41417],[99.90615,20.41428],[99.90545,20.41486]]},"properties":{"c":"secondary","h":8.85,"k":1.0,"m":true,"len":119,"t":"TH570906"}},{"type":"Feature","geometry":{"type":"LineString","coordinates":[[99.90545,20.41486],[99.90518,20.41508],[99.90459,20.41557]]},"properties":{"c":"secondary","h":8.95,"k":1.0,"m":true,"len":119,"t":"TH570906"}},{"type":"Feature","geometry":{"type":"LineString","coordinates":[[99.90459,20.41557],[99.90374,20.41628]]},"properties":{"c":"secondary","h":10.25,"k":1.0,"m":true,"len":119,"t":"TH570906"}},{"type":"Feature","geometry":{"type":"LineString","coordinates":[[99.90374,20.41628],[99.90345,20.41652],[99.90302,20.41694],[99.90294,20.41704]]},"properties":{"c":"secondary","h":9.7,"k":1.0,"m":true,"len":119,"t":"TH570906"}},{"type":"Feature","geometry":{"type":"LineString","coordinates":[[99.90294,20.41704],[99.90273,20.41731],[99.90238,20.41796]]},"properties":{"c":"secondary","h":9.8,"k":1.0,"m":true,"len":119,"t":"TH570906"}},{"type":"Feature","geometry":{"type":"LineString","coordinates":[[99.90238,20.41796],[99.90207,20.41853],[99.90185,20.41891]]},"properties":{"c":"secondary","h":9.35,"k":1.0,"m":true,"len":119,"t":"TH570906"}},{"type":"Feature","geometry":{"type":"LineString","coordinates":[[99.90185,20.41891],[99.90132,20.41986]]},"properties":{"c":"secondary","h":9.6,"k":1.0,"m":true,"len":119,"t":"TH570906"}},{"type":"Feature","geometry":{"type":"LineString","coordinates":[[99.90132,20.41986],[99.90124,20.42],[99.90109,20.42022],[99.90092,20.42041],[99.90072,20.42064],[99.90064,20.42071]]},"properties":{"c":"secondary","h":9.9,"k":1.0,"m":true,"len":119,"t":"TH570906"}},{"type":"Feature","geometry":{"type":"LineString","coordinates":[[99.90064,20.42071],[99.90048,20.42085],[99.90025,20.42099],[99.89993,20.42117],[99.89967,20.42126]]},"properties":{"c":"secondary","h":10.95,"k":1.0,"m":true,"len":119,"t":"TH570906"}},{"type":"Feature","geometry":{"type":"LineString","coordinates":[[99.89967,20.42126],[99.89962,20.42127],[99.89935,20.42135],[99.89907,20.42141],[99.89892,20.42142],[99.89882,20.42143],[99.89859,20.42144],[99.89856,20.42144]]},"properties":{"c":"secondary","h":11.5,"k":1.0,"m":true,"len":119,"t":"TH570906"}},{"type":"Feature","geometry":{"type":"LineString","coordinates":[[99.89856,20.42144],[99.89837,20.42144],[99.89809,20.42142],[99.89744,20.4213]]},"properties":{"c":"secondary","h":null,"k":1.0,"m":true,"len":119,"t":"TH570906"}},{"type":"Feature","geometry":{"type":"LineString","coordinates":[[99.89744,20.4213],[99.89632,20.42109]]},"properties":{"c":"secondary","h":null,"k":1.0,"m":true,"len":119,"t":"TH570906"}},{"type":"Feature","geometry":{"type":"LineString","coordinates":[[99.89632,20.42109],[99.89558,20.42096],[99.89539,20.42092],[99.89521,20.42089]]},"properties":{"c":"secondary","h":null,"k":1.0,"m":true,"len":119,"t":"TH570906"}},{"type":"Feature","geometry":{"type":"LineString","coordinates":[[99.89521,20.42089],[99.89409,20.42068]]},"properties":{"c":"secondary","h":null,"k":1.0,"m":true,"len":119,"t":"TH570906"}},{"type":"Feature","geometry":{"type":"LineString","coordinates":[[99.89409,20.42068],[99.89371,20.42061],[99.89298,20.42048]]},"properties":{"c":"secondary","h":null,"k":1.0,"m":true,"len":119,"t":"TH570906"}},{"type":"Feature","geometry":{"type":"LineString","coordinates":[[99.89298,20.42048],[99.89186,20.42027]]},"properties":{"c":"secondary","h":null,"k":1.0,"m":true,"len":119,"t":"TH570906"}},{"type":"Feature","geometry":{"type":"LineString","coordinates":[[99.89186,20.42027],[99.89075,20.42007],[99.89074,20.42007]]},"properties":{"c":"secondary","h":null,"k":1.0,"m":true,"len":119,"t":"TH570906"}},{"type":"Feature","geometry":{"type":"LineString","coordinates":[[99.89074,20.42007],[99.88963,20.41987]]},"properties":{"c":"secondary","h":null,"k":1.0,"m":true,"len":119,"t":"TH570906"}},{"type":"Feature","geometry":{"type":"LineString","coordinates":[[99.88963,20.41987],[99.88898,20.41976],[99.88851,20.41967]]},"properties":{"c":"secondary","h":null,"k":1.0,"m":true,"len":119,"t":"TH570906"}},{"type":"Feature","geometry":{"type":"LineString","coordinates":[[99.88851,20.41967],[99.88836,20.41964],[99.88747,20.41947],[99.8874,20.41946]]},"properties":{"c":"secondary","h":null,"k":1.0,"m":true,"len":119,"t":"TH570906"}},{"type":"Feature","geometry":{"type":"LineString","coordinates":[[99.8874,20.41946],[99.88637,20.41926],[99.88628,20.41924]]},"properties":{"c":"secondary","h":null,"k":1.0,"m":true,"len":119,"t":"TH570906"}},{"type":"Feature","geometry":{"type":"LineString","coordinates":[[99.88628,20.41924],[99.88517,20.41903]]},"properties":{"c":"secondary","h":null,"k":1.0,"m":true,"len":119,"t":"TH570906"}},{"type":"Feature","geometry":{"type":"LineString","coordinates":[[99.88517,20.41903],[99.885,20.41899],[99.88431,20.41886],[99.88423,20.41885],[99.88406,20.41881]]},"properties":{"c":"secondary","h":null,"k":1.0,"m":true,"len":119,"t":"TH570906"}},{"type":"Feature","geometry":{"type":"LineString","coordinates":[[99.92527,20.40128],[99.92607,20.40051]]},"properties":{"c":"secondary","h":7.5,"k":1.0,"m":true,"len":119,"t":"TH570905"}},{"type":"Feature","geometry":{"type":"LineString","coordinates":[[99.92607,20.40051],[99.92685,20.39976],[99.92687,20.39974]]},"properties":{"c":"secondary","h":7.1,"k":1.0,"m":true,"len":119,"t":"TH570905"}},{"type":"Feature","geometry":{"type":"LineString","coordinates":[[99.92687,20.39974],[99.92765,20.39899],[99.92767,20.39898]]},"properties":{"c":"secondary","h":7.65,"k":1.0,"m":true,"len":119,"t":"TH570905"}},{"type":"Feature","geometry":{"type":"LineString","coordinates":[[99.92767,20.39898],[99.92857,20.39832]]},"properties":{"c":"secondary","h":6.1,"k":1.0,"m":true,"len":119,"t":"TH570905"}},{"type":"Feature","geometry":{"type":"LineString","coordinates":[[99.92857,20.39832],[99.92869,20.39824],[99.92953,20.39773]]},"properties":{"c":"secondary","h":5.6,"k":1.0,"m":true,"len":119,"t":"TH570905"}},{"type":"Feature","geometry":{"type":"LineString","coordinates":[[99.92953,20.39773],[99.9304,20.39721],[99.93049,20.39716]]},"properties":{"c":"secondary","h":5.8,"k":1.0,"m":true,"len":119,"t":"TH570905"}},{"type":"Feature","geometry":{"type":"LineString","coordinates":[[99.93049,20.39716],[99.93147,20.39661]]},"properties":{"c":"secondary","h":3.3,"k":1.0,"m":true,"len":119,"t":"TH570905"}},{"type":"Feature","geometry":{"type":"LineString","coordinates":[[99.93147,20.39661],[99.93173,20.39646],[99.93222,20.39619],[99.93246,20.39608]]},"properties":{"c":"secondary","h":3.25,"k":1.0,"m":true,"len":119,"t":"TH570905"}},{"type":"Feature","geometry":{"type":"LineString","coordinates":[[99.93246,20.39608],[99.93291,20.39586],[99.93348,20.3956]]},"properties":{"c":"secondary","h":12.45,"k":0.6682,"m":true,"len":119,"t":"TH570905"}},{"type":"Feature","geometry":{"type":"LineString","coordinates":[[99.93348,20.3956],[99.93407,20.39534],[99.93435,20.39521],[99.93451,20.39514]]},"properties":{"c":"secondary","h":null,"k":1.0,"m":true,"len":119,"t":"TH570905"}},{"type":"Feature","geometry":{"type":"LineString","coordinates":[[99.93451,20.39514],[99.93518,20.39484],[99.93555,20.39469]]},"properties":{"c":"secondary","h":3.4,"k":1.0,"m":true,"len":119,"t":"TH570905"}},{"type":"Feature","geometry":{"type":"LineString","coordinates":[[99.93555,20.39469],[99.9366,20.39427]]},"properties":{"c":"secondary","h":3.05,"k":1.0,"m":true,"len":119,"t":"TH570905"}},{"type":"Feature","geometry":{"type":"LineString","coordinates":[[99.9366,20.39427],[99.93765,20.39385]]},"properties":{"c":"secondary","h":6.95,"k":1.0,"m":true,"len":119,"t":"TH570905"}},{"type":"Feature","geometry":{"type":"LineString","coordinates":[[99.93765,20.39385],[99.93869,20.39343]]},"properties":{"c":"secondary","h":7.4,"k":1.0,"m":true,"len":119,"t":"TH570905"}},{"type":"Feature","geometry":{"type":"LineString","coordinates":[[99.93869,20.39343],[99.93899,20.39331],[99.93974,20.393]]},"properties":{"c":"secondary","h":3.95,"k":1.0,"m":true,"len":119,"t":"TH570905"}},{"type":"Feature","geometry":{"type":"LineString","coordinates":[[99.93974,20.393],[99.94078,20.39257]]},"properties":{"c":"secondary","h":3.5,"k":1.0,"m":true,"len":119,"t":"TH570905"}},{"type":"Feature","geometry":{"type":"LineString","coordinates":[[99.94078,20.39257],[99.941,20.39248],[99.94143,20.39223],[99.94173,20.39198]]},"properties":{"c":"secondary","h":3.05,"k":1.0,"m":true,"len":119,"t":"TH570905"}},{"type":"Feature","geometry":{"type":"LineString","coordinates":[[99.94173,20.39198],[99.9418,20.39192],[99.94195,20.39173],[99.94227,20.39129],[99.94239,20.39111]]},"properties":{"c":"secondary","h":5.35,"k":1.0,"m":true,"len":119,"t":"TH570905"}},{"type":"Feature","geometry":{"type":"LineString","coordinates":[[99.94239,20.39111],[99.94301,20.39021]]},"properties":{"c":"secondary","h":4.65,"k":1.0,"m":true,"len":119,"t":"TH570905"}},{"type":"Feature","geometry":{"type":"LineString","coordinates":[[99.94301,20.39021],[99.94346,20.38954],[99.94363,20.38931]]},"properties":{"c":"secondary","h":4.2,"k":1.0,"m":true,"len":119,"t":"TH570905"}},{"type":"Feature","geometry":{"type":"LineString","coordinates":[[99.94363,20.38931],[99.94372,20.38919],[99.94405,20.3888],[99.94429,20.3886],[99.94439,20.38851]]},"properties":{"c":"secondary","h":2.75,"k":1.0,"m":true,"len":119,"t":"TH570905"}},{"type":"Feature","geometry":{"type":"LineString","coordinates":[[99.94439,20.38851],[99.94444,20.38847],[99.94508,20.38802],[99.94532,20.38788]]},"properties":{"c":"secondary","h":11.3,"k":0.6682,"m":true,"len":119,"t":"TH570905"}},{"type":"Feature","geometry":{"type":"LineString","coordinates":[[99.94532,20.38788],[99.94544,20.38781],[99.9458,20.38765],[99.94629,20.38747],[99.94636,20.38745]]},"properties":{"c":"secondary","h":11.3,"k":0.6682,"m":true,"len":119,"t":"TH570905"}},{"type":"Feature","geometry":{"type":"LineString","coordinates":[[99.94636,20.38745],[99.94742,20.3872],[99.94746,20.38719]]},"properties":{"c":"secondary","h":12.05,"k":0.6682,"m":true,"len":119,"t":"TH570905"}},{"type":"Feature","geometry":{"type":"LineString","coordinates":[[99.94746,20.38719],[99.9476,20.38715],[99.94788,20.38706],[99.94822,20.38693],[99.9485,20.38678],[99.94851,20.38678]]},"properties":{"c":"secondary","h":12.4,"k":0.7118,"m":true,"len":119,"t":"TH570905"}},{"type":"Feature","geometry":{"type":"LineString","coordinates":[[99.94851,20.38678],[99.94874,20.38662],[99.94899,20.38637],[99.94909,20.38626],[99.94923,20.3861],[99.9493,20.38601]]},"properties":{"c":"secondary","h":10.4,"k":0.6682,"m":true,"len":119,"t":"TH570905"}},{"type":"Feature","geometry":{"type":"LineString","coordinates":[[99.9493,20.38601],[99.94996,20.38513]]},"properties":{"c":"secondary","h":10.2,"k":0.6682,"m":true,"len":119,"t":"TH570905"}},{"type":"Feature","geometry":{"type":"LineString","coordinates":[[99.94996,20.38513],[99.95063,20.38426]]},"properties":{"c":"secondary","h":9.65,"k":0.6682,"m":true,"len":119,"t":"TH570905"}},{"type":"Feature","geometry":{"type":"LineString","coordinates":[[99.95063,20.38426],[99.95101,20.38377],[99.95126,20.38336]]},"properties":{"c":"secondary","h":10.05,"k":0.6682,"m":true,"len":119,"t":"TH570905"}},{"type":"Feature","geometry":{"type":"LineString","coordinates":[[99.95126,20.38336],[99.95129,20.3833],[99.95135,20.3832],[99.95151,20.38289],[99.95163,20.38261],[99.95172,20.38247],[99.95176,20.3824]]},"properties":{"c":"secondary","h":10.0,"k":0.6682,"m":true,"len":119,"t":"TH570905"}},{"type":"Feature","geometry":{"type":"LineString","coordinates":[[99.95176,20.3824],[99.95195,20.38206],[99.95233,20.38147]]},"properties":{"c":"secondary","h":9.95,"k":0.6682,"m":true,"len":119,"t":"TH570905"}},{"type":"Feature","geometry":{"type":"LineString","coordinates":[[99.95233,20.38147],[99.95291,20.38055]]},"properties":{"c":"secondary","h":10.2,"k":0.6682,"m":true,"len":119,"t":"TH570905"}},{"type":"Feature","geometry":{"type":"LineString","coordinates":[[99.95291,20.38055],[99.95298,20.38043],[99.9535,20.37963]]},"properties":{"c":"secondary","h":10.15,"k":0.6682,"m":true,"len":119,"t":"TH570905"}},{"type":"Feature","geometry":{"type":"LineString","coordinates":[[99.9535,20.37963],[99.95367,20.37936],[99.95408,20.3787]]},"properties":{"c":"secondary","h":10.0,"k":0.6682,"m":true,"len":119,"t":"TH570905"}},{"type":"Feature","geometry":{"type":"LineString","coordinates":[[99.95408,20.3787],[99.95412,20.37864],[99.95441,20.37808],[99.95455,20.37772]]},"properties":{"c":"secondary","h":8.7,"k":0.6682,"m":true,"len":119,"t":"TH570905"}},{"type":"Feature","geometry":{"type":"LineString","coordinates":[[99.95455,20.37772],[99.95462,20.37755],[99.95483,20.37691],[99.95491,20.3767]]},"properties":{"c":"secondary","h":10.25,"k":0.6682,"m":true,"len":119,"t":"TH570905"}},{"type":"Feature","geometry":{"type":"LineString","coordinates":[[99.95491,20.3767],[99.95506,20.37629],[99.95531,20.37573],[99.95532,20.3757]]},"properties":{"c":"secondary","h":10.0,"k":0.7118,"m":true,"len":119,"t":"TH570905"}},{"type":"Feature","geometry":{"type":"LineString","coordinates":[[99.95532,20.3757],[99.95579,20.37481],[99.95583,20.37474]]},"properties":{"c":"secondary","h":9.4,"k":0.6682,"m":true,"len":119,"t":"TH570905"}},{"type":"Feature","geometry":{"type":"LineString","coordinates":[[99.95583,20.37474],[99.95592,20.37457],[99.95595,20.37452],[99.95614,20.37409],[99.95623,20.3738],[99.95625,20.37374]]},"properties":{"c":"secondary","h":9.3,"k":0.6682,"m":true,"len":119,"t":"TH570905"}},{"type":"Feature","geometry":{"type":"LineString","coordinates":[[99.95625,20.37374],[99.9563,20.37351],[99.95646,20.37285],[99.9565,20.3727]]},"properties":{"c":"secondary","h":9.3,"k":0.6682,"m":true,"len":119,"t":"TH570905"}},{"type":"Feature","geometry":{"type":"LineString","coordinates":[[99.9565,20.3727],[99.95668,20.37202],[99.95677,20.37165]]},"properties":{"c":"secondary","h":9.3,"k":0.6682,"m":true,"len":119,"t":"TH570905"}},{"type":"Feature","geometry":{"type":"LineString","coordinates":[[99.95677,20.37165],[99.95685,20.37131],[99.95699,20.37089],[99.95711,20.37066],[99.95713,20.37064]]},"properties":{"c":"secondary","h":9.9,"k":0.6728,"m":true,"len":119,"t":"TH570905"}},{"type":"Feature","geometry":{"type":"LineString","coordinates":[[99.95713,20.37064],[99.95733,20.3704],[99.9576,20.3702],[99.95789,20.37007],[99.95802,20.37]]},"properties":{"c":"secondary","h":10.3,"k":0.7118,"m":true,"len":119,"t":"TH570905"}},{"type":"Feature","geometry":{"type":"LineString","coordinates":[[99.95802,20.37],[99.95828,20.36987],[99.95871,20.36972],[99.95899,20.36965],[99.95909,20.36964]]},"properties":{"c":"secondary","h":8.8,"k":0.6753,"m":true,"len":119,"t":"TH570905"}},{"type":"Feature","geometry":{"type":"LineString","coordinates":[[99.95909,20.36964],[99.95926,20.36963],[99.95958,20.36966],[99.96016,20.36984],[99.96019,20.36985]]},"properties":{"c":"secondary","h":9.05,"k":0.6753,"m":true,"len":119,"t":"TH570905"}},{"type":"Feature","geometry":{"type":"LineString","coordinates":[[99.96019,20.36985],[99.96107,20.37011],[99.96128,20.37016]]},"properties":{"c":"secondary","h":10.0,"k":0.7118,"m":true,"len":119,"t":"TH570905"}},{"type":"Feature","geometry":{"type":"LineString","coordinates":[[99.96128,20.37016],[99.96131,20.37017],[99.96156,20.37019],[99.9616,20.37019],[99.9617,20.37017],[99.96191,20.37011],[99.9621,20.37],[99.96228,20.36987],[99.96231,20.36983]]},"properties":{"c":"secondary","h":8.55,"k":0.6753,"m":true,"len":119,"t":"TH570905"}},{"type":"Feature","geometry":{"type":"LineString","coordinates":[[99.96231,20.36983],[99.96288,20.36912],[99.96302,20.36899]]},"properties":{"c":"secondary","h":8.15,"k":0.6753,"m":true,"len":119,"t":"TH570905"}},{"type":"Feature","geometry":{"type":"LineString","coordinates":[[99.96302,20.36899],[99.96316,20.36885],[99.96346,20.36864],[99.96377,20.36848],[99.96397,20.36841]]},"properties":{"c":"secondary","h":7.8,"k":0.6753,"m":true,"len":119,"t":"TH570905"}},{"type":"Feature","geometry":{"type":"LineString","coordinates":[[99.96397,20.36841],[99.96407,20.36838],[99.96441,20.36831],[99.96499,20.36827],[99.96509,20.36826]]},"properties":{"c":"secondary","h":8.35,"k":0.7118,"m":true,"len":119,"t":"TH570905"}},{"type":"Feature","geometry":{"type":"LineString","coordinates":[[99.96509,20.36826],[99.96524,20.36824],[99.96547,20.36817],[99.96613,20.36784]]},"properties":{"c":"secondary","h":8.55,"k":0.7118,"m":true,"len":119,"t":"TH570905"}},{"type":"Feature","geometry":{"type":"LineString","coordinates":[[99.96613,20.36784],[99.9667,20.36754],[99.96694,20.36745],[99.96709,20.36738],[99.96715,20.36736]]},"properties":{"c":"secondary","h":7.75,"k":0.7118,"m":true,"len":119,"t":"TH570905"}},{"type":"Feature","geometry":{"type":"LineString","coordinates":[[99.96715,20.36736],[99.96749,20.36724],[99.96793,20.36715],[99.96825,20.3671]]},"properties":{"c":"secondary","h":8.7,"k":0.7118,"m":true,"len":119,"t":"TH570905"}},{"type":"Feature","geometry":{"type":"LineString","coordinates":[[99.96825,20.3671],[99.96938,20.36694]]},"properties":{"c":"secondary","h":6.1,"k":0.6728,"m":true,"len":119,"t":"TH570905"}},{"type":"Feature","geometry":{"type":"LineString","coordinates":[[99.96938,20.36694],[99.96995,20.36686],[99.97033,20.36681],[99.9705,20.36679]]},"properties":{"c":"secondary","h":6.1,"k":0.6728,"m":true,"len":119,"t":"TH570905"}},{"type":"Feature","geometry":{"type":"LineString","coordinates":[[99.9705,20.36679],[99.97052,20.36678],[99.97076,20.3668],[99.97164,20.3669]]},"properties":{"c":"secondary","h":6.4,"k":0.6728,"m":true,"len":119,"t":"TH570905"}},{"type":"Feature","geometry":{"type":"LineString","coordinates":[[99.97164,20.3669],[99.97242,20.36698],[99.97277,20.36701]]},"properties":{"c":"secondary","h":6.0,"k":0.6728,"m":true,"len":119,"t":"TH570905"}},{"type":"Feature","geometry":{"type":"LineString","coordinates":[[99.97277,20.36701],[99.97281,20.36701],[99.97311,20.36702],[99.97337,20.36699],[99.9737,20.36691],[99.97389,20.36685]]},"properties":{"c":"secondary","h":6.05,"k":0.6728,"m":true,"len":119,"t":"TH570905"}},{"type":"Feature","geometry":{"type":"LineString","coordinates":[[99.97389,20.36685],[99.97474,20.36655],[99.97496,20.36648]]},"properties":{"c":"secondary","h":6.35,"k":0.6728,"m":true,"len":119,"t":"TH570905"}},{"type":"Feature","geometry":{"type":"LineString","coordinates":[[99.97496,20.36648],[99.97517,20.3664],[99.97552,20.36628],[99.97589,20.36611],[99.976,20.36606]]},"properties":{"c":"secondary","h":6.0,"k":0.6753,"m":true,"len":119,"t":"TH570905"}},{"type":"Feature","geometry":{"type":"LineString","coordinates":[[99.976,20.36606],[99.97612,20.366],[99.97675,20.36568],[99.97702,20.36557]]},"properties":{"c":"secondary","h":6.15,"k":0.6753,"m":true,"len":119,"t":"TH570905"}},{"type":"Feature","geometry":{"type":"LineString","coordinates":[[99.97702,20.36557],[99.97703,20.36557],[99.97805,20.36531],[99.97812,20.3653]]},"properties":{"c":"secondary","h":7.95,"k":0.7118,"m":true,"len":119,"t":"TH570905"}},{"type":"Feature","geometry":{"type":"LineString","coordinates":[[99.97812,20.3653],[99.97838,20.36526],[99.9785,20.36526],[99.97872,20.36528],[99.97903,20.36536],[99.97922,20.36545]]},"properties":{"c":"secondary","h":7.05,"k":0.7118,"m":true,"len":119,"t":"TH570905"}},{"type":"Feature","geometry":{"type":"LineString","coordinates":[[99.97922,20.36545],[99.97928,20.36548],[99.97951,20.36565],[99.97989,20.36603],[99.98006,20.36617]]},"properties":{"c":"secondary","h":5.95,"k":0.7118,"m":true,"len":119,"t":"TH570905"}},{"type":"Feature","geometry":{"type":"LineString","coordinates":[[99.98006,20.36617],[99.98016,20.36626],[99.98041,20.3664],[99.98064,20.36651],[99.98096,20.3666],[99.98108,20.36661]]},"properties":{"c":"secondary","h":7.45,"k":0.7118,"m":true,"len":119,"t":"TH570905"}},{"type":"Feature","geometry":{"type":"LineString","coordinates":[[99.98108,20.36661],[99.98122,20.36662],[99.98152,20.36661],[99.98163,20.36659],[99.9818,20.36655],[99.98219,20.36643]]},"properties":{"c":"secondary","h":5.95,"k":0.7118,"m":true,"len":119,"t":"TH570905"}},{"type":"Feature","geometry":{"type":"LineString","coordinates":[[99.98219,20.36643],[99.98228,20.3664],[99.98275,20.36624],[99.98312,20.36618],[99.9833,20.36618]]},"properties":{"c":"secondary","h":5.2,"k":0.7118,"m":true,"len":119,"t":"TH570905"}},{"type":"Feature","geometry":{"type":"LineString","coordinates":[[99.9833,20.36618],[99.98338,20.36618],[99.98374,20.36621],[99.98407,20.36629],[99.9844,20.36641]]},"properties":{"c":"secondary","h":3.95,"k":0.7118,"m":true,"len":119,"t":"TH570905"}},{"type":"Feature","geometry":{"type":"LineString","coordinates":[[99.9844,20.36641],[99.98448,20.36644],[99.98485,20.36663],[99.98541,20.3669]]},"properties":{"c":"secondary","h":4.05,"k":0.7118,"m":true,"len":119,"t":"TH570905"}},{"type":"Feature","geometry":{"type":"LineString","coordinates":[[99.98541,20.3669],[99.98625,20.36732],[99.98636,20.36737],[99.98642,20.3674]]},"properties":{"c":"secondary","h":4.1,"k":0.7118,"m":true,"len":119,"t":"TH570905"}},{"type":"Feature","geometry":{"type":"LineString","coordinates":[[99.98642,20.3674],[99.98646,20.36741],[99.98656,20.36744],[99.98681,20.3675],[99.98706,20.36753],[99.98735,20.36752],[99.98755,20.36749]]},"properties":{"c":"secondary","h":4.15,"k":0.7118,"m":true,"len":119,"t":"TH570905"}},{"type":"Feature","geometry":{"type":"LineString","coordinates":[[99.98755,20.36749],[99.98763,20.36748],[99.98776,20.36745],[99.98866,20.36725]]},"properties":{"c":"secondary","h":1.7,"k":0.7018,"m":true,"len":119,"t":"TH570905"}},{"type":"Feature","geometry":{"type":"LineString","coordinates":[[99.98866,20.36725],[99.98874,20.36723],[99.98877,20.36722],[99.98901,20.36719],[99.98942,20.36706],[99.98976,20.367]]},"properties":{"c":"secondary","h":1.7,"k":0.7018,"m":true,"len":119,"t":"TH570905"}},{"type":"Feature","geometry":{"type":"LineString","coordinates":[[99.98976,20.367],[99.98979,20.367],[99.99007,20.36698],[99.99036,20.367],[99.99068,20.36707],[99.99087,20.36715]]},"properties":{"c":"secondary","h":2.3,"k":0.7118,"m":true,"len":119,"t":"TH570905"}},{"type":"Feature","geometry":{"type":"LineString","coordinates":[[99.99087,20.36715],[99.99099,20.3672],[99.99187,20.36768]]},"properties":{"c":"secondary","h":2.95,"k":0.7118,"m":true,"len":119,"t":"TH570905"}},{"type":"Feature","geometry":{"type":"LineString","coordinates":[[99.99187,20.36768],[99.99285,20.36822]]},"properties":{"c":"secondary","h":2.55,"k":0.7018,"m":true,"len":119,"t":"TH570905"}},{"type":"Feature","geometry":{"type":"LineString","coordinates":[[99.99285,20.36822],[99.99384,20.36875]]},"properties":{"c":"secondary","h":2.75,"k":0.7018,"m":true,"len":119,"t":"TH570905"}},{"type":"Feature","geometry":{"type":"LineString","coordinates":[[99.99384,20.36875],[99.99483,20.36929]]},"properties":{"c":"secondary","h":1.8,"k":0.7018,"m":true,"len":119,"t":"TH570905"}},{"type":"Feature","geometry":{"type":"LineString","coordinates":[[99.99483,20.36929],[99.99576,20.3698],[99.99581,20.36983]]},"properties":{"c":"secondary","h":2.0,"k":0.7018,"m":true,"len":119,"t":"TH570905"}},{"type":"Feature","geometry":{"type":"LineString","coordinates":[[99.99581,20.36983],[99.99608,20.36994],[99.99633,20.37],[99.99665,20.37005],[99.99692,20.37005]]},"properties":{"c":"secondary","h":1.35,"k":0.7018,"m":true,"len":119,"t":"TH570905"}},{"type":"Feature","geometry":{"type":"LineString","coordinates":[[99.88305,20.44445],[99.88314,20.44427],[99.88344,20.44383],[99.88346,20.4438],[99.88351,20.4438]]},"properties":{"c":"residential","h":0.3,"k":0.9958,"m":true,"len":89,"t":"TH570901"}},{"type":"Feature","geometry":{"type":"LineString","coordinates":[[99.88351,20.4438],[99.88392,20.4438],[99.88424,20.44374],[99.8843,20.44371],[99.88434,20.44369]]},"properties":{"c":"residential","h":0.85,"k":0.9958,"m":true,"len":89,"t":"TH570901"}},{"type":"Feature","geometry":{"type":"LineString","coordinates":[[99.88434,20.44369],[99.88448,20.44362],[99.88475,20.44342],[99.88502,20.4432]]},"properties":{"c":"residential","h":1.4,"k":0.9958,"m":true,"len":89,"t":"TH570901"}},{"type":"Feature","geometry":{"type":"LineString","coordinates":[[99.88305,20.44427],[99.88314,20.44427]]},"properties":{"c":"residential","h":1.45,"k":0.9958,"m":true,"len":9,"t":"TH570901"}},{"type":"Feature","geometry":{"type":"LineString","coordinates":[[99.88411,20.4419],[99.88448,20.44176],[99.88477,20.4417],[99.8851,20.44164]]},"properties":{"c":"unclassified","h":2.9,"k":0.9999,"m":true,"len":108,"t":"TH570901"}},{"type":"Feature","geometry":{"type":"LineString","coordinates":[[99.8851,20.44164],[99.88527,20.44161],[99.88557,20.44158],[99.88585,20.44151],[99.88611,20.44142]]},"properties":{"c":"unclassified","h":1.1,"k":0.9997,"m":true,"len":108,"t":"TH570901"}},{"type":"Feature","geometry":{"type":"LineString","coordinates":[[99.88611,20.44142],[99.88616,20.4414],[99.88637,20.44133],[99.88662,20.44126],[99.88685,20.44122],[99.88711,20.44121]]},"properties":{"c":"unclassified","h":1.1,"k":0.9997,"m":true,"len":108,"t":"TH570901"}},{"type":"Feature","geometry":{"type":"LineString","coordinates":[[99.88271,20.44199],[99.88244,20.44229],[99.88223,20.44261],[99.88219,20.44274]]},"properties":{"c":"residential","h":2.75,"k":0.9958,"m":true,"len":100,"t":"TH570901"}},{"type":"Feature","geometry":{"type":"LineString","coordinates":[[99.88219,20.44274],[99.88213,20.44292],[99.88209,20.44312],[99.88206,20.44338],[99.88205,20.44345],[99.88203,20.44362]]},"properties":{"c":"residential","h":2.15,"k":0.9958,"m":true,"len":100,"t":"TH570901"}},{"type":"Feature","geometry":{"type":"LineString","coordinates":[[99.88203,20.44362],[99.88201,20.44379],[99.88197,20.44415],[99.88194,20.44452]]},"properties":{"c":"residential","h":0.2,"k":0.9958,"m":true,"len":100,"t":"TH570901"}},{"type":"Feature","geometry":{"type":"LineString","coordinates":[[99.87937,20.30384],[99.87962,20.30392],[99.87976,20.30404],[99.8801,20.30435],[99.88017,20.30441]]},"properties":{"c":"residential","h":3.15,"k":0.3554,"m":true,"len":106,"t":"TH570909"}},{"type":"Feature","geometry":{"type":"LineString","coordinates":[[99.88017,20.30441],[99.88089,20.30505],[99.88091,20.30507]]},"properties":{"c":"residential","h":2.5,"k":0.3554,"m":true,"len":106,"t":"TH570909"}},{"type":"Feature","geometry":{"type":"LineString","coordinates":[[99.88091,20.30507],[99.8814,20.30556],[99.88159,20.30578],[99.88159,20.30578]]},"properties":{"c":"residential","h":2.65,"k":0.3554,"m":true,"len":106,"t":"TH570909"}},{"type":"Feature","geometry":{"type":"LineString","coordinates":[[99.88362,20.42633],[99.88355,20.42632],[99.88353,20.42633],[99.8835,20.42635],[99.88347,20.4264]]},"properties":{"c":"primary","h":null,"k":1.0,"m":true,"len":19,"t":"TH570906"}},{"type":"Feature","geometry":{"type":"LineString","coordinates":[[99.88406,20.41881],[99.88371,20.4188]]},"properties":{"c":"secondary","h":null,"k":1.0,"m":true,"len":37,"t":"TH570906"}},{"type":"Feature","geometry":{"type":"LineString","coordinates":[[99.88439,20.33036],[99.88454,20.3311],[99.88461,20.33143]]},"properties":{"c":"trunk","h":null,"k":1.0,"m":true,"len":120,"t":"TH570904","n":"ถนนพหลโยธิน"}},{"type":"Feature","geometry":{"type":"LineString","coordinates":[[99.88461,20.33143],[99.88483,20.33249]]},"properties":{"c":"trunk","h":null,"k":1.0,"m":true,"len":120,"t":"TH570904","n":"ถนนพหลโยธิน"}},{"type":"Feature","geometry":{"type":"LineString","coordinates":[[99.88483,20.33249],[99.88504,20.33355]]},"properties":{"c":"trunk","h":null,"k":1.0,"m":true,"len":120,"t":"TH570904","n":"ถนนพหลโยธิน"}},{"type":"Feature","geometry":{"type":"LineString","coordinates":[[99.88504,20.33355],[99.88506,20.33365],[99.88513,20.33396],[99.88526,20.33462]]},"properties":{"c":"trunk","h":11.25,"k":0.3838,"m":true,"len":120,"t":"TH570904","n":"ถนนพหลโยธิน"}},{"type":"Feature","geometry":{"type":"LineString","coordinates":[[99.88526,20.33462],[99.88548,20.33568]]},"properties":{"c":"trunk","h":11.2,"k":0.3838,"m":true,"len":120,"t":"TH570904","n":"ถนนพหลโยธิน"}},{"type":"Feature","geometry":{"type":"LineString","coordinates":[[99.88548,20.33568],[99.88569,20.33675]]},"properties":{"c":"trunk","h":null,"k":1.0,"m":true,"len":120,"t":"TH570904","n":"ถนนพหลโยธิน"}},{"type":"Feature","geometry":{"type":"LineString","coordinates":[[99.88569,20.33675],[99.88572,20.33688],[99.8859,20.33781]]},"properties":{"c":"trunk","h":null,"k":1.0,"m":true,"len":120,"t":"TH570904","n":"ถนนพหลโยธิน"}},{"type":"Feature","geometry":{"type":"LineString","coordinates":[[99.8859,20.33781],[99.88611,20.33888]]},"properties":{"c":"trunk","h":10.7,"k":0.3838,"m":true,"len":120,"t":"TH570904","n":"ถนนพหลโยธิน"}},{"type":"Feature","geometry":{"type":"LineString","coordinates":[[99.88611,20.33888],[99.88631,20.33994]]},"properties":{"c":"trunk","h":11.5,"k":0.3838,"m":true,"len":120,"t":"TH570904","n":"ถนนพหลโยธิน"}},{"type":"Feature","geometry":{"type":"LineString","coordinates":[[99.88631,20.33994],[99.88652,20.34101]]},"properties":{"c":"trunk","h":10.85,"k":0.3838,"m":true,"len":120,"t":"TH570904","n":"ถนนพหลโยธิน"}},{"type":"Feature","geometry":{"type":"LineString","coordinates":[[99.88652,20.34101],[99.88673,20.34207]]},"properties":{"c":"trunk","h":11.05,"k":0.3838,"m":true,"len":120,"t":"TH570904","n":"ถนนพหลโยธิน"}},{"type":"Feature","geometry":{"type":"LineString","coordinates":[[99.88673,20.34207],[99.88683,20.34262],[99.88692,20.34312],[99.88692,20.34314]]},"properties":{"c":"trunk","h":null,"k":1.0,"m":true,"len":120,"t":"TH570904","n":"ถนนพหลโยธิน"}},{"type":"Feature","geometry":{"type":"LineString","coordinates":[[99.88692,20.34314],[99.88696,20.34348],[99.88697,20.3438],[99.88697,20.34395],[99.88696,20.34422]]},"properties":{"c":"trunk","h":null,"k":1.0,"m":true,"len":120,"t":"TH570904","n":"ถนนพหลโยธิน"}},{"type":"Feature","geometry":{"type":"LineString","coordinates":[[99.88696,20.34422],[99.88695,20.3445],[99.88692,20.34531]]},"properties":{"c":"trunk","h":12.5,"k":0.3838,"m":true,"len":120,"t":"TH570904","n":"ถนนพหลโยธิน"}},{"type":"Feature","geometry":{"type":"LineString","coordinates":[[99.88692,20.34531],[99.88691,20.34541],[99.88688,20.34639]]},"properties":{"c":"trunk","h":null,"k":1.0,"m":true,"len":120,"t":"TH570904","n":"ถนนพหลโยธิน"}},{"type":"Feature","geometry":{"type":"LineString","coordinates":[[99.88688,20.34639],[99.88686,20.34692],[99.88684,20.34747]]},"properties":{"c":"trunk","h":6.8,"k":0.3838,"m":true,"len":120,"t":"TH570904","n":"ถนนพหลโยธิน"}},{"type":"Feature","geometry":{"type":"LineString","coordinates":[[99.88684,20.34747],[99.88681,20.34817],[99.88682,20.34822],[99.8868,20.34855]]},"properties":{"c":"trunk","h":6.75,"k":0.3838,"m":true,"len":120,"t":"TH570904","n":"ถนนพหลโยธิน"}},{"type":"Feature","geometry":{"type":"LineString","coordinates":[[99.8868,20.34855],[99.88677,20.34953],[99.88676,20.34964]]},"properties":{"c":"trunk","h":6.75,"k":0.3838,"m":true,"len":120,"t":"TH570904","n":"ถนนพหลโยธิน"}},{"type":"Feature","geometry":{"type":"LineString","coordinates":[[99.88676,20.34964],[99.88666,20.35064],[99.88665,20.35071]]},"properties":{"c":"trunk","h":6.75,"k":0.3838,"m":true,"len":120,"t":"TH570904","n":"ถนนพหลโยธิน"}},{"type":"Feature","geometry":{"type":"LineString","coordinates":[[99.88665,20.35071],[99.88652,20.35165],[99.88651,20.35179]]},"properties":{"c":"trunk","h":7.15,"k":0.3838,"m":true,"len":120,"t":"TH570904","n":"ถนนพหลโยธิน"}},{"type":"Feature","geometry":{"type":"LineString","coordinates":[[99.88651,20.35179],[99.88645,20.35221],[99.88645,20.35226],[99.88638,20.35287]]},"properties":{"c":"trunk","h":7.05,"k":0.3838,"m":true,"len":120,"t":"TH570904","n":"ถนนพหลโยธิน"}},{"type":"Feature","geometry":{"type":"LineString","coordinates":[[99.88638,20.35287],[99.88626,20.35394]]},"properties":{"c":"trunk","h":6.9,"k":0.3838,"m":true,"len":120,"t":"TH570904","n":"ถนนพหลโยธิน"}},{"type":"Feature","geometry":{"type":"LineString","coordinates":[[99.88626,20.35394],[99.88613,20.35502]]},"properties":{"c":"trunk","h":6.75,"k":0.3838,"m":true,"len":120,"t":"TH570904","n":"ถนนพหลโยธิน"}},{"type":"Feature","geometry":{"type":"LineString","coordinates":[[99.88613,20.35502],[99.88601,20.3561]]},"properties":{"c":"trunk","h":7.3,"k":0.3838,"m":true,"len":120,"t":"TH570904","n":"ถนนพหลโยธิน"}},{"type":"Feature","geometry":{"type":"LineString","coordinates":[[99.88601,20.3561],[99.88589,20.35717]]},"properties":{"c":"trunk","h":7.45,"k":0.3838,"m":true,"len":120,"t":"TH570904","n":"ถนนพหลโยธิน"}},{"type":"Feature","geometry":{"type":"LineString","coordinates":[[99.88589,20.35717],[99.88578,20.35813],[99.88576,20.35825]]},"properties":{"c":"trunk","h":7.5,"k":0.3838,"m":true,"len":120,"t":"TH570904","n":"ถนนพหลโยธิน"}},{"type":"Feature","geometry":{"type":"LineString","coordinates":[[99.88576,20.35825],[99.88562,20.35933]]},"properties":{"c":"trunk","h":12.7,"k":0.3838,"m":true,"len":120,"t":"TH570904","n":"ถนนพหลโยธิน"}},{"type":"Feature","geometry":{"type":"LineString","coordinates":[[99.88562,20.35933],[99.88561,20.35942],[99.88548,20.3604]]},"properties":{"c":"trunk","h":12.7,"k":0.3838,"m":true,"len":120,"t":"TH570904","n":"ถนนพหลโยธิน"}},{"type":"Feature","geometry":{"type":"LineString","coordinates":[[99.88548,20.3604],[99.88534,20.36148]]},"properties":{"c":"trunk","h":null,"k":1.0,"m":true,"len":120,"t":"TH570904","n":"ถนนพหลโยธิน"}},{"type":"Feature","geometry":{"type":"LineString","coordinates":[[99.88534,20.36148],[99.88519,20.36255]]},"properties":{"c":"trunk","h":null,"k":1.0,"m":true,"len":120,"t":"TH570904","n":"ถนนพหลโยธิน"}},{"type":"Feature","geometry":{"type":"LineString","coordinates":[[99.88519,20.36255],[99.88508,20.36343],[99.88505,20.36362]]},"properties":{"c":"trunk","h":null,"k":1.0,"m":true,"len":120,"t":"TH570904","n":"ถนนพหลโยธิน"}},{"type":"Feature","geometry":{"type":"LineString","coordinates":[[99.88505,20.36362],[99.88489,20.3647]]},"properties":{"c":"trunk","h":null,"k":1.0,"m":true,"len":120,"t":"TH570904","n":"ถนนพหลโยธิน"}},{"type":"Feature","geometry":{"type":"LineString","coordinates":[[99.88489,20.3647],[99.88489,20.36471],[99.88478,20.36559],[99.88475,20.36577]]},"properties":{"c":"trunk","h":null,"k":1.0,"m":true,"len":120,"t":"TH570904","n":"ถนนพหลโยธิน"}},{"type":"Feature","geometry":{"type":"LineString","coordinates":[[99.88475,20.36577],[99.88465,20.36646],[99.88461,20.36675],[99.8846,20.36685]]},"properties":{"c":"trunk","h":null,"k":1.0,"m":true,"len":120,"t":"TH570904","n":"ถนนพหลโยธิน"}},{"type":"Feature","geometry":{"type":"LineString","coordinates":[[99.8846,20.36685],[99.88457,20.36707],[99.8846,20.36735],[99.88465,20.36761],[99.88476,20.36791]]},"properties":{"c":"trunk","h":7.95,"k":0.35,"m":true,"len":120,"t":"TH570904","n":"ถนนพหลโยธิน"}},{"type":"Feature","geometry":{"type":"LineString","coordinates":[[99.88476,20.36791],[99.88478,20.36796],[99.88492,20.36821],[99.88504,20.36847],[99.88515,20.3688],[99.88517,20.36891]]},"properties":{"c":"trunk","h":4.45,"k":0.35,"m":true,"len":120,"t":"TH570904","n":"ถนนพหลโยธิน"}},{"type":"Feature","geometry":{"type":"LineString","coordinates":[[99.88517,20.36891],[99.88521,20.3691],[99.88527,20.36957],[99.88531,20.36999]]},"properties":{"c":"trunk","h":5.5,"k":0.35,"m":true,"len":120,"t":"TH570904","n":"ถนนพหลโยธิน"}},{"type":"Feature","geometry":{"type":"LineString","coordinates":[[99.88531,20.36999],[99.88542,20.37106]]},"properties":{"c":"trunk","h":7.7,"k":0.35,"m":true,"len":120,"t":"TH570904","n":"ถนนพหลโยธิน"}},{"type":"Feature","geometry":{"type":"LineString","coordinates":[[99.88542,20.37106],[99.8855,20.37187],[99.8855,20.37214]]},"properties":{"c":"trunk","h":9.35,"k":0.35,"m":true,"len":120,"t":"TH570904","n":"ถนนพหลโยธิน"}},{"type":"Feature","geometry":{"type":"LineString","coordinates":[[99.8855,20.37214],[99.88551,20.37261],[99.88547,20.37323]]},"properties":{"c":"trunk","h":11.65,"k":0.35,"m":true,"len":120,"t":"TH570904","n":"ถนนพหลโยธิน"}},{"type":"Feature","geometry":{"type":"LineString","coordinates":[[99.88547,20.37323],[99.88547,20.37323],[99.8854,20.37373],[99.88533,20.37412],[99.88528,20.37429]]},"properties":{"c":"trunk","h":null,"k":1.0,"m":true,"len":120,"t":"TH570904","n":"ถนนพหลโยธิน"}},{"type":"Feature","geometry":{"type":"LineString","coordinates":[[99.88528,20.37429],[99.88521,20.37462],[99.88507,20.37536]]},"properties":{"c":"trunk","h":null,"k":1.0,"m":true,"len":120,"t":"TH570904","n":"ถนนพหลโยธิน"}},{"type":"Feature","geometry":{"type":"LineString","coordinates":[[99.88507,20.37536],[99.88487,20.37643]]},"properties":{"c":"trunk","h":null,"k":1.0,"m":true,"len":120,"t":"TH570904","n":"ถนนพหลโยธิน"}},{"type":"Feature","geometry":{"type":"LineString","coordinates":[[99.88487,20.37643],[99.88468,20.37749]]},"properties":{"c":"trunk","h":null,"k":1.0,"m":true,"len":120,"t":"TH570904","n":"ถนนพหลโยธิน"}},{"type":"Feature","geometry":{"type":"LineString","coordinates":[[99.88433,20.33014],[99.88439,20.33036]]},"properties":{"c":"trunk","h":null,"k":1.0,"m":true,"len":25,"t":"TH570909","n":"ถนนพหลโยธิน"}},{"type":"Feature","geometry":{"type":"LineString","coordinates":[[99.88451,20.33032],[99.88447,20.33011]]},"properties":{"c":"trunk","h":null,"k":1.0,"m":true,"len":24,"t":"TH570909","n":"ถนนพหลโยธิน"}},{"type":"Feature","geometry":{"type":"LineString","coordinates":[[99.86444,20.27747],[99.86427,20.27754]]},"properties":{"c":"trunk","h":null,"k":1.0,"m":true,"len":19,"t":"TH570902"}},{"type":"Feature","geometry":{"type":"LineString","coordinates":[[99.86104,20.27064],[99.86089,20.27071]]},"properties":{"c":"trunk","h":null,"k":1.0,"m":true,"len":17,"t":"TH570902"}},{"type":"Feature","geometry":{"type":"LineString","coordinates":[[99.94187,20.4396],[99.94156,20.44001],[99.9411,20.44038]]},"properties":{"c":"unclassified","h":3.05,"k":1.0,"m":true,"len":119,"t":"TH570901"}},{"type":"Feature","geometry":{"type":"LineString","coordinates":[[99.9411,20.44038],[99.94054,20.44084],[99.94025,20.44108]]},"properties":{"c":"unclassified","h":1.45,"k":1.0,"m":true,"len":119,"t":"TH570901"}},{"type":"Feature","geometry":{"type":"LineString","coordinates":[[99.94025,20.44108],[99.94013,20.44118],[99.93974,20.44151],[99.93958,20.44172],[99.93952,20.44188]]},"properties":{"c":"unclassified","h":2.35,"k":1.0,"m":true,"len":119,"t":"TH570901"}},{"type":"Feature","geometry":{"type":"LineString","coordinates":[[99.93952,20.44188],[99.9395,20.44196],[99.93943,20.44269],[99.93939,20.44295]]},"properties":{"c":"unclassified","h":3.65,"k":0.5002,"m":true,"len":119,"t":"TH570901"}},{"type":"Feature","geometry":{"type":"LineString","coordinates":[[99.93939,20.44295],[99.93925,20.44388],[99.93921,20.444]]},"properties":{"c":"unclassified","h":0.05,"k":0.5002,"m":true,"len":119,"t":"TH570901"}},{"type":"Feature","geometry":{"type":"LineString","coordinates":[[99.93921,20.444],[99.93912,20.44426],[99.93907,20.44437],[99.93881,20.44495],[99.93879,20.445]]},"properties":{"c":"unclassified","h":0.25,"k":0.5002,"m":true,"len":119,"t":"TH570901"}},{"type":"Feature","geometry":{"type":"LineString","coordinates":[[99.93879,20.445],[99.93832,20.44597]]},"properties":{"c":"unclassified","h":0.25,"k":0.5002,"m":true,"len":119,"t":"TH570901"}},{"type":"Feature","geometry":{"type":"LineString","coordinates":[[99.93765,20.44796],[99.93704,20.44887]]},"properties":{"c":"unclassified","h":3.0,"k":0.5002,"m":true,"len":119,"t":"TH570901"}},{"type":"Feature","geometry":{"type":"LineString","coordinates":[[99.93704,20.44887],[99.9369,20.44909],[99.93668,20.4493],[99.93623,20.44958],[99.93623,20.44959]]},"properties":{"c":"unclassified","h":3.25,"k":0.5002,"m":true,"len":119,"t":"TH570901"}},{"type":"Feature","geometry":{"type":"LineString","coordinates":[[99.93623,20.44959],[99.93526,20.45016]]},"properties":{"c":"unclassified","h":0.85,"k":0.4999,"m":true,"len":119,"t":"TH570901"}},{"type":"Feature","geometry":{"type":"LineString","coordinates":[[99.93526,20.45016],[99.93457,20.45057],[99.93426,20.45062]]},"properties":{"c":"unclassified","h":3.4,"k":0.4996,"m":true,"len":119,"t":"TH570901"}},{"type":"Feature","geometry":{"type":"LineString","coordinates":[[99.93426,20.45062],[99.93423,20.45063],[99.93349,20.45065],[99.93315,20.45077]]},"properties":{"c":"unclassified","h":0.05,"k":0.4996,"m":true,"len":119,"t":"TH570901"}},{"type":"Feature","geometry":{"type":"LineString","coordinates":[[99.93315,20.45077],[99.93295,20.45085],[99.93259,20.451],[99.93211,20.4512]]},"properties":{"c":"unclassified","h":0.05,"k":0.4996,"m":true,"len":119,"t":"TH570901"}},{"type":"Feature","geometry":{"type":"LineString","coordinates":[[99.93211,20.4512],[99.93197,20.45126],[99.93166,20.45148],[99.93122,20.45186]]},"properties":{"c":"unclassified","h":0.05,"k":0.4996,"m":true,"len":119,"t":"TH570901"}},{"type":"Feature","geometry":{"type":"LineString","coordinates":[[99.93038,20.45259],[99.9303,20.45266],[99.93017,20.45291],[99.92994,20.45308],[99.9296,20.45314],[99.92951,20.45313]]},"properties":{"c":"unclassified","h":0.05,"k":0.4977,"m":true,"len":119,"t":"TH570901"}},{"type":"Feature","geometry":{"type":"LineString","coordinates":[[99.92951,20.45313],[99.92931,20.4531],[99.92882,20.45291],[99.92878,20.45253]]},"properties":{"c":"unclassified","h":1.25,"k":0.4975,"m":true,"len":119,"t":"TH570901"}},{"type":"Feature","geometry":{"type":"LineString","coordinates":[[99.92878,20.45253],[99.92877,20.45248],[99.92855,20.45194],[99.92823,20.45162]]},"properties":{"c":"unclassified","h":1.2,"k":0.4975,"m":true,"len":119,"t":"TH570901"}},{"type":"Feature","geometry":{"type":"LineString","coordinates":[[99.92823,20.45162],[99.92797,20.45137],[99.92745,20.45084]]},"properties":{"c":"unclassified","h":1.65,"k":0.4973,"m":true,"len":119,"t":"TH570901"}},{"type":"Feature","geometry":{"type":"LineString","coordinates":[[99.92745,20.45084],[99.92691,20.45028],[99.92674,20.45001]]},"properties":{"c":"unclassified","h":1.4,"k":0.4975,"m":true,"len":119,"t":"TH570901"}},{"type":"Feature","geometry":{"type":"LineString","coordinates":[[99.92674,20.45001],[99.92659,20.44975],[99.92613,20.44911]]},"properties":{"c":"unclassified","h":3.8,"k":0.4973,"m":true,"len":119,"t":"TH570901"}},{"type":"Feature","geometry":{"type":"LineString","coordinates":[[99.92613,20.44911],[99.92604,20.44899],[99.92548,20.44852],[99.92529,20.44839]]},"properties":{"c":"unclassified","h":2.75,"k":0.4973,"m":true,"len":119,"t":"TH570901"}},{"type":"Feature","geometry":{"type":"LineString","coordinates":[[99.92529,20.44839],[99.92518,20.44831],[99.92448,20.44804],[99.92426,20.44796]]},"properties":{"c":"unclassified","h":2.7,"k":0.4973,"m":true,"len":119,"t":"TH570901"}},{"type":"Feature","geometry":{"type":"LineString","coordinates":[[99.9235,20.4472],[99.92335,20.4469],[99.92298,20.44624]]},"properties":{"c":"unclassified","h":3.9,"k":0.4973,"m":true,"len":119,"t":"TH570901"}},{"type":"Feature","geometry":{"type":"LineString","coordinates":[[99.92298,20.44624],[99.92291,20.44612],[99.92288,20.44605],[99.92275,20.44593],[99.92208,20.44567]]},"properties":{"c":"unclassified","h":2.95,"k":0.4946,"m":true,"len":119,"t":"TH570901"}},{"type":"Feature","geometry":{"type":"LineString","coordinates":[[99.92101,20.44532],[99.92087,20.44531],[99.92061,20.44532],[99.92042,20.44537],[99.92019,20.44549],[99.92002,20.44561],[99.91998,20.44566]]},"properties":{"c":"unclassified","h":1.85,"k":0.4946,"m":true,"len":119,"t":"TH570901"}},{"type":"Feature","geometry":{"type":"LineString","coordinates":[[99.91998,20.44566],[99.91963,20.446],[99.9195,20.44611],[99.91933,20.44619],[99.91919,20.44623],[99.91913,20.44624],[99.91907,20.44625]]},"properties":{"c":"unclassified","h":2.3,"k":0.4946,"m":true,"len":119,"t":"TH570901"}},{"type":"Feature","geometry":{"type":"LineString","coordinates":[[99.91793,20.44628],[99.91759,20.44629],[99.91732,20.4463],[99.91697,20.44636],[99.91682,20.44643]]},"properties":{"c":"unclassified","h":3.15,"k":0.4931,"m":true,"len":119,"t":"TH570901"}},{"type":"Feature","geometry":{"type":"LineString","coordinates":[[99.91682,20.44643],[99.91677,20.44646],[99.91629,20.44673],[99.91595,20.44709]]},"properties":{"c":"unclassified","h":1.8,"k":0.4931,"m":true,"len":119,"t":"TH570901"}},{"type":"Feature","geometry":{"type":"LineString","coordinates":[[99.91595,20.44709],[99.91561,20.44745],[99.91527,20.44782],[99.9152,20.4479]]},"properties":{"c":"unclassified","h":0.55,"k":0.4931,"m":true,"len":119,"t":"TH570901"}},{"type":"Feature","geometry":{"type":"LineString","coordinates":[[99.9152,20.4479],[99.91475,20.44831],[99.9143,20.44855]]},"properties":{"c":"unclassified","h":1.15,"k":0.4931,"m":true,"len":119,"t":"TH570901"}},{"type":"Feature","geometry":{"type":"LineString","coordinates":[[99.9143,20.44855],[99.91423,20.44859],[99.91371,20.44871],[99.9132,20.44873]]},"properties":{"c":"unclassified","h":1.45,"k":0.4931,"m":true,"len":119,"t":"TH570901"}},{"type":"Feature","geometry":{"type":"LineString","coordinates":[[99.9132,20.44873],[99.91287,20.44875],[99.91206,20.4488]]},"properties":{"c":"unclassified","h":0.95,"k":0.4882,"m":true,"len":119,"t":"TH570901"}},{"type":"Feature","geometry":{"type":"LineString","coordinates":[[99.91206,20.4488],[99.91158,20.44883],[99.91093,20.44887]]},"properties":{"c":"unclassified","h":1.05,"k":0.4882,"m":true,"len":119,"t":"TH570901"}},{"type":"Feature","geometry":{"type":"LineString","coordinates":[[99.91093,20.44887],[99.91013,20.44892],[99.90979,20.44894]]},"properties":{"c":"unclassified","h":1.25,"k":0.4881,"m":true,"len":119,"t":"TH570901"}},{"type":"Feature","geometry":{"type":"LineString","coordinates":[[99.90979,20.44894],[99.90912,20.44897],[99.90866,20.44898]]},"properties":{"c":"unclassified","h":0.65,"k":0.4881,"m":true,"len":119,"t":"TH570901"}},{"type":"Feature","geometry":{"type":"LineString","coordinates":[[99.90866,20.44898],[99.90865,20.44898],[99.90797,20.44893],[99.90758,20.44882],[99.90755,20.44881]]},"properties":{"c":"unclassified","h":0.65,"k":0.4879,"m":true,"len":119,"t":"TH570901"}},{"type":"Feature","geometry":{"type":"LineString","coordinates":[[99.90755,20.44881],[99.90711,20.44859],[99.90659,20.44829],[99.90657,20.44827]]},"properties":{"c":"unclassified","h":0.65,"k":0.4879,"m":true,"len":119,"t":"TH570901"}},{"type":"Feature","geometry":{"type":"LineString","coordinates":[[99.90657,20.44827],[99.9065,20.4482],[99.90643,20.44813],[99.90636,20.4479],[99.90636,20.44745],[99.90634,20.44726]]},"properties":{"c":"unclassified","h":3.55,"k":0.4879,"m":true,"len":119,"t":"TH570901"}},{"type":"Feature","geometry":{"type":"LineString","coordinates":[[99.92288,20.44605],[99.92302,20.44574],[99.92307,20.44543],[99.92308,20.44525]]},"properties":{"c":"residential","h":0.25,"k":0.4946,"m":true,"len":92,"t":"TH570901"}},{"type":"Feature","geometry":{"type":"LineString","coordinates":[[99.92308,20.44525],[99.92312,20.44461],[99.92292,20.44461]]},"properties":{"c":"residential","h":0.1,"k":0.4946,"m":true,"len":92,"t":"TH570901"}},{"type":"Feature","geometry":{"type":"LineString","coordinates":[[99.92292,20.44461],[99.92277,20.44462],[99.9227,20.44439],[99.9226,20.44417],[99.92245,20.44401]]},"properties":{"c":"residential","h":0.95,"k":0.4946,"m":true,"len":92,"t":"TH570901"}},{"type":"Feature","geometry":{"type":"LineString","coordinates":[[99.92245,20.44401],[99.92222,20.44376],[99.92214,20.44362],[99.92215,20.44328]]},"properties":{"c":"residential","h":1.35,"k":0.4946,"m":true,"len":92,"t":"TH570901"}},{"type":"Feature","geometry":{"type":"LineString","coordinates":[[99.89193,20.43704],[99.89193,20.43714],[99.89192,20.43745],[99.89191,20.43756],[99.89195,20.43767],[99.89204,20.43767],[99.89215,20.43769]]},"properties":{"c":"unclassified","h":1.85,"k":1.0,"m":true,"len":91,"t":"TH570901"}},{"type":"Feature","geometry":{"type":"LineString","coordinates":[[99.89215,20.43769],[99.89229,20.43771],[99.89302,20.43773]]},"properties":{"c":"unclassified","h":1.9,"k":1.0,"m":true,"len":91,"t":"TH570901"}},{"type":"Feature","geometry":{"type":"LineString","coordinates":[[99.89348,20.43825],[99.89365,20.43888],[99.89366,20.43894],[99.89367,20.43905]]},"properties":{"c":"unclassified","h":1.05,"k":0.9999,"m":true,"len":91,"t":"TH570901"}},{"type":"Feature","geometry":{"type":"LineString","coordinates":[[99.87483,20.44308],[99.87488,20.44313],[99.87502,20.44329],[99.87512,20.44342]]},"properties":{"c":"unclassified","h":1.35,"k":0.9955,"m":true,"len":49,"t":"TH570906"}},{"type":"Feature","geometry":{"type":"LineString","coordinates":[[99.88403,20.43983],[99.88429,20.44006],[99.88451,20.44029],[99.88468,20.44055],[99.88476,20.44065]]},"properties":{"c":"residential","h":2.65,"k":0.9999,"m":true,"len":119,"t":"TH570901"}},{"type":"Feature","geometry":{"type":"LineString","coordinates":[[99.88476,20.44065],[99.88494,20.44089],[99.88507,20.44109],[99.88527,20.44161]]},"properties":{"c":"residential","h":2.25,"k":0.9997,"m":true,"len":119,"t":"TH570901"}},{"type":"Feature","geometry":{"type":"LineString","coordinates":[[99.88396,20.43977],[99.88403,20.43983]]},"properties":{"c":"residential","h":2.9,"k":0.9999,"m":true,"len":9,"t":"TH570901"}},{"type":"Feature","geometry":{"type":"LineString","coordinates":[[99.88477,20.43886],[99.88542,20.4387],[99.88587,20.43859]]},"properties":{"c":"tertiary","h":3.5,"k":0.9999,"m":true,"len":118,"t":"TH570901","n":"ถนนเหมืองแดง"}},{"type":"Feature","geometry":{"type":"LineString","coordinates":[[99.89035,20.43857],[99.8904,20.43858],[99.89092,20.43869],[99.89146,20.43878]]},"properties":{"c":"tertiary","h":3.4,"k":1.0,"m":true,"len":118,"t":"TH570901","n":"ถนนเหมืองแดง"}},{"type":"Feature","geometry":{"type":"LineString","coordinates":[[99.89146,20.43878],[99.89179,20.43884],[99.89192,20.43885],[99.89258,20.43894]]},"properties":{"c":"tertiary","h":1.9,"k":1.0,"m":true,"len":118,"t":"TH570901","n":"ถนนเหมืองแดง"}},{"type":"Feature","geometry":{"type":"LineString","coordinates":[[99.89258,20.43894],[99.89301,20.439],[99.89343,20.43903],[99.89367,20.43905],[99.89371,20.43905]]},"properties":{"c":"tertiary","h":2.1,"k":1.0,"m":true,"len":118,"t":"TH570901","n":"ถนนเหมืองแดง"}},{"type":"Feature","geometry":{"type":"LineString","coordinates":[[99.88363,20.42675],[99.88379,20.42709],[99.88387,20.42727],[99.88403,20.42761],[99.88408,20.42771]]},"properties":{"c":"primary","h":null,"k":1.0,"m":true,"len":115,"t":"TH570906","n":"ถนนพหลโยธิน"}},{"type":"Feature","geometry":{"type":"LineString","coordinates":[[99.88408,20.42771],[99.88419,20.42794],[99.88429,20.42816],[99.88438,20.42836],[99.88449,20.42867]]},"properties":{"c":"primary","h":null,"k":1.0,"m":true,"len":115,"t":"TH570906","n":"ถนนพหลโยธิน"}},{"type":"Feature","geometry":{"type":"LineString","coordinates":[[99.88449,20.42867],[99.88451,20.42874],[99.88455,20.4289],[99.88467,20.42949],[99.88472,20.42969]]},"properties":{"c":"primary","h":null,"k":1.0,"m":true,"len":115,"t":"TH570906","n":"ถนนพหลโยธิน"}},{"type":"Feature","geometry":{"type":"LineString","coordinates":[[99.88472,20.42969],[99.88473,20.42973],[99.88475,20.42989],[99.88488,20.43072]]},"properties":{"c":"primary","h":null,"k":1.0,"m":true,"len":115,"t":"TH570906","n":"ถนนพหลโยธิน"}},{"type":"Feature","geometry":{"type":"LineString","coordinates":[[99.88488,20.43072],[99.88488,20.43077],[99.88501,20.43175],[99.88501,20.43176]]},"properties":{"c":"primary","h":null,"k":1.0,"m":true,"len":115,"t":"TH570906","n":"ถนนพหลโยธิน"}},{"type":"Feature","geometry":{"type":"LineString","coordinates":[[99.88501,20.43176],[99.88501,20.43219],[99.88498,20.43263],[99.88496,20.4328]]},"properties":{"c":"primary","h":null,"k":1.0,"m":true,"len":115,"t":"TH570906","n":"ถนนพหลโยธิน"}},{"type":"Feature","geometry":{"type":"LineString","coordinates":[[99.88496,20.4328],[99.88493,20.43313],[99.88485,20.43358],[99.88477,20.43382]]},"properties":{"c":"primary","h":null,"k":1.0,"m":true,"len":115,"t":"TH570906","n":"ถนนพหลโยธิน"}},{"type":"Feature","geometry":{"type":"LineString","coordinates":[[99.88477,20.43382],[99.88471,20.43401],[99.88466,20.43415],[99.88439,20.4348]]},"properties":{"c":"primary","h":null,"k":1.0,"m":true,"len":115,"t":"TH570906","n":"ถนนพหลโยธิน"}},{"type":"Feature","geometry":{"type":"LineString","coordinates":[[99.88439,20.4348],[99.88438,20.43482],[99.884,20.43577]]},"properties":{"c":"primary","h":null,"k":1.0,"m":true,"len":115,"t":"TH570906","n":"ถนนพหลโยธิน"}},{"type":"Feature","geometry":{"type":"LineString","coordinates":[[99.884,20.43577],[99.88375,20.43638],[99.88365,20.43662],[99.8836,20.43674]]},"properties":{"c":"primary","h":null,"k":1.0,"m":true,"len":115,"t":"TH570906","n":"ถนนพหลโยธิน"}},{"type":"Feature","geometry":{"type":"LineString","coordinates":[[99.8836,20.43674],[99.88342,20.43716],[99.8832,20.43771]]},"properties":{"c":"primary","h":null,"k":1.0,"m":true,"len":115,"t":"TH570906","n":"ถนนพหลโยธิน"}},{"type":"Feature","geometry":{"type":"LineString","coordinates":[[99.8832,20.43771],[99.88313,20.43788],[99.88279,20.43868]]},"properties":{"c":"primary","h":null,"k":1.0,"m":true,"len":115,"t":"TH570906","n":"ถนนพหลโยธิน"}},{"type":"Feature","geometry":{"type":"LineString","coordinates":[[99.88279,20.43868],[99.8827,20.43887],[99.88257,20.43921],[99.8824,20.43961],[99.88238,20.43965]]},"properties":{"c":"primary","h":9.6,"k":0.9999,"m":true,"len":115,"t":"TH570906","n":"ถนนพหลโยธิน"}},{"type":"Feature","geometry":{"type":"LineString","coordinates":[[99.88238,20.43965],[99.88219,20.4401],[99.88198,20.44062]]},"properties":{"c":"primary","h":7.15,"k":0.9999,"m":true,"len":115,"t":"TH570906","n":"ถนนพหลโยธิน"}},{"type":"Feature","geometry":{"type":"LineString","coordinates":[[99.88198,20.44062],[99.88188,20.44086],[99.88157,20.44158]]},"properties":{"c":"primary","h":6.6,"k":0.9999,"m":true,"len":115,"t":"TH570906","n":"ถนนพหลโยธิน"}},{"type":"Feature","geometry":{"type":"LineString","coordinates":[[99.88157,20.44158],[99.88129,20.44222],[99.88116,20.44255]]},"properties":{"c":"primary","h":6.75,"k":0.9999,"m":true,"len":115,"t":"TH570906","n":"ถนนพหลโยธิน"}},{"type":"Feature","geometry":{"type":"LineString","coordinates":[[99.88116,20.44255],[99.88084,20.44333],[99.88085,20.44354]]},"properties":{"c":"primary","h":4.35,"k":0.9958,"m":true,"len":115,"t":"TH570906","n":"ถนนพหลโยธิน"}},{"type":"Feature","geometry":{"type":"LineString","coordinates":[[99.88371,20.4188],[99.88395,20.41886],[99.88403,20.41889]]},"properties":{"c":"secondary","h":null,"k":1.0,"m":true,"len":36,"t":"TH570906","n":"ถนนห้วยไคร้ - ห้วยน้ำริน"}},{"type":"Feature","geometry":{"type":"LineString","coordinates":[[99.88085,20.44354],[99.88079,20.44368],[99.88054,20.44426]]},"properties":{"c":"primary","h":0.1,"k":0.9958,"m":true,"len":87,"t":"TH570906","n":"ถนนพหลโยธิน"}},{"type":"Feature","geometry":{"type":"LineString","coordinates":[[99.89371,20.43905],[99.89381,20.43907]]},"properties":{"c":"tertiary","h":0.75,"k":0.9999,"m":true,"len":11,"t":"TH570901","n":"ถนนเหมืองแดง"}},{"type":"Feature","geometry":{"type":"LineString","coordinates":[[99.89948,20.43853],[99.89948,20.43844]]},"properties":{"c":"residential","h":0.25,"k":1.0,"m":true,"len":10,"t":"TH570901"}},{"type":"Feature","geometry":{"type":"LineString","coordinates":[[99.90466,20.44806],[99.90464,20.44862]]},"properties":{"c":"trunk","h":3.75,"k":0.4879,"m":true,"len":63,"t":"TH570901","n":"The 2nd Friendship Bridge"}},{"type":"Feature","geometry":{"type":"LineString","coordinates":[[99.89558,20.42096],[99.89556,20.42104]]},"properties":{"c":"secondary","h":null,"k":1.0,"m":true,"len":10,"t":"TH570906"}},{"type":"Feature","geometry":{"type":"LineString","coordinates":[[99.90207,20.41853],[99.90215,20.41857]]},"properties":{"c":"secondary","h":10.0,"k":1.0,"m":true,"len":10,"t":"TH570901"}},{"type":"Feature","geometry":{"type":"LineString","coordinates":[[99.92147,20.40532],[99.92136,20.40526]]},"properties":{"c":"secondary","h":9.15,"k":1.0,"m":true,"len":14,"t":"TH570905"}},{"type":"Feature","geometry":{"type":"LineString","coordinates":[[99.88898,20.41976],[99.88896,20.41986]]},"properties":{"c":"secondary","h":null,"k":1.0,"m":true,"len":11,"t":"TH570906"}},{"type":"Feature","geometry":{"type":"LineString","coordinates":[[99.90467,20.44743],[99.90467,20.44765],[99.90466,20.44806]]},"properties":{"c":"trunk","h":5.05,"k":0.4879,"m":true,"len":70,"t":"TH570901"}},{"type":"Feature","geometry":{"type":"LineString","coordinates":[[99.89916,20.43443],[99.8998,20.43453],[99.9001,20.43455]]},"properties":{"c":"residential","h":0.4,"k":1.0,"m":true,"len":99,"t":"TH570901"}},{"type":"Feature","geometry":{"type":"LineString","coordinates":[[99.9001,20.43455],[99.90082,20.4346],[99.90105,20.43463]]},"properties":{"c":"residential","h":0.75,"k":1.0,"m":true,"len":99,"t":"TH570901"}},{"type":"Feature","geometry":{"type":"LineString","coordinates":[[99.90105,20.43463],[99.90119,20.43464],[99.902,20.43468]]},"properties":{"c":"residential","h":0.75,"k":1.0,"m":true,"len":99,"t":"TH570901"}},{"type":"Feature","geometry":{"type":"LineString","coordinates":[[99.98799,20.36151],[99.98779,20.36255]]},"properties":{"c":"residential","h":2.15,"k":0.6762,"m":true,"len":118,"t":"TH570905"}},{"type":"Feature","geometry":{"type":"LineString","coordinates":[[99.98779,20.36255],[99.98778,20.36262],[99.98761,20.36358],[99.98761,20.3636]]},"properties":{"c":"residential","h":1.75,"k":0.6762,"m":true,"len":118,"t":"TH570905"}},{"type":"Feature","geometry":{"type":"LineString","coordinates":[[99.98761,20.3636],[99.98753,20.36407],[99.98745,20.36465]]},"properties":{"c":"residential","h":2.9,"k":0.6762,"m":true,"len":118,"t":"TH570905"}},{"type":"Feature","geometry":{"type":"LineString","coordinates":[[99.98745,20.36465],[99.9874,20.36502],[99.98744,20.36512],[99.98796,20.36528],[99.98799,20.36535]]},"properties":{"c":"residential","h":2.15,"k":0.7018,"m":true,"len":118,"t":"TH570905"}},{"type":"Feature","geometry":{"type":"LineString","coordinates":[[99.98799,20.36535],[99.98801,20.36537],[99.98801,20.36543],[99.98789,20.3664]]},"properties":{"c":"residential","h":2.15,"k":0.7018,"m":true,"len":118,"t":"TH570905"}},{"type":"Feature","geometry":{"type":"LineString","coordinates":[[99.98789,20.3664],[99.98776,20.36745]]},"properties":{"c":"residential","h":2.8,"k":0.7018,"m":true,"len":118,"t":"TH570905"}},{"type":"Feature","geometry":{"type":"LineString","coordinates":[[100.0027,20.36996],[100.00307,20.36993],[100.00353,20.36986]]},"properties":{"c":"secondary","h":0.5,"k":0.7052,"m":true,"len":87,"t":"TH570905"}},{"type":"Feature","geometry":{"type":"LineString","coordinates":[[100.00353,20.36986],[100.00436,20.36974]]},"properties":{"c":"secondary","h":0.4,"k":0.7052,"m":true,"len":87,"t":"TH570905"}},{"type":"Feature","geometry":{"type":"LineString","coordinates":[[100.00436,20.36974],[100.00519,20.36962]]},"properties":{"c":"secondary","h":0.25,"k":0.7052,"m":true,"len":87,"t":"TH570905"}},{"type":"Feature","geometry":{"type":"LineString","coordinates":[[99.90855,20.42137],[99.90837,20.42227]]},"properties":{"c":"trunk","h":8.55,"k":1.0,"m":true,"len":102,"t":"TH570901","n":"ถนนเลี่ยงเมืองแม่สาย"}},{"type":"Feature","geometry":{"type":"LineString","coordinates":[[99.90837,20.42227],[99.90828,20.42269],[99.90818,20.42317]]},"properties":{"c":"trunk","h":8.0,"k":1.0,"m":true,"len":102,"t":"TH570901","n":"ถนนเลี่ยงเมืองแม่สาย"}},{"type":"Feature","geometry":{"type":"LineString","coordinates":[[99.90818,20.42317],[99.908,20.42408]]},"properties":{"c":"trunk","h":4.55,"k":1.0,"m":true,"len":102,"t":"TH570901","n":"ถนนเลี่ยงเมืองแม่สาย"}},{"type":"Feature","geometry":{"type":"LineString","coordinates":[[99.908,20.42408],[99.90781,20.42498]]},"properties":{"c":"trunk","h":4.25,"k":1.0,"m":true,"len":102,"t":"TH570901","n":"ถนนเลี่ยงเมืองแม่สาย"}},{"type":"Feature","geometry":{"type":"LineString","coordinates":[[99.90781,20.42498],[99.90777,20.42513],[99.90762,20.42588]]},"properties":{"c":"trunk","h":4.2,"k":1.0,"m":true,"len":102,"t":"TH570901","n":"ถนนเลี่ยงเมืองแม่สาย"}},{"type":"Feature","geometry":{"type":"LineString","coordinates":[[99.90762,20.42588],[99.90745,20.4267],[99.90743,20.42678]]},"properties":{"c":"trunk","h":4.2,"k":1.0,"m":true,"len":102,"t":"TH570901","n":"ถนนเลี่ยงเมืองแม่สาย"}},{"type":"Feature","geometry":{"type":"LineString","coordinates":[[99.9079,20.41334],[99.90787,20.41325]]},"properties":{"c":"trunk","h":null,"k":1.0,"m":true,"len":11,"t":"TH570906","n":"ถนนเลี่ยงเมืองแม่สาย"}},{"type":"Feature","geometry":{"type":"LineString","coordinates":[[99.90685,20.4097],[99.90706,20.41061]]},"properties":{"c":"trunk","h":null,"k":1.0,"m":true,"len":103,"t":"TH570906","n":"ถนนเลี่ยงเมืองแม่สาย"}},{"type":"Feature","geometry":{"type":"LineString","coordinates":[[99.90706,20.41061],[99.90723,20.41135],[99.90727,20.41151]]},"properties":{"c":"trunk","h":null,"k":1.0,"m":true,"len":103,"t":"TH570906","n":"ถนนเลี่ยงเมืองแม่สาย"}},{"type":"Feature","geometry":{"type":"LineString","coordinates":[[99.90727,20.41151],[99.9075,20.41242]]},"properties":{"c":"trunk","h":null,"k":1.0,"m":true,"len":103,"t":"TH570906","n":"ถนนเลี่ยงเมืองแม่สาย"}},{"type":"Feature","geometry":{"type":"LineString","coordinates":[[99.9075,20.41242],[99.90756,20.41265],[99.90774,20.41332]]},"properties":{"c":"trunk","h":null,"k":1.0,"m":true,"len":103,"t":"TH570906","n":"ถนนเลี่ยงเมืองแม่สาย"}},{"type":"Feature","geometry":{"type":"LineString","coordinates":[[99.9086,20.4167],[99.90847,20.41586]]},"properties":{"c":"trunk","h":6.9,"k":1.0,"m":true,"len":95,"t":"TH570901","n":"ถนนเลี่ยงเมืองแม่สาย"}},{"type":"Feature","geometry":{"type":"LineString","coordinates":[[99.90847,20.41586],[99.90841,20.41551],[99.90831,20.41501]]},"properties":{"c":"trunk","h":7.35,"k":1.0,"m":true,"len":95,"t":"TH570901","n":"ถนนเลี่ยงเมืองแม่สาย"}},{"type":"Feature","geometry":{"type":"LineString","coordinates":[[99.90831,20.41501],[99.90813,20.41417]]},"properties":{"c":"trunk","h":7.5,"k":1.0,"m":true,"len":95,"t":"TH570901","n":"ถนนเลี่ยงเมืองแม่สาย"}},{"type":"Feature","geometry":{"type":"LineString","coordinates":[[99.90813,20.41417],[99.90809,20.414],[99.9079,20.41334]]},"properties":{"c":"trunk","h":7.6,"k":1.0,"m":true,"len":95,"t":"TH570901","n":"ถนนเลี่ยงเมืองแม่สาย"}},{"type":"Feature","geometry":{"type":"LineString","coordinates":[[99.90774,20.41332],[99.90776,20.41341]]},"properties":{"c":"trunk","h":null,"k":1.0,"m":true,"len":10,"t":"TH570901","n":"ถนนเลี่ยงเมืองแม่สาย"}},{"type":"Feature","geometry":{"type":"LineString","coordinates":[[99.90787,20.41325],[99.90769,20.4125],[99.90766,20.41235]]},"properties":{"c":"trunk","h":null,"k":1.0,"m":true,"len":102,"t":"TH570906","n":"ถนนเลี่ยงเมืองแม่สาย"}},{"type":"Feature","geometry":{"type":"LineString","coordinates":[[99.90766,20.41235],[99.90754,20.41174],[99.90745,20.41145]]},"properties":{"c":"trunk","h":null,"k":1.0,"m":true,"len":102,"t":"TH570906","n":"ถนนเลี่ยงเมืองแม่สาย"}},{"type":"Feature","geometry":{"type":"LineString","coordinates":[[99.90745,20.41145],[99.90723,20.41067],[99.90718,20.41056]]},"properties":{"c":"trunk","h":null,"k":1.0,"m":true,"len":102,"t":"TH570906","n":"ถนนเลี่ยงเมืองแม่สาย"}},{"type":"Feature","geometry":{"type":"LineString","coordinates":[[99.90718,20.41056],[99.90685,20.4097]]},"properties":{"c":"trunk","h":null,"k":1.0,"m":true,"len":102,"t":"TH570906","n":"ถนนเลี่ยงเมืองแม่สาย"}},{"type":"Feature","geometry":{"type":"LineString","coordinates":[[99.90776,20.41341],[99.90793,20.41411],[99.90796,20.41424]]},"properties":{"c":"trunk","h":7.5,"k":1.0,"m":true,"len":94,"t":"TH570901","n":"ถนนเลี่ยงเมืองแม่สาย"}},{"type":"Feature","geometry":{"type":"LineString","coordinates":[[99.90796,20.41424],[99.90803,20.41448],[99.90816,20.41506]]},"properties":{"c":"trunk","h":7.45,"k":1.0,"m":true,"len":94,"t":"TH570901","n":"ถนนเลี่ยงเมืองแม่สาย"}},{"type":"Feature","geometry":{"type":"LineString","coordinates":[[99.90816,20.41506],[99.90828,20.41557],[99.90837,20.41589]]},"properties":{"c":"trunk","h":7.05,"k":1.0,"m":true,"len":94,"t":"TH570901","n":"ถนนเลี่ยงเมืองแม่สาย"}},{"type":"Feature","geometry":{"type":"LineString","coordinates":[[99.90837,20.41589],[99.9086,20.4167]]},"properties":{"c":"trunk","h":6.7,"k":1.0,"m":true,"len":94,"t":"TH570901","n":"ถนนเลี่ยงเมืองแม่สาย"}},{"type":"Feature","geometry":{"type":"LineString","coordinates":[[99.88403,20.41889],[99.8842,20.41892],[99.88476,20.41907],[99.88514,20.41914]]},"properties":{"c":"secondary","h":null,"k":1.0,"m":true,"len":119,"t":"TH570901"}},{"type":"Feature","geometry":{"type":"LineString","coordinates":[[99.88514,20.41914],[99.88626,20.41934]]},"properties":{"c":"secondary","h":null,"k":1.0,"m":true,"len":119,"t":"TH570901"}},{"type":"Feature","geometry":{"type":"LineString","coordinates":[[99.88626,20.41934],[99.88637,20.41936],[99.88701,20.41948],[99.88737,20.41955]]},"properties":{"c":"secondary","h":null,"k":1.0,"m":true,"len":119,"t":"TH570901"}},{"type":"Feature","geometry":{"type":"LineString","coordinates":[[99.88737,20.41955],[99.88837,20.41974],[99.88849,20.41976]]},"properties":{"c":"secondary","h":null,"k":1.0,"m":true,"len":119,"t":"TH570901"}},{"type":"Feature","geometry":{"type":"LineString","coordinates":[[99.88849,20.41976],[99.88896,20.41986],[99.88961,20.41997]]},"properties":{"c":"secondary","h":null,"k":1.0,"m":true,"len":119,"t":"TH570901"}},{"type":"Feature","geometry":{"type":"LineString","coordinates":[[99.88961,20.41997],[99.89073,20.42017]]},"properties":{"c":"secondary","h":null,"k":1.0,"m":true,"len":119,"t":"TH570901"}},{"type":"Feature","geometry":{"type":"LineString","coordinates":[[99.89073,20.42017],[99.89077,20.42017],[99.89184,20.42037]]},"properties":{"c":"secondary","h":null,"k":1.0,"m":true,"len":119,"t":"TH570901"}},{"type":"Feature","geometry":{"type":"LineString","coordinates":[[99.89184,20.42037],[99.89296,20.42058]]},"properties":{"c":"secondary","h":null,"k":1.0,"m":true,"len":119,"t":"TH570901"}},{"type":"Feature","geometry":{"type":"LineString","coordinates":[[99.89296,20.42058],[99.89349,20.42068],[99.89368,20.42071],[99.89408,20.42078]]},"properties":{"c":"secondary","h":null,"k":1.0,"m":true,"len":119,"t":"TH570901"}},{"type":"Feature","geometry":{"type":"LineString","coordinates":[[99.89408,20.42078],[99.89503,20.42095],[99.8952,20.42098]]},"properties":{"c":"secondary","h":null,"k":1.0,"m":true,"len":119,"t":"TH570901"}},{"type":"Feature","geometry":{"type":"LineString","coordinates":[[99.8952,20.42098],[99.89556,20.42104],[99.89604,20.42113],[99.89632,20.42118]]},"properties":{"c":"secondary","h":null,"k":1.0,"m":true,"len":119,"t":"TH570901"}},{"type":"Feature","geometry":{"type":"LineString","coordinates":[[99.89632,20.42118],[99.89743,20.42139]]},"properties":{"c":"secondary","h":null,"k":1.0,"m":true,"len":119,"t":"TH570901"}},{"type":"Feature","geometry":{"type":"LineString","coordinates":[[99.89743,20.42139],[99.89807,20.4215],[99.8983,20.42152],[99.89836,20.42153],[99.89856,20.42153]]},"properties":{"c":"secondary","h":null,"k":1.0,"m":true,"len":119,"t":"TH570901"}},{"type":"Feature","geometry":{"type":"LineString","coordinates":[[99.89856,20.42153],[99.89859,20.42153],[99.89882,20.42152],[99.89909,20.4215],[99.89938,20.42144],[99.89965,20.42136],[99.89968,20.42135]]},"properties":{"c":"secondary","h":11.5,"k":1.0,"m":true,"len":119,"t":"TH570901"}},{"type":"Feature","geometry":{"type":"LineString","coordinates":[[99.89968,20.42135],[99.89997,20.42125],[99.90031,20.42107],[99.90054,20.42091],[99.90065,20.42082]]},"properties":{"c":"secondary","h":11.15,"k":1.0,"m":true,"len":119,"t":"TH570901"}},{"type":"Feature","geometry":{"type":"LineString","coordinates":[[99.90065,20.42082],[99.90079,20.4207],[99.901,20.42047],[99.90116,20.42027],[99.90132,20.42004],[99.90136,20.41998]]},"properties":{"c":"secondary","h":9.9,"k":1.0,"m":true,"len":119,"t":"TH570901"}},{"type":"Feature","geometry":{"type":"LineString","coordinates":[[99.90136,20.41998],[99.90189,20.41903]]},"properties":{"c":"secondary","h":10.25,"k":1.0,"m":true,"len":119,"t":"TH570901"}},{"type":"Feature","geometry":{"type":"LineString","coordinates":[[99.90189,20.41903],[99.90215,20.41857],[99.90243,20.41808]]},"properties":{"c":"secondary","h":9.4,"k":1.0,"m":true,"len":119,"t":"TH570901"}},{"type":"Feature","geometry":{"type":"LineString","coordinates":[[99.90243,20.41808],[99.90285,20.41736],[99.90301,20.41716]]},"properties":{"c":"secondary","h":10.0,"k":1.0,"m":true,"len":119,"t":"TH570901"}},{"type":"Feature","geometry":{"type":"LineString","coordinates":[[99.90301,20.41716],[99.90313,20.41702],[99.90345,20.41668],[99.9038,20.41639]]},"properties":{"c":"secondary","h":9.55,"k":1.0,"m":true,"len":119,"t":"TH570901"}},{"type":"Feature","geometry":{"type":"LineString","coordinates":[[99.9038,20.41639],[99.90466,20.41569]]},"properties":{"c":"secondary","h":9.4,"k":1.0,"m":true,"len":119,"t":"TH570901"}},{"type":"Feature","geometry":{"type":"LineString","coordinates":[[99.90466,20.41569],[99.90551,20.41498]]},"properties":{"c":"secondary","h":8.7,"k":1.0,"m":true,"len":119,"t":"TH570901"}},{"type":"Feature","geometry":{"type":"LineString","coordinates":[[99.90551,20.41498],[99.90623,20.41439],[99.90638,20.41429]]},"properties":{"c":"secondary","h":8.55,"k":1.0,"m":true,"len":119,"t":"TH570901"}},{"type":"Feature","geometry":{"type":"LineString","coordinates":[[99.90638,20.41429],[99.90686,20.41394],[99.9071,20.41378],[99.90731,20.41367]]},"properties":{"c":"secondary","h":8.2,"k":1.0,"m":true,"len":119,"t":"TH570901"}},{"type":"Feature","geometry":{"type":"LineString","coordinates":[[99.90731,20.41367],[99.90776,20.41341],[99.9079,20.41334],[99.90829,20.41312]]},"properties":{"c":"secondary","h":8.2,"k":1.0,"m":true,"len":119,"t":"TH570901"}},{"type":"Feature","geometry":{"type":"LineString","coordinates":[[99.90829,20.41312],[99.90852,20.413],[99.90916,20.41261],[99.90926,20.41256]]},"properties":{"c":"secondary","h":8.0,"k":1.0,"m":true,"len":119,"t":"TH570901"}},{"type":"Feature","geometry":{"type":"LineString","coordinates":[[99.90926,20.41256],[99.9098,20.41227],[99.91026,20.41205]]},"properties":{"c":"secondary","h":8.0,"k":1.0,"m":true,"len":119,"t":"TH570901"}},{"type":"Feature","geometry":{"type":"LineString","coordinates":[[99.91026,20.41205],[99.91127,20.41156]]},"properties":{"c":"secondary","h":7.7,"k":1.0,"m":true,"len":119,"t":"TH570901"}},{"type":"Feature","geometry":{"type":"LineString","coordinates":[[99.91127,20.41156],[99.91228,20.41107]]},"properties":{"c":"secondary","h":8.25,"k":1.0,"m":true,"len":119,"t":"TH570901"}},{"type":"Feature","geometry":{"type":"LineString","coordinates":[[99.91228,20.41107],[99.91294,20.41075],[99.91318,20.41064],[99.91331,20.4106]]},"properties":{"c":"secondary","h":7.35,"k":1.0,"m":true,"len":119,"t":"TH570901"}},{"type":"Feature","geometry":{"type":"LineString","coordinates":[[99.91331,20.4106],[99.9136,20.41049],[99.91439,20.41027]]},"properties":{"c":"secondary","h":7.2,"k":1.0,"m":true,"len":119,"t":"TH570901"}},{"type":"Feature","geometry":{"type":"LineString","coordinates":[[99.91439,20.41027],[99.91464,20.4102],[99.91547,20.40993]]},"properties":{"c":"secondary","h":7.8,"k":1.0,"m":true,"len":119,"t":"TH570901"}},{"type":"Feature","geometry":{"type":"LineString","coordinates":[[99.91547,20.40993],[99.91618,20.40971],[99.91654,20.40957]]},"properties":{"c":"secondary","h":9.0,"k":1.0,"m":true,"len":119,"t":"TH570901"}},{"type":"Feature","geometry":{"type":"LineString","coordinates":[[99.91654,20.40957],[99.91684,20.40945],[99.9173,20.40921],[99.91754,20.40906]]},"properties":{"c":"secondary","h":null,"k":1.0,"m":true,"len":119,"t":"TH570901"}},{"type":"Feature","geometry":{"type":"LineString","coordinates":[[99.91754,20.40906],[99.91776,20.40892],[99.91817,20.40863],[99.91846,20.40843]]},"properties":{"c":"secondary","h":8.6,"k":1.0,"m":true,"len":119,"t":"TH570901"}},{"type":"Feature","geometry":{"type":"LineString","coordinates":[[99.91846,20.40843],[99.91891,20.40812],[99.91937,20.40779]]},"properties":{"c":"secondary","h":8.75,"k":1.0,"m":true,"len":119,"t":"TH570901"}},{"type":"Feature","geometry":{"type":"LineString","coordinates":[[99.91937,20.40779],[99.91948,20.40771],[99.91985,20.4074],[99.92017,20.40702]]},"properties":{"c":"secondary","h":7.05,"k":1.0,"m":true,"len":119,"t":"TH570901"}},{"type":"Feature","geometry":{"type":"LineString","coordinates":[[99.92017,20.40702],[99.9202,20.40698],[99.92083,20.40615]]},"properties":{"c":"secondary","h":7.95,"k":1.0,"m":true,"len":119,"t":"TH570901"}},{"type":"Feature","geometry":{"type":"LineString","coordinates":[[99.92083,20.40615],[99.92147,20.40532],[99.9215,20.40528]]},"properties":{"c":"secondary","h":9.15,"k":1.0,"m":true,"len":119,"t":"TH570901"}},{"type":"Feature","geometry":{"type":"LineString","coordinates":[[99.9215,20.40528],[99.92166,20.40507],[99.92203,20.40461],[99.92218,20.40442]]},"properties":{"c":"secondary","h":6.05,"k":1.0,"m":true,"len":119,"t":"TH570901"}},{"type":"Feature","geometry":{"type":"LineString","coordinates":[[99.92218,20.40442],[99.92237,20.40416],[99.9226,20.4039],[99.92291,20.4036]]},"properties":{"c":"secondary","h":6.2,"k":1.0,"m":true,"len":119,"t":"TH570901"}},{"type":"Feature","geometry":{"type":"LineString","coordinates":[[99.92291,20.4036],[99.92372,20.40284]]},"properties":{"c":"secondary","h":5.15,"k":1.0,"m":true,"len":119,"t":"TH570901"}},{"type":"Feature","geometry":{"type":"LineString","coordinates":[[99.92372,20.40284],[99.92374,20.40282],[99.9245,20.40207]]},"properties":{"c":"secondary","h":5.15,"k":1.0,"m":true,"len":119,"t":"TH570901"}},{"type":"Feature","geometry":{"type":"LineString","coordinates":[[99.9245,20.40207],[99.92488,20.4017],[99.92527,20.40128]]},"properties":{"c":"secondary","h":6.95,"k":1.0,"m":true,"len":119,"t":"TH570901"}},{"type":"Feature","geometry":{"type":"LineString","coordinates":[[99.88479,20.37782],[99.88488,20.37768],[99.88493,20.37763],[99.88501,20.37759],[99.8851,20.37757],[99.88524,20.37756],[99.88532,20.37757]]},"properties":{"c":"trunk","h":null,"k":1.0,"m":true,"len":68,"t":"TH570904"}},{"type":"Feature","geometry":{"type":"LineString","coordinates":[[99.88532,20.37757],[99.88578,20.37759],[99.88597,20.37756]]},"properties":{"c":"trunk","h":null,"k":1.0,"m":true,"len":68,"t":"TH570904"}},{"type":"Feature","geometry":{"type":"LineString","coordinates":[[99.88597,20.37756],[99.88579,20.37751],[99.8854,20.37749],[99.88536,20.37749]]},"properties":{"c":"trunk","h":null,"k":1.0,"m":true,"len":64,"t":"TH570904"}},{"type":"Feature","geometry":{"type":"LineString","coordinates":[[99.88536,20.37749],[99.88523,20.37748],[99.88513,20.37746],[99.88504,20.37743],[99.88498,20.37738],[99.88495,20.37733],[99.88493,20.37729],[99.88491,20.3772]]},"properties":{"c":"trunk","h":null,"k":1.0,"m":true,"len":64,"t":"TH570904"}},{"type":"Feature","geometry":{"type":"LineString","coordinates":[[99.88486,20.37751],[99.88505,20.37752],[99.88596,20.37756]]},"properties":{"c":"trunk","h":null,"k":1.0,"m":true,"len":115,"t":"TH570904","n":"ถนนเลี่ยงเมืองแม่สาย"}},{"type":"Feature","geometry":{"type":"LineString","coordinates":[[99.88596,20.37756],[99.88597,20.37756],[99.88601,20.37756],[99.88632,20.37757],[99.88673,20.37759],[99.887,20.37761],[99.88706,20.37761]]},"properties":{"c":"trunk","h":null,"k":1.0,"m":true,"len":115,"t":"TH570904","n":"ถนนเลี่ยงเมืองแม่สาย"}},{"type":"Feature","geometry":{"type":"LineString","coordinates":[[99.88706,20.37761],[99.88814,20.37766],[99.88816,20.37766]]},"properties":{"c":"trunk","h":null,"k":1.0,"m":true,"len":115,"t":"TH570904","n":"ถนนเลี่ยงเมืองแม่สาย"}},{"type":"Feature","geometry":{"type":"LineString","coordinates":[[99.88816,20.37766],[99.88845,20.37768],[99.88896,20.37775],[99.88925,20.37782]]},"properties":{"c":"trunk","h":8.5,"k":0.35,"m":true,"len":115,"t":"TH570904","n":"ถนนเลี่ยงเมืองแม่สาย"}},{"type":"Feature","geometry":{"type":"LineString","coordinates":[[99.88925,20.37782],[99.88969,20.37793],[99.89023,20.37814],[99.89028,20.37817],[99.89029,20.37818]]},"properties":{"c":"trunk","h":8.1,"k":0.35,"m":true,"len":115,"t":"TH570904","n":"ถนนเลี่ยงเมืองแม่สาย"}},{"type":"Feature","geometry":{"type":"LineString","coordinates":[[99.89029,20.37818],[99.89063,20.37833],[99.89076,20.37839],[99.89109,20.37853],[99.89129,20.37861]]},"properties":{"c":"trunk","h":6.3,"k":0.35,"m":true,"len":115,"t":"TH570904","n":"ถนนเลี่ยงเมืองแม่สาย"}},{"type":"Feature","geometry":{"type":"LineString","coordinates":[[99.89129,20.37861],[99.89194,20.3789],[99.89206,20.37895],[99.89229,20.37905]]},"properties":{"c":"trunk","h":4.5,"k":0.35,"m":true,"len":115,"t":"TH570904","n":"ถนนเลี่ยงเมืองแม่สาย"}},{"type":"Feature","geometry":{"type":"LineString","coordinates":[[99.89229,20.37905],[99.89325,20.37949],[99.89329,20.3795]]},"properties":{"c":"trunk","h":3.55,"k":0.35,"m":true,"len":115,"t":"TH570904","n":"ถนนเลี่ยงเมืองแม่สาย"}},{"type":"Feature","geometry":{"type":"LineString","coordinates":[[99.89329,20.3795],[99.89339,20.37954],[99.89375,20.37971],[99.89415,20.37989],[99.89428,20.37995]]},"properties":{"c":"trunk","h":3.3,"k":0.35,"m":true,"len":115,"t":"TH570904","n":"ถนนเลี่ยงเมืองแม่สาย"}},{"type":"Feature","geometry":{"type":"LineString","coordinates":[[99.89428,20.37995],[99.89523,20.38037],[99.89528,20.38039]]},"properties":{"c":"trunk","h":1.9,"k":0.35,"m":true,"len":115,"t":"TH570904","n":"ถนนเลี่ยงเมืองแม่สาย"}},{"type":"Feature","geometry":{"type":"LineString","coordinates":[[99.89528,20.38039],[99.89628,20.38084]]},"properties":{"c":"trunk","h":1.7,"k":0.35,"m":true,"len":115,"t":"TH570904","n":"ถนนเลี่ยงเมืองแม่สาย"}},{"type":"Feature","geometry":{"type":"LineString","coordinates":[[99.89628,20.38084],[99.89728,20.38129]]},"properties":{"c":"trunk","h":1.35,"k":0.35,"m":true,"len":115,"t":"TH570904","n":"ถนนเลี่ยงเมืองแม่สาย"}},{"type":"Feature","geometry":{"type":"LineString","coordinates":[[99.89728,20.38129],[99.8976,20.38143],[99.89819,20.38168],[99.89828,20.38172]]},"properties":{"c":"trunk","h":1.05,"k":0.35,"m":true,"len":115,"t":"TH570904","n":"ถนนเลี่ยงเมืองแม่สาย"}},{"type":"Feature","geometry":{"type":"LineString","coordinates":[[99.89828,20.38172],[99.89878,20.38197],[99.89914,20.38223],[99.8992,20.38229]]},"properties":{"c":"trunk","h":1.3,"k":0.35,"m":true,"len":115,"t":"TH570904","n":"ถนนเลี่ยงเมืองแม่สาย"}},{"type":"Feature","geometry":{"type":"LineString","coordinates":[[99.8992,20.38229],[99.89942,20.38245],[99.8995,20.38255],[99.89966,20.38272],[99.89982,20.3829],[99.89984,20.38293],[99.89993,20.38307]]},"properties":{"c":"trunk","h":3.35,"k":0.35,"m":true,"len":115,"t":"TH570904","n":"ถนนเลี่ยงเมืองแม่สาย"}},{"type":"Feature","geometry":{"type":"LineString","coordinates":[[99.89993,20.38307],[99.90001,20.3832],[99.90025,20.38372],[99.90035,20.38402]]},"properties":{"c":"trunk","h":2.55,"k":0.35,"m":true,"len":115,"t":"TH570904","n":"ถนนเลี่ยงเมืองแม่สาย"}},{"type":"Feature","geometry":{"type":"LineString","coordinates":[[99.90035,20.38402],[99.90041,20.38422],[99.90056,20.38485],[99.90061,20.38504]]},"properties":{"c":"trunk","h":2.75,"k":0.35,"m":true,"len":115,"t":"TH570904","n":"ถนนเลี่ยงเมืองแม่สาย"}},{"type":"Feature","geometry":{"type":"LineString","coordinates":[[99.90061,20.38504],[99.9007,20.38541],[99.90086,20.38605]]},"properties":{"c":"trunk","h":3.0,"k":0.35,"m":true,"len":115,"t":"TH570904","n":"ถนนเลี่ยงเมืองแม่สาย"}},{"type":"Feature","geometry":{"type":"LineString","coordinates":[[99.90086,20.38605],[99.90091,20.38626],[99.90093,20.38635],[99.90112,20.38706]]},"properties":{"c":"trunk","h":3.4,"k":0.35,"m":true,"len":115,"t":"TH570904","n":"ถนนเลี่ยงเมืองแม่สาย"}},{"type":"Feature","geometry":{"type":"LineString","coordinates":[[99.90112,20.38706],[99.90123,20.38748],[99.9013,20.38777],[99.90138,20.38807]]},"properties":{"c":"trunk","h":3.95,"k":0.35,"m":true,"len":115,"t":"TH570904","n":"ถนนเลี่ยงเมืองแม่สาย"}},{"type":"Feature","geometry":{"type":"LineString","coordinates":[[99.90138,20.38807],[99.90144,20.38834],[99.9015,20.38856],[99.9016,20.38898],[99.90163,20.38909]]},"properties":{"c":"trunk","h":5.45,"k":0.35,"m":true,"len":115,"t":"TH570904","n":"ถนนเลี่ยงเมืองแม่สาย"}},{"type":"Feature","geometry":{"type":"LineString","coordinates":[[99.90163,20.38909],[99.90166,20.3892],[99.90188,20.3901]]},"properties":{"c":"trunk","h":1.6,"k":0.35,"m":true,"len":115,"t":"TH570904","n":"ถนนเลี่ยงเมืองแม่สาย"}},{"type":"Feature","geometry":{"type":"LineString","coordinates":[[99.88506,20.33365],[99.88519,20.33363]]},"properties":{"c":"trunk","h":null,"k":1.0,"m":true,"len":14,"t":"TH570909"}},{"type":"Feature","geometry":{"type":"LineString","coordinates":[[99.9071,20.41378],[99.90749,20.41362],[99.90758,20.41362],[99.90765,20.41364]]},"properties":{"c":"trunk","h":8.2,"k":1.0,"m":true,"len":61,"t":"TH570901"}},{"type":"Feature","geometry":{"type":"LineString","coordinates":[[99.90765,20.41364],[99.90766,20.41364],[99.90773,20.41369],[99.90779,20.41377],[99.90793,20.41411]]},"properties":{"c":"trunk","h":7.7,"k":1.0,"m":true,"len":61,"t":"TH570901"}},{"type":"Feature","geometry":{"type":"LineString","coordinates":[[99.90809,20.414],[99.90804,20.41358],[99.90804,20.4135],[99.90806,20.41341],[99.90806,20.4134]]},"properties":{"c":"trunk","h":7.7,"k":1.0,"m":true,"len":66,"t":"TH570901"}},{"type":"Feature","geometry":{"type":"LineString","coordinates":[[99.90806,20.4134],[99.90809,20.41334],[99.90814,20.41329],[99.90852,20.413]]},"properties":{"c":"trunk","h":null,"k":1.0,"m":true,"len":66,"t":"TH570901"}},{"type":"Feature","geometry":{"type":"LineString","coordinates":[[99.90756,20.41265],[99.90761,20.41305],[99.90762,20.41312],[99.9076,20.41327],[99.90755,20.41334],[99.90725,20.41357]]},"properties":{"c":"trunk","h":8.65,"k":1.0,"m":true,"len":120,"t":"TH570906"}},{"type":"Feature","geometry":{"type":"LineString","coordinates":[[99.90864,20.41279],[99.9082,20.413],[99.90811,20.41303],[99.90804,20.41303],[99.90802,20.41302]]},"properties":{"c":"trunk","h":null,"k":1.0,"m":true,"len":70,"t":"TH570906"}},{"type":"Feature","geometry":{"type":"LineString","coordinates":[[99.90802,20.41302],[99.90798,20.413],[99.90791,20.41296],[99.90786,20.41291],[99.90783,20.41287],[99.90769,20.4125]]},"properties":{"c":"trunk","h":null,"k":1.0,"m":true,"len":70,"t":"TH570906"}},{"type":"Feature","geometry":{"type":"LineString","coordinates":[[99.90358,20.43702],[99.90352,20.43743],[99.90345,20.43785],[99.90344,20.43791]]},"properties":{"c":"residential","h":1.1,"k":1.0,"m":true,"len":100,"t":"TH570901"}},{"type":"Feature","geometry":{"type":"LineString","coordinates":[[99.90344,20.43791],[99.90338,20.43828],[99.90329,20.4388]]},"properties":{"c":"residential","h":1.85,"k":1.0,"m":true,"len":100,"t":"TH570901"}},{"type":"Feature","geometry":{"type":"LineString","coordinates":[[99.90467,20.44743],[99.905,20.44715],[99.90502,20.44709],[99.90504,20.44699],[99.90504,20.4465]]},"properties":{"c":"trunk","h":5.9,"k":0.4879,"m":true,"len":118,"t":"TH570901"}},{"type":"Feature","geometry":{"type":"LineString","coordinates":[[99.90466,20.43997],[99.90448,20.44088]]},"properties":{"c":"trunk","h":6.2,"k":0.4929,"m":true,"len":102,"t":"TH570901","n":"ถนนเลี่ยงเมืองแม่สาย"}},{"type":"Feature","geometry":{"type":"LineString","coordinates":[[99.90448,20.44088],[99.9044,20.44129],[99.9043,20.44178]]},"properties":{"c":"trunk","h":3.7,"k":0.4929,"m":true,"len":102,"t":"TH570901","n":"ถนนเลี่ยงเมืองแม่สาย"}},{"type":"Feature","geometry":{"type":"LineString","coordinates":[[99.90447,20.44182],[99.90464,20.44092]]},"properties":{"c":"trunk","h":3.75,"k":0.4929,"m":true,"len":102,"t":"TH570901","n":"ถนนเลี่ยงเมืองแม่สาย"}},{"type":"Feature","geometry":{"type":"LineString","coordinates":[[99.90464,20.44092],[99.9047,20.44062],[99.90482,20.44002]]},"properties":{"c":"trunk","h":5.25,"k":0.4929,"m":true,"len":102,"t":"TH570901","n":"ถนนเลี่ยงเมืองแม่สาย"}},{"type":"Feature","geometry":{"type":"LineString","coordinates":[[99.9043,20.44178],[99.90421,20.44217],[99.90417,20.44232],[99.90414,20.4427]]},"properties":{"c":"trunk","h":4.8,"k":0.4929,"m":true,"len":103,"t":"TH570901"}},{"type":"Feature","geometry":{"type":"LineString","coordinates":[[99.90414,20.4427],[99.90413,20.44272],[99.90413,20.44287],[99.90412,20.44297],[99.90412,20.44317],[99.90413,20.44343],[99.90415,20.44364]]},"properties":{"c":"trunk","h":2.7,"k":0.4929,"m":true,"len":103,"t":"TH570901"}},{"type":"Feature","geometry":{"type":"LineString","coordinates":[[99.90415,20.44364],[99.90415,20.44365],[99.90429,20.44456]]},"properties":{"c":"trunk","h":2.45,"k":0.4929,"m":true,"len":103,"t":"TH570901"}},{"type":"Feature","geometry":{"type":"LineString","coordinates":[[99.90429,20.44456],[99.9043,20.44459],[99.90441,20.44518],[99.90446,20.44548]]},"properties":{"c":"trunk","h":1.8,"k":0.4929,"m":true,"len":103,"t":"TH570901"}},{"type":"Feature","geometry":{"type":"LineString","coordinates":[[99.90446,20.44548],[99.90455,20.44598],[99.90455,20.44601],[99.90454,20.44604],[99.90452,20.44607],[99.90449,20.44609],[99.90445,20.4461],[99.90442,20.44611],[99.90439,20.44612],[99.90438,20.44615],[99.90437,20.44617],[99.90436,20.44631]]},"properties":{"c":"trunk","h":2.15,"k":0.4929,"m":true,"len":103,"t":"TH570901"}},{"type":"Feature","geometry":{"type":"LineString","coordinates":[[99.90436,20.44631],[99.90436,20.4465]]},"properties":{"c":"trunk","h":7.85,"k":0.4929,"m":true,"len":21,"t":"TH570901"}},{"type":"Feature","geometry":{"type":"LineString","coordinates":[[99.90436,20.4465],[99.90436,20.44693],[99.90436,20.44711],[99.90438,20.44717],[99.90467,20.44743]]},"properties":{"c":"trunk","h":5.8,"k":0.4879,"m":true,"len":117,"t":"TH570901"}},{"type":"Feature","geometry":{"type":"LineString","coordinates":[[99.90577,20.44684],[99.90631,20.44639],[99.90635,20.44631],[99.90657,20.44612]]},"properties":{"c":"unclassified","h":3.25,"k":0.488,"m":true,"len":117,"t":"TH570901"}},{"type":"Feature","geometry":{"type":"LineString","coordinates":[[99.90657,20.44612],[99.90732,20.44545],[99.90738,20.44539]]},"properties":{"c":"unclassified","h":2.15,"k":0.4929,"m":true,"len":117,"t":"TH570901"}},{"type":"Feature","geometry":{"type":"LineString","coordinates":[[99.90738,20.44539],[99.90743,20.44533],[99.9076,20.44514],[99.90807,20.44456]]},"properties":{"c":"unclassified","h":1.0,"k":0.4929,"m":true,"len":117,"t":"TH570901"}},{"type":"Feature","geometry":{"type":"LineString","coordinates":[[99.90807,20.44456],[99.90827,20.44431],[99.90838,20.44411],[99.9084,20.44393],[99.90839,20.44377],[99.90828,20.44362]]},"properties":{"c":"unclassified","h":0.65,"k":0.4929,"m":true,"len":117,"t":"TH570901"}},{"type":"Feature","geometry":{"type":"LineString","coordinates":[[99.90828,20.44362],[99.90819,20.44349],[99.9079,20.4431],[99.9078,20.44295],[99.90775,20.44271]]},"properties":{"c":"unclassified","h":0.5,"k":0.4929,"m":true,"len":117,"t":"TH570901"}},{"type":"Feature","geometry":{"type":"LineString","coordinates":[[99.90775,20.44271],[99.90774,20.44269],[99.90777,20.44253],[99.90782,20.44236],[99.9079,20.44224],[99.90803,20.44216],[99.90836,20.44215],[99.90846,20.44216]]},"properties":{"c":"unclassified","h":2.35,"k":0.4929,"m":true,"len":117,"t":"TH570901"}},{"type":"Feature","geometry":{"type":"LineString","coordinates":[[99.90846,20.44216],[99.90875,20.44219],[99.90902,20.44215],[99.90921,20.44205],[99.90947,20.44185]]},"properties":{"c":"unclassified","h":2.25,"k":0.4929,"m":true,"len":117,"t":"TH570901"}},{"type":"Feature","geometry":{"type":"LineString","coordinates":[[99.90947,20.44185],[99.90954,20.44178],[99.90986,20.4416],[99.91026,20.44148],[99.91048,20.44145]]},"properties":{"c":"unclassified","h":0.05,"k":0.4929,"m":true,"len":117,"t":"TH570901"}},{"type":"Feature","geometry":{"type":"LineString","coordinates":[[99.91048,20.44145],[99.91129,20.44132],[99.91159,20.44128]]},"properties":{"c":"unclassified","h":0.9,"k":0.4929,"m":true,"len":117,"t":"TH570901"}},{"type":"Feature","geometry":{"type":"LineString","coordinates":[[99.91159,20.44128],[99.91213,20.4412],[99.91239,20.44121],[99.91264,20.44128],[99.91268,20.4413]]},"properties":{"c":"unclassified","h":1.35,"k":0.4929,"m":true,"len":117,"t":"TH570901"}},{"type":"Feature","geometry":{"type":"LineString","coordinates":[[99.91268,20.4413],[99.91299,20.44144],[99.91368,20.44178]]},"properties":{"c":"unclassified","h":2.55,"k":0.4929,"m":true,"len":117,"t":"TH570901"}},{"type":"Feature","geometry":{"type":"LineString","coordinates":[[99.91368,20.44178],[99.91393,20.44191],[99.91401,20.44193],[99.91405,20.44194],[99.91424,20.44199],[99.91475,20.44203]]},"properties":{"c":"unclassified","h":1.0,"k":0.4929,"m":true,"len":117,"t":"TH570901"}},{"type":"Feature","geometry":{"type":"LineString","coordinates":[[99.91475,20.44203],[99.91526,20.44207],[99.91571,20.44214],[99.91585,20.44218]]},"properties":{"c":"unclassified","h":2.25,"k":0.4929,"m":true,"len":117,"t":"TH570901"}},{"type":"Feature","geometry":{"type":"LineString","coordinates":[[99.91585,20.44218],[99.91589,20.44219],[99.9161,20.44234],[99.9163,20.44257],[99.91646,20.4427],[99.9166,20.44276],[99.91671,20.44279],[99.91673,20.44279]]},"properties":{"c":"unclassified","h":1.7,"k":0.4929,"m":true,"len":117,"t":"TH570901"}},{"type":"Feature","geometry":{"type":"LineString","coordinates":[[99.91673,20.44279],[99.91694,20.44278],[99.91707,20.44275],[99.9173,20.44269],[99.91782,20.44255]]},"properties":{"c":"unclassified","h":1.3,"k":0.4929,"m":true,"len":117,"t":"TH570901"}},{"type":"Feature","geometry":{"type":"LineString","coordinates":[[99.91782,20.44255],[99.91862,20.44234],[99.91884,20.44217]]},"properties":{"c":"unclassified","h":2.9,"k":0.4946,"m":true,"len":117,"t":"TH570901"}},{"type":"Feature","geometry":{"type":"LineString","coordinates":[[99.90505,20.44634],[99.90505,20.4461],[99.90506,20.4458],[99.90508,20.44539]]},"properties":{"c":"trunk","h":2.85,"k":0.4929,"m":true,"len":105,"t":"TH570901"}},{"type":"Feature","geometry":{"type":"LineString","coordinates":[[99.90508,20.44539],[99.90508,20.44524],[99.90507,20.44511],[99.90503,20.44501],[99.90497,20.44493],[99.90461,20.44466],[99.90459,20.44463]]},"properties":{"c":"trunk","h":2.15,"k":0.4929,"m":true,"len":105,"t":"TH570901"}},{"type":"Feature","geometry":{"type":"LineString","coordinates":[[99.90459,20.44463],[99.90454,20.44456],[99.90451,20.44449],[99.90439,20.44371]]},"properties":{"c":"trunk","h":2.6,"k":0.4929,"m":true,"len":105,"t":"TH570901"}},{"type":"Feature","geometry":{"type":"LineString","coordinates":[[99.90439,20.44371],[99.90437,20.44355],[99.90434,20.44326],[99.90434,20.44297],[99.90434,20.44283],[99.90434,20.44276]]},"properties":{"c":"trunk","h":1.9,"k":0.4929,"m":true,"len":105,"t":"TH570901"}},{"type":"Feature","geometry":{"type":"LineString","coordinates":[[99.90434,20.44276],[99.90434,20.44273],[99.90438,20.44235],[99.90441,20.44219],[99.90447,20.44182]]},"properties":{"c":"trunk","h":4.9,"k":0.4929,"m":true,"len":105,"t":"TH570901"}},{"type":"Feature","geometry":{"type":"LineString","coordinates":[[99.90504,20.4465],[99.90505,20.44634]]},"properties":{"c":"trunk","h":9.15,"k":0.4929,"m":true,"len":18,"t":"TH570901"}},{"type":"Feature","geometry":{"type":"LineString","coordinates":[[99.93259,20.451],[99.93281,20.45108],[99.9331,20.45106],[99.93337,20.45102],[99.93352,20.45102],[99.93369,20.45104]]},"properties":{"c":"unclassified","h":3.05,"k":0.4996,"m":true,"len":117,"t":"TH570903"}},{"type":"Feature","geometry":{"type":"LineString","coordinates":[[99.91894,20.42732],[99.91866,20.42826]]},"properties":{"c":"unclassified","h":3.1,"k":1.0,"m":true,"len":108,"t":"TH570901"}},{"type":"Feature","geometry":{"type":"LineString","coordinates":[[99.91866,20.42826],[99.91851,20.42879],[99.9185,20.42882],[99.91831,20.42918]]},"properties":{"c":"unclassified","h":3.15,"k":1.0,"m":true,"len":108,"t":"TH570901"}},{"type":"Feature","geometry":{"type":"LineString","coordinates":[[99.91831,20.42918],[99.91791,20.42996],[99.91781,20.43]]},"properties":{"c":"unclassified","h":3.55,"k":1.0,"m":true,"len":108,"t":"TH570901"}},{"type":"Feature","geometry":{"type":"LineString","coordinates":[[99.91781,20.43],[99.91759,20.43009],[99.91709,20.43051],[99.91699,20.43058]]},"properties":{"c":"unclassified","h":4.0,"k":1.0,"m":true,"len":108,"t":"TH570901"}},{"type":"Feature","geometry":{"type":"LineString","coordinates":[[99.91699,20.43058],[99.91695,20.43061],[99.9168,20.43071],[99.91669,20.43087],[99.91631,20.43132]]},"properties":{"c":"unclassified","h":1.05,"k":1.0,"m":true,"len":108,"t":"TH570901"}},{"type":"Feature","geometry":{"type":"LineString","coordinates":[[99.91631,20.43132],[99.91611,20.43155],[99.91593,20.43179],[99.91585,20.43186],[99.91581,20.43196],[99.91582,20.43213]]},"properties":{"c":"unclassified","h":0.2,"k":1.0,"m":true,"len":108,"t":"TH570901"}},{"type":"Feature","geometry":{"type":"LineString","coordinates":[[99.91582,20.43213],[99.91582,20.43213],[99.91578,20.43231],[99.91567,20.43256],[99.91559,20.43287],[99.91557,20.43307]]},"properties":{"c":"unclassified","h":0.05,"k":1.0,"m":true,"len":108,"t":"TH570901"}},{"type":"Feature","geometry":{"type":"LineString","coordinates":[[99.91557,20.43307],[99.91556,20.43313],[99.91552,20.43329],[99.91544,20.43341],[99.91514,20.43379],[99.91503,20.43389]]},"properties":{"c":"unclassified","h":0.15,"k":1.0,"m":true,"len":108,"t":"TH570901"}},{"type":"Feature","geometry":{"type":"LineString","coordinates":[[99.91503,20.43389],[99.91497,20.43395],[99.91485,20.43406],[99.91462,20.43416],[99.91421,20.4343],[99.91413,20.43432]]},"properties":{"c":"unclassified","h":0.15,"k":1.0,"m":true,"len":108,"t":"TH570901"}},{"type":"Feature","geometry":{"type":"LineString","coordinates":[[99.91413,20.43432],[99.91393,20.43436],[99.91367,20.43447],[99.91322,20.43476]]},"properties":{"c":"unclassified","h":0.5,"k":1.0,"m":true,"len":108,"t":"TH570901"}},{"type":"Feature","geometry":{"type":"LineString","coordinates":[[99.90204,20.4338],[99.90127,20.43377],[99.90102,20.43375]]},"properties":{"c":"residential","h":2.15,"k":1.0,"m":true,"len":106,"t":"TH570901"}},{"type":"Feature","geometry":{"type":"LineString","coordinates":[[99.90102,20.43375],[99.90001,20.43366]]},"properties":{"c":"residential","h":1.95,"k":1.0,"m":true,"len":106,"t":"TH570901"}},{"type":"Feature","geometry":{"type":"LineString","coordinates":[[99.90001,20.43366],[99.89909,20.43357],[99.899,20.43358]]},"properties":{"c":"residential","h":0.4,"k":1.0,"m":true,"len":106,"t":"TH570901"}},{"type":"Feature","geometry":{"type":"LineString","coordinates":[[99.89898,20.43353],[99.89904,20.43344],[99.8994,20.43321],[99.8995,20.43318],[99.89992,20.43322]]},"properties":{"c":"residential","h":0.4,"k":1.0,"m":true,"len":112,"t":"TH570901"}},{"type":"Feature","geometry":{"type":"LineString","coordinates":[[99.89992,20.43322],[99.90099,20.43331]]},"properties":{"c":"residential","h":0.6,"k":1.0,"m":true,"len":112,"t":"TH570901"}},{"type":"Feature","geometry":{"type":"LineString","coordinates":[[99.90099,20.43331],[99.90118,20.43333],[99.90206,20.43336]]},"properties":{"c":"residential","h":1.9,"k":1.0,"m":true,"len":112,"t":"TH570901"}},{"type":"Feature","geometry":{"type":"LineString","coordinates":[[99.89895,20.43347],[99.89898,20.43353],[99.899,20.43358],[99.89909,20.43402],[99.89909,20.43405],[99.89916,20.43443]]},"properties":{"c":"residential","h":0.4,"k":1.0,"m":true,"len":109,"t":"TH570901"}},{"type":"Feature","geometry":{"type":"LineString","coordinates":[[99.89769,20.43324],[99.89666,20.43341]]},"properties":{"c":"residential","h":1.55,"k":1.0,"m":true,"len":109,"t":"TH570901"}},{"type":"Feature","geometry":{"type":"LineString","coordinates":[[99.89762,20.43283],[99.89659,20.43298]]},"properties":{"c":"residential","h":0.9,"k":1.0,"m":true,"len":108,"t":"TH570901"}},{"type":"Feature","geometry":{"type":"LineString","coordinates":[[99.90202,20.43423],[99.9013,20.43421],[99.90104,20.43418]]},"properties":{"c":"residential","h":1.7,"k":1.0,"m":true,"len":102,"t":"TH570901"}},{"type":"Feature","geometry":{"type":"LineString","coordinates":[[99.90104,20.43418],[99.90007,20.4341]]},"properties":{"c":"residential","h":0.6,"k":1.0,"m":true,"len":102,"t":"TH570901"}},{"type":"Feature","geometry":{"type":"LineString","coordinates":[[99.90007,20.4341],[99.89909,20.43402]]},"properties":{"c":"residential","h":0.45,"k":1.0,"m":true,"len":102,"t":"TH570901"}},{"type":"Feature","geometry":{"type":"LineString","coordinates":[[99.91198,20.42633],[99.91241,20.42616],[99.91266,20.42608],[99.91305,20.426]]},"properties":{"c":"unclassified","h":3.85,"k":1.0,"m":true,"len":118,"t":"TH570901"}},{"type":"Feature","geometry":{"type":"LineString","coordinates":[[99.91305,20.426],[99.91308,20.42599],[99.91346,20.42593],[99.91386,20.4259],[99.91417,20.42582]]},"properties":{"c":"unclassified","h":3.5,"k":1.0,"m":true,"len":118,"t":"TH570901"}},{"type":"Feature","geometry":{"type":"LineString","coordinates":[[99.91417,20.42582],[99.91453,20.42571],[99.91504,20.42563],[99.91528,20.42561]]},"properties":{"c":"unclassified","h":3.3,"k":1.0,"m":true,"len":118,"t":"TH570901"}},{"type":"Feature","geometry":{"type":"LineString","coordinates":[[99.91528,20.42561],[99.91529,20.42561],[99.91596,20.42549],[99.91638,20.42538]]},"properties":{"c":"unclassified","h":3.0,"k":1.0,"m":true,"len":118,"t":"TH570901"}},{"type":"Feature","geometry":{"type":"LineString","coordinates":[[99.91638,20.42538],[99.91717,20.42519],[99.91748,20.42511]]},"properties":{"c":"unclassified","h":3.2,"k":1.0,"m":true,"len":118,"t":"TH570901"}},{"type":"Feature","geometry":{"type":"LineString","coordinates":[[99.91748,20.42511],[99.91772,20.42505],[99.91799,20.42496],[99.91856,20.42479]]},"properties":{"c":"unclassified","h":2.95,"k":1.0,"m":true,"len":118,"t":"TH570901"}},{"type":"Feature","geometry":{"type":"LineString","coordinates":[[99.91856,20.42479],[99.91859,20.42478],[99.91891,20.42466],[99.91909,20.42455],[99.91926,20.42437],[99.91944,20.42415]]},"properties":{"c":"unclassified","h":2.95,"k":1.0,"m":true,"len":118,"t":"TH570901"}},{"type":"Feature","geometry":{"type":"LineString","coordinates":[[99.91944,20.42415],[99.91973,20.42377],[99.91996,20.42343],[99.92004,20.42325]]},"properties":{"c":"unclassified","h":2.6,"k":1.0,"m":true,"len":118,"t":"TH570901"}},{"type":"Feature","geometry":{"type":"LineString","coordinates":[[99.92004,20.42325],[99.92014,20.423],[99.92028,20.42268],[99.92055,20.4223]]},"properties":{"c":"unclassified","h":2.4,"k":1.0,"m":true,"len":118,"t":"TH570901"}},{"type":"Feature","geometry":{"type":"LineString","coordinates":[[99.92055,20.4223],[99.92118,20.42142]]},"properties":{"c":"unclassified","h":2.3,"k":1.0,"m":true,"len":118,"t":"TH570901"}},{"type":"Feature","geometry":{"type":"LineString","coordinates":[[99.92118,20.42142],[99.92162,20.42081],[99.92175,20.42063],[99.92183,20.42054]]},"properties":{"c":"unclassified","h":2.3,"k":1.0,"m":true,"len":118,"t":"TH570901"}},{"type":"Feature","geometry":{"type":"LineString","coordinates":[[99.92183,20.42054],[99.92184,20.42053],[99.92226,20.42016],[99.92252,20.41996],[99.92268,20.41983]]},"properties":{"c":"unclassified","h":2.55,"k":1.0,"m":true,"len":118,"t":"TH570901"}},{"type":"Feature","geometry":{"type":"LineString","coordinates":[[99.92268,20.41983],[99.92291,20.41966],[99.92347,20.4193],[99.92361,20.41923]]},"properties":{"c":"unclassified","h":2.35,"k":1.0,"m":true,"len":118,"t":"TH570901"}},{"type":"Feature","geometry":{"type":"LineString","coordinates":[[99.92361,20.41923],[99.92396,20.41905],[99.92433,20.41876],[99.92452,20.41859]]},"properties":{"c":"unclassified","h":2.85,"k":1.0,"m":true,"len":118,"t":"TH570901"}},{"type":"Feature","geometry":{"type":"LineString","coordinates":[[99.92549,20.41807],[99.92585,20.41794],[99.92605,20.41778],[99.92639,20.41749],[99.92641,20.41747]]},"properties":{"c":"unclassified","h":2.6,"k":1.0,"m":true,"len":118,"t":"TH570901"}},{"type":"Feature","geometry":{"type":"LineString","coordinates":[[99.92641,20.41747],[99.92692,20.41719],[99.92711,20.41705],[99.92731,20.41684]]},"properties":{"c":"unclassified","h":3.5,"k":1.0,"m":true,"len":118,"t":"TH570901"}},{"type":"Feature","geometry":{"type":"LineString","coordinates":[[99.92731,20.41684],[99.92744,20.4167],[99.92798,20.41597]]},"properties":{"c":"unclassified","h":3.1,"k":1.0,"m":true,"len":118,"t":"TH570901"}},{"type":"Feature","geometry":{"type":"LineString","coordinates":[[99.92798,20.41597],[99.92841,20.41539],[99.92863,20.4151]]},"properties":{"c":"unclassified","h":3.9,"k":1.0,"m":true,"len":118,"t":"TH570901"}},{"type":"Feature","geometry":{"type":"LineString","coordinates":[[99.92931,20.41424],[99.92946,20.41406],[99.92993,20.41335]]},"properties":{"c":"unclassified","h":4.0,"k":1.0,"m":true,"len":118,"t":"TH570901"}},{"type":"Feature","geometry":{"type":"LineString","coordinates":[[99.92993,20.41335],[99.93006,20.41315],[99.93053,20.41244]]},"properties":{"c":"unclassified","h":3.7,"k":1.0,"m":true,"len":118,"t":"TH570901"}},{"type":"Feature","geometry":{"type":"LineString","coordinates":[[99.93053,20.41244],[99.93086,20.41194],[99.93114,20.41154]]},"properties":{"c":"unclassified","h":3.15,"k":1.0,"m":true,"len":118,"t":"TH570901"}},{"type":"Feature","geometry":{"type":"LineString","coordinates":[[99.93114,20.41154],[99.93172,20.41071],[99.93176,20.41065]]},"properties":{"c":"unclassified","h":2.85,"k":1.0,"m":true,"len":118,"t":"TH570901"}},{"type":"Feature","geometry":{"type":"LineString","coordinates":[[99.93176,20.41065],[99.9324,20.40976]]},"properties":{"c":"unclassified","h":2.8,"k":1.0,"m":true,"len":118,"t":"TH570901"}},{"type":"Feature","geometry":{"type":"LineString","coordinates":[[99.9324,20.40976],[99.93262,20.40947],[99.93301,20.40888],[99.93302,20.40886]]},"properties":{"c":"unclassified","h":2.65,"k":1.0,"m":true,"len":118,"t":"TH570901"}},{"type":"Feature","geometry":{"type":"LineString","coordinates":[[99.93302,20.40886],[99.93349,20.40789]]},"properties":{"c":"unclassified","h":2.65,"k":1.0,"m":true,"len":118,"t":"TH570901"}},{"type":"Feature","geometry":{"type":"LineString","coordinates":[[99.93349,20.40789],[99.93358,20.40771],[99.9338,20.40709],[99.93387,20.40688]]},"properties":{"c":"unclassified","h":2.55,"k":1.0,"m":true,"len":118,"t":"TH570901"}},{"type":"Feature","geometry":{"type":"LineString","coordinates":[[99.93387,20.40688],[99.93416,20.40606],[99.93422,20.40587]]},"properties":{"c":"unclassified","h":2.3,"k":1.0,"m":true,"len":118,"t":"TH570901"}},{"type":"Feature","geometry":{"type":"LineString","coordinates":[[99.93422,20.40587],[99.93441,20.40526],[99.93451,20.40483]]},"properties":{"c":"unclassified","h":3.0,"k":1.0,"m":true,"len":118,"t":"TH570901"}},{"type":"Feature","geometry":{"type":"LineString","coordinates":[[99.89895,20.43347],[99.89892,20.4334]]},"properties":{"c":"residential","h":0.45,"k":1.0,"m":true,"len":9,"t":"TH570901"}},{"type":"Feature","geometry":{"type":"LineString","coordinates":[[99.89916,20.43443],[99.89908,20.43442],[99.89848,20.43435]]},"properties":{"c":"residential","h":0.7,"k":1.0,"m":true,"len":71,"t":"TH570901"}},{"type":"Feature","geometry":{"type":"LineString","coordinates":[[99.89848,20.43435],[99.8978,20.43427]]},"properties":{"c":"residential","h":2.95,"k":1.0,"m":true,"len":71,"t":"TH570901"}},{"type":"Feature","geometry":{"type":"LineString","coordinates":[[99.89892,20.4334],[99.89889,20.43331],[99.89886,20.43321],[99.89874,20.43283]]},"properties":{"c":"residential","h":0.4,"k":1.0,"m":true,"len":66,"t":"TH570901"}},{"type":"Feature","geometry":{"type":"LineString","coordinates":[[100.00687,20.39183],[100.00674,20.39122],[100.00672,20.39116],[100.00669,20.39106],[100.00666,20.39097]]},"properties":{"c":"residential","h":2.9,"k":1.0,"m":true,"len":98,"t":"TH570903"}},{"type":"Feature","geometry":{"type":"LineString","coordinates":[[100.00404,20.39352],[100.00369,20.39302]]},"properties":{"c":"residential","h":3.9,"k":1.0,"m":true,"len":66,"t":"TH570903"}},{"type":"Feature","geometry":{"type":"LineString","coordinates":[[100.00012,20.40667],[99.99995,20.40675],[99.99958,20.40685],[99.99933,20.40692],[99.99928,20.40692]]},"properties":{"c":"residential","h":3.9,"k":1.0,"m":true,"len":93,"t":"TH570903"}},{"type":"Feature","geometry":{"type":"LineString","coordinates":[[100.00311,20.39352],[100.00337,20.39375],[100.0035,20.39391],[100.00358,20.39399]]},"properties":{"c":"residential","h":2.95,"k":1.0,"m":true,"len":72,"t":"TH570903"}},{"type":"Feature","geometry":{"type":"LineString","coordinates":[[100.00564,20.39204],[100.00536,20.39173],[100.00508,20.39139]]},"properties":{"c":"residential","h":3.05,"k":1.0,"m":true,"len":93,"t":"TH570903"}},{"type":"Feature","geometry":{"type":"LineString","coordinates":[[100.00059,20.41285],[100.00079,20.41222],[100.00089,20.41187]]},"properties":{"c":"residential","h":3.15,"k":0.5752,"m":true,"len":113,"t":"TH570903"}},{"type":"Feature","geometry":{"type":"LineString","coordinates":[[100.00073,20.39527],[100.00056,20.39471],[100.00046,20.39445]]},"properties":{"c":"residential","h":3.45,"k":1.0,"m":true,"len":95,"t":"TH570903"}},{"type":"Feature","geometry":{"type":"LineString","coordinates":[[100.00046,20.39445],[100.00045,20.39442],[100.00037,20.39431],[100.00021,20.39413],[99.99996,20.39374]]},"properties":{"c":"residential","h":2.9,"k":1.0,"m":true,"len":95,"t":"TH570903"}},{"type":"Feature","geometry":{"type":"LineString","coordinates":[[100.00079,20.41222],[100.00022,20.41206]]},"properties":{"c":"residential","h":3.35,"k":0.5752,"m":true,"len":63,"t":"TH570903"}},{"type":"Feature","geometry":{"type":"LineString","coordinates":[[100.00369,20.39302],[100.0033,20.39335],[100.00311,20.39352],[100.00301,20.39358]]},"properties":{"c":"residential","h":2.85,"k":1.0,"m":true,"len":95,"t":"TH570903"}},{"type":"Feature","geometry":{"type":"LineString","coordinates":[[100.00301,20.39358],[100.00287,20.39367],[100.0026,20.39381],[100.00221,20.394]]},"properties":{"c":"residential","h":3.2,"k":1.0,"m":true,"len":95,"t":"TH570903"}},{"type":"Feature","geometry":{"type":"LineString","coordinates":[[100.00221,20.394],[100.00175,20.39422],[100.0014,20.39438]]},"properties":{"c":"residential","h":3.15,"k":1.0,"m":true,"len":95,"t":"TH570903"}},{"type":"Feature","geometry":{"type":"LineString","coordinates":[[100.0014,20.39438],[100.00122,20.39446],[100.00056,20.39471]]},"properties":{"c":"residential","h":3.2,"k":1.0,"m":true,"len":95,"t":"TH570903"}},{"type":"Feature","geometry":{"type":"LineString","coordinates":[[100.00508,20.39139],[100.00478,20.39157],[100.00475,20.3916],[100.00429,20.39182]]},"properties":{"c":"residential","h":3.3,"k":1.0,"m":true,"len":96,"t":"TH570903"}},{"type":"Feature","geometry":{"type":"LineString","coordinates":[[100.00475,20.39515],[100.00497,20.39539],[100.00524,20.39574],[100.00541,20.39562]]},"properties":{"c":"residential","h":3.55,"k":1.0,"m":true,"len":105,"t":"TH570903"}},{"type":"Feature","geometry":{"type":"LineString","coordinates":[[100.00789,20.39139],[100.00783,20.39111],[100.00771,20.39075],[100.00769,20.3907],[100.00769,20.39069]]},"properties":{"c":"residential","h":1.6,"k":1.0,"m":true,"len":80,"t":"TH570903"}},{"type":"Feature","geometry":{"type":"LineString","coordinates":[[100.00769,20.39069],[100.00748,20.38999]]},"properties":{"c":"residential","h":1.6,"k":1.0,"m":true,"len":80,"t":"TH570903"}},{"type":"Feature","geometry":{"type":"LineString","coordinates":[[100.00748,20.38999],[100.00727,20.3893]]},"properties":{"c":"residential","h":1.55,"k":1.0,"m":true,"len":80,"t":"TH570903"}},{"type":"Feature","geometry":{"type":"LineString","coordinates":[[100.00162,20.39395],[100.00175,20.39422],[100.00193,20.39451],[100.00211,20.39479]]},"properties":{"c":"residential","h":2.3,"k":1.0,"m":true,"len":106,"t":"TH570903"}},{"type":"Feature","geometry":{"type":"LineString","coordinates":[[99.8912,20.34754],[99.89091,20.34751],[99.89045,20.34745],[99.89015,20.34743]]},"properties":{"c":"residential","h":1.65,"k":0.3838,"m":true,"len":110,"t":"TH570904"}},{"type":"Feature","geometry":{"type":"LineString","coordinates":[[99.89015,20.34743],[99.89011,20.34743],[99.8891,20.34747]]},"properties":{"c":"residential","h":2.8,"k":0.3838,"m":true,"len":110,"t":"TH570904"}},{"type":"Feature","geometry":{"type":"LineString","coordinates":[[99.88647,20.36792],[99.88648,20.36806],[99.88659,20.36852]]},"properties":{"c":"residential","h":1.3,"k":0.35,"m":true,"len":67,"t":"TH570904"}},{"type":"Feature","geometry":{"type":"LineString","coordinates":[[99.8856,20.37134],[99.88608,20.3713],[99.8866,20.3713]]},"properties":{"c":"residential","h":2.75,"k":0.35,"m":true,"len":104,"t":"TH570904"}},{"type":"Feature","geometry":{"type":"LineString","coordinates":[[99.8866,20.3713],[99.88662,20.3713],[99.88707,20.3713],[99.88713,20.3713],[99.88717,20.37133],[99.88719,20.37173]]},"properties":{"c":"residential","h":0.5,"k":0.35,"m":true,"len":104,"t":"TH570904"}},{"type":"Feature","geometry":{"type":"LineString","coordinates":[[99.88659,20.36852],[99.88596,20.36872]]},"properties":{"c":"residential","h":2.8,"k":0.35,"m":true,"len":70,"t":"TH570904"}},{"type":"Feature","geometry":{"type":"LineString","coordinates":[[99.92927,20.30885],[99.92921,20.3087],[99.92922,20.30855],[99.92934,20.3083]]},"properties":{"c":"residential","h":3.2,"k":0.3721,"m":true,"len":65,"t":"TH570908"}},{"type":"Feature","geometry":{"type":"LineString","coordinates":[[99.92934,20.3083],[99.92953,20.30791],[99.92953,20.30783],[99.92952,20.30775]]},"properties":{"c":"residential","h":3.35,"k":0.3721,"m":true,"len":65,"t":"TH570908"}},{"type":"Feature","geometry":{"type":"LineString","coordinates":[[99.9071,20.34561],[99.90724,20.34615],[99.90728,20.34615]]},"properties":{"c":"residential","h":1.35,"k":0.3851,"m":true,"len":66,"t":"TH570904"}},{"type":"Feature","geometry":{"type":"LineString","coordinates":[[99.90836,20.34591],[99.90822,20.34534]]},"properties":{"c":"residential","h":0.9,"k":0.3851,"m":true,"len":64,"t":"TH570904"}},{"type":"Feature","geometry":{"type":"LineString","coordinates":[[99.90822,20.34534],[99.90821,20.34533],[99.90808,20.34477]]},"properties":{"c":"residential","h":1.3,"k":0.3851,"m":true,"len":64,"t":"TH570904"}},{"type":"Feature","geometry":{"type":"LineString","coordinates":[[99.91516,20.34559],[99.91523,20.34582],[99.9153,20.34605],[99.91532,20.3461],[99.91533,20.34611],[99.91535,20.34612]]},"properties":{"c":"residential","h":2.1,"k":0.5676,"m":true,"len":63,"t":"TH570904"}},{"type":"Feature","geometry":{"type":"LineString","coordinates":[[99.90808,20.34477],[99.90802,20.34475],[99.90755,20.34486],[99.90749,20.3449]]},"properties":{"c":"residential","h":1.8,"k":0.3851,"m":true,"len":65,"t":"TH570904"}},{"type":"Feature","geometry":{"type":"LineString","coordinates":[[99.90749,20.3449],[99.90761,20.34545]]},"properties":{"c":"residential","h":0.9,"k":0.3851,"m":true,"len":62,"t":"TH570904"}},{"type":"Feature","geometry":{"type":"LineString","coordinates":[[99.9071,20.34561],[99.90712,20.34558],[99.90761,20.34545],[99.90765,20.34545],[99.90799,20.34538]]},"properties":{"c":"residential","h":0.8,"k":0.3851,"m":true,"len":98,"t":"TH570904"}},{"type":"Feature","geometry":{"type":"LineString","coordinates":[[99.90799,20.34538],[99.90821,20.34533],[99.90891,20.34519]]},"properties":{"c":"residential","h":0.8,"k":0.3851,"m":true,"len":98,"t":"TH570904"}},{"type":"Feature","geometry":{"type":"LineString","coordinates":[[99.90728,20.34615],[99.90835,20.34591]]},"properties":{"c":"residential","h":0.7,"k":0.3851,"m":true,"len":115,"t":"TH570904"}},{"type":"Feature","geometry":{"type":"LineString","coordinates":[[99.90835,20.34591],[99.90836,20.34591],[99.9084,20.34591],[99.90907,20.34575],[99.90943,20.34568]]},"properties":{"c":"residential","h":1.0,"k":0.3851,"m":true,"len":115,"t":"TH570904"}},{"type":"Feature","geometry":{"type":"LineString","coordinates":[[99.90891,20.34519],[99.90907,20.34575]]},"properties":{"c":"residential","h":1.75,"k":0.3851,"m":true,"len":64,"t":"TH570904"}},{"type":"Feature","geometry":{"type":"LineString","coordinates":[[99.91584,20.34604],[99.91588,20.3461],[99.91602,20.34633],[99.91616,20.34656]]},"properties":{"c":"residential","h":3.05,"k":0.5676,"m":true,"len":67,"t":"TH570904"}},{"type":"Feature","geometry":{"type":"LineString","coordinates":[[99.91535,20.34612],[99.91537,20.34612],[99.91548,20.3461],[99.91568,20.34605],[99.91582,20.34602],[99.91584,20.34604]]},"properties":{"c":"residential","h":2.2,"k":0.5676,"m":true,"len":53,"t":"TH570904"}},{"type":"Feature","geometry":{"type":"LineString","coordinates":[[99.93021,20.30854],[99.92985,20.30865],[99.9298,20.30866],[99.92927,20.30885]]},"properties":{"c":"residential","h":3.55,"k":0.3721,"m":true,"len":104,"t":"TH570908"}},{"type":"Feature","geometry":{"type":"LineString","coordinates":[[99.95744,20.30584],[99.95723,20.3058],[99.95695,20.3058],[99.9569,20.30585],[99.95695,20.30605],[99.95695,20.30612],[99.9569,20.30615],[99.95679,20.30618]]},"properties":{"c":"residential","h":3.55,"k":0.4562,"m":true,"len":108,"t":"TH570908"}},{"type":"Feature","geometry":{"type":"LineString","coordinates":[[99.95679,20.30618],[99.95579,20.30643]]},"properties":{"c":"residential","h":1.95,"k":0.3722,"m":true,"len":108,"t":"TH570908"}},{"type":"Feature","geometry":{"type":"LineString","coordinates":[[99.95579,20.30643],[99.95562,20.30647],[99.95582,20.30693],[99.95583,20.30704],[99.95577,20.30711],[99.9558,20.30724]]},"properties":{"c":"residential","h":1.95,"k":0.3722,"m":true,"len":108,"t":"TH570908"}},{"type":"Feature","geometry":{"type":"LineString","coordinates":[[99.9558,20.30724],[99.95594,20.308],[99.95598,20.3082]]},"properties":{"c":"residential","h":1.9,"k":0.3722,"m":true,"len":108,"t":"TH570908"}},{"type":"Feature","geometry":{"type":"LineString","coordinates":[[99.95598,20.3082],[99.95619,20.30915]]},"properties":{"c":"residential","h":1.9,"k":0.3722,"m":true,"len":108,"t":"TH570908"}},{"type":"Feature","geometry":{"type":"LineString","coordinates":[[99.95714,20.303],[99.95702,20.30317],[99.95689,20.30329],[99.95669,20.3034],[99.9566,20.3035],[99.95657,20.30356]]},"properties":{"c":"residential","h":0.45,"k":0.9163,"m":true,"len":87,"t":"TH570908"}},{"type":"Feature","geometry":{"type":"LineString","coordinates":[[99.95657,20.30356],[99.95655,20.30361],[99.95676,20.30399],[99.95681,20.30426],[99.95681,20.3043]]},"properties":{"c":"residential","h":0.05,"k":0.9163,"m":true,"len":87,"t":"TH570908"}},{"type":"Feature","geometry":{"type":"LineString","coordinates":[[99.95681,20.3043],[99.9568,20.30455],[99.95625,20.3047]]},"properties":{"c":"residential","h":0.05,"k":0.9159,"m":true,"len":87,"t":"TH570908"}},{"type":"Feature","geometry":{"type":"LineString","coordinates":[[99.94632,20.33056],[99.94674,20.33048],[99.94721,20.33044],[99.94726,20.33061]]},"properties":{"c":"residential","h":3.1,"k":0.6165,"m":true,"len":113,"t":"TH570908"}},{"type":"Feature","geometry":{"type":"LineString","coordinates":[[99.94726,20.33061],[99.94732,20.33077],[99.94738,20.3308],[99.94751,20.3308],[99.94821,20.33074]]},"properties":{"c":"residential","h":3.05,"k":0.6165,"m":true,"len":113,"t":"TH570908"}},{"type":"Feature","geometry":{"type":"LineString","coordinates":[[99.94821,20.33074],[99.94861,20.3307],[99.94892,20.3307],[99.94904,20.33073],[99.94912,20.33084],[99.94914,20.33094]]},"properties":{"c":"residential","h":2.4,"k":0.6172,"m":true,"len":113,"t":"TH570908"}},{"type":"Feature","geometry":{"type":"LineString","coordinates":[[99.94914,20.33094],[99.94922,20.33154],[99.94928,20.33161],[99.94963,20.33158]]},"properties":{"c":"residential","h":0.85,"k":0.6172,"m":true,"len":113,"t":"TH570908"}},{"type":"Feature","geometry":{"type":"LineString","coordinates":[[99.94963,20.33158],[99.95071,20.3315],[99.95071,20.3315]]},"properties":{"c":"residential","h":0.85,"k":0.6172,"m":true,"len":113,"t":"TH570908"}},{"type":"Feature","geometry":{"type":"LineString","coordinates":[[99.95071,20.3315],[99.95179,20.33145]]},"properties":{"c":"residential","h":0.85,"k":0.6172,"m":true,"len":113,"t":"TH570908"}},{"type":"Feature","geometry":{"type":"LineString","coordinates":[[99.95179,20.33145],[99.95189,20.33152],[99.95191,20.33157],[99.95188,20.33192],[99.95188,20.33198]]},"properties":{"c":"residential","h":0.9,"k":0.6172,"m":true,"len":65,"t":"TH570908"}},{"type":"Feature","geometry":{"type":"LineString","coordinates":[[99.95188,20.33198],[99.95188,20.33226],[99.95191,20.33257]]},"properties":{"c":"residential","h":0.85,"k":0.6172,"m":true,"len":65,"t":"TH570908"}},{"type":"Feature","geometry":{"type":"LineString","coordinates":[[99.94625,20.33345],[99.9462,20.33288],[99.94615,20.33255],[99.94615,20.33247]]},"properties":{"c":"residential","h":2.35,"k":0.6559,"m":true,"len":109,"t":"TH570908"}},{"type":"Feature","geometry":{"type":"LineString","coordinates":[[99.94615,20.33247],[99.94615,20.33242],[99.94633,20.33175],[99.94637,20.33152]]},"properties":{"c":"residential","h":2.5,"k":0.6559,"m":true,"len":109,"t":"TH570908"}},{"type":"Feature","geometry":{"type":"LineString","coordinates":[[99.94637,20.33152],[99.94638,20.33148],[99.94641,20.33117],[99.94642,20.33084],[99.94632,20.33056]]},"properties":{"c":"residential","h":3.15,"k":0.6559,"m":true,"len":109,"t":"TH570908"}},{"type":"Feature","geometry":{"type":"LineString","coordinates":[[99.93133,20.31744],[99.93135,20.31763],[99.93144,20.31795],[99.93169,20.31845]]},"properties":{"c":"unclassified","h":2.7,"k":0.3741,"m":true,"len":118,"t":"TH570908"}},{"type":"Feature","geometry":{"type":"LineString","coordinates":[[99.93169,20.31845],[99.93185,20.31875],[99.93193,20.31904],[99.93199,20.31947]]},"properties":{"c":"unclassified","h":2.15,"k":0.3741,"m":true,"len":118,"t":"TH570908"}},{"type":"Feature","geometry":{"type":"LineString","coordinates":[[99.93199,20.31947],[99.93206,20.32007],[99.932,20.32053]]},"properties":{"c":"unclassified","h":1.4,"k":0.3743,"m":true,"len":118,"t":"TH570908"}},{"type":"Feature","geometry":{"type":"LineString","coordinates":[[99.932,20.32053],[99.93195,20.32087],[99.93195,20.3216]]},"properties":{"c":"unclassified","h":0.7,"k":0.3743,"m":true,"len":118,"t":"TH570908"}},{"type":"Feature","geometry":{"type":"LineString","coordinates":[[99.93195,20.3216],[99.93195,20.32164],[99.93216,20.32265]]},"properties":{"c":"unclassified","h":0.15,"k":0.3751,"m":true,"len":118,"t":"TH570908"}},{"type":"Feature","geometry":{"type":"LineString","coordinates":[[99.93216,20.32265],[99.93217,20.32272],[99.93229,20.32359],[99.93232,20.32371]]},"properties":{"c":"unclassified","h":0.05,"k":0.3751,"m":true,"len":118,"t":"TH570908"}},{"type":"Feature","geometry":{"type":"LineString","coordinates":[[99.93232,20.32371],[99.93239,20.324],[99.93245,20.32449],[99.93246,20.32477]]},"properties":{"c":"unclassified","h":0.05,"k":0.3751,"m":true,"len":118,"t":"TH570908"}},{"type":"Feature","geometry":{"type":"LineString","coordinates":[[99.93246,20.32477],[99.93246,20.32478],[99.93236,20.32523],[99.93236,20.32568],[99.93234,20.32583]]},"properties":{"c":"unclassified","h":0.1,"k":0.3753,"m":true,"len":118,"t":"TH570908"}},{"type":"Feature","geometry":{"type":"LineString","coordinates":[[99.93234,20.32583],[99.93233,20.3259],[99.93235,20.32619],[99.93252,20.32641],[99.93261,20.3266],[99.93268,20.32682]]},"properties":{"c":"unclassified","h":1.15,"k":0.3755,"m":true,"len":118,"t":"TH570908"}},{"type":"Feature","geometry":{"type":"LineString","coordinates":[[99.93268,20.32682],[99.93298,20.32785]]},"properties":{"c":"unclassified","h":0.4,"k":0.3755,"m":true,"len":118,"t":"TH570908"}},{"type":"Feature","geometry":{"type":"LineString","coordinates":[[99.93298,20.32785],[99.93308,20.32819],[99.93324,20.32889]]},"properties":{"c":"unclassified","h":0.35,"k":0.3757,"m":true,"len":118,"t":"TH570908"}},{"type":"Feature","geometry":{"type":"LineString","coordinates":[[99.93324,20.32889],[99.93347,20.32994]]},"properties":{"c":"unclassified","h":0.3,"k":0.3759,"m":true,"len":118,"t":"TH570908"}},{"type":"Feature","geometry":{"type":"LineString","coordinates":[[99.93347,20.32994],[99.9337,20.33098]]},"properties":{"c":"unclassified","h":0.05,"k":0.3759,"m":true,"len":118,"t":"TH570908"}},{"type":"Feature","geometry":{"type":"LineString","coordinates":[[99.9337,20.33098],[99.93377,20.3313],[99.93396,20.33203]]},"properties":{"c":"unclassified","h":0.1,"k":0.6077,"m":true,"len":118,"t":"TH570908"}},{"type":"Feature","geometry":{"type":"LineString","coordinates":[[99.93396,20.33203],[99.93401,20.33222],[99.93419,20.33282],[99.93423,20.33306]]},"properties":{"c":"unclassified","h":0.05,"k":0.6077,"m":true,"len":118,"t":"TH570908"}},{"type":"Feature","geometry":{"type":"LineString","coordinates":[[99.93423,20.33306],[99.93423,20.33307],[99.9345,20.3341]]},"properties":{"c":"unclassified","h":0.05,"k":0.6154,"m":true,"len":118,"t":"TH570908"}},{"type":"Feature","geometry":{"type":"LineString","coordinates":[[99.9345,20.3341],[99.93471,20.3349],[99.93476,20.33514]]},"properties":{"c":"unclassified","h":0.05,"k":0.6154,"m":true,"len":118,"t":"TH570908"}},{"type":"Feature","geometry":{"type":"LineString","coordinates":[[99.93476,20.33514],[99.93483,20.33546],[99.9349,20.33621]]},"properties":{"c":"unclassified","h":0.05,"k":0.6165,"m":true,"len":118,"t":"TH570908"}},{"type":"Feature","geometry":{"type":"LineString","coordinates":[[99.9634,20.32541],[99.96342,20.3255],[99.96341,20.32556],[99.96338,20.32559],[99.96254,20.32583]]},"properties":{"c":"residential","h":4.0,"k":0.671,"m":true,"len":113,"t":"TH570908"}},{"type":"Feature","geometry":{"type":"LineString","coordinates":[[99.96254,20.32583],[99.96206,20.32596],[99.96149,20.3261]]},"properties":{"c":"residential","h":3.85,"k":0.671,"m":true,"len":113,"t":"TH570908"}},{"type":"Feature","geometry":{"type":"LineString","coordinates":[[99.9586,20.32864],[99.9586,20.32871],[99.95858,20.32878],[99.95766,20.32893]]},"properties":{"c":"residential","h":3.25,"k":0.6683,"m":true,"len":113,"t":"TH570908"}},{"type":"Feature","geometry":{"type":"LineString","coordinates":[[99.95766,20.32893],[99.95659,20.32911]]},"properties":{"c":"residential","h":3.0,"k":0.6683,"m":true,"len":113,"t":"TH570908"}},{"type":"Feature","geometry":{"type":"LineString","coordinates":[[99.95659,20.32911],[99.95552,20.32928]]},"properties":{"c":"residential","h":2.45,"k":0.6683,"m":true,"len":113,"t":"TH570908"}},{"type":"Feature","geometry":{"type":"LineString","coordinates":[[99.95552,20.32928],[99.95445,20.32946]]},"properties":{"c":"residential","h":1.75,"k":0.6172,"m":true,"len":113,"t":"TH570908"}},{"type":"Feature","geometry":{"type":"LineString","coordinates":[[99.95445,20.32946],[99.95338,20.32963]]},"properties":{"c":"residential","h":1.45,"k":0.6172,"m":true,"len":113,"t":"TH570908"}},{"type":"Feature","geometry":{"type":"LineString","coordinates":[[99.95338,20.32963],[99.95231,20.32981]]},"properties":{"c":"residential","h":1.3,"k":0.6172,"m":true,"len":113,"t":"TH570908"}},{"type":"Feature","geometry":{"type":"LineString","coordinates":[[99.95231,20.32981],[99.9518,20.32989],[99.9518,20.33042]]},"properties":{"c":"residential","h":1.25,"k":0.6172,"m":true,"len":113,"t":"TH570908"}},{"type":"Feature","geometry":{"type":"LineString","coordinates":[[99.9518,20.33042],[99.95179,20.33145]]},"properties":{"c":"residential","h":1.1,"k":0.6172,"m":true,"len":113,"t":"TH570908"}},{"type":"Feature","geometry":{"type":"LineString","coordinates":[[99.94513,20.3257],[99.94501,20.32569],[99.94488,20.32567],[99.94472,20.32568],[99.94421,20.3257]]},"properties":{"c":"residential","h":3.85,"k":0.6165,"m":true,"len":96,"t":"TH570908"}},{"type":"Feature","geometry":{"type":"LineString","coordinates":[[99.94421,20.3257],[99.9435,20.32573],[99.94346,20.32572],[99.94344,20.32569],[99.94343,20.32557]]},"properties":{"c":"residential","h":3.7,"k":0.6165,"m":true,"len":96,"t":"TH570908"}},{"type":"Feature","geometry":{"type":"LineString","coordinates":[[99.9485,20.3304],[99.94802,20.33041],[99.94785,20.33042]]},"properties":{"c":"residential","h":2.35,"k":0.6165,"m":true,"len":67,"t":"TH570908"}},{"type":"Feature","geometry":{"type":"LineString","coordinates":[[99.94785,20.33042],[99.94776,20.33042],[99.94736,20.33043],[99.94724,20.33043],[99.94721,20.33044]]},"properties":{"c":"residential","h":2.15,"k":0.6165,"m":true,"len":67,"t":"TH570908"}},{"type":"Feature","geometry":{"type":"LineString","coordinates":[[99.94011,20.33366],[99.94008,20.33408],[99.94007,20.33427]]},"properties":{"c":"residential","h":0.3,"k":0.6165,"m":true,"len":68,"t":"TH570908"}},{"type":"Feature","geometry":{"type":"LineString","coordinates":[[99.94007,20.33427],[99.94005,20.33488]]},"properties":{"c":"residential","h":1.8,"k":0.6165,"m":true,"len":68,"t":"TH570908"}},{"type":"Feature","geometry":{"type":"LineString","coordinates":[[99.94008,20.33408],[99.94085,20.33378]]},"properties":{"c":"residential","h":1.65,"k":0.6165,"m":true,"len":87,"t":"TH570908"}},{"type":"Feature","geometry":{"type":"LineString","coordinates":[[99.94295,20.32828],[99.94295,20.32821],[99.94296,20.32818],[99.94297,20.32816],[99.943,20.32815],[99.94393,20.32807]]},"properties":{"c":"residential","h":1.7,"k":0.6165,"m":true,"len":114,"t":"TH570908"}},{"type":"Feature","geometry":{"type":"LineString","coordinates":[[99.94393,20.32807],[99.9441,20.32806],[99.94414,20.32808],[99.94416,20.32809],[99.9442,20.3281],[99.94501,20.32801]]},"properties":{"c":"residential","h":2.0,"k":0.6165,"m":true,"len":114,"t":"TH570908"}},{"type":"Feature","geometry":{"type":"LineString","coordinates":[[99.94437,20.32364],[99.9443,20.32366],[99.94369,20.32368]]},"properties":{"c":"residential","h":3.45,"k":0.6165,"m":true,"len":71,"t":"TH570908"}},{"type":"Feature","geometry":{"type":"LineString","coordinates":[[99.88562,20.43925],[99.88618,20.439]]},"properties":{"c":"residential","h":3.0,"k":0.9999,"m":true,"len":64,"t":"TH570901"}},{"type":"Feature","geometry":{"type":"LineString","coordinates":[[99.88618,20.439],[99.88624,20.43898],[99.88672,20.43872]]},"properties":{"c":"residential","h":2.35,"k":0.9999,"m":true,"len":64,"t":"TH570901"}},{"type":"Feature","geometry":{"type":"LineString","coordinates":[[99.8843,20.44371],[99.88415,20.44344],[99.88407,20.44334]]},"properties":{"c":"residential","h":1.9,"k":0.9958,"m":true,"len":48,"t":"TH570901"}},{"type":"Feature","geometry":{"type":"LineString","coordinates":[[99.88673,20.43983],[99.88712,20.43976]]},"properties":{"c":"residential","h":1.75,"k":0.9999,"m":true,"len":41,"t":"TH570901"}},{"type":"Feature","geometry":{"type":"LineString","coordinates":[[99.88385,20.44475],[99.88362,20.44531]]},"properties":{"c":"residential","h":0.8,"k":0.9958,"m":true,"len":67,"t":"TH570901"}},{"type":"Feature","geometry":{"type":"LineString","coordinates":[[99.887,20.4432],[99.88659,20.44331]]},"properties":{"c":"residential","h":0.05,"k":0.9997,"m":true,"len":44,"t":"TH570901"}},{"type":"Feature","geometry":{"type":"LineString","coordinates":[[99.88527,20.44161],[99.88548,20.44218]]},"properties":{"c":"residential","h":0.85,"k":0.9997,"m":true,"len":67,"t":"TH570901"}},{"type":"Feature","geometry":{"type":"LineString","coordinates":[[99.91043,20.43832],[99.91156,20.4383]]},"properties":{"c":"unclassified","h":4.0,"k":1.0,"m":true,"len":118,"t":"TH570901"}},{"type":"Feature","geometry":{"type":"LineString","coordinates":[[99.91606,20.43824],[99.91665,20.43822],[99.91719,20.43822]]},"properties":{"c":"unclassified","h":3.85,"k":1.0,"m":true,"len":118,"t":"TH570901"}},{"type":"Feature","geometry":{"type":"LineString","coordinates":[[99.91944,20.43818],[99.91956,20.43817],[99.92057,20.43818]]},"properties":{"c":"unclassified","h":2.9,"k":1.0,"m":true,"len":118,"t":"TH570901"}},{"type":"Feature","geometry":{"type":"LineString","coordinates":[[99.92057,20.43818],[99.92131,20.43819],[99.9216,20.43816],[99.92169,20.43814]]},"properties":{"c":"unclassified","h":2.7,"k":1.0,"m":true,"len":118,"t":"TH570901"}},{"type":"Feature","geometry":{"type":"LineString","coordinates":[[99.92169,20.43814],[99.92203,20.43803],[99.92222,20.43792],[99.92269,20.43767]]},"properties":{"c":"unclassified","h":2.35,"k":1.0,"m":true,"len":118,"t":"TH570901"}},{"type":"Feature","geometry":{"type":"LineString","coordinates":[[99.92269,20.43767],[99.9236,20.43719],[99.92367,20.43715]]},"properties":{"c":"unclassified","h":2.3,"k":1.0,"m":true,"len":118,"t":"TH570901"}},{"type":"Feature","geometry":{"type":"LineString","coordinates":[[99.92367,20.43715],[99.92466,20.43663]]},"properties":{"c":"unclassified","h":2.95,"k":1.0,"m":true,"len":118,"t":"TH570901"}},{"type":"Feature","geometry":{"type":"LineString","coordinates":[[99.92466,20.43663],[99.92564,20.43611]]},"properties":{"c":"unclassified","h":3.1,"k":1.0,"m":true,"len":118,"t":"TH570901"}},{"type":"Feature","geometry":{"type":"LineString","coordinates":[[99.92564,20.43611],[99.92631,20.43575],[99.92631,20.43575],[99.92662,20.4356]]},"properties":{"c":"unclassified","h":3.65,"k":1.0,"m":true,"len":118,"t":"TH570901"}},{"type":"Feature","geometry":{"type":"LineString","coordinates":[[99.92662,20.4356],[99.92705,20.43539],[99.92741,20.43528],[99.92767,20.43521]]},"properties":{"c":"unclassified","h":1.75,"k":1.0,"m":true,"len":118,"t":"TH570901"}},{"type":"Feature","geometry":{"type":"LineString","coordinates":[[99.92767,20.43521],[99.92875,20.43492]]},"properties":{"c":"unclassified","h":1.65,"k":1.0,"m":true,"len":118,"t":"TH570901"}},{"type":"Feature","geometry":{"type":"LineString","coordinates":[[99.92875,20.43492],[99.92982,20.43464],[99.92984,20.43463]]},"properties":{"c":"unclassified","h":1.7,"k":1.0,"m":true,"len":118,"t":"TH570901"}},{"type":"Feature","geometry":{"type":"LineString","coordinates":[[99.92984,20.43463],[99.9309,20.43429]]},"properties":{"c":"unclassified","h":1.8,"k":1.0,"m":true,"len":118,"t":"TH570901"}},{"type":"Feature","geometry":{"type":"LineString","coordinates":[[99.90503,20.43894],[99.90595,20.43903]]},"properties":{"c":"unclassified","h":2.95,"k":1.0,"m":true,"len":97,"t":"TH570901"}},{"type":"Feature","geometry":{"type":"LineString","coordinates":[[99.90595,20.43903],[99.90649,20.43909],[99.90688,20.43911]]},"properties":{"c":"unclassified","h":3.8,"k":1.0,"m":true,"len":97,"t":"TH570901"}},{"type":"Feature","geometry":{"type":"LineString","coordinates":[[99.9036,20.44218],[99.90421,20.44217],[99.90422,20.44217]]},"properties":{"c":"residential","h":3.85,"k":0.4929,"m":true,"len":65,"t":"TH570901"}},{"type":"Feature","geometry":{"type":"LineString","coordinates":[[99.9056,20.44307],[99.90557,20.44305],[99.90545,20.44289],[99.90543,20.44277],[99.90541,20.44258],[99.90531,20.44239]]},"properties":{"c":"residential","h":2.85,"k":0.4929,"m":true,"len":83,"t":"TH570901"}},{"type":"Feature","geometry":{"type":"LineString","coordinates":[[99.90872,20.44178],[99.90875,20.44159],[99.90877,20.44127],[99.90881,20.44083]]},"properties":{"c":"residential","h":3.35,"k":0.4929,"m":true,"len":105,"t":"TH570901"}},{"type":"Feature","geometry":{"type":"LineString","coordinates":[[99.89659,20.43856],[99.89649,20.43754]]},"properties":{"c":"residential","h":0.05,"k":1.0,"m":true,"len":113,"t":"TH570901"}},{"type":"Feature","geometry":{"type":"LineString","coordinates":[[99.9306,20.43624],[99.93046,20.43632],[99.93031,20.43639],[99.93019,20.43644],[99.93007,20.43652],[99.9299,20.43659],[99.92962,20.43666]]},"properties":{"c":"residential","h":3.6,"k":1.0,"m":true,"len":113,"t":"TH570901"}},{"type":"Feature","geometry":{"type":"LineString","coordinates":[[99.92962,20.43666],[99.9296,20.43666],[99.92892,20.43681],[99.92857,20.43689]]},"properties":{"c":"residential","h":3.85,"k":1.0,"m":true,"len":113,"t":"TH570901"}},{"type":"Feature","geometry":{"type":"LineString","coordinates":[[99.92857,20.43689],[99.92834,20.43695],[99.92818,20.437],[99.92753,20.43719]]},"properties":{"c":"residential","h":3.75,"k":1.0,"m":true,"len":113,"t":"TH570901"}},{"type":"Feature","geometry":{"type":"LineString","coordinates":[[99.92457,20.43827],[99.92436,20.43843],[99.92416,20.43852],[99.92401,20.43855],[99.92389,20.43857],[99.92375,20.43858],[99.92358,20.43857],[99.92357,20.43857]]},"properties":{"c":"residential","h":3.85,"k":1.0,"m":true,"len":113,"t":"TH570901"}},{"type":"Feature","geometry":{"type":"LineString","coordinates":[[99.92357,20.43857],[99.92335,20.43855],[99.92285,20.4385],[99.9225,20.43846]]},"properties":{"c":"residential","h":3.7,"k":1.0,"m":true,"len":113,"t":"TH570901"}},{"type":"Feature","geometry":{"type":"LineString","coordinates":[[99.91888,20.44042],[99.91825,20.44065],[99.91794,20.44072],[99.91786,20.44075],[99.91786,20.44075]]},"properties":{"c":"residential","h":2.4,"k":0.4929,"m":true,"len":113,"t":"TH570901"}},{"type":"Feature","geometry":{"type":"LineString","coordinates":[[99.91786,20.44075],[99.9178,20.44079],[99.91716,20.44144],[99.91714,20.44151]]},"properties":{"c":"residential","h":2.65,"k":0.4929,"m":true,"len":113,"t":"TH570901"}},{"type":"Feature","geometry":{"type":"LineString","coordinates":[[99.92565,20.43819],[99.92563,20.43829],[99.92539,20.43852],[99.92519,20.43871]]},"properties":{"c":"residential","h":4.0,"k":1.0,"m":true,"len":76,"t":"TH570901"}},{"type":"Feature","geometry":{"type":"LineString","coordinates":[[99.91639,20.44119],[99.916,20.44193],[99.916,20.44199]]},"properties":{"c":"residential","h":2.65,"k":0.4929,"m":true,"len":99,"t":"TH570901"}},{"type":"Feature","geometry":{"type":"LineString","coordinates":[[99.88905,20.44368],[99.88906,20.44376],[99.88911,20.4439]]},"properties":{"c":"residential","h":0.3,"k":0.9997,"m":true,"len":25,"t":"TH570901"}},{"type":"Feature","geometry":{"type":"LineString","coordinates":[[99.92276,20.44291],[99.92303,20.44374]]},"properties":{"c":"residential","h":2.2,"k":0.4946,"m":true,"len":96,"t":"TH570901"}},{"type":"Feature","geometry":{"type":"LineString","coordinates":[[99.92303,20.44374],[99.92305,20.44382],[99.92312,20.44437],[99.92312,20.44461]]},"properties":{"c":"residential","h":1.25,"k":0.4946,"m":true,"len":96,"t":"TH570901"}},{"type":"Feature","geometry":{"type":"LineString","coordinates":[[99.92305,20.44382],[99.92323,20.44378],[99.92335,20.44375],[99.9234,20.44375],[99.92356,20.44372],[99.92391,20.44375]]},"properties":{"c":"residential","h":1.55,"k":0.4946,"m":true,"len":91,"t":"TH570901"}},{"type":"Feature","geometry":{"type":"LineString","coordinates":[[99.92391,20.44375],[99.92411,20.44376],[99.92454,20.44385],[99.92477,20.44383]]},"properties":{"c":"residential","h":1.55,"k":0.4946,"m":true,"len":91,"t":"TH570901"}},{"type":"Feature","geometry":{"type":"LineString","coordinates":[[99.92477,20.44383],[99.92543,20.44379],[99.92563,20.44375]]},"properties":{"c":"residential","h":2.0,"k":0.4956,"m":true,"len":91,"t":"TH570901"}},{"type":"Feature","geometry":{"type":"LineString","coordinates":[[99.92563,20.44375],[99.92572,20.44373],[99.92596,20.44371],[99.92616,20.44372],[99.92639,20.44378],[99.9264,20.44388]]},"properties":{"c":"residential","h":1.85,"k":0.4956,"m":true,"len":91,"t":"TH570901"}},{"type":"Feature","geometry":{"type":"LineString","coordinates":[[99.92693,20.44392],[99.9269,20.4435],[99.92691,20.4432],[99.92694,20.44294]]},"properties":{"c":"residential","h":0.7,"k":0.4956,"m":true,"len":109,"t":"TH570901"}},{"type":"Feature","geometry":{"type":"LineString","coordinates":[[99.92694,20.44294],[99.92704,20.44196]]},"properties":{"c":"residential","h":0.7,"k":0.4956,"m":true,"len":109,"t":"TH570901"}},{"type":"Feature","geometry":{"type":"LineString","coordinates":[[99.92693,20.44392],[99.92703,20.44429],[99.92704,20.44453],[99.92692,20.44485]]},"properties":{"c":"residential","h":2.4,"k":0.4956,"m":true,"len":107,"t":"TH570901"}},{"type":"Feature","geometry":{"type":"LineString","coordinates":[[99.92692,20.44485],[99.92675,20.44532],[99.92664,20.44559],[99.92655,20.44574],[99.92655,20.44575]]},"properties":{"c":"residential","h":2.0,"k":0.4956,"m":true,"len":107,"t":"TH570901"}},{"type":"Feature","geometry":{"type":"LineString","coordinates":[[99.92655,20.44575],[99.92651,20.44583],[99.92649,20.44593],[99.92613,20.44639],[99.92602,20.44656]]},"properties":{"c":"residential","h":0.3,"k":0.4956,"m":true,"len":107,"t":"TH570901"}},{"type":"Feature","geometry":{"type":"LineString","coordinates":[[99.92602,20.44656],[99.92596,20.44664],[99.92586,20.44683],[99.92567,20.44724],[99.92565,20.44728],[99.92558,20.44742]]},"properties":{"c":"residential","h":0.3,"k":0.4956,"m":true,"len":107,"t":"TH570901"}},{"type":"Feature","geometry":{"type":"LineString","coordinates":[[99.92558,20.44742],[99.92536,20.44792],[99.92518,20.44831]]},"properties":{"c":"residential","h":0.15,"k":0.4956,"m":true,"len":107,"t":"TH570901"}},{"type":"Feature","geometry":{"type":"LineString","coordinates":[[99.8979,20.44391],[99.898,20.44438],[99.89802,20.44451],[99.89798,20.44463]]},"properties":{"c":"residential","h":3.65,"k":0.4929,"m":true,"len":82,"t":"TH570901"}},{"type":"Feature","geometry":{"type":"LineString","coordinates":[[99.89798,20.44463],[99.89798,20.44464],[99.89789,20.44485],[99.89786,20.44496],[99.89789,20.44535]]},"properties":{"c":"residential","h":3.65,"k":0.4929,"m":true,"len":82,"t":"TH570901"}},{"type":"Feature","geometry":{"type":"LineString","coordinates":[[99.89789,20.44535],[99.89789,20.44543],[99.89784,20.44608]]},"properties":{"c":"residential","h":3.65,"k":0.4929,"m":true,"len":82,"t":"TH570901"}},{"type":"Feature","geometry":{"type":"LineString","coordinates":[[99.91586,20.44002],[99.91564,20.44084]]},"properties":{"c":"residential","h":3.5,"k":0.4929,"m":true,"len":93,"t":"TH570901"}},{"type":"Feature","geometry":{"type":"LineString","coordinates":[[99.92217,20.44286],[99.92215,20.44328]]},"properties":{"c":"residential","h":2.3,"k":0.4946,"m":true,"len":47,"t":"TH570901"}},{"type":"Feature","geometry":{"type":"LineString","coordinates":[[99.92892,20.43681],[99.92896,20.43734],[99.92898,20.43751]]},"properties":{"c":"residential","h":3.75,"k":1.0,"m":true,"len":78,"t":"TH570901"}},{"type":"Feature","geometry":{"type":"LineString","coordinates":[[99.92887,20.43625],[99.92886,20.43605],[99.92883,20.43581],[99.92881,20.43569]]},"properties":{"c":"residential","h":3.85,"k":1.0,"m":true,"len":62,"t":"TH570901"}},{"type":"Feature","geometry":{"type":"LineString","coordinates":[[99.92886,20.43605],[99.92841,20.43614],[99.92828,20.43617],[99.92821,20.43618],[99.92818,20.4362]]},"properties":{"c":"residential","h":3.35,"k":1.0,"m":true,"len":73,"t":"TH570901"}},{"type":"Feature","geometry":{"type":"LineString","coordinates":[[99.92651,20.44583],[99.92594,20.44558],[99.92566,20.44546]]},"properties":{"c":"residential","h":3.4,"k":0.4956,"m":true,"len":98,"t":"TH570901"}},{"type":"Feature","geometry":{"type":"LineString","coordinates":[[99.92566,20.44546],[99.92492,20.44511],[99.92482,20.44506]]},"properties":{"c":"residential","h":2.85,"k":0.4956,"m":true,"len":98,"t":"TH570901"}},{"type":"Feature","geometry":{"type":"LineString","coordinates":[[99.92482,20.44506],[99.92399,20.44465]]},"properties":{"c":"residential","h":2.4,"k":0.4956,"m":true,"len":98,"t":"TH570901"}},{"type":"Feature","geometry":{"type":"LineString","coordinates":[[99.92399,20.44465],[99.92363,20.44447],[99.92356,20.44444],[99.9232,20.44436],[99.92312,20.44437]]},"properties":{"c":"residential","h":0.5,"k":0.4946,"m":true,"len":98,"t":"TH570901"}},{"type":"Feature","geometry":{"type":"LineString","coordinates":[[99.90724,20.4393],[99.90649,20.43927],[99.90612,20.43923]]},"properties":{"c":"residential","h":3.8,"k":1.0,"m":true,"len":117,"t":"TH570901"}},{"type":"Feature","geometry":{"type":"LineString","coordinates":[[99.90612,20.43923],[99.905,20.43913]]},"properties":{"c":"residential","h":3.05,"k":1.0,"m":true,"len":117,"t":"TH570901"}},{"type":"Feature","geometry":{"type":"LineString","coordinates":[[99.89495,20.43614],[99.89523,20.43619],[99.89539,20.43622],[99.89554,20.43629]]},"properties":{"c":"residential","h":0.05,"k":1.0,"m":true,"len":64,"t":"TH570901"}},{"type":"Feature","geometry":{"type":"LineString","coordinates":[[99.9234,20.44375],[99.92344,20.44402],[99.92364,20.44409],[99.92377,20.44414],[99.92407,20.44428]]},"properties":{"c":"residential","h":1.4,"k":0.4946,"m":true,"len":102,"t":"TH570901"}},{"type":"Feature","geometry":{"type":"LineString","coordinates":[[99.92407,20.44428],[99.9243,20.44439],[99.92481,20.44455],[99.92497,20.44463]]},"properties":{"c":"residential","h":3.75,"k":0.4956,"m":true,"len":102,"t":"TH570901"}},{"type":"Feature","geometry":{"type":"LineString","coordinates":[[99.92584,20.44506],[99.92587,20.44507],[99.92664,20.44559]]},"properties":{"c":"residential","h":3.4,"k":0.4956,"m":true,"len":102,"t":"TH570901"}},{"type":"Feature","geometry":{"type":"LineString","coordinates":[[99.89889,20.44419],[99.8989,20.4442],[99.89901,20.44432],[99.89915,20.44459],[99.89925,20.44465],[99.89935,20.44467],[99.8994,20.4446],[99.89939,20.44458]]},"properties":{"c":"residential","h":3.8,"k":0.4929,"m":true,"len":88,"t":"TH570901"}},{"type":"Feature","geometry":{"type":"LineString","coordinates":[[99.89939,20.44458],[99.89938,20.44442],[99.8994,20.44419],[99.89946,20.444],[99.8995,20.4438]]},"properties":{"c":"residential","h":3.65,"k":0.4929,"m":true,"len":88,"t":"TH570901"}},{"type":"Feature","geometry":{"type":"LineString","coordinates":[[99.89601,20.43756],[99.89594,20.43653]]},"properties":{"c":"residential","h":1.15,"k":1.0,"m":true,"len":114,"t":"TH570901"}},{"type":"Feature","geometry":{"type":"LineString","coordinates":[[99.89601,20.43756],[99.89606,20.43757],[99.89649,20.43754]]},"properties":{"c":"residential","h":1.15,"k":1.0,"m":true,"len":50,"t":"TH570901"}},{"type":"Feature","geometry":{"type":"LineString","coordinates":[[99.91898,20.44216],[99.91883,20.44285],[99.91882,20.4429]]},"properties":{"c":"residential","h":3.4,"k":0.4946,"m":true,"len":83,"t":"TH570901"}},{"type":"Feature","geometry":{"type":"LineString","coordinates":[[99.91882,20.4429],[99.91876,20.4432],[99.9187,20.44338],[99.91861,20.44362]]},"properties":{"c":"residential","h":3.0,"k":0.4946,"m":true,"len":83,"t":"TH570901"}},{"type":"Feature","geometry":{"type":"LineString","coordinates":[[99.91861,20.44362],[99.91858,20.4437],[99.91855,20.44396],[99.91837,20.44433]]},"properties":{"c":"residential","h":2.75,"k":0.4946,"m":true,"len":83,"t":"TH570901"}},{"type":"Feature","geometry":{"type":"LineString","coordinates":[[99.91027,20.43986],[99.9102,20.44026],[99.91058,20.44036]]},"properties":{"c":"residential","h":2.7,"k":0.4929,"m":true,"len":87,"t":"TH570901"}},{"type":"Feature","geometry":{"type":"LineString","coordinates":[[99.91058,20.44036],[99.91138,20.44058]]},"properties":{"c":"residential","h":3.45,"k":0.4929,"m":true,"len":87,"t":"TH570901"}},{"type":"Feature","geometry":{"type":"LineString","coordinates":[[99.90507,20.43523],[99.9045,20.4352],[99.90447,20.43523],[99.90444,20.43527],[99.90443,20.43546]]},"properties":{"c":"residential","h":0.45,"k":1.0,"m":true,"len":90,"t":"TH570901"}},{"type":"Feature","geometry":{"type":"LineString","coordinates":[[99.90446,20.43636],[99.90412,20.43635]]},"properties":{"c":"residential","h":0.5,"k":1.0,"m":true,"len":36,"t":"TH570901"}},{"type":"Feature","geometry":{"type":"LineString","coordinates":[[99.90735,20.44102],[99.90726,20.44136],[99.90726,20.44148],[99.90731,20.44168],[99.90738,20.44188]]},"properties":{"c":"residential","h":3.15,"k":0.4929,"m":true,"len":97,"t":"TH570901"}},{"type":"Feature","geometry":{"type":"LineString","coordinates":[[99.92645,20.43734],[99.92646,20.43708],[99.92644,20.43688],[99.92652,20.43665],[99.92652,20.43659]]},"properties":{"c":"residential","h":3.75,"k":1.0,"m":true,"len":85,"t":"TH570901"}},{"type":"Feature","geometry":{"type":"LineString","coordinates":[[99.92652,20.43659],[99.92651,20.43645],[99.92645,20.43622],[99.92637,20.43587],[99.92637,20.43584]]},"properties":{"c":"residential","h":3.4,"k":1.0,"m":true,"len":85,"t":"TH570901"}},{"type":"Feature","geometry":{"type":"LineString","coordinates":[[99.92637,20.43584],[99.92633,20.43577]]},"properties":{"c":"residential","h":3.8,"k":1.0,"m":true,"len":8,"t":"TH570901"}},{"type":"Feature","geometry":{"type":"LineString","coordinates":[[99.90649,20.43911],[99.90649,20.43923]]},"properties":{"c":"residential","h":3.8,"k":1.0,"m":true,"len":13,"t":"TH570901"}},{"type":"Feature","geometry":{"type":"LineString","coordinates":[[99.90649,20.43923],[99.90649,20.43927],[99.90647,20.43987]]},"properties":{"c":"residential","h":3.8,"k":1.0,"m":true,"len":71,"t":"TH570901"}},{"type":"Feature","geometry":{"type":"LineString","coordinates":[[99.90635,20.44631],[99.90634,20.44726]]},"properties":{"c":"unclassified","h":3.4,"k":0.488,"m":true,"len":105,"t":"TH570901"}},{"type":"Feature","geometry":{"type":"LineString","coordinates":[[99.90703,20.44723],[99.90705,20.44713],[99.90705,20.44696],[99.90706,20.44671],[99.90711,20.44656],[99.90722,20.44646],[99.90734,20.44642],[99.90742,20.44642]]},"properties":{"c":"residential","h":1.25,"k":0.488,"m":true,"len":113,"t":"TH570901"}},{"type":"Feature","geometry":{"type":"LineString","coordinates":[[99.90742,20.44642],[99.90755,20.44642],[99.90769,20.44645],[99.90792,20.4465],[99.90814,20.44652],[99.9084,20.44648],[99.90848,20.44647],[99.90849,20.44646]]},"properties":{"c":"residential","h":2.6,"k":0.4881,"m":true,"len":113,"t":"TH570901"}},{"type":"Feature","geometry":{"type":"LineString","coordinates":[[99.90849,20.44646],[99.90865,20.44644],[99.90888,20.44637],[99.9091,20.4462],[99.90936,20.4461],[99.90944,20.44602]]},"properties":{"c":"residential","h":0.05,"k":0.4929,"m":true,"len":113,"t":"TH570901"}},{"type":"Feature","geometry":{"type":"LineString","coordinates":[[99.90944,20.44602],[99.90945,20.44601],[99.90941,20.44584],[99.9093,20.44557],[99.90912,20.44523],[99.90905,20.44508]]},"properties":{"c":"residential","h":0.05,"k":0.4929,"m":true,"len":113,"t":"TH570901"}},{"type":"Feature","geometry":{"type":"LineString","coordinates":[[99.90905,20.44508],[99.90892,20.44483],[99.90877,20.44459],[99.9087,20.4442],[99.90869,20.44414]]},"properties":{"c":"residential","h":0.05,"k":0.4929,"m":true,"len":113,"t":"TH570901"}},{"type":"Feature","geometry":{"type":"LineString","coordinates":[[99.90869,20.44414],[99.90856,20.44331],[99.90856,20.44318],[99.90857,20.44313]]},"properties":{"c":"residential","h":0.05,"k":0.4929,"m":true,"len":113,"t":"TH570901"}},{"type":"Feature","geometry":{"type":"LineString","coordinates":[[99.90857,20.44313],[99.90863,20.44276],[99.90875,20.44219],[99.90878,20.44212]]},"properties":{"c":"residential","h":0.35,"k":0.4929,"m":true,"len":113,"t":"TH570901"}},{"type":"Feature","geometry":{"type":"LineString","coordinates":[[99.9064,20.44725],[99.9065,20.44724],[99.90689,20.44726],[99.90703,20.44723]]},"properties":{"c":"residential","h":0.9,"k":0.488,"m":true,"len":66,"t":"TH570901"}},{"type":"Feature","geometry":{"type":"LineString","coordinates":[[99.92898,20.43751],[99.92865,20.43757],[99.92823,20.43768],[99.92814,20.43771]]},"properties":{"c":"residential","h":3.75,"k":1.0,"m":true,"len":91,"t":"TH570901"}},{"type":"Feature","geometry":{"type":"LineString","coordinates":[[99.92814,20.43771],[99.92809,20.43773],[99.92791,20.43778],[99.92731,20.43794]]},"properties":{"c":"residential","h":3.6,"k":1.0,"m":true,"len":91,"t":"TH570901"}},{"type":"Feature","geometry":{"type":"LineString","coordinates":[[99.92818,20.4362],[99.92815,20.43622],[99.92814,20.43624],[99.92817,20.4366],[99.92818,20.437]]},"properties":{"c":"residential","h":3.35,"k":1.0,"m":true,"len":90,"t":"TH570901"}},{"type":"Feature","geometry":{"type":"LineString","coordinates":[[99.90839,20.43623],[99.90823,20.43616],[99.908,20.43614],[99.9073,20.43619]]},"properties":{"c":"residential","h":2.85,"k":1.0,"m":true,"len":116,"t":"TH570901"}},{"type":"Feature","geometry":{"type":"LineString","coordinates":[[99.916,20.44193],[99.91588,20.44189],[99.91536,20.44171],[99.91511,20.44164]]},"properties":{"c":"residential","h":2.6,"k":0.4929,"m":true,"len":98,"t":"TH570901"}},{"type":"Feature","geometry":{"type":"LineString","coordinates":[[99.91511,20.44164],[99.91494,20.44159],[99.91426,20.44127]]},"properties":{"c":"residential","h":2.7,"k":0.4929,"m":true,"len":98,"t":"TH570901"}},{"type":"Feature","geometry":{"type":"LineString","coordinates":[[99.91406,20.44175],[99.91426,20.44127],[99.91438,20.44097],[99.91452,20.44077]]},"properties":{"c":"residential","h":2.85,"k":0.4929,"m":true,"len":119,"t":"TH570901"}},{"type":"Feature","geometry":{"type":"LineString","coordinates":[[99.89594,20.43653],[99.89591,20.43652],[99.89544,20.43655],[99.89492,20.43658]]},"properties":{"c":"residential","h":0.05,"k":1.0,"m":true,"len":107,"t":"TH570901"}},{"type":"Feature","geometry":{"type":"LineString","coordinates":[[99.92881,20.43569],[99.92954,20.43515]]},"properties":{"c":"residential","h":3.15,"k":1.0,"m":true,"len":98,"t":"TH570901"}},{"type":"Feature","geometry":{"type":"LineString","coordinates":[[99.9073,20.43619],[99.90708,20.43646],[99.90697,20.43666],[99.9068,20.43709]]},"properties":{"c":"residential","h":0.75,"k":1.0,"m":true,"len":113,"t":"TH570901"}},{"type":"Feature","geometry":{"type":"LineString","coordinates":[[99.9068,20.43709],[99.90676,20.4372],[99.90667,20.43765],[99.90662,20.4381]]},"properties":{"c":"residential","h":1.4,"k":1.0,"m":true,"len":113,"t":"TH570901"}},{"type":"Feature","geometry":{"type":"LineString","coordinates":[[99.90662,20.4381],[99.90659,20.43829],[99.90649,20.43909],[99.90649,20.43911]]},"properties":{"c":"residential","h":3.8,"k":1.0,"m":true,"len":113,"t":"TH570901"}},{"type":"Feature","geometry":{"type":"LineString","coordinates":[[99.90443,20.43546],[99.90366,20.43546],[99.90361,20.43546]]},"properties":{"c":"residential","h":1.45,"k":1.0,"m":true,"len":86,"t":"TH570901"}},{"type":"Feature","geometry":{"type":"LineString","coordinates":[[99.90361,20.43546],[99.90279,20.43544]]},"properties":{"c":"residential","h":1.85,"k":1.0,"m":true,"len":86,"t":"TH570901"}},{"type":"Feature","geometry":{"type":"LineString","coordinates":[[99.90279,20.43544],[99.90196,20.43542]]},"properties":{"c":"residential","h":0.55,"k":1.0,"m":true,"len":86,"t":"TH570901"}},{"type":"Feature","geometry":{"type":"LineString","coordinates":[[99.92277,20.44172],[99.92279,20.44156],[99.9228,20.44084],[99.92279,20.44073]]},"properties":{"c":"residential","h":0.1,"k":0.4946,"m":true,"len":110,"t":"TH570901"}},{"type":"Feature","geometry":{"type":"LineString","coordinates":[[99.92279,20.44073],[99.92276,20.44054],[99.92278,20.44034],[99.92281,20.44019],[99.92289,20.44006],[99.92293,20.44],[99.92301,20.43994],[99.92312,20.43986]]},"properties":{"c":"residential","h":1.1,"k":0.4946,"m":true,"len":110,"t":"TH570901"}},{"type":"Feature","geometry":{"type":"LineString","coordinates":[[99.92106,20.44306],[99.92124,20.44262]]},"properties":{"c":"residential","h":2.55,"k":0.4946,"m":true,"len":52,"t":"TH570901"}},{"type":"Feature","geometry":{"type":"LineString","coordinates":[[99.92106,20.44251],[99.92113,20.44159]]},"properties":{"c":"residential","h":1.15,"k":0.4946,"m":true,"len":103,"t":"TH570901"}},{"type":"Feature","geometry":{"type":"LineString","coordinates":[[99.90192,20.43629],[99.90278,20.43631]]},"properties":{"c":"residential","h":1.15,"k":1.0,"m":true,"len":90,"t":"TH570901"}},{"type":"Feature","geometry":{"type":"LineString","coordinates":[[99.90278,20.43631],[99.9036,20.43632],[99.90365,20.43632]]},"properties":{"c":"residential","h":1.95,"k":1.0,"m":true,"len":90,"t":"TH570901"}},{"type":"Feature","geometry":{"type":"LineString","coordinates":[[99.91707,20.43972],[99.91681,20.44048]]},"properties":{"c":"residential","h":3.45,"k":0.75,"m":true,"len":89,"t":"TH570901"}},{"type":"Feature","geometry":{"type":"LineString","coordinates":[[99.91681,20.44048],[99.91679,20.44055],[99.91655,20.44125]]},"properties":{"c":"residential","h":3.15,"k":0.4929,"m":true,"len":89,"t":"TH570901"}},{"type":"Feature","geometry":{"type":"LineString","coordinates":[[99.89869,20.43595],[99.89763,20.43582]]},"properties":{"c":"residential","h":0.9,"k":1.0,"m":true,"len":111,"t":"TH570901"}},{"type":"Feature","geometry":{"type":"LineString","coordinates":[[99.92982,20.43464],[99.92991,20.43482],[99.93,20.43499],[99.93001,20.4351],[99.93,20.43518],[99.93,20.43556]]},"properties":{"c":"residential","h":1.85,"k":1.0,"m":true,"len":107,"t":"TH570901"}},{"type":"Feature","geometry":{"type":"LineString","coordinates":[[99.93,20.43556],[99.93,20.43583],[99.93,20.43593],[99.93004,20.43632],[99.93007,20.43652]]},"properties":{"c":"residential","h":3.45,"k":1.0,"m":true,"len":107,"t":"TH570901"}},{"type":"Feature","geometry":{"type":"LineString","coordinates":[[99.913,20.44139],[99.91303,20.44129]]},"properties":{"c":"residential","h":3.8,"k":0.4929,"m":true,"len":11,"t":"TH570901"}},{"type":"Feature","geometry":{"type":"LineString","coordinates":[[99.90441,20.43591],[99.90366,20.43588],[99.90359,20.43588]]},"properties":{"c":"residential","h":1.2,"k":1.0,"m":true,"len":86,"t":"TH570901"}},{"type":"Feature","geometry":{"type":"LineString","coordinates":[[99.90359,20.43588],[99.90276,20.43587]]},"properties":{"c":"residential","h":0.8,"k":1.0,"m":true,"len":86,"t":"TH570901"}},{"type":"Feature","geometry":{"type":"LineString","coordinates":[[99.90276,20.43587],[99.90194,20.43585]]},"properties":{"c":"residential","h":0.1,"k":1.0,"m":true,"len":86,"t":"TH570901"}},{"type":"Feature","geometry":{"type":"LineString","coordinates":[[99.92886,20.43605],[99.92926,20.43596],[99.92943,20.43593]]},"properties":{"c":"residential","h":3.9,"k":1.0,"m":true,"len":61,"t":"TH570901"}},{"type":"Feature","geometry":{"type":"LineString","coordinates":[[99.92943,20.43593],[99.93,20.43583]]},"properties":{"c":"residential","h":3.4,"k":1.0,"m":true,"len":61,"t":"TH570901"}},{"type":"Feature","geometry":{"type":"LineString","coordinates":[[99.90058,20.43672],[99.90089,20.43673],[99.90125,20.4368],[99.90158,20.43683]]},"properties":{"c":"residential","h":0.05,"k":1.0,"m":true,"len":106,"t":"TH570901"}},{"type":"Feature","geometry":{"type":"LineString","coordinates":[[99.90158,20.43683],[99.9019,20.43686],[99.90259,20.43691]]},"properties":{"c":"residential","h":0.45,"k":1.0,"m":true,"len":106,"t":"TH570901"}},{"type":"Feature","geometry":{"type":"LineString","coordinates":[[99.92492,20.44511],[99.92512,20.44471],[99.92526,20.44449],[99.92526,20.44448]]},"properties":{"c":"residential","h":3.5,"k":0.4956,"m":true,"len":79,"t":"TH570901"}},{"type":"Feature","geometry":{"type":"LineString","coordinates":[[99.92526,20.44448],[99.92539,20.44402],[99.92543,20.44379]]},"properties":{"c":"residential","h":2.5,"k":0.4956,"m":true,"len":79,"t":"TH570901"}},{"type":"Feature","geometry":{"type":"LineString","coordinates":[[99.89601,20.43756],[99.89551,20.4376],[99.89538,20.4376]]},"properties":{"c":"residential","h":0.15,"k":1.0,"m":true,"len":66,"t":"TH570901"}},{"type":"Feature","geometry":{"type":"LineString","coordinates":[[99.89538,20.4376],[99.89474,20.43763]]},"properties":{"c":"residential","h":0.05,"k":1.0,"m":true,"len":66,"t":"TH570901"}},{"type":"Feature","geometry":{"type":"LineString","coordinates":[[99.89977,20.43715],[99.89932,20.43721]]},"properties":{"c":"residential","h":0.15,"k":1.0,"m":true,"len":48,"t":"TH570901"}},{"type":"Feature","geometry":{"type":"LineString","coordinates":[[99.92196,20.44204],[99.92186,20.44281]]},"properties":{"c":"residential","h":2.6,"k":0.4946,"m":true,"len":86,"t":"TH570901"}},{"type":"Feature","geometry":{"type":"LineString","coordinates":[[99.90365,20.43632],[99.90369,20.43632],[99.90409,20.43633],[99.90412,20.43635]]},"properties":{"c":"residential","h":1.0,"k":1.0,"m":true,"len":49,"t":"TH570901"}},{"type":"Feature","geometry":{"type":"LineString","coordinates":[[99.90365,20.43632],[99.90366,20.43588],[99.90366,20.43546]]},"properties":{"c":"residential","h":1.65,"k":1.0,"m":true,"len":95,"t":"TH570901"}},{"type":"Feature","geometry":{"type":"LineString","coordinates":[[99.90813,20.44116],[99.90877,20.44127]]},"properties":{"c":"residential","h":3.65,"k":0.4929,"m":true,"len":68,"t":"TH570901"}},{"type":"Feature","geometry":{"type":"LineString","coordinates":[[99.91679,20.44055],[99.9178,20.44079]]},"properties":{"c":"residential","h":2.7,"k":0.4929,"m":true,"len":109,"t":"TH570901"}},{"type":"Feature","geometry":{"type":"LineString","coordinates":[[99.89919,20.43548],[99.89844,20.43539]]},"properties":{"c":"residential","h":1.75,"k":1.0,"m":true,"len":79,"t":"TH570901"}},{"type":"Feature","geometry":{"type":"LineString","coordinates":[[99.89844,20.43539],[99.89769,20.4353]]},"properties":{"c":"residential","h":1.55,"k":1.0,"m":true,"len":79,"t":"TH570901"}},{"type":"Feature","geometry":{"type":"LineString","coordinates":[[99.90525,20.43613],[99.90552,20.43615]]},"properties":{"c":"secondary","h":1.6,"k":1.0,"m":true,"len":28,"t":"TH570901"}},{"type":"Feature","geometry":{"type":"LineString","coordinates":[[99.91741,20.44212],[99.91731,20.4425],[99.91731,20.44256]]},"properties":{"c":"residential","h":2.65,"k":0.4929,"m":true,"len":50,"t":"TH570901"}},{"type":"Feature","geometry":{"type":"LineString","coordinates":[[99.91741,20.44212],[99.91745,20.44189],[99.91753,20.4417]]},"properties":{"c":"residential","h":3.6,"k":0.4929,"m":true,"len":48,"t":"TH570901"}},{"type":"Feature","geometry":{"type":"LineString","coordinates":[[99.89775,20.4348],[99.89848,20.43487]]},"properties":{"c":"residential","h":1.05,"k":1.0,"m":true,"len":76,"t":"TH570901"}},{"type":"Feature","geometry":{"type":"LineString","coordinates":[[99.89848,20.43487],[99.8992,20.43494]]},"properties":{"c":"residential","h":1.05,"k":1.0,"m":true,"len":76,"t":"TH570901"}},{"type":"Feature","geometry":{"type":"LineString","coordinates":[[99.91794,20.44072],[99.91793,20.44058],[99.91795,20.44024],[99.91799,20.43994]]},"properties":{"c":"residential","h":2.75,"k":0.4929,"m":true,"len":87,"t":"TH570901"}},{"type":"Feature","geometry":{"type":"LineString","coordinates":[[99.89869,20.44025],[99.89863,20.43993],[99.89855,20.43964],[99.89841,20.43921]]},"properties":{"c":"residential","h":1.25,"k":1.0,"m":true,"len":118,"t":"TH570901"}},{"type":"Feature","geometry":{"type":"LineString","coordinates":[[99.9041,20.43676],[99.90412,20.43635]]},"properties":{"c":"residential","h":1.0,"k":1.0,"m":true,"len":45,"t":"TH570901"}},{"type":"Feature","geometry":{"type":"LineString","coordinates":[[99.92411,20.44376],[99.92399,20.44274]]},"properties":{"c":"residential","h":0.35,"k":0.4946,"m":true,"len":113,"t":"TH570901"}},{"type":"Feature","geometry":{"type":"LineString","coordinates":[[99.92165,20.44156],[99.92153,20.44213]]},"properties":{"c":"residential","h":0.75,"k":0.4946,"m":true,"len":64,"t":"TH570901"}},{"type":"Feature","geometry":{"type":"LineString","coordinates":[[99.92153,20.44213],[99.9214,20.44269]]},"properties":{"c":"residential","h":2.6,"k":0.4946,"m":true,"len":64,"t":"TH570901"}},{"type":"Feature","geometry":{"type":"LineString","coordinates":[[99.93327,20.3963],[99.93352,20.3966],[99.93362,20.39675]]},"properties":{"c":"residential","h":2.25,"k":1.0,"m":true,"len":61,"t":"TH570905"}},{"type":"Feature","geometry":{"type":"LineString","coordinates":[[99.93623,20.39609],[99.9362,20.39605],[99.93612,20.39596],[99.93578,20.39558],[99.93569,20.39548]]},"properties":{"c":"residential","h":3.8,"k":1.0,"m":true,"len":88,"t":"TH570905"}},{"type":"Feature","geometry":{"type":"LineString","coordinates":[[99.94426,20.38954],[99.94436,20.3897],[99.94466,20.39015],[99.94475,20.39029]]},"properties":{"c":"residential","h":1.1,"k":1.0,"m":true,"len":97,"t":"TH570905"}},{"type":"Feature","geometry":{"type":"LineString","coordinates":[[99.94475,20.39029],[99.94496,20.3906],[99.94512,20.39082],[99.94518,20.39085],[99.94527,20.39085],[99.94531,20.39094]]},"properties":{"c":"residential","h":1.0,"k":1.0,"m":true,"len":97,"t":"TH570905"}},{"type":"Feature","geometry":{"type":"LineString","coordinates":[[99.94531,20.39094],[99.94572,20.39173]]},"properties":{"c":"residential","h":1.3,"k":1.0,"m":true,"len":97,"t":"TH570905"}},{"type":"Feature","geometry":{"type":"LineString","coordinates":[[99.94572,20.39173],[99.9459,20.39208],[99.94603,20.3923],[99.94619,20.39247]]},"properties":{"c":"residential","h":3.85,"k":1.0,"m":true,"len":97,"t":"TH570905"}},{"type":"Feature","geometry":{"type":"LineString","coordinates":[[99.96153,20.41277],[99.96163,20.41291],[99.96165,20.41294],[99.96165,20.41297],[99.96139,20.41317]]},"properties":{"c":"residential","h":0.45,"k":1.0,"m":true,"len":61,"t":"TH570903"}},{"type":"Feature","geometry":{"type":"LineString","coordinates":[[99.96139,20.41317],[99.96136,20.41319],[99.96133,20.41322],[99.96134,20.41324],[99.9617,20.41354]]},"properties":{"c":"residential","h":0.45,"k":1.0,"m":true,"len":61,"t":"TH570903"}},{"type":"Feature","geometry":{"type":"LineString","coordinates":[[99.94623,20.40622],[99.94617,20.40625],[99.94574,20.4067],[99.94543,20.40696]]},"properties":{"c":"residential","h":1.15,"k":1.0,"m":true,"len":117,"t":"TH570905"}},{"type":"Feature","geometry":{"type":"LineString","coordinates":[[99.94386,20.4071],[99.94326,20.40658],[99.94308,20.40645]]},"properties":{"c":"residential","h":0.05,"k":1.0,"m":true,"len":109,"t":"TH570905"}},{"type":"Feature","geometry":{"type":"LineString","coordinates":[[99.94308,20.40645],[99.9425,20.40605],[99.94224,20.40587]]},"properties":{"c":"residential","h":0.05,"k":1.0,"m":true,"len":109,"t":"TH570905"}},{"type":"Feature","geometry":{"type":"LineString","coordinates":[[99.95246,20.41033],[99.95221,20.4106],[99.95188,20.41088],[99.95167,20.41105]]},"properties":{"c":"unclassified","h":0.25,"k":1.0,"m":true,"len":115,"t":"TH570903"}},{"type":"Feature","geometry":{"type":"LineString","coordinates":[[99.95167,20.41105],[99.95147,20.41122],[99.95104,20.4119]]},"properties":{"c":"unclassified","h":0.45,"k":1.0,"m":true,"len":115,"t":"TH570903"}},{"type":"Feature","geometry":{"type":"LineString","coordinates":[[99.95104,20.4119],[99.95101,20.41195],[99.95044,20.41277]]},"properties":{"c":"unclassified","h":0.9,"k":1.0,"m":true,"len":115,"t":"TH570903"}},{"type":"Feature","geometry":{"type":"LineString","coordinates":[[99.95044,20.41277],[99.95036,20.41289],[99.9498,20.41355],[99.94975,20.41359]]},"properties":{"c":"unclassified","h":1.2,"k":1.0,"m":true,"len":115,"t":"TH570903"}},{"type":"Feature","geometry":{"type":"LineString","coordinates":[[99.94975,20.41359],[99.94942,20.41385],[99.94892,20.41427]]},"properties":{"c":"unclassified","h":1.1,"k":1.0,"m":true,"len":115,"t":"TH570903"}},{"type":"Feature","geometry":{"type":"LineString","coordinates":[[99.94892,20.41427],[99.94809,20.41496]]},"properties":{"c":"unclassified","h":1.75,"k":1.0,"m":true,"len":115,"t":"TH570903"}},{"type":"Feature","geometry":{"type":"LineString","coordinates":[[99.94728,20.41566],[99.94698,20.41594],[99.94654,20.41643]]},"properties":{"c":"unclassified","h":3.5,"k":1.0,"m":true,"len":115,"t":"TH570903"}},{"type":"Feature","geometry":{"type":"LineString","coordinates":[[99.96748,20.40878],[99.96727,20.40888],[99.96711,20.40894],[99.96677,20.40906]]},"properties":{"c":"residential","h":2.35,"k":1.0,"m":true,"len":81,"t":"TH570903"}},{"type":"Feature","geometry":{"type":"LineString","coordinates":[[99.96093,20.3982],[99.96178,20.39788]]},"properties":{"c":"tertiary","h":1.7,"k":1.0,"m":true,"len":96,"t":"TH570903"}},{"type":"Feature","geometry":{"type":"LineString","coordinates":[[99.96178,20.39788],[99.96182,20.39787],[99.96263,20.39755]]},"properties":{"c":"tertiary","h":1.9,"k":1.0,"m":true,"len":96,"t":"TH570903"}},{"type":"Feature","geometry":{"type":"LineString","coordinates":[[99.96263,20.39755],[99.96348,20.39723]]},"properties":{"c":"tertiary","h":1.3,"k":1.0,"m":true,"len":96,"t":"TH570903"}},{"type":"Feature","geometry":{"type":"LineString","coordinates":[[99.96311,20.40675],[99.96324,20.407],[99.96346,20.40751]]},"properties":{"c":"unclassified","h":0.55,"k":1.0,"m":true,"len":92,"t":"TH570903"}},{"type":"Feature","geometry":{"type":"LineString","coordinates":[[99.96346,20.40751],[99.96381,20.40828]]},"properties":{"c":"unclassified","h":0.4,"k":1.0,"m":true,"len":92,"t":"TH570903"}},{"type":"Feature","geometry":{"type":"LineString","coordinates":[[99.96912,20.40872],[99.96898,20.40832]]},"properties":{"c":"residential","h":3.75,"k":1.0,"m":true,"len":47,"t":"TH570903"}},{"type":"Feature","geometry":{"type":"LineString","coordinates":[[99.9611,20.402],[99.96151,20.40267],[99.96157,20.40276],[99.96158,20.4028],[99.96157,20.40285]]},"properties":{"c":"residential","h":3.05,"k":1.0,"m":true,"len":107,"t":"TH570903"}},{"type":"Feature","geometry":{"type":"LineString","coordinates":[[99.96381,20.40828],[99.96388,20.40845],[99.96413,20.40901]]},"properties":{"c":"unclassified","h":0.35,"k":1.0,"m":true,"len":89,"t":"TH570903"}},{"type":"Feature","geometry":{"type":"LineString","coordinates":[[99.96413,20.40901],[99.96446,20.40975]]},"properties":{"c":"unclassified","h":0.35,"k":1.0,"m":true,"len":89,"t":"TH570903"}},{"type":"Feature","geometry":{"type":"LineString","coordinates":[[99.96446,20.40975],[99.96449,20.40982],[99.96468,20.41013],[99.96488,20.41045]]},"properties":{"c":"unclassified","h":2.0,"k":1.0,"m":true,"len":89,"t":"TH570903"}},{"type":"Feature","geometry":{"type":"LineString","coordinates":[[99.96898,20.40832],[99.96927,20.4082],[99.96959,20.4081],[99.96985,20.408]]},"properties":{"c":"residential","h":3.75,"k":1.0,"m":true,"len":98,"t":"TH570903"}},{"type":"Feature","geometry":{"type":"LineString","coordinates":[[99.96677,20.40906],[99.96699,20.40963]]},"properties":{"c":"residential","h":2.7,"k":1.0,"m":true,"len":68,"t":"TH570903"}},{"type":"Feature","geometry":{"type":"LineString","coordinates":[[99.96157,20.40285],[99.96144,20.40295],[99.96102,20.40321],[99.96093,20.40327]]},"properties":{"c":"residential","h":2.95,"k":1.0,"m":true,"len":82,"t":"TH570903"}},{"type":"Feature","geometry":{"type":"LineString","coordinates":[[99.96093,20.40327],[99.96074,20.4034],[99.96029,20.40369]]},"properties":{"c":"residential","h":3.1,"k":1.0,"m":true,"len":82,"t":"TH570903"}},{"type":"Feature","geometry":{"type":"LineString","coordinates":[[99.95641,20.4054],[99.95707,20.40603]]},"properties":{"c":"residential","h":2.45,"k":1.0,"m":true,"len":98,"t":"TH570903"}},{"type":"Feature","geometry":{"type":"LineString","coordinates":[[99.95707,20.40603],[99.95715,20.40612],[99.95718,20.40617],[99.95715,20.40632],[99.95682,20.40678]]},"properties":{"c":"residential","h":0.3,"k":1.0,"m":true,"len":98,"t":"TH570903"}},{"type":"Feature","geometry":{"type":"LineString","coordinates":[[99.95436,20.39867],[99.95463,20.39842],[99.95463,20.39838],[99.95414,20.39795],[99.95409,20.39793]]},"properties":{"c":"residential","h":3.55,"k":1.0,"m":true,"len":119,"t":"TH570905"}},{"type":"Feature","geometry":{"type":"LineString","coordinates":[[99.9638,20.41011],[99.96449,20.40982]]},"properties":{"c":"residential","h":1.25,"k":1.0,"m":true,"len":79,"t":"TH570903"}},{"type":"Feature","geometry":{"type":"LineString","coordinates":[[99.96676,20.39911],[99.96663,20.39897],[99.96635,20.3987]]},"properties":{"c":"residential","h":2.55,"k":1.0,"m":true,"len":62,"t":"TH570903"}},{"type":"Feature","geometry":{"type":"LineString","coordinates":[[99.95336,20.39988],[99.95318,20.39965],[99.95323,20.39954],[99.95351,20.39921],[99.95353,20.39919]]},"properties":{"c":"residential","h":3.15,"k":1.0,"m":true,"len":94,"t":"TH570905"}},{"type":"Feature","geometry":{"type":"LineString","coordinates":[[99.95353,20.39919],[99.95382,20.39879],[99.95389,20.39862],[99.95392,20.39845]]},"properties":{"c":"residential","h":3.35,"k":1.0,"m":true,"len":94,"t":"TH570905"}},{"type":"Feature","geometry":{"type":"LineString","coordinates":[[99.95392,20.39845],[99.95395,20.39834],[99.95397,20.39821],[99.95409,20.39793],[99.95416,20.39768],[99.95415,20.39764]]},"properties":{"c":"residential","h":3.15,"k":1.0,"m":true,"len":94,"t":"TH570905"}},{"type":"Feature","geometry":{"type":"LineString","coordinates":[[99.95415,20.39764],[99.9541,20.39734],[99.95393,20.397],[99.95387,20.39684]]},"properties":{"c":"residential","h":0.65,"k":1.0,"m":true,"len":94,"t":"TH570905"}},{"type":"Feature","geometry":{"type":"LineString","coordinates":[[99.95842,20.3965],[99.95824,20.3962]]},"properties":{"c":"residential","h":2.3,"k":1.0,"m":true,"len":39,"t":"TH570905"}},{"type":"Feature","geometry":{"type":"LineString","coordinates":[[99.95326,20.40264],[99.95286,20.40299]]},"properties":{"c":"residential","h":3.5,"k":1.0,"m":true,"len":57,"t":"TH570905"}},{"type":"Feature","geometry":{"type":"LineString","coordinates":[[99.95988,20.40447],[99.96042,20.40403],[99.9605,20.40394]]},"properties":{"c":"residential","h":2.35,"k":1.0,"m":true,"len":88,"t":"TH570903"}},{"type":"Feature","geometry":{"type":"LineString","coordinates":[[99.96311,20.40675],[99.96298,20.40653],[99.9628,20.40631],[99.96247,20.40595]]},"properties":{"c":"unclassified","h":0.55,"k":1.0,"m":true,"len":111,"t":"TH570903"}},{"type":"Feature","geometry":{"type":"LineString","coordinates":[[99.96247,20.40595],[99.96233,20.4058],[99.9623,20.40575],[99.96176,20.40521]]},"properties":{"c":"unclassified","h":0.6,"k":1.0,"m":true,"len":111,"t":"TH570903"}},{"type":"Feature","geometry":{"type":"LineString","coordinates":[[99.96176,20.40521],[99.96148,20.40493],[99.96103,20.40449]]},"properties":{"c":"unclassified","h":0.65,"k":1.0,"m":true,"len":111,"t":"TH570903"}},{"type":"Feature","geometry":{"type":"LineString","coordinates":[[99.96103,20.40449],[99.96095,20.40441],[99.9608,20.40424],[99.9605,20.40394],[99.96032,20.40374]]},"properties":{"c":"unclassified","h":1.6,"k":1.0,"m":true,"len":111,"t":"TH570903"}},{"type":"Feature","geometry":{"type":"LineString","coordinates":[[99.96032,20.40374],[99.96032,20.40374],[99.96029,20.40369],[99.95997,20.40339],[99.9599,20.4033],[99.9596,20.40301]]},"properties":{"c":"unclassified","h":3.35,"k":1.0,"m":true,"len":111,"t":"TH570903"}},{"type":"Feature","geometry":{"type":"LineString","coordinates":[[99.97104,20.40785],[99.97073,20.40793],[99.97039,20.40804],[99.97035,20.40806]]},"properties":{"c":"residential","h":3.15,"k":1.0,"m":true,"len":76,"t":"TH570903"}},{"type":"Feature","geometry":{"type":"LineString","coordinates":[[99.97055,20.40853],[99.97039,20.40817],[99.97035,20.40806],[99.97027,20.40791],[99.97022,20.40776]]},"properties":{"c":"residential","h":3.6,"k":1.0,"m":true,"len":92,"t":"TH570903"}},{"type":"Feature","geometry":{"type":"LineString","coordinates":[[99.97022,20.40776],[99.9702,20.40768],[99.97006,20.40724],[99.97006,20.40718],[99.97021,20.40699]]},"properties":{"c":"residential","h":1.0,"k":1.0,"m":true,"len":92,"t":"TH570903"}},{"type":"Feature","geometry":{"type":"LineString","coordinates":[[99.9608,20.39473],[99.96043,20.39472]]},"properties":{"c":"residential","h":3.2,"k":1.0,"m":true,"len":38,"t":"TH570905"}},{"type":"Feature","geometry":{"type":"LineString","coordinates":[[99.94671,20.40482],[99.94653,20.40524],[99.94653,20.40528],[99.94654,20.40531],[99.94685,20.40542]]},"properties":{"c":"residential","h":0.35,"k":1.0,"m":true,"len":92,"t":"TH570905"}},{"type":"Feature","geometry":{"type":"LineString","coordinates":[[99.95959,20.39574],[99.95984,20.39602],[99.95999,20.39613],[99.96016,20.39648]]},"properties":{"c":"residential","h":2.35,"k":1.0,"m":true,"len":104,"t":"TH570905"}},{"type":"Feature","geometry":{"type":"LineString","coordinates":[[99.96016,20.39648],[99.96029,20.39676],[99.96055,20.39734]]},"properties":{"c":"residential","h":0.95,"k":1.0,"m":true,"len":104,"t":"TH570905"}},{"type":"Feature","geometry":{"type":"LineString","coordinates":[[99.96055,20.39734],[99.96093,20.3982]]},"properties":{"c":"residential","h":0.95,"k":1.0,"m":true,"len":104,"t":"TH570905"}},{"type":"Feature","geometry":{"type":"LineString","coordinates":[[99.95584,20.40671],[99.95553,20.40609]]},"properties":{"c":"residential","h":2.0,"k":1.0,"m":true,"len":76,"t":"TH570903"}},{"type":"Feature","geometry":{"type":"LineString","coordinates":[[99.96311,20.41215],[99.96367,20.41259]]},"properties":{"c":"residential","h":2.8,"k":1.0,"m":true,"len":76,"t":"TH570903"}},{"type":"Feature","geometry":{"type":"LineString","coordinates":[[99.96071,20.41512],[99.96065,20.41491],[99.96062,20.41484],[99.9606,20.41481],[99.96058,20.4148],[99.96052,20.41473],[99.96045,20.41454],[99.9604,20.41442]]},"properties":{"c":"residential","h":2.0,"k":1.0,"m":true,"len":85,"t":"TH570903"}},{"type":"Feature","geometry":{"type":"LineString","coordinates":[[99.90239,20.38691],[99.90304,20.38677],[99.90295,20.38642]]},"properties":{"c":"residential","h":0.95,"k":0.35,"m":true,"len":110,"t":"TH570904"}},{"type":"Feature","geometry":{"type":"LineString","coordinates":[[99.90295,20.38642],[99.90293,20.3863],[99.90282,20.38585],[99.90274,20.38547],[99.90273,20.38545]]},"properties":{"c":"residential","h":0.35,"k":0.35,"m":true,"len":110,"t":"TH570904"}},{"type":"Feature","geometry":{"type":"LineString","coordinates":[[99.90273,20.38545],[99.90253,20.38459],[99.90249,20.38448]]},"properties":{"c":"residential","h":0.35,"k":0.35,"m":true,"len":110,"t":"TH570904"}},{"type":"Feature","geometry":{"type":"LineString","coordinates":[[99.90249,20.38448],[99.90238,20.38416],[99.90227,20.38386],[99.90218,20.38354]]},"properties":{"c":"residential","h":1.6,"k":0.35,"m":true,"len":110,"t":"TH570904"}},{"type":"Feature","geometry":{"type":"LineString","coordinates":[[99.92027,20.35788],[99.92007,20.35805],[99.91991,20.35819],[99.91972,20.3584],[99.91953,20.35859],[99.91947,20.35863]]},"properties":{"c":"residential","h":3.25,"k":0.3997,"m":true,"len":117,"t":"TH570904"}},{"type":"Feature","geometry":{"type":"LineString","coordinates":[[99.91947,20.35863],[99.91926,20.35878],[99.91893,20.35895],[99.91848,20.35911]]},"properties":{"c":"residential","h":3.05,"k":0.3997,"m":true,"len":117,"t":"TH570904"}},{"type":"Feature","geometry":{"type":"LineString","coordinates":[[99.91848,20.35911],[99.91803,20.35928],[99.9179,20.35933],[99.91744,20.35952]]},"properties":{"c":"residential","h":3.05,"k":0.3997,"m":true,"len":117,"t":"TH570904"}},{"type":"Feature","geometry":{"type":"LineString","coordinates":[[99.91744,20.35952],[99.91696,20.35971],[99.91641,20.35994]]},"properties":{"c":"residential","h":3.1,"k":0.3997,"m":true,"len":117,"t":"TH570904"}},{"type":"Feature","geometry":{"type":"LineString","coordinates":[[99.91641,20.35994],[99.91538,20.36037]]},"properties":{"c":"residential","h":3.55,"k":0.3997,"m":true,"len":117,"t":"TH570904"}},{"type":"Feature","geometry":{"type":"LineString","coordinates":[[99.91538,20.36037],[99.91436,20.36081]]},"properties":{"c":"residential","h":3.1,"k":0.3997,"m":true,"len":117,"t":"TH570904"}},{"type":"Feature","geometry":{"type":"LineString","coordinates":[[99.91332,20.36123],[99.91253,20.36158],[99.9123,20.36167]]},"properties":{"c":"residential","h":3.1,"k":0.3997,"m":true,"len":117,"t":"TH570904"}},{"type":"Feature","geometry":{"type":"LineString","coordinates":[[99.9123,20.36167],[99.91169,20.36191],[99.91127,20.3621]]},"properties":{"c":"residential","h":3.05,"k":0.3997,"m":true,"len":117,"t":"TH570904"}},{"type":"Feature","geometry":{"type":"LineString","coordinates":[[99.91127,20.3621],[99.91089,20.36226],[99.91024,20.36252]]},"properties":{"c":"residential","h":3.05,"k":0.3997,"m":true,"len":117,"t":"TH570904"}},{"type":"Feature","geometry":{"type":"LineString","coordinates":[[99.91024,20.36252],[99.9092,20.36293]]},"properties":{"c":"residential","h":3.1,"k":0.3997,"m":true,"len":117,"t":"TH570904"}},{"type":"Feature","geometry":{"type":"LineString","coordinates":[[99.9092,20.36293],[99.90816,20.36333]]},"properties":{"c":"residential","h":3.05,"k":0.3997,"m":true,"len":117,"t":"TH570904"}},{"type":"Feature","geometry":{"type":"LineString","coordinates":[[99.90816,20.36333],[99.90814,20.36334],[99.90713,20.36375]]},"properties":{"c":"residential","h":3.05,"k":0.3997,"m":true,"len":117,"t":"TH570904"}},{"type":"Feature","geometry":{"type":"LineString","coordinates":[[99.90713,20.36375],[99.90634,20.36407],[99.90613,20.3642],[99.90612,20.36421]]},"properties":{"c":"residential","h":3.05,"k":0.3997,"m":true,"len":117,"t":"TH570904"}},{"type":"Feature","geometry":{"type":"LineString","coordinates":[[99.90612,20.36421],[99.90595,20.3644],[99.90591,20.36479],[99.90603,20.3652]]},"properties":{"c":"residential","h":3.4,"k":0.3997,"m":true,"len":117,"t":"TH570904"}},{"type":"Feature","geometry":{"type":"LineString","coordinates":[[99.90603,20.3652],[99.90604,20.36525],[99.90611,20.36564],[99.90609,20.36595],[99.90604,20.36625]]},"properties":{"c":"residential","h":3.65,"k":0.3997,"m":true,"len":117,"t":"TH570904"}},{"type":"Feature","geometry":{"type":"LineString","coordinates":[[99.90024,20.37561],[99.90025,20.37595],[99.90026,20.37627],[99.90027,20.37642],[99.90029,20.37667]]},"properties":{"c":"residential","h":2.15,"k":0.35,"m":true,"len":117,"t":"TH570904"}},{"type":"Feature","geometry":{"type":"LineString","coordinates":[[99.90029,20.37667],[99.90029,20.3767],[99.90032,20.37704],[99.90033,20.3771],[99.90037,20.37743],[99.90041,20.37772]]},"properties":{"c":"residential","h":1.4,"k":0.35,"m":true,"len":117,"t":"TH570904"}},{"type":"Feature","geometry":{"type":"LineString","coordinates":[[99.90134,20.3838],[99.90137,20.38394],[99.90139,20.38402],[99.90157,20.38473]]},"properties":{"c":"residential","h":3.8,"k":0.35,"m":true,"len":106,"t":"TH570904"}},{"type":"Feature","geometry":{"type":"LineString","coordinates":[[99.90182,20.38565],[99.90184,20.38572],[99.90193,20.38606],[99.90205,20.38648],[99.90208,20.38657]]},"properties":{"c":"residential","h":3.8,"k":0.35,"m":true,"len":106,"t":"TH570904"}},{"type":"Feature","geometry":{"type":"LineString","coordinates":[[99.90208,20.38657],[99.90233,20.38744],[99.90233,20.38749]]},"properties":{"c":"residential","h":3.6,"k":0.35,"m":true,"len":106,"t":"TH570904"}},{"type":"Feature","geometry":{"type":"LineString","coordinates":[[99.90233,20.38749],[99.90233,20.38809],[99.90231,20.38845]]},"properties":{"c":"residential","h":3.7,"k":0.35,"m":true,"len":106,"t":"TH570904"}},{"type":"Feature","geometry":{"type":"LineString","coordinates":[[99.89822,20.37829],[99.89798,20.3784],[99.89793,20.37844],[99.89788,20.37845],[99.89766,20.37855],[99.89763,20.37858]]},"properties":{"c":"residential","h":3.65,"k":0.35,"m":true,"len":71,"t":"TH570904"}},{"type":"Feature","geometry":{"type":"LineString","coordinates":[[99.89979,20.37772],[99.89993,20.37812]]},"properties":{"c":"residential","h":2.9,"k":0.35,"m":true,"len":47,"t":"TH570904"}},{"type":"Feature","geometry":{"type":"LineString","coordinates":[[99.9256,20.3773],[99.9253,20.37746],[99.92509,20.37759]]},"properties":{"c":"residential","h":3.55,"k":0.3708,"m":true,"len":63,"t":"TH570905"}},{"type":"Feature","geometry":{"type":"LineString","coordinates":[[99.92509,20.37759],[99.92526,20.37792]]},"properties":{"c":"residential","h":3.55,"k":0.3708,"m":true,"len":40,"t":"TH570905"}},{"type":"Feature","geometry":{"type":"LineString","coordinates":[[99.89916,20.36092],[99.89885,20.36005],[99.89882,20.35997]]},"properties":{"c":"residential","h":3.55,"k":0.3839,"m":true,"len":111,"t":"TH570904"}},{"type":"Feature","geometry":{"type":"LineString","coordinates":[[99.89882,20.35997],[99.89849,20.35908],[99.89848,20.35903]]},"properties":{"c":"residential","h":3.45,"k":0.3839,"m":true,"len":111,"t":"TH570904"}},{"type":"Feature","geometry":{"type":"LineString","coordinates":[[99.90017,20.35123],[99.89924,20.35147]]},"properties":{"c":"residential","h":3.95,"k":0.3838,"m":true,"len":100,"t":"TH570904"}},{"type":"Feature","geometry":{"type":"LineString","coordinates":[[99.90767,20.35115],[99.90798,20.35152]]},"properties":{"c":"residential","h":3.4,"k":0.3997,"m":true,"len":52,"t":"TH570904"}},{"type":"Feature","geometry":{"type":"LineString","coordinates":[[99.90778,20.35196],[99.90756,20.35172],[99.90752,20.35168],[99.90734,20.35146],[99.90725,20.35125]]},"properties":{"c":"residential","h":0.6,"k":0.3997,"m":true,"len":97,"t":"TH570904"}},{"type":"Feature","geometry":{"type":"LineString","coordinates":[[99.90725,20.35125],[99.90691,20.35042]]},"properties":{"c":"residential","h":0.05,"k":0.3997,"m":true,"len":97,"t":"TH570904"}},{"type":"Feature","geometry":{"type":"LineString","coordinates":[[99.90691,20.35042],[99.90677,20.35008],[99.90663,20.34972],[99.90661,20.34959]]},"properties":{"c":"residential","h":0.05,"k":0.3997,"m":true,"len":97,"t":"TH570904"}},{"type":"Feature","geometry":{"type":"LineString","coordinates":[[99.90672,20.35202],[99.90746,20.35173],[99.90752,20.35168]]},"properties":{"c":"residential","h":0.45,"k":0.3997,"m":true,"len":91,"t":"TH570904"}},{"type":"Feature","geometry":{"type":"LineString","coordinates":[[99.89375,20.37971],[99.89379,20.37958],[99.89372,20.37945],[99.89405,20.37872]]},"properties":{"c":"tertiary","h":0.85,"k":0.35,"m":true,"len":120,"t":"TH570904"}},{"type":"Feature","geometry":{"type":"LineString","coordinates":[[99.89405,20.37872],[99.89451,20.37773]]},"properties":{"c":"tertiary","h":0.05,"k":0.35,"m":true,"len":120,"t":"TH570904"}},{"type":"Feature","geometry":{"type":"LineString","coordinates":[[99.89451,20.37773],[99.89464,20.37744],[99.89468,20.37735],[99.89493,20.37681],[99.89497,20.37673]]},"properties":{"c":"tertiary","h":0.05,"k":0.35,"m":true,"len":120,"t":"TH570904"}},{"type":"Feature","geometry":{"type":"LineString","coordinates":[[99.89497,20.37673],[99.89534,20.37591],[99.89539,20.3758],[99.89542,20.37574]]},"properties":{"c":"tertiary","h":0.05,"k":0.35,"m":true,"len":120,"t":"TH570904"}},{"type":"Feature","geometry":{"type":"LineString","coordinates":[[99.89542,20.37574],[99.89576,20.37498],[99.89587,20.37474]]},"properties":{"c":"tertiary","h":0.05,"k":0.35,"m":true,"len":120,"t":"TH570904"}},{"type":"Feature","geometry":{"type":"LineString","coordinates":[[99.89587,20.37474],[99.89602,20.37441],[99.89627,20.37385],[99.89632,20.37375]]},"properties":{"c":"tertiary","h":0.05,"k":0.35,"m":true,"len":120,"t":"TH570904"}},{"type":"Feature","geometry":{"type":"LineString","coordinates":[[99.89632,20.37375],[99.89647,20.37339],[99.89677,20.37275]]},"properties":{"c":"tertiary","h":0.05,"k":0.35,"m":true,"len":120,"t":"TH570904"}},{"type":"Feature","geometry":{"type":"LineString","coordinates":[[99.89677,20.37275],[99.89722,20.37176]]},"properties":{"c":"tertiary","h":0.05,"k":0.35,"m":true,"len":120,"t":"TH570904"}},{"type":"Feature","geometry":{"type":"LineString","coordinates":[[99.89722,20.37176],[99.89724,20.3717],[99.89751,20.3712],[99.8977,20.37077]]},"properties":{"c":"tertiary","h":0.05,"k":0.35,"m":true,"len":120,"t":"TH570904"}},{"type":"Feature","geometry":{"type":"LineString","coordinates":[[99.8977,20.37077],[99.89814,20.36981],[99.89815,20.36978]]},"properties":{"c":"tertiary","h":0.05,"k":0.35,"m":true,"len":120,"t":"TH570904"}},{"type":"Feature","geometry":{"type":"LineString","coordinates":[[99.89815,20.36978],[99.89819,20.36968],[99.8986,20.36879]]},"properties":{"c":"tertiary","h":0.05,"k":0.35,"m":true,"len":120,"t":"TH570904"}},{"type":"Feature","geometry":{"type":"LineString","coordinates":[[99.8986,20.36879],[99.89863,20.36873],[99.89906,20.36779]]},"properties":{"c":"tertiary","h":0.05,"k":0.35,"m":true,"len":120,"t":"TH570904"}},{"type":"Feature","geometry":{"type":"LineString","coordinates":[[99.89906,20.36779],[99.8993,20.36725],[99.89951,20.3668]]},"properties":{"c":"tertiary","h":0.05,"k":0.35,"m":true,"len":120,"t":"TH570904"}},{"type":"Feature","geometry":{"type":"LineString","coordinates":[[99.89996,20.3658],[99.89997,20.36578],[99.89998,20.36575],[99.90042,20.36481]]},"properties":{"c":"tertiary","h":3.6,"k":0.3839,"m":true,"len":120,"t":"TH570904"}},{"type":"Feature","geometry":{"type":"LineString","coordinates":[[99.90042,20.36481],[99.90087,20.36382]]},"properties":{"c":"tertiary","h":3.15,"k":0.3839,"m":true,"len":120,"t":"TH570904"}},{"type":"Feature","geometry":{"type":"LineString","coordinates":[[99.90087,20.36382],[99.90113,20.36326],[99.90132,20.36282]]},"properties":{"c":"tertiary","h":3.15,"k":0.3839,"m":true,"len":120,"t":"TH570904"}},{"type":"Feature","geometry":{"type":"LineString","coordinates":[[99.90132,20.36282],[99.90133,20.36279],[99.90179,20.36183]]},"properties":{"c":"tertiary","h":3.05,"k":0.3997,"m":true,"len":120,"t":"TH570904"}},{"type":"Feature","geometry":{"type":"LineString","coordinates":[[99.90179,20.36183],[99.90189,20.36164],[99.90207,20.3612],[99.90224,20.36084]]},"properties":{"c":"tertiary","h":3.05,"k":0.3997,"m":true,"len":120,"t":"TH570904"}},{"type":"Feature","geometry":{"type":"LineString","coordinates":[[99.90224,20.36084],[99.9027,20.35985]]},"properties":{"c":"tertiary","h":3.05,"k":0.3997,"m":true,"len":120,"t":"TH570904"}},{"type":"Feature","geometry":{"type":"LineString","coordinates":[[99.9027,20.35985],[99.90299,20.35922],[99.9031,20.35897],[99.90314,20.35885]]},"properties":{"c":"tertiary","h":3.05,"k":0.3997,"m":true,"len":120,"t":"TH570904"}},{"type":"Feature","geometry":{"type":"LineString","coordinates":[[99.90314,20.35885],[99.90317,20.35879],[99.90349,20.35813],[99.90352,20.35808],[99.90363,20.35787]]},"properties":{"c":"tertiary","h":3.05,"k":0.3997,"m":true,"len":120,"t":"TH570904"}},{"type":"Feature","geometry":{"type":"LineString","coordinates":[[99.90363,20.35787],[99.90369,20.35774],[99.90417,20.35693],[99.90417,20.35692]]},"properties":{"c":"tertiary","h":3.05,"k":0.3997,"m":true,"len":120,"t":"TH570904"}},{"type":"Feature","geometry":{"type":"LineString","coordinates":[[99.90417,20.35692],[99.90436,20.35653],[99.90447,20.35615],[99.90451,20.35589]]},"properties":{"c":"tertiary","h":3.05,"k":0.3997,"m":true,"len":120,"t":"TH570904"}},{"type":"Feature","geometry":{"type":"LineString","coordinates":[[99.90318,20.35482],[99.90222,20.35532]]},"properties":{"c":"residential","h":2.5,"k":0.3838,"m":true,"len":115,"t":"TH570904"}},{"type":"Feature","geometry":{"type":"LineString","coordinates":[[99.90222,20.35532],[99.90221,20.35533],[99.90208,20.35541],[99.90167,20.35542],[99.90159,20.35541],[99.90115,20.35543]]},"properties":{"c":"residential","h":3.95,"k":0.3838,"m":true,"len":115,"t":"TH570904"}},{"type":"Feature","geometry":{"type":"LineString","coordinates":[[99.90067,20.38912],[99.90067,20.38899],[99.90061,20.38872],[99.90056,20.38849],[99.9005,20.38825]]},"properties":{"c":"residential","h":3.1,"k":0.35,"m":true,"len":99,"t":"TH570904"}},{"type":"Feature","geometry":{"type":"LineString","coordinates":[[99.9005,20.38825],[99.90042,20.38796],[99.90028,20.38738]]},"properties":{"c":"residential","h":2.6,"k":0.35,"m":true,"len":99,"t":"TH570904"}},{"type":"Feature","geometry":{"type":"LineString","coordinates":[[99.90028,20.38738],[99.90022,20.38716],[99.90005,20.38651]]},"properties":{"c":"residential","h":3.55,"k":0.35,"m":true,"len":99,"t":"TH570904"}},{"type":"Feature","geometry":{"type":"LineString","coordinates":[[99.89983,20.38564],[99.89984,20.38558],[99.89988,20.38554],[99.9007,20.38541]]},"properties":{"c":"residential","h":3.0,"k":0.35,"m":true,"len":99,"t":"TH570904"}},{"type":"Feature","geometry":{"type":"LineString","coordinates":[[99.91603,20.35521],[99.91673,20.35495]]},"properties":{"c":"residential","h":3.05,"k":0.3997,"m":true,"len":79,"t":"TH570904"}},{"type":"Feature","geometry":{"type":"LineString","coordinates":[[99.93224,20.36089],[99.93259,20.3605],[99.93295,20.36005]]},"properties":{"c":"unclassified","h":3.0,"k":0.3784,"m":true,"len":119,"t":"TH570904"}},{"type":"Feature","geometry":{"type":"LineString","coordinates":[[99.93295,20.36005],[99.93328,20.35964],[99.93341,20.35909]]},"properties":{"c":"unclassified","h":3.0,"k":0.3784,"m":true,"len":119,"t":"TH570904"}},{"type":"Feature","geometry":{"type":"LineString","coordinates":[[99.9336,20.35694],[99.9336,20.35689],[99.9336,20.35624],[99.93363,20.35597],[99.93365,20.35586]]},"properties":{"c":"unclassified","h":3.4,"k":0.379,"m":true,"len":119,"t":"TH570904"}},{"type":"Feature","geometry":{"type":"LineString","coordinates":[[99.93365,20.35586],[99.93377,20.35511],[99.9338,20.35497],[99.93387,20.35481]]},"properties":{"c":"unclassified","h":3.4,"k":0.379,"m":true,"len":119,"t":"TH570904"}},{"type":"Feature","geometry":{"type":"LineString","coordinates":[[99.93387,20.35481],[99.93388,20.35479],[99.93399,20.35464],[99.9341,20.35454],[99.93473,20.35412]]},"properties":{"c":"unclassified","h":3.85,"k":0.3917,"m":true,"len":119,"t":"TH570904"}},{"type":"Feature","geometry":{"type":"LineString","coordinates":[[99.93473,20.35412],[99.93504,20.35391],[99.93517,20.3538],[99.93534,20.35363],[99.93549,20.35346],[99.93554,20.35337]]},"properties":{"c":"unclassified","h":3.65,"k":0.3917,"m":true,"len":119,"t":"TH570904"}},{"type":"Feature","geometry":{"type":"LineString","coordinates":[[99.93554,20.35337],[99.93617,20.35247]]},"properties":{"c":"unclassified","h":3.65,"k":0.3917,"m":true,"len":119,"t":"TH570904"}},{"type":"Feature","geometry":{"type":"LineString","coordinates":[[99.93617,20.35247],[99.93623,20.35238],[99.93667,20.35173],[99.93679,20.35156]]},"properties":{"c":"unclassified","h":3.1,"k":0.3917,"m":true,"len":119,"t":"TH570904"}},{"type":"Feature","geometry":{"type":"LineString","coordinates":[[99.93679,20.35156],[99.93683,20.3515],[99.93704,20.35128],[99.9376,20.35081]]},"properties":{"c":"unclassified","h":2.55,"k":0.3917,"m":true,"len":119,"t":"TH570904"}},{"type":"Feature","geometry":{"type":"LineString","coordinates":[[99.9376,20.35081],[99.93783,20.35062],[99.93789,20.35058],[99.93792,20.35053],[99.9384,20.35005]]},"properties":{"c":"unclassified","h":2.3,"k":0.3917,"m":true,"len":119,"t":"TH570904"}},{"type":"Feature","geometry":{"type":"LineString","coordinates":[[99.89822,20.37829],[99.89843,20.37818],[99.89883,20.37801]]},"properties":{"c":"residential","h":2.1,"k":0.35,"m":true,"len":71,"t":"TH570904"}},{"type":"Feature","geometry":{"type":"LineString","coordinates":[[99.90006,20.3555],[99.89966,20.35492],[99.89963,20.35486]]},"properties":{"c":"residential","h":2.75,"k":0.3838,"m":true,"len":83,"t":"TH570904"}},{"type":"Feature","geometry":{"type":"LineString","coordinates":[[99.90151,20.35447],[99.90141,20.35367],[99.90139,20.35362]]},"properties":{"c":"residential","h":2.3,"k":0.3838,"m":true,"len":95,"t":"TH570904"}},{"type":"Feature","geometry":{"type":"LineString","coordinates":[[99.90139,20.35362],[99.90129,20.35332],[99.90118,20.35284],[99.90116,20.35279]]},"properties":{"c":"residential","h":2.6,"k":0.3838,"m":true,"len":95,"t":"TH570904"}},{"type":"Feature","geometry":{"type":"LineString","coordinates":[[99.90116,20.35279],[99.90108,20.35252],[99.90093,20.35197]]},"properties":{"c":"residential","h":2.9,"k":0.3838,"m":true,"len":95,"t":"TH570904"}},{"type":"Feature","geometry":{"type":"LineString","coordinates":[[99.90151,20.35447],[99.90158,20.35479],[99.90166,20.35538]]},"properties":{"c":"residential","h":3.65,"k":0.3838,"m":true,"len":103,"t":"TH570904"}},{"type":"Feature","geometry":{"type":"LineString","coordinates":[[99.91055,20.38043],[99.91078,20.38139]]},"properties":{"c":"residential","h":3.4,"k":0.3562,"m":true,"len":109,"t":"TH570904"}},{"type":"Feature","geometry":{"type":"LineString","coordinates":[[99.91078,20.38139],[99.91085,20.38169],[99.91094,20.38204],[99.91097,20.38208],[99.91108,20.38208],[99.91112,20.38206],[99.91115,20.382],[99.91117,20.38195]]},"properties":{"c":"residential","h":2.15,"k":0.3506,"m":true,"len":109,"t":"TH570904"}},{"type":"Feature","geometry":{"type":"LineString","coordinates":[[99.89967,20.35721],[99.89934,20.35637]]},"properties":{"c":"residential","h":2.55,"k":0.3838,"m":true,"len":99,"t":"TH570904"}},{"type":"Feature","geometry":{"type":"LineString","coordinates":[[99.89934,20.35637],[99.89918,20.35595],[99.89897,20.35554]]},"properties":{"c":"residential","h":2.05,"k":0.3838,"m":true,"len":99,"t":"TH570904"}},{"type":"Feature","geometry":{"type":"LineString","coordinates":[[99.89897,20.35554],[99.89892,20.35543],[99.89877,20.35525],[99.89858,20.35489],[99.89851,20.35476]]},"properties":{"c":"residential","h":2.05,"k":0.3838,"m":true,"len":99,"t":"TH570904"}},{"type":"Feature","geometry":{"type":"LineString","coordinates":[[99.89851,20.35476],[99.89806,20.35397]]},"properties":{"c":"residential","h":2.05,"k":0.3838,"m":true,"len":99,"t":"TH570904"}},{"type":"Feature","geometry":{"type":"LineString","coordinates":[[99.89806,20.35397],[99.89783,20.35356],[99.89778,20.35354],[99.89752,20.35364],[99.8974,20.35363]]},"properties":{"c":"residential","h":2.05,"k":0.3838,"m":true,"len":99,"t":"TH570904"}},{"type":"Feature","geometry":{"type":"LineString","coordinates":[[99.9016,20.38898],[99.90143,20.38899],[99.90106,20.38907],[99.90067,20.38912],[99.90054,20.38915]]},"properties":{"c":"residential","h":3.95,"k":0.35,"m":true,"len":113,"t":"TH570904"}},{"type":"Feature","geometry":{"type":"LineString","coordinates":[[99.90054,20.38915],[99.90044,20.38918],[99.89972,20.38929],[99.89968,20.38929],[99.89963,20.3893],[99.89947,20.38933]]},"properties":{"c":"residential","h":1.9,"k":0.35,"m":true,"len":113,"t":"TH570904"}},{"type":"Feature","geometry":{"type":"LineString","coordinates":[[99.89947,20.38933],[99.89946,20.38934],[99.89879,20.38945],[99.89844,20.38951],[99.89841,20.38951]]},"properties":{"c":"residential","h":1.5,"k":0.35,"m":true,"len":113,"t":"TH570904"}},{"type":"Feature","geometry":{"type":"LineString","coordinates":[[99.89841,20.38951],[99.89832,20.38952],[99.89734,20.38968]]},"properties":{"c":"residential","h":0.6,"k":0.35,"m":true,"len":113,"t":"TH570904"}},{"type":"Feature","geometry":{"type":"LineString","coordinates":[[99.89734,20.38968],[99.8971,20.38972],[99.8965,20.38982],[99.89646,20.38984],[99.89628,20.38988]]},"properties":{"c":"residential","h":3.35,"k":0.35,"m":true,"len":113,"t":"TH570904"}},{"type":"Feature","geometry":{"type":"LineString","coordinates":[[99.90134,20.35169],[99.90197,20.35153],[99.90225,20.35132]]},"properties":{"c":"residential","h":3.1,"k":0.3841,"m":true,"len":106,"t":"TH570904"}},{"type":"Feature","geometry":{"type":"LineString","coordinates":[[99.90225,20.35132],[99.90304,20.35071]]},"properties":{"c":"residential","h":3.1,"k":0.3841,"m":true,"len":106,"t":"TH570904"}},{"type":"Feature","geometry":{"type":"LineString","coordinates":[[99.89393,20.3824],[99.8947,20.38212]]},"properties":{"c":"residential","h":3.25,"k":0.35,"m":true,"len":86,"t":"TH570904"}},{"type":"Feature","geometry":{"type":"LineString","coordinates":[[99.89838,20.36022],[99.89791,20.36035]]},"properties":{"c":"residential","h":3.5,"k":0.3839,"m":true,"len":52,"t":"TH570904"}},{"type":"Feature","geometry":{"type":"LineString","coordinates":[[99.92622,20.3698],[99.92589,20.36986],[99.92582,20.36986],[99.92569,20.36993],[99.92558,20.36994],[99.92512,20.36987]]},"properties":{"c":"residential","h":1.35,"k":0.3759,"m":true,"len":118,"t":"TH570905"}},{"type":"Feature","geometry":{"type":"LineString","coordinates":[[99.92512,20.36987],[99.92432,20.36974],[99.92415,20.36975],[99.92415,20.3699]]},"properties":{"c":"residential","h":1.35,"k":0.3759,"m":true,"len":118,"t":"TH570905"}},{"type":"Feature","geometry":{"type":"LineString","coordinates":[[99.89883,20.37801],[99.89887,20.378],[99.8991,20.37793],[99.89915,20.37793]]},"properties":{"c":"residential","h":2.1,"k":0.35,"m":true,"len":35,"t":"TH570904"}},{"type":"Feature","geometry":{"type":"LineString","coordinates":[[99.89806,20.36105],[99.89809,20.36121],[99.89829,20.36204]]},"properties":{"c":"residential","h":3.75,"k":0.3839,"m":true,"len":113,"t":"TH570904"}},{"type":"Feature","geometry":{"type":"LineString","coordinates":[[99.91657,20.35189],[99.91731,20.35161]]},"properties":{"c":"residential","h":2.9,"k":0.5676,"m":true,"len":83,"t":"TH570904"}},{"type":"Feature","geometry":{"type":"LineString","coordinates":[[99.89886,20.36101],[99.89916,20.36092],[99.89954,20.36086],[99.89962,20.3608]]},"properties":{"c":"residential","h":3.15,"k":0.3839,"m":true,"len":83,"t":"TH570904"}},{"type":"Feature","geometry":{"type":"LineString","coordinates":[[99.89668,20.38907],[99.89697,20.38902],[99.89706,20.38951],[99.8971,20.38972]]},"properties":{"c":"residential","h":3.55,"k":0.35,"m":true,"len":110,"t":"TH570904"}},{"type":"Feature","geometry":{"type":"LineString","coordinates":[[99.93287,20.34677],[99.93293,20.34782]]},"properties":{"c":"residential","h":0.2,"k":0.3917,"m":true,"len":116,"t":"TH570904"}},{"type":"Feature","geometry":{"type":"LineString","coordinates":[[99.93293,20.34782],[99.93294,20.34801],[99.93296,20.34823],[99.93309,20.34823],[99.93361,20.34806]]},"properties":{"c":"residential","h":0.2,"k":0.3917,"m":true,"len":116,"t":"TH570904"}},{"type":"Feature","geometry":{"type":"LineString","coordinates":[[99.93361,20.34806],[99.93393,20.34796],[99.93408,20.34796],[99.9344,20.34847]]},"properties":{"c":"residential","h":0.2,"k":0.3917,"m":true,"len":116,"t":"TH570904"}},{"type":"Feature","geometry":{"type":"LineString","coordinates":[[99.9344,20.34847],[99.93488,20.34925],[99.93497,20.34936]]},"properties":{"c":"residential","h":0.45,"k":0.3917,"m":true,"len":116,"t":"TH570904"}},{"type":"Feature","geometry":{"type":"LineString","coordinates":[[99.93497,20.34936],[99.93498,20.34937],[99.93478,20.34956],[99.93455,20.34967],[99.93403,20.34987]]},"properties":{"c":"residential","h":2.25,"k":0.3917,"m":true,"len":116,"t":"TH570904"}},{"type":"Feature","geometry":{"type":"LineString","coordinates":[[99.93403,20.34987],[99.93299,20.35025]]},"properties":{"c":"residential","h":3.05,"k":0.3917,"m":true,"len":116,"t":"TH570904"}},{"type":"Feature","geometry":{"type":"LineString","coordinates":[[99.93299,20.35025],[99.93258,20.3504],[99.93249,20.35045],[99.93229,20.35061],[99.93212,20.35084]]},"properties":{"c":"residential","h":3.75,"k":0.3917,"m":true,"len":116,"t":"TH570904"}},{"type":"Feature","geometry":{"type":"LineString","coordinates":[[99.93212,20.35084],[99.93166,20.35145],[99.93148,20.3517]]},"properties":{"c":"residential","h":3.85,"k":0.3917,"m":true,"len":116,"t":"TH570904"}},{"type":"Feature","geometry":{"type":"LineString","coordinates":[[99.93148,20.3517],[99.93115,20.35215],[99.93082,20.35253],[99.93081,20.35253]]},"properties":{"c":"residential","h":3.8,"k":0.3917,"m":true,"len":116,"t":"TH570904"}},{"type":"Feature","geometry":{"type":"LineString","coordinates":[[99.92692,20.35455],[99.92672,20.35464],[99.92626,20.35484],[99.9261,20.35491],[99.92592,20.355]]},"properties":{"c":"residential","h":3.25,"k":0.5676,"m":true,"len":116,"t":"TH570904"}},{"type":"Feature","geometry":{"type":"LineString","coordinates":[[99.92592,20.355],[99.92494,20.35549]]},"properties":{"c":"residential","h":3.1,"k":0.5676,"m":true,"len":116,"t":"TH570904"}},{"type":"Feature","geometry":{"type":"LineString","coordinates":[[99.92494,20.35549],[99.92483,20.35554],[99.92395,20.35595],[99.92394,20.35595]]},"properties":{"c":"residential","h":3.8,"k":0.5676,"m":true,"len":116,"t":"TH570904"}},{"type":"Feature","geometry":{"type":"LineString","coordinates":[[99.9001,20.37761],[99.89984,20.37769],[99.89979,20.37772],[99.89952,20.37779],[99.89949,20.37783]]},"properties":{"c":"residential","h":2.9,"k":0.35,"m":true,"len":69,"t":"TH570904"}},{"type":"Feature","geometry":{"type":"LineString","coordinates":[[99.89846,20.37876],[99.89822,20.37829]]},"properties":{"c":"residential","h":3.65,"k":0.35,"m":true,"len":57,"t":"TH570904"}},{"type":"Feature","geometry":{"type":"LineString","coordinates":[[99.89864,20.36105],[99.89864,20.36103],[99.89838,20.36022]]},"properties":{"c":"residential","h":3.5,"k":0.3839,"m":true,"len":96,"t":"TH570904"}},{"type":"Feature","geometry":{"type":"LineString","coordinates":[[99.90169,20.35075],[99.90242,20.35018],[99.90253,20.3501]]},"properties":{"c":"residential","h":3.15,"k":0.3841,"m":true,"len":113,"t":"TH570904"}},{"type":"Feature","geometry":{"type":"LineString","coordinates":[[99.89913,20.37885],[99.89909,20.37874],[99.89899,20.37844],[99.89883,20.37801]]},"properties":{"c":"residential","h":2.1,"k":0.35,"m":true,"len":98,"t":"TH570904"}},{"type":"Feature","geometry":{"type":"LineString","coordinates":[[99.90115,20.35546],[99.90115,20.35543],[99.90099,20.35451],[99.90098,20.35439]]},"properties":{"c":"residential","h":2.9,"k":0.3838,"m":true,"len":120,"t":"TH570904"}},{"type":"Feature","geometry":{"type":"LineString","coordinates":[[99.90098,20.35439],[99.90085,20.3536],[99.90077,20.35333]]},"properties":{"c":"residential","h":2.35,"k":0.3838,"m":true,"len":120,"t":"TH570904"}},{"type":"Feature","geometry":{"type":"LineString","coordinates":[[99.90017,20.35123],[99.90017,20.35123],[99.90015,20.35109],[99.90009,20.35093],[99.89931,20.35115]]},"properties":{"c":"residential","h":3.7,"k":0.3838,"m":true,"len":120,"t":"TH570904"}},{"type":"Feature","geometry":{"type":"LineString","coordinates":[[99.89963,20.35486],[99.8997,20.3548],[99.90043,20.35455],[99.90053,20.35454],[99.90054,20.35454]]},"properties":{"c":"residential","h":2.05,"k":0.3838,"m":true,"len":102,"t":"TH570904"}},{"type":"Feature","geometry":{"type":"LineString","coordinates":[[99.90054,20.35454],[99.90099,20.35451],[99.90151,20.35447]]},"properties":{"c":"residential","h":3.25,"k":0.3838,"m":true,"len":102,"t":"TH570904"}},{"type":"Feature","geometry":{"type":"LineString","coordinates":[[99.89962,20.3608],[99.89961,20.36074],[99.89953,20.36057],[99.89928,20.35985]]},"properties":{"c":"residential","h":3.15,"k":0.3839,"m":true,"len":111,"t":"TH570904"}},{"type":"Feature","geometry":{"type":"LineString","coordinates":[[99.89928,20.35985],[99.89893,20.3589]]},"properties":{"c":"residential","h":3.45,"k":0.3839,"m":true,"len":111,"t":"TH570904"}},{"type":"Feature","geometry":{"type":"LineString","coordinates":[[99.97208,20.38047],[99.97217,20.38109]]},"properties":{"c":"residential","h":0.7,"k":1.0,"m":true,"len":69,"t":"TH570905"}},{"type":"Feature","geometry":{"type":"LineString","coordinates":[[99.97217,20.38109],[99.97227,20.3817]]},"properties":{"c":"residential","h":0.7,"k":1.0,"m":true,"len":69,"t":"TH570905"}},{"type":"Feature","geometry":{"type":"LineString","coordinates":[[99.96759,20.36439],[99.96771,20.36398],[99.96771,20.36366],[99.96767,20.36355],[99.96761,20.36346]]},"properties":{"c":"residential","h":2.15,"k":0.6753,"m":true,"len":107,"t":"TH570905"}},{"type":"Feature","geometry":{"type":"LineString","coordinates":[[99.96761,20.36346],[99.96753,20.36335],[99.96727,20.36304],[99.96688,20.3628]]},"properties":{"c":"residential","h":2.15,"k":0.6753,"m":true,"len":107,"t":"TH570905"}},{"type":"Feature","geometry":{"type":"LineString","coordinates":[[99.96688,20.3628],[99.96679,20.36274],[99.96619,20.36247],[99.96606,20.36236],[99.96601,20.36231]]},"properties":{"c":"residential","h":2.05,"k":0.6753,"m":true,"len":107,"t":"TH570905"}},{"type":"Feature","geometry":{"type":"LineString","coordinates":[[99.96601,20.36231],[99.96595,20.36223],[99.96564,20.36174],[99.96549,20.36147]]},"properties":{"c":"residential","h":2.2,"k":0.6753,"m":true,"len":107,"t":"TH570905"}},{"type":"Feature","geometry":{"type":"LineString","coordinates":[[99.96549,20.36147],[99.96538,20.36127],[99.9653,20.36108],[99.96518,20.36056],[99.96518,20.36056]]},"properties":{"c":"residential","h":3.05,"k":0.6753,"m":true,"len":107,"t":"TH570905"}},{"type":"Feature","geometry":{"type":"LineString","coordinates":[[99.962,20.36858],[99.96277,20.36824],[99.96297,20.36815]]},"properties":{"c":"residential","h":3.75,"k":0.6753,"m":true,"len":112,"t":"TH570905"}},{"type":"Feature","geometry":{"type":"LineString","coordinates":[[99.96297,20.36815],[99.96385,20.36777],[99.96394,20.36773]]},"properties":{"c":"residential","h":3.75,"k":0.6753,"m":true,"len":112,"t":"TH570905"}},{"type":"Feature","geometry":{"type":"LineString","coordinates":[[99.96394,20.36773],[99.96483,20.36732],[99.9649,20.36727]]},"properties":{"c":"residential","h":3.35,"k":0.6753,"m":true,"len":112,"t":"TH570905"}},{"type":"Feature","geometry":{"type":"LineString","coordinates":[[99.9649,20.36727],[99.96519,20.36704],[99.96549,20.36678],[99.96569,20.36659]]},"properties":{"c":"residential","h":3.35,"k":0.6753,"m":true,"len":112,"t":"TH570905"}},{"type":"Feature","geometry":{"type":"LineString","coordinates":[[99.96695,20.36058],[99.96689,20.3606],[99.96685,20.36068],[99.96683,20.36113],[99.96683,20.36127]]},"properties":{"c":"residential","h":1.9,"k":0.6753,"m":true,"len":81,"t":"TH570905"}},{"type":"Feature","geometry":{"type":"LineString","coordinates":[[99.96683,20.36127],[99.96681,20.362]]},"properties":{"c":"residential","h":2.05,"k":0.6753,"m":true,"len":81,"t":"TH570905"}},{"type":"Feature","geometry":{"type":"LineString","coordinates":[[99.96681,20.362],[99.96679,20.36274]]},"properties":{"c":"residential","h":2.1,"k":0.6753,"m":true,"len":81,"t":"TH570905"}},{"type":"Feature","geometry":{"type":"LineString","coordinates":[[99.97121,20.35704],[99.97101,20.35803]]},"properties":{"c":"residential","h":1.2,"k":0.6753,"m":true,"len":112,"t":"TH570905"}},{"type":"Feature","geometry":{"type":"LineString","coordinates":[[99.97101,20.35803],[99.97081,20.35902]]},"properties":{"c":"residential","h":0.85,"k":0.6753,"m":true,"len":112,"t":"TH570905"}},{"type":"Feature","geometry":{"type":"LineString","coordinates":[[99.97081,20.35902],[99.97065,20.35984],[99.97064,20.36002]]},"properties":{"c":"residential","h":0.85,"k":0.6753,"m":true,"len":112,"t":"TH570905"}},{"type":"Feature","geometry":{"type":"LineString","coordinates":[[99.97064,20.36002],[99.97062,20.36059],[99.97057,20.36063],[99.97017,20.36062]]},"properties":{"c":"residential","h":1.7,"k":0.6753,"m":true,"len":112,"t":"TH570905"}},{"type":"Feature","geometry":{"type":"LineString","coordinates":[[99.97017,20.36062],[99.96989,20.36062],[99.96959,20.36063],[99.96926,20.36061],[99.96909,20.36061]]},"properties":{"c":"residential","h":1.8,"k":0.6753,"m":true,"len":112,"t":"TH570905"}},{"type":"Feature","geometry":{"type":"LineString","coordinates":[[99.96909,20.36061],[99.96862,20.36061],[99.96802,20.36058]]},"properties":{"c":"residential","h":1.9,"k":0.6753,"m":true,"len":112,"t":"TH570905"}},{"type":"Feature","geometry":{"type":"LineString","coordinates":[[99.96802,20.36058],[99.96798,20.36058],[99.96695,20.36058]]},"properties":{"c":"residential","h":1.9,"k":0.6753,"m":true,"len":112,"t":"TH570905"}},{"type":"Feature","geometry":{"type":"LineString","coordinates":[[99.97598,20.36457],[99.97595,20.36464],[99.97542,20.36501],[99.97536,20.36505],[99.97518,20.36518]]},"properties":{"c":"residential","h":2.05,"k":0.6753,"m":true,"len":108,"t":"TH570905"}},{"type":"Feature","geometry":{"type":"LineString","coordinates":[[99.97518,20.36518],[99.97434,20.36575]]},"properties":{"c":"residential","h":2.55,"k":0.6753,"m":true,"len":108,"t":"TH570905"}},{"type":"Feature","geometry":{"type":"LineString","coordinates":[[99.97434,20.36575],[99.97406,20.36593],[99.97396,20.36598],[99.97388,20.36601],[99.97367,20.36607],[99.9734,20.36608]]},"properties":{"c":"residential","h":3.35,"k":0.6753,"m":true,"len":108,"t":"TH570905"}},{"type":"Feature","geometry":{"type":"LineString","coordinates":[[99.9734,20.36608],[99.97319,20.36609],[99.97279,20.36605],[99.97237,20.36599]]},"properties":{"c":"residential","h":2.75,"k":0.6753,"m":true,"len":108,"t":"TH570905"}},{"type":"Feature","geometry":{"type":"LineString","coordinates":[[99.97237,20.36599],[99.97145,20.36585],[99.97135,20.36583]]},"properties":{"c":"residential","h":2.95,"k":0.6753,"m":true,"len":108,"t":"TH570905"}},{"type":"Feature","geometry":{"type":"LineString","coordinates":[[99.97135,20.36583],[99.97059,20.36569],[99.97046,20.36567],[99.97033,20.36565]]},"properties":{"c":"residential","h":2.65,"k":0.6728,"m":true,"len":108,"t":"TH570905"}},{"type":"Feature","geometry":{"type":"LineString","coordinates":[[99.97033,20.36565],[99.96931,20.3655]]},"properties":{"c":"residential","h":2.4,"k":0.6728,"m":true,"len":108,"t":"TH570905"}},{"type":"Feature","geometry":{"type":"LineString","coordinates":[[99.96931,20.3655],[99.96914,20.36547],[99.96829,20.36533]]},"properties":{"c":"residential","h":2.6,"k":0.6728,"m":true,"len":108,"t":"TH570905"}},{"type":"Feature","geometry":{"type":"LineString","coordinates":[[99.9732,20.3662],[99.9732,20.36613]]},"properties":{"c":"residential","h":3.4,"k":0.6753,"m":true,"len":8,"t":"TH570905"}},{"type":"Feature","geometry":{"type":"LineString","coordinates":[[99.9732,20.36613],[99.97319,20.36609]]},"properties":{"c":"residential","h":3.4,"k":0.6753,"m":true,"len":4,"t":"TH570905"}},{"type":"Feature","geometry":{"type":"LineString","coordinates":[[99.94527,20.39085],[99.94533,20.39078],[99.94534,20.39069],[99.9453,20.39058],[99.94508,20.38997]]},"properties":{"c":"residential","h":1.7,"k":1.0,"m":true,"len":104,"t":"TH570905"}},{"type":"Feature","geometry":{"type":"LineString","coordinates":[[99.94508,20.38997],[99.94496,20.38966],[99.94475,20.38914],[99.94472,20.3891]]},"properties":{"c":"residential","h":2.05,"k":1.0,"m":true,"len":104,"t":"TH570905"}},{"type":"Feature","geometry":{"type":"LineString","coordinates":[[99.94426,20.38954],[99.94426,20.38953],[99.94433,20.38945],[99.94452,20.38928],[99.94472,20.3891],[99.94471,20.38909]]},"properties":{"c":"residential","h":1.65,"k":1.0,"m":true,"len":70,"t":"TH570905"}},{"type":"Feature","geometry":{"type":"LineString","coordinates":[[99.95461,20.36061],[99.95498,20.36059],[99.95509,20.36071],[99.95515,20.36075],[99.95558,20.36085]]},"properties":{"c":"residential","h":3.2,"k":0.6728,"m":true,"len":110,"t":"TH570905"}},{"type":"Feature","geometry":{"type":"LineString","coordinates":[[99.95558,20.36085],[99.95559,20.36086],[99.95638,20.36101],[99.95642,20.36103],[99.95637,20.3612]]},"properties":{"c":"residential","h":2.5,"k":0.6728,"m":true,"len":110,"t":"TH570905"}},{"type":"Feature","geometry":{"type":"LineString","coordinates":[[99.95637,20.3612],[99.9563,20.3614],[99.95624,20.36143],[99.9555,20.3613]]},"properties":{"c":"residential","h":2.25,"k":0.6728,"m":true,"len":110,"t":"TH570905"}},{"type":"Feature","geometry":{"type":"LineString","coordinates":[[99.96675,20.36485],[99.96689,20.3643],[99.96696,20.36408]]},"properties":{"c":"residential","h":4.0,"k":0.6753,"m":true,"len":89,"t":"TH570905"}},{"type":"Feature","geometry":{"type":"LineString","coordinates":[[99.96696,20.36408],[99.96698,20.36402],[99.96701,20.36395],[99.96704,20.36393],[99.96771,20.36398]]},"properties":{"c":"residential","h":3.9,"k":0.6753,"m":true,"len":89,"t":"TH570905"}},{"type":"Feature","geometry":{"type":"LineString","coordinates":[[99.96068,20.36434],[99.95983,20.36403],[99.95973,20.36384]]},"properties":{"c":"residential","h":3.25,"k":0.6728,"m":true,"len":119,"t":"TH570905"}},{"type":"Feature","geometry":{"type":"LineString","coordinates":[[99.95973,20.36384],[99.95968,20.36372],[99.95953,20.36351],[99.95914,20.36292]]},"properties":{"c":"residential","h":2.9,"k":0.6728,"m":true,"len":119,"t":"TH570905"}},{"type":"Feature","geometry":{"type":"LineString","coordinates":[[99.95914,20.36292],[99.9587,20.36226],[99.95864,20.36197]]},"properties":{"c":"residential","h":2.8,"k":0.6728,"m":true,"len":119,"t":"TH570905"}},{"type":"Feature","geometry":{"type":"LineString","coordinates":[[99.95864,20.36197],[99.9585,20.36137],[99.95842,20.36112],[99.95838,20.36092]]},"properties":{"c":"residential","h":2.9,"k":0.6728,"m":true,"len":119,"t":"TH570905"}},{"type":"Feature","geometry":{"type":"LineString","coordinates":[[99.95838,20.36092],[99.95831,20.36058],[99.95814,20.35987]]},"properties":{"c":"residential","h":2.1,"k":0.6728,"m":true,"len":119,"t":"TH570905"}},{"type":"Feature","geometry":{"type":"LineString","coordinates":[[99.95814,20.35987],[99.95794,20.35905],[99.95781,20.35884]]},"properties":{"c":"residential","h":2.25,"k":0.6728,"m":true,"len":119,"t":"TH570905"}},{"type":"Feature","geometry":{"type":"LineString","coordinates":[[99.95794,20.36453],[99.9579,20.36452],[99.95788,20.36452],[99.95785,20.36453],[99.95782,20.36455],[99.95779,20.3646],[99.95777,20.36467],[99.9577,20.36493],[99.95753,20.3652],[99.95746,20.36531]]},"properties":{"c":"residential","h":2.95,"k":0.6728,"m":true,"len":106,"t":"TH570905"}},{"type":"Feature","geometry":{"type":"LineString","coordinates":[[99.95746,20.36531],[99.95735,20.3655],[99.95731,20.36566],[99.95736,20.36586],[99.95751,20.36621]]},"properties":{"c":"residential","h":2.85,"k":0.6728,"m":true,"len":106,"t":"TH570905"}},{"type":"Feature","geometry":{"type":"LineString","coordinates":[[99.95751,20.36621],[99.95756,20.36631],[99.95771,20.36681],[99.95767,20.3669],[99.95751,20.36702],[99.95748,20.36705]]},"properties":{"c":"residential","h":3.3,"k":0.6728,"m":true,"len":106,"t":"TH570905"}},{"type":"Feature","geometry":{"type":"LineString","coordinates":[[99.95748,20.36705],[99.95745,20.36709],[99.95743,20.36717],[99.95762,20.36798]]},"properties":{"c":"residential","h":3.4,"k":0.6728,"m":true,"len":106,"t":"TH570905"}},{"type":"Feature","geometry":{"type":"LineString","coordinates":[[99.95149,20.36414],[99.9515,20.36421],[99.95248,20.3643]]},"properties":{"c":"residential","h":3.75,"k":0.6728,"m":true,"len":110,"t":"TH570905"}},{"type":"Feature","geometry":{"type":"LineString","coordinates":[[99.95248,20.3643],[99.95333,20.36438],[99.95353,20.36439]]},"properties":{"c":"residential","h":3.35,"k":0.6728,"m":true,"len":110,"t":"TH570905"}},{"type":"Feature","geometry":{"type":"LineString","coordinates":[[99.9555,20.3613],[99.9555,20.36118],[99.95559,20.36086]]},"properties":{"c":"residential","h":2.85,"k":0.6728,"m":true,"len":50,"t":"TH570905"}},{"type":"Feature","geometry":{"type":"LineString","coordinates":[[99.96375,20.35932],[99.96291,20.359]]},"properties":{"c":"residential","h":3.45,"k":0.6728,"m":true,"len":94,"t":"TH570905"}},{"type":"Feature","geometry":{"type":"LineString","coordinates":[[99.94371,20.38778],[99.9438,20.38802],[99.94396,20.38853],[99.94405,20.3888]]},"properties":{"c":"residential","h":2.75,"k":1.0,"m":true,"len":118,"t":"TH570905"}},{"type":"Feature","geometry":{"type":"LineString","coordinates":[[99.9559,20.38952],[99.955,20.38994]]},"properties":{"c":"residential","h":1.65,"k":1.0,"m":true,"len":104,"t":"TH570905"}},{"type":"Feature","geometry":{"type":"LineString","coordinates":[[99.955,20.38994],[99.95411,20.39037]]},"properties":{"c":"residential","h":1.65,"k":1.0,"m":true,"len":104,"t":"TH570905"}},{"type":"Feature","geometry":{"type":"LineString","coordinates":[[99.95411,20.39037],[99.95372,20.39055],[99.95347,20.39067],[99.95321,20.39078]]},"properties":{"c":"residential","h":2.0,"k":1.0,"m":true,"len":104,"t":"TH570905"}},{"type":"Feature","geometry":{"type":"LineString","coordinates":[[99.95321,20.39078],[99.95231,20.39118]]},"properties":{"c":"residential","h":1.8,"k":1.0,"m":true,"len":104,"t":"TH570905"}},{"type":"Feature","geometry":{"type":"LineString","coordinates":[[99.95231,20.39118],[99.95194,20.39135],[99.95172,20.39141],[99.95137,20.39148]]},"properties":{"c":"residential","h":1.0,"k":1.0,"m":true,"len":104,"t":"TH570905"}},{"type":"Feature","geometry":{"type":"LineString","coordinates":[[99.95137,20.39148],[99.95107,20.39154],[99.95102,20.39153],[99.95097,20.39149],[99.95072,20.391]]},"properties":{"c":"residential","h":2.0,"k":1.0,"m":true,"len":104,"t":"TH570905"}},{"type":"Feature","geometry":{"type":"LineString","coordinates":[[100.00147,20.38123],[100.00106,20.38137],[100.00037,20.3815]]},"properties":{"c":"unclassified","h":0.3,"k":1.0,"m":true,"len":119,"t":"TH570905"}},{"type":"Feature","geometry":{"type":"LineString","coordinates":[[100.00037,20.3815],[100.0,20.38157],[99.99938,20.38176],[99.99927,20.38178]]},"properties":{"c":"unclassified","h":0.15,"k":1.0,"m":true,"len":119,"t":"TH570905"}},{"type":"Feature","geometry":{"type":"LineString","coordinates":[[99.99927,20.38178],[99.99876,20.38192],[99.99817,20.38205]]},"properties":{"c":"unclassified","h":0.25,"k":1.0,"m":true,"len":119,"t":"TH570905"}},{"type":"Feature","geometry":{"type":"LineString","coordinates":[[99.99817,20.38205],[99.99727,20.38226],[99.99706,20.38231]]},"properties":{"c":"unclassified","h":0.35,"k":1.0,"m":true,"len":119,"t":"TH570905"}},{"type":"Feature","geometry":{"type":"LineString","coordinates":[[99.99706,20.38231],[99.99597,20.38263]]},"properties":{"c":"unclassified","h":0.4,"k":1.0,"m":true,"len":119,"t":"TH570905"}},{"type":"Feature","geometry":{"type":"LineString","coordinates":[[99.99597,20.38263],[99.99531,20.38281],[99.99487,20.38291]]},"properties":{"c":"unclassified","h":0.45,"k":1.0,"m":true,"len":119,"t":"TH570905"}},{"type":"Feature","geometry":{"type":"LineString","coordinates":[[99.99487,20.38291],[99.99375,20.38314]]},"properties":{"c":"unclassified","h":0.65,"k":1.0,"m":true,"len":119,"t":"TH570905"}},{"type":"Feature","geometry":{"type":"LineString","coordinates":[[99.99375,20.38314],[99.99308,20.38328],[99.99265,20.3834]]},"properties":{"c":"unclassified","h":0.6,"k":1.0,"m":true,"len":119,"t":"TH570905"}},{"type":"Feature","geometry":{"type":"LineString","coordinates":[[99.99265,20.3834],[99.99243,20.38347],[99.99175,20.38364],[99.99155,20.3837]]},"properties":{"c":"unclassified","h":0.85,"k":1.0,"m":true,"len":119,"t":"TH570905"}},{"type":"Feature","geometry":{"type":"LineString","coordinates":[[99.99155,20.3837],[99.99128,20.38379],[99.99048,20.384],[99.99046,20.38401]]},"properties":{"c":"unclassified","h":1.0,"k":1.0,"m":true,"len":119,"t":"TH570905"}},{"type":"Feature","geometry":{"type":"LineString","coordinates":[[99.99046,20.38401],[99.99,20.38412],[99.98936,20.3843]]},"properties":{"c":"unclassified","h":1.2,"k":1.0,"m":true,"len":119,"t":"TH570905"}},{"type":"Feature","geometry":{"type":"LineString","coordinates":[[99.98936,20.3843],[99.98827,20.3846]]},"properties":{"c":"unclassified","h":1.15,"k":1.0,"m":true,"len":119,"t":"TH570905"}},{"type":"Feature","geometry":{"type":"LineString","coordinates":[[99.98827,20.3846],[99.98717,20.38491]]},"properties":{"c":"unclassified","h":1.2,"k":1.0,"m":true,"len":119,"t":"TH570905"}},{"type":"Feature","geometry":{"type":"LineString","coordinates":[[99.98717,20.38491],[99.98707,20.38494],[99.98664,20.38503],[99.98628,20.38508],[99.98605,20.3851]]},"properties":{"c":"unclassified","h":1.5,"k":1.0,"m":true,"len":119,"t":"TH570905"}},{"type":"Feature","geometry":{"type":"LineString","coordinates":[[99.98605,20.3851],[99.98491,20.38518]]},"properties":{"c":"unclassified","h":0.55,"k":1.0,"m":true,"len":119,"t":"TH570905"}},{"type":"Feature","geometry":{"type":"LineString","coordinates":[[99.98491,20.38518],[99.98474,20.38519],[99.98377,20.38518]]},"properties":{"c":"unclassified","h":0.6,"k":1.0,"m":true,"len":119,"t":"TH570905"}},{"type":"Feature","geometry":{"type":"LineString","coordinates":[[99.98377,20.38518],[99.98263,20.38517]]},"properties":{"c":"unclassified","h":1.35,"k":1.0,"m":true,"len":119,"t":"TH570905"}},{"type":"Feature","geometry":{"type":"LineString","coordinates":[[99.98263,20.38517],[99.98247,20.38517],[99.98149,20.38522]]},"properties":{"c":"unclassified","h":1.75,"k":1.0,"m":true,"len":119,"t":"TH570905"}},{"type":"Feature","geometry":{"type":"LineString","coordinates":[[99.98149,20.38522],[99.98136,20.38522],[99.98035,20.38525]]},"properties":{"c":"unclassified","h":1.8,"k":1.0,"m":true,"len":119,"t":"TH570905"}},{"type":"Feature","geometry":{"type":"LineString","coordinates":[[99.98035,20.38525],[99.97996,20.38526],[99.97928,20.3853],[99.97921,20.38531]]},"properties":{"c":"unclassified","h":1.15,"k":1.0,"m":true,"len":119,"t":"TH570905"}},{"type":"Feature","geometry":{"type":"LineString","coordinates":[[99.97921,20.38531],[99.97877,20.38537],[99.97809,20.38552]]},"properties":{"c":"unclassified","h":1.15,"k":1.0,"m":true,"len":119,"t":"TH570905"}},{"type":"Feature","geometry":{"type":"LineString","coordinates":[[99.97809,20.38552],[99.97735,20.38568],[99.97699,20.38579]]},"properties":{"c":"unclassified","h":1.65,"k":1.0,"m":true,"len":119,"t":"TH570905"}},{"type":"Feature","geometry":{"type":"LineString","coordinates":[[99.97699,20.38579],[99.97692,20.38581],[99.97592,20.38616]]},"properties":{"c":"unclassified","h":1.55,"k":1.0,"m":true,"len":119,"t":"TH570905"}},{"type":"Feature","geometry":{"type":"LineString","coordinates":[[99.97592,20.38616],[99.97589,20.38617],[99.97573,20.38624],[99.9754,20.38645],[99.97497,20.38675]]},"properties":{"c":"unclassified","h":1.55,"k":1.0,"m":true,"len":119,"t":"TH570905"}},{"type":"Feature","geometry":{"type":"LineString","coordinates":[[99.97497,20.38675],[99.97423,20.38727],[99.97404,20.38738]]},"properties":{"c":"unclassified","h":1.9,"k":1.0,"m":true,"len":119,"t":"TH570905"}},{"type":"Feature","geometry":{"type":"LineString","coordinates":[[99.97404,20.38738],[99.97382,20.38751],[99.97304,20.38789]]},"properties":{"c":"unclassified","h":0.6,"k":1.0,"m":true,"len":119,"t":"TH570905"}},{"type":"Feature","geometry":{"type":"LineString","coordinates":[[99.97304,20.38789],[99.97203,20.38839]]},"properties":{"c":"unclassified","h":0.7,"k":1.0,"m":true,"len":119,"t":"TH570905"}},{"type":"Feature","geometry":{"type":"LineString","coordinates":[[99.97203,20.38839],[99.97102,20.3889]]},"properties":{"c":"unclassified","h":0.8,"k":1.0,"m":true,"len":119,"t":"TH570905"}},{"type":"Feature","geometry":{"type":"LineString","coordinates":[[99.97102,20.3889],[99.97001,20.3894]]},"properties":{"c":"unclassified","h":0.8,"k":1.0,"m":true,"len":119,"t":"TH570905"}},{"type":"Feature","geometry":{"type":"LineString","coordinates":[[99.97001,20.3894],[99.96998,20.38941],[99.96996,20.38943],[99.969,20.38989]]},"properties":{"c":"unclassified","h":0.95,"k":1.0,"m":true,"len":119,"t":"TH570905"}},{"type":"Feature","geometry":{"type":"LineString","coordinates":[[99.969,20.38989],[99.9689,20.38993],[99.96865,20.39009],[99.96841,20.39043],[99.96834,20.3905],[99.96827,20.39057],[99.96819,20.39061]]},"properties":{"c":"unclassified","h":0.85,"k":1.0,"m":true,"len":119,"t":"TH570905"}},{"type":"Feature","geometry":{"type":"LineString","coordinates":[[99.96819,20.39061],[99.9681,20.39065],[99.96712,20.391]]},"properties":{"c":"unclassified","h":1.1,"k":1.0,"m":true,"len":119,"t":"TH570905"}},{"type":"Feature","geometry":{"type":"LineString","coordinates":[[99.96712,20.391],[99.96678,20.39111],[99.96604,20.39127],[99.96602,20.39127]]},"properties":{"c":"unclassified","h":1.2,"k":1.0,"m":true,"len":119,"t":"TH570905"}},{"type":"Feature","geometry":{"type":"LineString","coordinates":[[99.96602,20.39127],[99.96572,20.39132],[99.96536,20.39139],[99.965,20.39148],[99.96491,20.39151]]},"properties":{"c":"unclassified","h":0.9,"k":1.0,"m":true,"len":119,"t":"TH570905"}},{"type":"Feature","geometry":{"type":"LineString","coordinates":[[99.96491,20.39151],[99.96467,20.39159],[99.96429,20.3918],[99.96392,20.39203]]},"properties":{"c":"unclassified","h":1.0,"k":1.0,"m":true,"len":119,"t":"TH570905"}},{"type":"Feature","geometry":{"type":"LineString","coordinates":[[99.96392,20.39203],[99.96349,20.3923],[99.96333,20.39247],[99.96315,20.39279]]},"properties":{"c":"unclassified","h":2.05,"k":1.0,"m":true,"len":119,"t":"TH570905"}},{"type":"Feature","geometry":{"type":"LineString","coordinates":[[99.97623,20.36441],[99.97678,20.36401],[99.97682,20.36405]]},"properties":{"c":"residential","h":2.8,"k":0.6753,"m":true,"len":79,"t":"TH570905"}},{"type":"Feature","geometry":{"type":"LineString","coordinates":[[99.97682,20.36405],[99.97689,20.36414]]},"properties":{"c":"residential","h":3.8,"k":0.6753,"m":true,"len":13,"t":"TH570905"}},{"type":"Feature","geometry":{"type":"LineString","coordinates":[[100.00266,20.37222],[100.00215,20.37225],[100.00186,20.37217],[100.00159,20.37214],[100.00155,20.37217]]},"properties":{"c":"residential","h":1.65,"k":0.7058,"m":true,"len":118,"t":"TH570905"}},{"type":"Feature","geometry":{"type":"LineString","coordinates":[[99.99972,20.37123],[99.99896,20.37122]]},"properties":{"c":"residential","h":4.0,"k":0.7018,"m":true,"len":79,"t":"TH570905"}},{"type":"Feature","geometry":{"type":"LineString","coordinates":[[99.99896,20.37101],[99.99896,20.37122],[99.99896,20.37126],[99.99899,20.3717]]},"properties":{"c":"residential","h":3.7,"k":0.7018,"m":true,"len":77,"t":"TH570905"}},{"type":"Feature","geometry":{"type":"LineString","coordinates":[[99.97598,20.36457],[99.97602,20.36456],[99.97623,20.36441]]},"properties":{"c":"residential","h":2.8,"k":0.6753,"m":true,"len":32,"t":"TH570905"}},{"type":"Feature","geometry":{"type":"LineString","coordinates":[[99.97598,20.36457],[99.97594,20.36455],[99.97591,20.36444],[99.9759,20.36399],[99.97588,20.36356]]},"properties":{"c":"residential","h":1.0,"k":0.6753,"m":true,"len":114,"t":"TH570905"}},{"type":"Feature","geometry":{"type":"LineString","coordinates":[[99.97588,20.36356],[99.97583,20.36253]]},"properties":{"c":"residential","h":0.85,"k":0.6753,"m":true,"len":114,"t":"TH570905"}},{"type":"Feature","geometry":{"type":"LineString","coordinates":[[99.97583,20.36253],[99.97578,20.3615]]},"properties":{"c":"residential","h":0.85,"k":0.6753,"m":true,"len":114,"t":"TH570905"}},{"type":"Feature","geometry":{"type":"LineString","coordinates":[[100.00155,20.37217],[100.00146,20.37256]]},"properties":{"c":"residential","h":2.75,"k":0.7058,"m":true,"len":45,"t":"TH570905"}},{"type":"Feature","geometry":{"type":"LineString","coordinates":[[99.99833,20.3717],[99.99755,20.37184]]},"properties":{"c":"residential","h":3.95,"k":0.7018,"m":true,"len":83,"t":"TH570905"}},{"type":"Feature","geometry":{"type":"LineString","coordinates":[[100.00188,20.37265],[100.00183,20.37327]]},"properties":{"c":"residential","h":2.6,"k":0.7058,"m":true,"len":69,"t":"TH570905"}},{"type":"Feature","geometry":{"type":"LineString","coordinates":[[99.91903,20.28998],[99.91944,20.29098]]},"properties":{"c":"unclassified","h":3.75,"k":0.3613,"m":true,"len":119,"t":"TH570908"}},{"type":"Feature","geometry":{"type":"LineString","coordinates":[[99.91944,20.29098],[99.91958,20.29129],[99.91976,20.29181],[99.91986,20.29196],[99.91987,20.29197]]},"properties":{"c":"unclassified","h":2.9,"k":0.3613,"m":true,"len":119,"t":"TH570908"}},{"type":"Feature","geometry":{"type":"LineString","coordinates":[[99.91987,20.29197],[99.92017,20.29223],[99.92074,20.29266]]},"properties":{"c":"unclassified","h":2.25,"k":0.3613,"m":true,"len":119,"t":"TH570908"}},{"type":"Feature","geometry":{"type":"LineString","coordinates":[[99.92074,20.29266],[99.92085,20.29275],[99.9213,20.29322],[99.92145,20.29333],[99.92158,20.29337]]},"properties":{"c":"unclassified","h":2.85,"k":0.3613,"m":true,"len":119,"t":"TH570908"}},{"type":"Feature","geometry":{"type":"LineString","coordinates":[[99.92158,20.29337],[99.92179,20.29344],[99.92234,20.29366],[99.92265,20.29373]]},"properties":{"c":"unclassified","h":1.85,"k":0.3613,"m":true,"len":119,"t":"TH570908"}},{"type":"Feature","geometry":{"type":"LineString","coordinates":[[99.92265,20.29373],[99.9227,20.29374],[99.92312,20.2938],[99.92343,20.29387],[99.92363,20.29397],[99.92372,20.29403]]},"properties":{"c":"unclassified","h":1.1,"k":0.3613,"m":true,"len":119,"t":"TH570908"}},{"type":"Feature","geometry":{"type":"LineString","coordinates":[[99.92372,20.29403],[99.92397,20.2942],[99.92413,20.29437],[99.9242,20.29448],[99.92425,20.29467],[99.92428,20.29491]]},"properties":{"c":"unclassified","h":0.9,"k":0.3613,"m":true,"len":119,"t":"TH570908"}},{"type":"Feature","geometry":{"type":"LineString","coordinates":[[99.92428,20.29491],[99.92434,20.29548],[99.92434,20.29598]]},"properties":{"c":"unclassified","h":0.35,"k":0.3588,"m":true,"len":119,"t":"TH570908"}},{"type":"Feature","geometry":{"type":"LineString","coordinates":[[99.92434,20.29598],[99.92434,20.29635],[99.92422,20.29704]]},"properties":{"c":"unclassified","h":0.45,"k":0.3588,"m":true,"len":119,"t":"TH570908"}},{"type":"Feature","geometry":{"type":"LineString","coordinates":[[99.95283,20.29671],[99.95269,20.29695],[99.95252,20.29733],[99.95253,20.29769]]},"properties":{"c":"residential","h":0.75,"k":0.9159,"m":true,"len":116,"t":"TH570908"}},{"type":"Feature","geometry":{"type":"LineString","coordinates":[[99.95253,20.29769],[99.95254,20.29791],[99.95256,20.29832],[99.95254,20.2987],[99.95253,20.29873]]},"properties":{"c":"residential","h":0.05,"k":0.9159,"m":true,"len":116,"t":"TH570908"}},{"type":"Feature","geometry":{"type":"LineString","coordinates":[[99.95253,20.29873],[99.95245,20.2991],[99.95227,20.29974]]},"properties":{"c":"residential","h":0.05,"k":0.9159,"m":true,"len":116,"t":"TH570908"}},{"type":"Feature","geometry":{"type":"LineString","coordinates":[[99.95227,20.29974],[99.95227,20.29975],[99.95219,20.3],[99.9521,20.30042],[99.95206,20.30062],[99.95193,20.30069]]},"properties":{"c":"residential","h":0.05,"k":0.9159,"m":true,"len":116,"t":"TH570908"}},{"type":"Feature","geometry":{"type":"LineString","coordinates":[[99.94736,20.29254],[99.94736,20.29258],[99.94743,20.29273],[99.94747,20.29284],[99.94746,20.29294],[99.94742,20.29299],[99.94738,20.293],[99.94686,20.29307]]},"properties":{"c":"residential","h":0.1,"k":0.9158,"m":true,"len":114,"t":"TH570908"}},{"type":"Feature","geometry":{"type":"LineString","coordinates":[[99.94686,20.29307],[99.94613,20.29317],[99.94581,20.29301]]},"properties":{"c":"residential","h":0.05,"k":0.9158,"m":true,"len":114,"t":"TH570908"}},{"type":"Feature","geometry":{"type":"LineString","coordinates":[[99.95252,20.29733],[99.95185,20.29697],[99.95157,20.29681]]},"properties":{"c":"residential","h":0.35,"k":0.9159,"m":true,"len":115,"t":"TH570908"}},{"type":"Feature","geometry":{"type":"LineString","coordinates":[[99.95157,20.29681],[99.95097,20.29646],[99.95061,20.2963]]},"properties":{"c":"residential","h":0.05,"k":0.9159,"m":true,"len":115,"t":"TH570908"}},{"type":"Feature","geometry":{"type":"LineString","coordinates":[[99.95061,20.2963],[99.9505,20.29625],[99.95032,20.29615],[99.95008,20.29608],[99.94985,20.29587],[99.94985,20.29568]]},"properties":{"c":"residential","h":0.05,"k":0.9159,"m":true,"len":115,"t":"TH570908"}},{"type":"Feature","geometry":{"type":"LineString","coordinates":[[99.94985,20.29568],[99.94983,20.29464]]},"properties":{"c":"residential","h":1.55,"k":0.9159,"m":true,"len":115,"t":"TH570908"}},{"type":"Feature","geometry":{"type":"LineString","coordinates":[[99.93209,20.28023],[99.93216,20.28049],[99.93235,20.28093],[99.93247,20.28117]]},"properties":{"c":"residential","h":2.3,"k":0.9154,"m":true,"len":112,"t":"TH570908"}},{"type":"Feature","geometry":{"type":"LineString","coordinates":[[99.94663,20.29998],[99.94662,20.2999],[99.94657,20.29891]]},"properties":{"c":"residential","h":0.05,"k":0.9158,"m":true,"len":119,"t":"TH570908"}},{"type":"Feature","geometry":{"type":"LineString","coordinates":[[99.94657,20.29891],[99.94656,20.29876],[99.94649,20.29836],[99.9464,20.29785]]},"properties":{"c":"residential","h":0.1,"k":0.9158,"m":true,"len":119,"t":"TH570908"}},{"type":"Feature","geometry":{"type":"LineString","coordinates":[[99.9464,20.29785],[99.94636,20.29764],[99.94614,20.29712],[99.94599,20.29685]]},"properties":{"c":"residential","h":0.8,"k":0.9158,"m":true,"len":119,"t":"TH570908"}},{"type":"Feature","geometry":{"type":"LineString","coordinates":[[99.94599,20.29685],[99.94569,20.29632],[99.94566,20.2963],[99.94551,20.29632],[99.94547,20.29627],[99.94543,20.29609],[99.94543,20.29605]]},"properties":{"c":"residential","h":0.05,"k":0.9158,"m":true,"len":119,"t":"TH570908"}},{"type":"Feature","geometry":{"type":"LineString","coordinates":[[99.94543,20.29605],[99.94536,20.29533],[99.9454,20.29498],[99.9454,20.29498]]},"properties":{"c":"residential","h":0.9,"k":0.9158,"m":true,"len":119,"t":"TH570908"}},{"type":"Feature","geometry":{"type":"LineString","coordinates":[[99.9454,20.29498],[99.9454,20.29447],[99.94548,20.29444],[99.94572,20.29442],[99.94577,20.29439],[99.94582,20.2942]]},"properties":{"c":"residential","h":0.8,"k":0.9158,"m":true,"len":119,"t":"TH570908"}},{"type":"Feature","geometry":{"type":"LineString","coordinates":[[99.94582,20.2942],[99.94613,20.29317]]},"properties":{"c":"residential","h":0.5,"k":0.9158,"m":true,"len":119,"t":"TH570908"}},{"type":"Feature","geometry":{"type":"LineString","coordinates":[[99.94649,20.29836],[99.94546,20.29841]]},"properties":{"c":"residential","h":0.35,"k":0.9158,"m":true,"len":108,"t":"TH570908"}},{"type":"Feature","geometry":{"type":"LineString","coordinates":[[99.95567,20.29878],[99.95502,20.29896]]},"properties":{"c":"residential","h":0.35,"k":0.9163,"m":true,"len":71,"t":"TH570908"}},{"type":"Feature","geometry":{"type":"LineString","coordinates":[[99.93995,20.28703],[99.93967,20.28662],[99.93966,20.2866],[99.93994,20.28642],[99.94016,20.2863]]},"properties":{"c":"residential","h":3.95,"k":0.9159,"m":true,"len":118,"t":"TH570908"}},{"type":"Feature","geometry":{"type":"LineString","coordinates":[[99.97646,20.4047],[99.97591,20.40542],[99.97585,20.40551]]},"properties":{"c":"residential","h":1.0,"k":1.0,"m":true,"len":109,"t":"TH570903"}},{"type":"Feature","geometry":{"type":"LineString","coordinates":[[99.97585,20.40551],[99.97556,20.40598],[99.97531,20.40634],[99.9753,20.40635]]},"properties":{"c":"residential","h":1.15,"k":1.0,"m":true,"len":109,"t":"TH570903"}},{"type":"Feature","geometry":{"type":"LineString","coordinates":[[99.9753,20.40635],[99.97515,20.40652],[99.97494,20.40671],[99.97478,20.40686],[99.97458,20.40706]]},"properties":{"c":"residential","h":0.55,"k":1.0,"m":true,"len":109,"t":"TH570903"}},{"type":"Feature","geometry":{"type":"LineString","coordinates":[[99.97458,20.40706],[99.97453,20.40711],[99.97425,20.40756],[99.97412,20.40794]]},"properties":{"c":"residential","h":0.6,"k":1.0,"m":true,"len":109,"t":"TH570903"}},{"type":"Feature","geometry":{"type":"LineString","coordinates":[[99.89323,20.38057],[99.89355,20.37984],[99.89375,20.37971]]},"properties":{"c":"unclassified","h":3.7,"k":0.35,"m":true,"len":112,"t":"TH570904"}},{"type":"Feature","geometry":{"type":"LineString","coordinates":[[99.91791,20.44544],[99.91778,20.44547],[99.91757,20.44548],[99.91716,20.44545]]},"properties":{"c":"residential","h":0.35,"k":0.4931,"m":true,"len":78,"t":"TH570901"}},{"type":"Feature","geometry":{"type":"LineString","coordinates":[[99.90039,20.43709],[99.89977,20.43715]]},"properties":{"c":"residential","h":0.25,"k":1.0,"m":true,"len":64,"t":"TH570901"}},{"type":"Feature","geometry":{"type":"LineString","coordinates":[[99.9012,20.43721],[99.90049,20.43713]]},"properties":{"c":"residential","h":0.45,"k":1.0,"m":true,"len":74,"t":"TH570901"}},{"type":"Feature","geometry":{"type":"LineString","coordinates":[[100.00268,20.37267],[100.00243,20.37266]]},"properties":{"c":"residential","h":0.75,"k":0.7058,"m":true,"len":26,"t":"TH570905"}},{"type":"Feature","geometry":{"type":"LineString","coordinates":[[100.00267,20.3717],[100.00266,20.37222],[100.00268,20.37267]]},"properties":{"c":"residential","h":0.75,"k":0.7058,"m":true,"len":106,"t":"TH570905"}},{"type":"Feature","geometry":{"type":"LineString","coordinates":[[99.86252,20.44328],[99.86258,20.44333],[99.86289,20.44361],[99.86329,20.44394]]},"properties":{"c":"residential","h":0.05,"k":0.9946,"m":true,"len":108,"t":"TH570906"}},{"type":"Feature","geometry":{"type":"LineString","coordinates":[[99.86329,20.44394],[99.86406,20.44459]]},"properties":{"c":"residential","h":0.05,"k":0.9946,"m":true,"len":108,"t":"TH570906"}},{"type":"Feature","geometry":{"type":"LineString","coordinates":[[99.86406,20.44459],[99.86463,20.44507],[99.86475,20.44515],[99.86488,20.44516],[99.86488,20.44516]]},"properties":{"c":"residential","h":0.05,"k":0.9946,"m":true,"len":108,"t":"TH570906"}},{"type":"Feature","geometry":{"type":"LineString","coordinates":[[99.86488,20.44516],[99.86526,20.44514],[99.86544,20.44514],[99.86555,20.44515],[99.86557,20.44512],[99.86558,20.44509],[99.86558,20.44499],[99.86555,20.44481]]},"properties":{"c":"residential","h":2.2,"k":0.9947,"m":true,"len":108,"t":"TH570906"}},{"type":"Feature","geometry":{"type":"LineString","coordinates":[[99.88754,20.37419],[99.88752,20.37406],[99.88745,20.37377],[99.88736,20.3736],[99.88734,20.37356],[99.88734,20.37349],[99.88736,20.37338]]},"properties":{"c":"residential","h":3.3,"k":0.35,"m":true,"len":92,"t":"TH570904"}},{"type":"Feature","geometry":{"type":"LineString","coordinates":[[99.88736,20.37338],[99.88736,20.37338],[99.88735,20.37326],[99.88734,20.37321],[99.88729,20.37283],[99.88723,20.37256]]},"properties":{"c":"residential","h":3.9,"k":0.35,"m":true,"len":92,"t":"TH570904"}},{"type":"Feature","geometry":{"type":"LineString","coordinates":[[99.88723,20.37256],[99.88722,20.37254],[99.88721,20.37236],[99.8872,20.3721],[99.88719,20.37173]]},"properties":{"c":"residential","h":3.7,"k":0.35,"m":true,"len":92,"t":"TH570904"}},{"type":"Feature","geometry":{"type":"LineString","coordinates":[[99.89294,20.36671],[99.89294,20.36674],[99.89294,20.36686],[99.89308,20.36694],[99.89318,20.36768]]},"properties":{"c":"residential","h":0.05,"k":0.35,"m":true,"len":116,"t":"TH570904"}},{"type":"Feature","geometry":{"type":"LineString","coordinates":[[99.89318,20.36768],[99.89322,20.36803],[99.89326,20.36835],[99.89331,20.36872]]},"properties":{"c":"residential","h":0.05,"k":0.35,"m":true,"len":116,"t":"TH570904"}},{"type":"Feature","geometry":{"type":"LineString","coordinates":[[99.89331,20.36872],[99.89334,20.36898],[99.89354,20.36975]]},"properties":{"c":"residential","h":0.05,"k":0.35,"m":true,"len":116,"t":"TH570904"}},{"type":"Feature","geometry":{"type":"LineString","coordinates":[[99.89354,20.36975],[99.89359,20.36996],[99.89365,20.37035],[99.89364,20.37046],[99.8933,20.37052]]},"properties":{"c":"residential","h":0.05,"k":0.35,"m":true,"len":116,"t":"TH570904"}},{"type":"Feature","geometry":{"type":"LineString","coordinates":[[99.8933,20.37052],[99.8922,20.37073]]},"properties":{"c":"residential","h":0.05,"k":0.35,"m":true,"len":116,"t":"TH570904"}},{"type":"Feature","geometry":{"type":"LineString","coordinates":[[99.8922,20.37073],[99.89178,20.37082],[99.89113,20.371]]},"properties":{"c":"residential","h":0.05,"k":0.35,"m":true,"len":116,"t":"TH570904"}},{"type":"Feature","geometry":{"type":"LineString","coordinates":[[99.89113,20.371],[99.89006,20.37129]]},"properties":{"c":"residential","h":0.05,"k":0.35,"m":true,"len":116,"t":"TH570904"}},{"type":"Feature","geometry":{"type":"LineString","coordinates":[[99.89006,20.37129],[99.8899,20.37134],[99.88931,20.37144],[99.88897,20.3715]]},"properties":{"c":"residential","h":0.05,"k":0.35,"m":true,"len":116,"t":"TH570904"}},{"type":"Feature","geometry":{"type":"LineString","coordinates":[[99.88897,20.3715],[99.88857,20.37157],[99.88839,20.3716],[99.88792,20.37168],[99.88787,20.37168]]},"properties":{"c":"residential","h":0.95,"k":0.35,"m":true,"len":116,"t":"TH570904"}},{"type":"Feature","geometry":{"type":"LineString","coordinates":[[99.88787,20.37168],[99.88729,20.37172],[99.88719,20.37173],[99.88676,20.37175]]},"properties":{"c":"residential","h":1.6,"k":0.35,"m":true,"len":116,"t":"TH570904"}},{"type":"Feature","geometry":{"type":"LineString","coordinates":[[99.88931,20.36759],[99.88952,20.36857]]},"properties":{"c":"residential","h":0.05,"k":0.35,"m":true,"len":111,"t":"TH570904"}},{"type":"Feature","geometry":{"type":"LineString","coordinates":[[99.88952,20.36857],[99.88958,20.36881],[99.88964,20.36911],[99.88973,20.36955],[99.88973,20.36955]]},"properties":{"c":"residential","h":0.05,"k":0.35,"m":true,"len":111,"t":"TH570904"}},{"type":"Feature","geometry":{"type":"LineString","coordinates":[[99.88973,20.36955],[99.88982,20.37004],[99.8899,20.37048],[99.88992,20.37053],[99.88992,20.37053]]},"properties":{"c":"residential","h":0.05,"k":0.35,"m":true,"len":111,"t":"TH570904"}},{"type":"Feature","geometry":{"type":"LineString","coordinates":[[99.88992,20.37053],[99.89,20.37052],[99.89094,20.37026]]},"properties":{"c":"residential","h":0.05,"k":0.35,"m":true,"len":111,"t":"TH570904"}},{"type":"Feature","geometry":{"type":"LineString","coordinates":[[99.89094,20.37026],[99.89128,20.37017],[99.89133,20.3701],[99.89127,20.36994],[99.89119,20.36965],[99.89115,20.36954]]},"properties":{"c":"residential","h":0.05,"k":0.35,"m":true,"len":111,"t":"TH570904"}},{"type":"Feature","geometry":{"type":"LineString","coordinates":[[99.89115,20.36954],[99.89105,20.3692],[99.89093,20.36882],[99.89081,20.36881],[99.89067,20.36884]]},"properties":{"c":"residential","h":0.05,"k":0.35,"m":true,"len":111,"t":"TH570904"}},{"type":"Feature","geometry":{"type":"LineString","coordinates":[[99.89067,20.36884],[99.88964,20.36911]]},"properties":{"c":"residential","h":0.05,"k":0.35,"m":true,"len":111,"t":"TH570904"}},{"type":"Feature","geometry":{"type":"LineString","coordinates":[[99.88982,20.37004],[99.8905,20.36985]]},"properties":{"c":"residential","h":0.05,"k":0.35,"m":true,"len":75,"t":"TH570904"}},{"type":"Feature","geometry":{"type":"LineString","coordinates":[[99.8905,20.36985],[99.89119,20.36965]]},"properties":{"c":"residential","h":0.05,"k":0.35,"m":true,"len":75,"t":"TH570904"}},{"type":"Feature","geometry":{"type":"LineString","coordinates":[[99.89105,20.3692],[99.88998,20.36948]]},"properties":{"c":"residential","h":0.05,"k":0.35,"m":true,"len":116,"t":"TH570904"}},{"type":"Feature","geometry":{"type":"LineString","coordinates":[[99.88998,20.36948],[99.88973,20.36955],[99.88889,20.36974]]},"properties":{"c":"residential","h":0.05,"k":0.35,"m":true,"len":116,"t":"TH570904"}},{"type":"Feature","geometry":{"type":"LineString","coordinates":[[99.88889,20.36974],[99.88848,20.36983],[99.88837,20.36937],[99.88856,20.36933]]},"properties":{"c":"residential","h":0.05,"k":0.35,"m":true,"len":116,"t":"TH570904"}},{"type":"Feature","geometry":{"type":"LineString","coordinates":[[99.88856,20.36933],[99.88942,20.36913],[99.88964,20.36911]]},"properties":{"c":"residential","h":0.05,"k":0.35,"m":true,"len":116,"t":"TH570904"}},{"type":"Feature","geometry":{"type":"LineString","coordinates":[[99.88857,20.37157],[99.88844,20.3708]]},"properties":{"c":"residential","h":0.95,"k":0.35,"m":true,"len":86,"t":"TH570904"}},{"type":"Feature","geometry":{"type":"LineString","coordinates":[[99.88844,20.3708],[99.88842,20.37071],[99.88837,20.37039],[99.88799,20.37046]]},"properties":{"c":"residential","h":0.55,"k":0.35,"m":true,"len":86,"t":"TH570904"}},{"type":"Feature","geometry":{"type":"LineString","coordinates":[[99.89064,20.37742],[99.89062,20.37727],[99.89056,20.37686],[99.89051,20.37647],[99.89051,20.37645]]},"properties":{"c":"residential","h":2.1,"k":0.35,"m":true,"len":108,"t":"TH570904"}},{"type":"Feature","geometry":{"type":"LineString","coordinates":[[99.89051,20.37645],[99.89047,20.37612],[99.89042,20.37573],[99.89038,20.37548]]},"properties":{"c":"residential","h":0.7,"k":0.35,"m":true,"len":108,"t":"TH570904"}},{"type":"Feature","geometry":{"type":"LineString","coordinates":[[99.89038,20.37548],[99.89035,20.37519],[99.89029,20.37476],[99.89055,20.37471]]},"properties":{"c":"residential","h":0.05,"k":0.35,"m":true,"len":108,"t":"TH570904"}},{"type":"Feature","geometry":{"type":"LineString","coordinates":[[99.89055,20.37471],[99.89071,20.37469],[99.89064,20.37419],[99.8906,20.37388]]},"properties":{"c":"residential","h":0.05,"k":0.35,"m":true,"len":108,"t":"TH570904"}},{"type":"Feature","geometry":{"type":"LineString","coordinates":[[99.8906,20.37388],[99.89059,20.37376],[99.89052,20.37331],[99.89047,20.37291]]},"properties":{"c":"residential","h":0.05,"k":0.35,"m":true,"len":108,"t":"TH570904"}},{"type":"Feature","geometry":{"type":"LineString","coordinates":[[99.89468,20.37735],[99.89452,20.37729],[99.89437,20.37726],[99.89402,20.37741],[99.89385,20.37748]]},"properties":{"c":"residential","h":0.15,"k":0.35,"m":true,"len":93,"t":"TH570904"}},{"type":"Feature","geometry":{"type":"LineString","coordinates":[[99.89385,20.37748],[99.8937,20.37754],[99.8931,20.37779],[99.8931,20.37786]]},"properties":{"c":"residential","h":0.65,"k":0.35,"m":true,"len":93,"t":"TH570904"}},{"type":"Feature","geometry":{"type":"LineString","coordinates":[[99.8931,20.37786],[99.89311,20.37798],[99.89239,20.3782]]},"properties":{"c":"residential","h":1.05,"k":0.35,"m":true,"len":93,"t":"TH570904"}},{"type":"Feature","geometry":{"type":"LineString","coordinates":[[99.89239,20.3782],[99.89229,20.37823],[99.89223,20.3783],[99.89194,20.3789]]},"properties":{"c":"residential","h":1.4,"k":0.35,"m":true,"len":93,"t":"TH570904"}},{"type":"Feature","geometry":{"type":"LineString","coordinates":[[99.96315,20.39279],[99.96315,20.39383]]},"properties":{"c":"residential","h":0.9,"k":1.0,"m":true,"len":116,"t":"TH570903"}},{"type":"Feature","geometry":{"type":"LineString","coordinates":[[99.96315,20.39383],[99.96316,20.39488]]},"properties":{"c":"residential","h":0.9,"k":1.0,"m":true,"len":116,"t":"TH570903"}},{"type":"Feature","geometry":{"type":"LineString","coordinates":[[99.96316,20.39488],[99.96316,20.39592]]},"properties":{"c":"residential","h":1.15,"k":1.0,"m":true,"len":116,"t":"TH570903"}},{"type":"Feature","geometry":{"type":"LineString","coordinates":[[99.96316,20.39592],[99.96316,20.39616],[99.96346,20.39691]]},"properties":{"c":"residential","h":1.25,"k":1.0,"m":true,"len":116,"t":"TH570903"}},{"type":"Feature","geometry":{"type":"LineString","coordinates":[[99.87586,20.44305],[99.87593,20.44293],[99.87595,20.4428],[99.87598,20.4427],[99.87598,20.44264],[99.8759,20.4425],[99.87582,20.44242],[99.87575,20.44232],[99.87569,20.44227]]},"properties":{"c":"residential","h":1.2,"k":0.9955,"m":true,"len":100,"t":"TH570906"}},{"type":"Feature","geometry":{"type":"LineString","coordinates":[[99.90505,20.4461],[99.90452,20.44607]]},"properties":{"c":"trunk","h":3.95,"k":0.4929,"m":true,"len":56,"t":"TH570901"}},{"type":"Feature","geometry":{"type":"LineString","coordinates":[[99.90454,20.44456],[99.9043,20.44459]]},"properties":{"c":"trunk","h":2.5,"k":0.4929,"m":true,"len":26,"t":"TH570901"}},{"type":"Feature","geometry":{"type":"LineString","coordinates":[[99.91066,20.43993],[99.91027,20.43986],[99.91017,20.43984],[99.91005,20.43941]]},"properties":{"c":"residential","h":3.5,"k":0.4929,"m":true,"len":101,"t":"TH570901"}},{"type":"Feature","geometry":{"type":"LineString","coordinates":[[99.90883,20.44194],[99.90897,20.44198],[99.90903,20.44196],[99.9091,20.44191],[99.90917,20.44186],[99.90938,20.44169],[99.90958,20.44155],[99.90978,20.44147]]},"properties":{"c":"residential","h":0.8,"k":0.4929,"m":true,"len":118,"t":"TH570901"}},{"type":"Feature","geometry":{"type":"LineString","coordinates":[[99.90978,20.44147],[99.90978,20.44146],[99.90999,20.44139],[99.9103,20.44133],[99.91087,20.44123]]},"properties":{"c":"residential","h":0.05,"k":0.4929,"m":true,"len":118,"t":"TH570901"}},{"type":"Feature","geometry":{"type":"LineString","coordinates":[[99.91087,20.44123],[99.91127,20.44117],[99.91186,20.44107],[99.91198,20.44106]]},"properties":{"c":"residential","h":1.75,"k":0.4929,"m":true,"len":118,"t":"TH570901"}},{"type":"Feature","geometry":{"type":"LineString","coordinates":[[99.91198,20.44106],[99.91226,20.44103],[99.9125,20.44106],[99.91268,20.44112],[99.91306,20.44125],[99.91307,20.44125]]},"properties":{"c":"residential","h":3.3,"k":0.4929,"m":true,"len":118,"t":"TH570901"}},{"type":"Feature","geometry":{"type":"LineString","coordinates":[[99.91307,20.44125],[99.91369,20.44162],[99.91387,20.4417],[99.91397,20.44173],[99.91406,20.44175]]},"properties":{"c":"residential","h":2.85,"k":0.4929,"m":true,"len":118,"t":"TH570901"}},{"type":"Feature","geometry":{"type":"LineString","coordinates":[[99.90882,20.442],[99.90878,20.44212]]},"properties":{"c":"residential","h":3.3,"k":0.4929,"m":true,"len":14,"t":"TH570901"}},{"type":"Feature","geometry":{"type":"LineString","coordinates":[[99.9092,20.44033],[99.90915,20.44037],[99.90909,20.44043],[99.90907,20.44046],[99.90906,20.44049],[99.90899,20.44083],[99.90895,20.44114]]},"properties":{"c":"residential","h":2.6,"k":0.4929,"m":true,"len":96,"t":"TH570901"}},{"type":"Feature","geometry":{"type":"LineString","coordinates":[[99.90895,20.44114],[99.90893,20.44128],[99.90888,20.44172],[99.90883,20.44194],[99.90882,20.442]]},"properties":{"c":"residential","h":2.6,"k":0.4929,"m":true,"len":96,"t":"TH570901"}},{"type":"Feature","geometry":{"type":"LineString","coordinates":[[99.91946,20.43837],[99.91963,20.43837],[99.91998,20.43837],[99.92044,20.43835]]},"properties":{"c":"residential","h":3.65,"k":1.0,"m":true,"len":103,"t":"TH570901"}},{"type":"Feature","geometry":{"type":"LineString","coordinates":[[99.92044,20.43835],[99.92143,20.43833]]},"properties":{"c":"residential","h":3.0,"k":1.0,"m":true,"len":103,"t":"TH570901"}},{"type":"Feature","geometry":{"type":"LineString","coordinates":[[99.92143,20.43833],[99.92151,20.43833],[99.92176,20.43829],[99.92209,20.43818],[99.92211,20.43822],[99.92219,20.43844]]},"properties":{"c":"residential","h":3.25,"k":1.0,"m":true,"len":103,"t":"TH570901"}},{"type":"Feature","geometry":{"type":"LineString","coordinates":[[99.92176,20.43996],[99.92226,20.4395],[99.92232,20.43954]]},"properties":{"c":"residential","h":4.0,"k":1.0,"m":true,"len":81,"t":"TH570901"}},{"type":"Feature","geometry":{"type":"LineString","coordinates":[[99.92232,20.43954],[99.92293,20.44]]},"properties":{"c":"residential","h":4.0,"k":1.0,"m":true,"len":81,"t":"TH570901"}},{"type":"Feature","geometry":{"type":"LineString","coordinates":[[99.9219,20.44026],[99.92176,20.43996],[99.92159,20.43956]]},"properties":{"c":"residential","h":4.0,"k":1.0,"m":true,"len":84,"t":"TH570901"}},{"type":"Feature","geometry":{"type":"LineString","coordinates":[[99.92159,20.43956],[99.92158,20.43955],[99.92131,20.43885]]},"properties":{"c":"residential","h":4.0,"k":1.0,"m":true,"len":84,"t":"TH570901"}},{"type":"Feature","geometry":{"type":"LineString","coordinates":[[99.8888,20.44002],[99.88875,20.43962]]},"properties":{"c":"residential","h":0.5,"k":0.9999,"m":true,"len":44,"t":"TH570901"}},{"type":"Feature","geometry":{"type":"LineString","coordinates":[[99.88853,20.44001],[99.88853,20.43967],[99.88854,20.43964],[99.88857,20.43963],[99.88873,20.43962]]},"properties":{"c":"residential","h":0.5,"k":0.9999,"m":true,"len":61,"t":"TH570901"}},{"type":"Feature","geometry":{"type":"LineString","coordinates":[[99.88873,20.43962],[99.88875,20.43962],[99.88931,20.43961]]},"properties":{"c":"residential","h":0.5,"k":0.9999,"m":true,"len":61,"t":"TH570901"}},{"type":"Feature","geometry":{"type":"LineString","coordinates":[[99.91731,20.44256],[99.9173,20.44265]]},"properties":{"c":"residential","h":3.45,"k":0.4929,"m":true,"len":9,"t":"TH570901"}},{"type":"Feature","geometry":{"type":"LineString","coordinates":[[99.9173,20.44265],[99.9173,20.44269]]},"properties":{"c":"residential","h":3.45,"k":0.4929,"m":true,"len":5,"t":"TH570901"}},{"type":"Feature","geometry":{"type":"LineString","coordinates":[[99.91859,20.44213],[99.9187,20.44205],[99.91892,20.44191],[99.91914,20.44179],[99.91944,20.44171],[99.91956,20.44168]]},"properties":{"c":"residential","h":3.05,"k":0.4946,"m":true,"len":114,"t":"TH570901"}},{"type":"Feature","geometry":{"type":"LineString","coordinates":[[99.91956,20.44168],[99.91972,20.44165],[99.92007,20.44159],[99.92063,20.4415]]},"properties":{"c":"residential","h":1.85,"k":0.4946,"m":true,"len":114,"t":"TH570901"}},{"type":"Feature","geometry":{"type":"LineString","coordinates":[[99.92063,20.4415],[99.92091,20.44146],[99.92148,20.4414],[99.92171,20.44141]]},"properties":{"c":"residential","h":0.5,"k":0.4946,"m":true,"len":114,"t":"TH570901"}},{"type":"Feature","geometry":{"type":"LineString","coordinates":[[99.92171,20.44141],[99.92185,20.44142],[99.92279,20.44156]]},"properties":{"c":"residential","h":0.15,"k":0.4946,"m":true,"len":114,"t":"TH570901"}},{"type":"Feature","geometry":{"type":"LineString","coordinates":[[99.88858,20.44521],[99.88862,20.44456]]},"properties":{"c":"residential","h":3.1,"k":0.9997,"m":true,"len":72,"t":"TH570901"}},{"type":"Feature","geometry":{"type":"LineString","coordinates":[[99.89671,20.39511],[99.8968,20.39511],[99.89692,20.39511],[99.89703,20.39512],[99.89708,20.39512],[99.89773,20.39504]]},"properties":{"c":"residential","h":2.6,"k":0.35,"m":true,"len":107,"t":"TH570904"}},{"type":"Feature","geometry":{"type":"LineString","coordinates":[[99.89773,20.39504],[99.89799,20.39501],[99.8987,20.39492],[99.89875,20.39491]]},"properties":{"c":"residential","h":0.2,"k":0.35,"m":true,"len":107,"t":"TH570904"}},{"type":"Feature","geometry":{"type":"LineString","coordinates":[[99.89875,20.39491],[99.89935,20.39483],[99.89941,20.39482],[99.89944,20.39477],[99.89944,20.39468],[99.89944,20.39451],[99.89944,20.39449]]},"properties":{"c":"residential","h":0.05,"k":0.35,"m":true,"len":107,"t":"TH570904"}},{"type":"Feature","geometry":{"type":"LineString","coordinates":[[99.89944,20.39449],[99.89942,20.39434],[99.89941,20.39428],[99.89927,20.39354]]},"properties":{"c":"residential","h":0.05,"k":0.35,"m":true,"len":107,"t":"TH570904"}},{"type":"Feature","geometry":{"type":"LineString","coordinates":[[99.87526,20.44411],[99.87535,20.44386],[99.87536,20.44383],[99.87535,20.44381],[99.87534,20.44379],[99.87534,20.44378],[99.87536,20.44344]]},"properties":{"c":"residential","h":0.05,"k":0.9955,"m":true,"len":75,"t":"TH570906"}},{"type":"Feature","geometry":{"type":"LineString","coordinates":[[99.91153,20.37883],[99.91158,20.37903],[99.91161,20.3791],[99.91169,20.37913],[99.91182,20.37915],[99.91184,20.37917],[99.91185,20.3792],[99.9119,20.37938],[99.91193,20.37952]]},"properties":{"c":"residential","h":3.55,"k":0.3562,"m":true,"len":97,"t":"TH570904"}},{"type":"Feature","geometry":{"type":"LineString","coordinates":[[99.91193,20.37952],[99.91199,20.3798],[99.91213,20.38037]]},"properties":{"c":"residential","h":3.05,"k":0.3562,"m":true,"len":97,"t":"TH570904"}},{"type":"Feature","geometry":{"type":"LineString","coordinates":[[99.91213,20.38037],[99.91229,20.38107],[99.91233,20.38122]]},"properties":{"c":"residential","h":2.85,"k":0.3562,"m":true,"len":97,"t":"TH570904"}},{"type":"Feature","geometry":{"type":"LineString","coordinates":[[99.91199,20.3798],[99.91156,20.37988],[99.911,20.37997]]},"properties":{"c":"residential","h":3.05,"k":0.3562,"m":true,"len":106,"t":"TH570904"}},{"type":"Feature","geometry":{"type":"LineString","coordinates":[[99.91154,20.37979],[99.91156,20.37988],[99.91172,20.3807]]},"properties":{"c":"residential","h":3.55,"k":0.3562,"m":true,"len":103,"t":"TH570904"}},{"type":"Feature","geometry":{"type":"LineString","coordinates":[[99.91172,20.3807],[99.9118,20.38116],[99.91229,20.38107]]},"properties":{"c":"residential","h":2.9,"k":0.3562,"m":true,"len":103,"t":"TH570904"}},{"type":"Feature","geometry":{"type":"LineString","coordinates":[[99.89589,20.3846],[99.89599,20.38493],[99.89609,20.38525]]},"properties":{"c":"residential","h":1.85,"k":0.35,"m":true,"len":75,"t":"TH570904"}},{"type":"Feature","geometry":{"type":"LineString","coordinates":[[99.89609,20.38525],[99.89628,20.3859]]},"properties":{"c":"residential","h":1.45,"k":0.35,"m":true,"len":75,"t":"TH570904"}},{"type":"Feature","geometry":{"type":"LineString","coordinates":[[99.90053,20.35454],[99.90038,20.35353]]},"properties":{"c":"residential","h":2.1,"k":0.3838,"m":true,"len":113,"t":"TH570904"}},{"type":"Feature","geometry":{"type":"LineString","coordinates":[[99.92356,20.37243],[99.92435,20.37255]]},"properties":{"c":"residential","h":1.35,"k":0.3759,"m":true,"len":83,"t":"TH570905"}},{"type":"Feature","geometry":{"type":"LineString","coordinates":[[99.92435,20.37255],[99.92436,20.37255],[99.92492,20.37263],[99.92514,20.37266]]},"properties":{"c":"residential","h":1.35,"k":0.3759,"m":true,"len":83,"t":"TH570905"}},{"type":"Feature","geometry":{"type":"LineString","coordinates":[[99.92514,20.37266],[99.9252,20.37267],[99.92523,20.37268],[99.92524,20.3727],[99.92523,20.37273],[99.92512,20.37292],[99.92511,20.37294],[99.92512,20.37295],[99.92544,20.37314]]},"properties":{"c":"residential","h":1.45,"k":0.3759,"m":true,"len":83,"t":"TH570905"}},{"type":"Feature","geometry":{"type":"LineString","coordinates":[[99.88497,20.40425],[99.88516,20.40425]]},"properties":{"c":"primary","h":null,"k":1.0,"m":true,"len":19,"t":"TH570906"}},{"type":"Feature","geometry":{"type":"LineString","coordinates":[[99.88498,20.40434],[99.88516,20.40434]]},"properties":{"c":"primary","h":null,"k":1.0,"m":true,"len":19,"t":"TH570906"}},{"type":"Feature","geometry":{"type":"LineString","coordinates":[[99.90855,20.38975],[99.90824,20.38882]]},"properties":{"c":"unclassified","h":3.0,"k":0.35,"m":true,"len":108,"t":"TH570906"}},{"type":"Feature","geometry":{"type":"LineString","coordinates":[[99.90824,20.38882],[99.90793,20.38789]]},"properties":{"c":"unclassified","h":2.2,"k":0.35,"m":true,"len":108,"t":"TH570906"}},{"type":"Feature","geometry":{"type":"LineString","coordinates":[[99.90793,20.38789],[99.90762,20.38696]]},"properties":{"c":"unclassified","h":1.15,"k":0.35,"m":true,"len":108,"t":"TH570906"}},{"type":"Feature","geometry":{"type":"LineString","coordinates":[[99.90762,20.38696],[99.90731,20.38603]]},"properties":{"c":"unclassified","h":0.45,"k":0.35,"m":true,"len":108,"t":"TH570906"}},{"type":"Feature","geometry":{"type":"LineString","coordinates":[[99.93169,20.39638],[99.93173,20.39646]]},"properties":{"c":"unclassified","h":3.45,"k":1.0,"m":true,"len":11,"t":"TH570905"}},{"type":"Feature","geometry":{"type":"LineString","coordinates":[[99.89381,20.43907],[99.89387,20.43907],[99.89423,20.43912],[99.89463,20.43919],[99.8949,20.43923]]},"properties":{"c":"tertiary","h":0.35,"k":1.0,"m":true,"len":115,"t":"TH570901","n":"ถนนเหมืองแดง"}},{"type":"Feature","geometry":{"type":"LineString","coordinates":[[99.8949,20.43923],[99.89564,20.43933],[99.89598,20.43939]]},"properties":{"c":"tertiary","h":0.2,"k":1.0,"m":true,"len":115,"t":"TH570901","n":"ถนนเหมืองแดง"}},{"type":"Feature","geometry":{"type":"LineString","coordinates":[[99.89598,20.43939],[99.896,20.43939],[99.89639,20.43942],[99.8967,20.43943],[99.89708,20.43941]]},"properties":{"c":"tertiary","h":0.75,"k":1.0,"m":true,"len":115,"t":"TH570901","n":"ถนนเหมืองแดง"}},{"type":"Feature","geometry":{"type":"LineString","coordinates":[[99.89708,20.43941],[99.89722,20.4394],[99.89749,20.43937],[99.89785,20.43932],[99.89817,20.43926]]},"properties":{"c":"tertiary","h":0.15,"k":1.0,"m":true,"len":115,"t":"TH570901","n":"ถนนเหมืองแดง"}},{"type":"Feature","geometry":{"type":"LineString","coordinates":[[99.89817,20.43926],[99.89841,20.43921],[99.89902,20.43917],[99.89926,20.43918]]},"properties":{"c":"tertiary","h":0.8,"k":1.0,"m":true,"len":115,"t":"TH570901","n":"ถนนเหมืองแดง"}},{"type":"Feature","geometry":{"type":"LineString","coordinates":[[99.90146,20.43923],[99.90155,20.43923],[99.90208,20.43927],[99.90239,20.4393],[99.90255,20.43934]]},"properties":{"c":"tertiary","h":3.65,"k":0.4929,"m":true,"len":115,"t":"TH570901","n":"ถนนเหมืองแดง"}},{"type":"Feature","geometry":{"type":"LineString","coordinates":[[99.90255,20.43934],[99.90269,20.43937],[99.90361,20.43961]]},"properties":{"c":"tertiary","h":3.65,"k":0.4929,"m":true,"len":115,"t":"TH570901","n":"ถนนเหมืองแดง"}},{"type":"Feature","geometry":{"type":"LineString","coordinates":[[99.90361,20.43961],[99.90467,20.43989]]},"properties":{"c":"tertiary","h":2.75,"k":1.0,"m":true,"len":115,"t":"TH570901","n":"ถนนเหมืองแดง"}},{"type":"Feature","geometry":{"type":"LineString","coordinates":[[99.93525,20.39639],[99.93612,20.39596]]},"properties":{"c":"residential","h":3.7,"k":1.0,"m":true,"len":102,"t":"TH570905"}},{"type":"Feature","geometry":{"type":"LineString","coordinates":[[99.88834,20.37305],[99.88853,20.37312]]},"properties":{"c":"residential","h":0.05,"k":0.35,"m":true,"len":22,"t":"TH570904"}},{"type":"Feature","geometry":{"type":"LineString","coordinates":[[99.88734,20.37321],[99.8883,20.37304],[99.88832,20.37304],[99.88833,20.37304],[99.88834,20.37305],[99.88835,20.37306],[99.88835,20.37307],[99.88837,20.37313],[99.88837,20.37314],[99.88837,20.37315],[99.88838,20.37315],[99.88838,20.37315]]},"properties":{"c":"residential","h":0.05,"k":0.35,"m":true,"len":119,"t":"TH570904"}},{"type":"Feature","geometry":{"type":"LineString","coordinates":[[99.88838,20.37315],[99.88839,20.37315],[99.88853,20.37312],[99.88928,20.37296],[99.88949,20.37292]]},"properties":{"c":"residential","h":0.05,"k":0.35,"m":true,"len":119,"t":"TH570904"}},{"type":"Feature","geometry":{"type":"LineString","coordinates":[[99.88949,20.37292],[99.89039,20.37274],[99.89042,20.37274],[99.89044,20.37276],[99.89047,20.37291]]},"properties":{"c":"residential","h":0.05,"k":0.35,"m":true,"len":119,"t":"TH570904"}},{"type":"Feature","geometry":{"type":"LineString","coordinates":[[99.89252,20.37634],[99.89262,20.37649],[99.89274,20.37687],[99.89243,20.37693]]},"properties":{"c":"residential","h":0.2,"k":0.35,"m":true,"len":96,"t":"TH570904"}},{"type":"Feature","geometry":{"type":"LineString","coordinates":[[99.89243,20.37693],[99.89152,20.3771]]},"properties":{"c":"residential","h":1.25,"k":0.35,"m":true,"len":96,"t":"TH570904"}},{"type":"Feature","geometry":{"type":"LineString","coordinates":[[99.89152,20.3771],[99.89062,20.37727]]},"properties":{"c":"residential","h":3.45,"k":0.35,"m":true,"len":96,"t":"TH570904"}},{"type":"Feature","geometry":{"type":"LineString","coordinates":[[99.91155,20.3812],[99.9118,20.38116]]},"properties":{"c":"residential","h":3.15,"k":0.3562,"m":true,"len":27,"t":"TH570904"}},{"type":"Feature","geometry":{"type":"LineString","coordinates":[[99.92093,20.44473],[99.92011,20.44461]]},"properties":{"c":"residential","h":0.05,"k":0.4946,"m":true,"len":86,"t":"TH570901"}},{"type":"Feature","geometry":{"type":"LineString","coordinates":[[99.92011,20.44461],[99.9194,20.44451],[99.9193,20.44449]]},"properties":{"c":"residential","h":0.05,"k":0.4946,"m":true,"len":86,"t":"TH570901"}},{"type":"Feature","geometry":{"type":"LineString","coordinates":[[99.9193,20.44449],[99.91899,20.44445],[99.91878,20.44443],[99.91873,20.44442],[99.9187,20.44441],[99.91869,20.44438],[99.91867,20.44437],[99.91855,20.44436],[99.91852,20.44435],[99.9185,20.44434]]},"properties":{"c":"residential","h":0.05,"k":0.4946,"m":true,"len":86,"t":"TH570901"}},{"type":"Feature","geometry":{"type":"LineString","coordinates":[[99.91424,20.44199],[99.91421,20.44209],[99.91419,20.44215],[99.91416,20.44232],[99.91411,20.44272]]},"properties":{"c":"residential","h":1.15,"k":0.4929,"m":true,"len":82,"t":"TH570901"}},{"type":"Feature","geometry":{"type":"LineString","coordinates":[[99.91411,20.44272],[99.9141,20.44278],[99.9141,20.44298],[99.91409,20.44306],[99.91408,20.4432],[99.91406,20.44335],[99.91405,20.44346]]},"properties":{"c":"residential","h":0.05,"k":0.4929,"m":true,"len":82,"t":"TH570901"}},{"type":"Feature","geometry":{"type":"LineString","coordinates":[[99.91405,20.44346],[99.91401,20.44377],[99.914,20.44392],[99.914,20.44408],[99.91401,20.44414],[99.91402,20.44418],[99.91402,20.4442]]},"properties":{"c":"residential","h":0.05,"k":0.4929,"m":true,"len":82,"t":"TH570901"}},{"type":"Feature","geometry":{"type":"LineString","coordinates":[[99.9224,20.44553],[99.92302,20.44574]]},"properties":{"c":"residential","h":0.7,"k":0.4946,"m":true,"len":69,"t":"TH570901"}},{"type":"Feature","geometry":{"type":"LineString","coordinates":[[99.92016,20.44217],[99.92013,20.44248],[99.92012,20.4426],[99.9201,20.44268],[99.92006,20.44279],[99.92002,20.44285],[99.91998,20.44288]]},"properties":{"c":"residential","h":1.85,"k":0.4946,"m":true,"len":84,"t":"TH570901"}},{"type":"Feature","geometry":{"type":"LineString","coordinates":[[99.91536,20.44365],[99.91628,20.44375]]},"properties":{"c":"residential","h":0.05,"k":0.4929,"m":true,"len":97,"t":"TH570901"}},{"type":"Feature","geometry":{"type":"LineString","coordinates":[[99.88454,20.44513],[99.88497,20.44515]]},"properties":{"c":"residential","h":0.3,"k":0.9996,"m":true,"len":45,"t":"TH570901"}},{"type":"Feature","geometry":{"type":"LineString","coordinates":[[99.88532,20.44478],[99.88528,20.44556]]},"properties":{"c":"residential","h":0.05,"k":0.9996,"m":true,"len":87,"t":"TH570901"}},{"type":"Feature","geometry":{"type":"LineString","coordinates":[[99.88528,20.44556],[99.88527,20.44565],[99.88523,20.44589],[99.8852,20.44592],[99.88514,20.44591],[99.88508,20.44588],[99.88505,20.44581],[99.88499,20.4456]]},"properties":{"c":"residential","h":0.05,"k":0.9996,"m":true,"len":87,"t":"TH570901"}},{"type":"Feature","geometry":{"type":"LineString","coordinates":[[99.88499,20.4456],[99.88496,20.44552],[99.88496,20.44537],[99.88497,20.44515],[99.885,20.44483]]},"properties":{"c":"residential","h":0.25,"k":0.9996,"m":true,"len":87,"t":"TH570901"}},{"type":"Feature","geometry":{"type":"LineString","coordinates":[[99.92818,20.437],[99.92823,20.43768]]},"properties":{"c":"residential","h":3.8,"k":1.0,"m":true,"len":75,"t":"TH570901"}},{"type":"Feature","geometry":{"type":"LineString","coordinates":[[99.90565,20.44075],[99.9058,20.44077],[99.90591,20.44083],[99.90606,20.44094],[99.9064,20.44118],[99.90644,20.44119],[99.90647,20.44117]]},"properties":{"c":"residential","h":3.85,"k":0.4929,"m":true,"len":102,"t":"TH570901"}},{"type":"Feature","geometry":{"type":"LineString","coordinates":[[99.92456,20.44334],[99.92447,20.4426]]},"properties":{"c":"residential","h":0.25,"k":0.4946,"m":true,"len":82,"t":"TH570901"}},{"type":"Feature","geometry":{"type":"LineString","coordinates":[[99.93768,20.43697],[99.93766,20.43701],[99.93767,20.43705],[99.93813,20.4374],[99.93823,20.43749]]},"properties":{"c":"residential","h":0.05,"k":1.0,"m":true,"len":85,"t":"TH570901"}},{"type":"Feature","geometry":{"type":"LineString","coordinates":[[99.93823,20.43749],[99.93838,20.43761],[99.93848,20.43773],[99.93863,20.43793],[99.9387,20.43811]]},"properties":{"c":"residential","h":0.55,"k":1.0,"m":true,"len":85,"t":"TH570901"}},{"type":"Feature","geometry":{"type":"LineString","coordinates":[[99.90893,20.44128],[99.90877,20.44127]]},"properties":{"c":"residential","h":2.6,"k":0.4929,"m":true,"len":17,"t":"TH570901"}},{"type":"Feature","geometry":{"type":"LineString","coordinates":[[99.89725,20.44462],[99.89729,20.44474],[99.89731,20.44484],[99.89733,20.44502],[99.89733,20.44525]]},"properties":{"c":"residential","h":3.85,"k":0.4929,"m":true,"len":70,"t":"TH570901"}},{"type":"Feature","geometry":{"type":"LineString","coordinates":[[99.88557,20.44158],[99.88561,20.44176],[99.88566,20.44183],[99.88572,20.44186],[99.8858,20.44189],[99.88584,20.44195],[99.88612,20.44239]]},"properties":{"c":"residential","h":0.05,"k":0.9997,"m":true,"len":111,"t":"TH570901"}},{"type":"Feature","geometry":{"type":"LineString","coordinates":[[99.89959,20.43492],[99.8992,20.43494]]},"properties":{"c":"residential","h":0.45,"k":1.0,"m":true,"len":41,"t":"TH570901"}},{"type":"Feature","geometry":{"type":"LineString","coordinates":[[99.88233,20.44451],[99.88236,20.44429],[99.88238,20.44416],[99.8824,20.44394]]},"properties":{"c":"residential","h":0.1,"k":0.9958,"m":true,"len":63,"t":"TH570901"}},{"type":"Feature","geometry":{"type":"LineString","coordinates":[[99.88344,20.44383],[99.88365,20.44406],[99.88372,20.44415],[99.88374,20.44417],[99.88375,20.44419],[99.88377,20.44421],[99.88379,20.44421],[99.88381,20.44421],[99.88388,20.4442]]},"properties":{"c":"residential","h":0.55,"k":0.9958,"m":true,"len":65,"t":"TH570901"}},{"type":"Feature","geometry":{"type":"LineString","coordinates":[[99.90732,20.44545],[99.90737,20.44558],[99.90739,20.44563],[99.9074,20.44569],[99.90744,20.44588],[99.90745,20.44591],[99.90746,20.44592],[99.90748,20.44593],[99.9075,20.44593],[99.90773,20.44589],[99.90775,20.44588]]},"properties":{"c":"residential","h":0.95,"k":0.4929,"m":true,"len":87,"t":"TH570901"}},{"type":"Feature","geometry":{"type":"LineString","coordinates":[[99.90775,20.44588],[99.90777,20.44588],[99.90778,20.44586],[99.90779,20.44584],[99.90779,20.44582],[99.90777,20.44575],[99.90772,20.44553],[99.9076,20.44514]]},"properties":{"c":"residential","h":0.6,"k":0.4929,"m":true,"len":87,"t":"TH570901"}},{"type":"Feature","geometry":{"type":"LineString","coordinates":[[99.92226,20.4395],[99.92247,20.43928],[99.92278,20.43897]]},"properties":{"c":"residential","h":4.0,"k":1.0,"m":true,"len":80,"t":"TH570901"}},{"type":"Feature","geometry":{"type":"LineString","coordinates":[[99.92548,20.44237],[99.92559,20.44305]]},"properties":{"c":"residential","h":0.4,"k":0.4956,"m":true,"len":76,"t":"TH570901"}},{"type":"Feature","geometry":{"type":"LineString","coordinates":[[99.92559,20.44305],[99.92567,20.44348],[99.92572,20.44373]]},"properties":{"c":"residential","h":0.8,"k":0.4956,"m":true,"len":76,"t":"TH570901"}},{"type":"Feature","geometry":{"type":"LineString","coordinates":[[99.91665,20.43822],[99.91645,20.43759]]},"properties":{"c":"residential","h":3.9,"k":1.0,"m":true,"len":73,"t":"TH570901"}},{"type":"Feature","geometry":{"type":"LineString","coordinates":[[99.91645,20.43759],[99.91624,20.43696]]},"properties":{"c":"residential","h":3.8,"k":1.0,"m":true,"len":73,"t":"TH570901"}},{"type":"Feature","geometry":{"type":"LineString","coordinates":[[99.90798,20.44197],[99.90818,20.44198],[99.90851,20.44198],[99.90864,20.44197],[99.90883,20.44194]]},"properties":{"c":"residential","h":3.3,"k":0.4929,"m":true,"len":88,"t":"TH570901"}},{"type":"Feature","geometry":{"type":"LineString","coordinates":[[99.92209,20.44084],[99.9228,20.44084]]},"properties":{"c":"residential","h":0.55,"k":0.4946,"m":true,"len":75,"t":"TH570901"}},{"type":"Feature","geometry":{"type":"LineString","coordinates":[[99.91619,20.44401],[99.91617,20.44403],[99.91613,20.44405],[99.9161,20.44407],[99.91607,20.44407],[99.916,20.44406],[99.91591,20.44406],[99.91575,20.44404]]},"properties":{"c":"residential","h":0.05,"k":0.4929,"m":true,"len":48,"t":"TH570901"}},{"type":"Feature","geometry":{"type":"LineString","coordinates":[[99.91855,20.44396],[99.91811,20.44393]]},"properties":{"c":"residential","h":2.9,"k":0.4946,"m":true,"len":46,"t":"TH570901"}},{"type":"Feature","geometry":{"type":"LineString","coordinates":[[99.89604,20.43607],[99.89593,20.43605],[99.89583,20.43604],[99.89572,20.43603]]},"properties":{"c":"residential","h":0.1,"k":1.0,"m":true,"len":34,"t":"TH570901"}},{"type":"Feature","geometry":{"type":"LineString","coordinates":[[99.92185,20.44142],[99.92184,20.44087],[99.92181,20.44085],[99.92171,20.44086]]},"properties":{"c":"residential","h":0.45,"k":0.4946,"m":true,"len":75,"t":"TH570901"}},{"type":"Feature","geometry":{"type":"LineString","coordinates":[[99.92171,20.44086],[99.92153,20.44089],[99.92149,20.44117],[99.92148,20.4414]]},"properties":{"c":"residential","h":0.9,"k":0.4946,"m":true,"len":75,"t":"TH570901"}},{"type":"Feature","geometry":{"type":"LineString","coordinates":[[99.91127,20.44121],[99.91127,20.44117],[99.91137,20.44064]]},"properties":{"c":"residential","h":2.85,"k":0.4929,"m":true,"len":64,"t":"TH570901"}},{"type":"Feature","geometry":{"type":"LineString","coordinates":[[99.91137,20.44064],[99.91138,20.44058],[99.9115,20.44007]]},"properties":{"c":"residential","h":3.45,"k":0.4929,"m":true,"len":64,"t":"TH570901"}},{"type":"Feature","geometry":{"type":"LineString","coordinates":[[99.90644,20.44119],[99.90659,20.44133],[99.90674,20.44149],[99.90684,20.44163],[99.90692,20.44174]]},"properties":{"c":"residential","h":2.8,"k":0.4929,"m":true,"len":79,"t":"TH570901"}},{"type":"Feature","geometry":{"type":"LineString","coordinates":[[99.90692,20.44174],[99.90692,20.44174],[99.90696,20.4418],[99.90702,20.44184],[99.90713,20.44185],[99.90728,20.44187],[99.90738,20.44188],[99.90762,20.44191]]},"properties":{"c":"residential","h":2.55,"k":0.4929,"m":true,"len":79,"t":"TH570901"}},{"type":"Feature","geometry":{"type":"LineString","coordinates":[[99.92158,20.43955],[99.92226,20.43887]]},"properties":{"c":"residential","h":4.0,"k":1.0,"m":true,"len":104,"t":"TH570901"}},{"type":"Feature","geometry":{"type":"LineString","coordinates":[[99.90881,20.44083],[99.90899,20.44083],[99.90918,20.44084]]},"properties":{"c":"residential","h":2.2,"k":0.4929,"m":true,"len":38,"t":"TH570901"}},{"type":"Feature","geometry":{"type":"LineString","coordinates":[[99.91998,20.44288],[99.92016,20.44293],[99.92044,20.44299],[99.92075,20.44306],[99.92098,20.44309],[99.92103,20.44309],[99.92106,20.44306]]},"properties":{"c":"residential","h":1.3,"k":0.4946,"m":true,"len":117,"t":"TH570901"}},{"type":"Feature","geometry":{"type":"LineString","coordinates":[[99.9722,20.40828],[99.97223,20.40858],[99.97224,20.40865],[99.97224,20.40868],[99.97224,20.4087],[99.97223,20.40873],[99.97224,20.40876],[99.97226,20.40897]]},"properties":{"c":"residential","h":3.9,"k":1.0,"m":true,"len":76,"t":"TH570903"}},{"type":"Feature","geometry":{"type":"LineString","coordinates":[[99.89722,20.4394],[99.89725,20.43958],[99.89729,20.43977],[99.89735,20.44004],[99.89736,20.44005]]},"properties":{"c":"residential","h":0.55,"k":1.0,"m":true,"len":73,"t":"TH570901"}},{"type":"Feature","geometry":{"type":"LineString","coordinates":[[99.93982,20.43863],[99.93951,20.43919],[99.9393,20.43956]]},"properties":{"c":"residential","h":0.05,"k":1.0,"m":true,"len":117,"t":"TH570901"}},{"type":"Feature","geometry":{"type":"LineString","coordinates":[[99.9393,20.43956],[99.93903,20.44003],[99.93892,20.44019],[99.93881,20.44039],[99.93875,20.44047]]},"properties":{"c":"residential","h":0.05,"k":1.0,"m":true,"len":117,"t":"TH570901"}},{"type":"Feature","geometry":{"type":"LineString","coordinates":[[99.93875,20.44047],[99.93869,20.44054],[99.93853,20.44071],[99.9383,20.44092],[99.93798,20.44124]]},"properties":{"c":"residential","h":0.05,"k":1.0,"m":true,"len":117,"t":"TH570901"}},{"type":"Feature","geometry":{"type":"LineString","coordinates":[[99.93798,20.44124],[99.93797,20.44125],[99.93757,20.44162],[99.93736,20.44182],[99.93735,20.44183],[99.93742,20.44192],[99.93734,20.44199]]},"properties":{"c":"residential","h":0.05,"k":1.0,"m":true,"len":117,"t":"TH570901"}},{"type":"Feature","geometry":{"type":"LineString","coordinates":[[99.91496,20.43825],[99.91489,20.43779],[99.91485,20.43736]]},"properties":{"c":"residential","h":3.35,"k":1.0,"m":true,"len":99,"t":"TH570901"}},{"type":"Feature","geometry":{"type":"LineString","coordinates":[[99.91146,20.43424],[99.91157,20.43518]]},"properties":{"c":"residential","h":0.3,"k":1.0,"m":true,"len":105,"t":"TH570901"}},{"type":"Feature","geometry":{"type":"LineString","coordinates":[[99.89983,20.4376],[99.90031,20.43755]]},"properties":{"c":"residential","h":0.2,"k":1.0,"m":true,"len":50,"t":"TH570901"}},{"type":"Feature","geometry":{"type":"LineString","coordinates":[[99.91873,20.44442],[99.91874,20.44449],[99.91883,20.44506],[99.9189,20.44534]]},"properties":{"c":"residential","h":2.2,"k":0.4946,"m":true,"len":103,"t":"TH570901"}},{"type":"Feature","geometry":{"type":"LineString","coordinates":[[99.9189,20.44534],[99.91903,20.4459],[99.91913,20.44624]]},"properties":{"c":"residential","h":2.95,"k":0.4946,"m":true,"len":103,"t":"TH570901"}},{"type":"Feature","geometry":{"type":"LineString","coordinates":[[99.89365,20.43888],[99.89376,20.43869],[99.89389,20.43841],[99.89408,20.43811],[99.89413,20.43804]]},"properties":{"c":"residential","h":0.6,"k":1.0,"m":true,"len":106,"t":"TH570901"}},{"type":"Feature","geometry":{"type":"LineString","coordinates":[[99.89413,20.43804],[99.89432,20.43773],[99.89452,20.43716]]},"properties":{"c":"residential","h":0.25,"k":1.0,"m":true,"len":106,"t":"TH570901"}},{"type":"Feature","geometry":{"type":"LineString","coordinates":[[99.90913,20.44407],[99.9087,20.4442]]},"properties":{"c":"residential","h":0.05,"k":0.4929,"m":true,"len":47,"t":"TH570901"}},{"type":"Feature","geometry":{"type":"LineString","coordinates":[[99.93764,20.43566],[99.93753,20.43609],[99.93753,20.43614],[99.93753,20.43619],[99.93757,20.43625],[99.93766,20.43639]]},"properties":{"c":"residential","h":0.9,"k":1.0,"m":true,"len":86,"t":"TH570901"}},{"type":"Feature","geometry":{"type":"LineString","coordinates":[[99.93766,20.43639],[99.93768,20.43642],[99.93773,20.43651],[99.9378,20.43657],[99.93792,20.43671],[99.93794,20.43673],[99.93791,20.43676],[99.93768,20.43697]]},"properties":{"c":"residential","h":0.05,"k":1.0,"m":true,"len":86,"t":"TH570901"}},{"type":"Feature","geometry":{"type":"LineString","coordinates":[[99.92821,20.43618],[99.92815,20.43599],[99.92814,20.43597],[99.92815,20.43594],[99.92817,20.43586],[99.92817,20.43582],[99.92817,20.43577],[99.92815,20.43564]]},"properties":{"c":"residential","h":3.05,"k":1.0,"m":true,"len":61,"t":"TH570901"}},{"type":"Feature","geometry":{"type":"LineString","coordinates":[[99.89965,20.43617],[99.89894,20.43624]]},"properties":{"c":"residential","h":0.15,"k":1.0,"m":true,"len":75,"t":"TH570901"}},{"type":"Feature","geometry":{"type":"LineString","coordinates":[[99.90936,20.43541],[99.90891,20.43533],[99.90887,20.43531],[99.90885,20.43527],[99.90883,20.43523],[99.90882,20.43499]]},"properties":{"c":"residential","h":0.35,"k":1.0,"m":true,"len":89,"t":"TH570901"}},{"type":"Feature","geometry":{"type":"LineString","coordinates":[[99.90882,20.43499],[99.9088,20.43482],[99.90878,20.43452],[99.90877,20.43442],[99.90877,20.43437],[99.90877,20.43434],[99.90879,20.43431],[99.90881,20.4343],[99.90885,20.43429],[99.90891,20.43428]]},"properties":{"c":"residential","h":0.1,"k":1.0,"m":true,"len":89,"t":"TH570901"}},{"type":"Feature","geometry":{"type":"LineString","coordinates":[[99.90891,20.43428],[99.90925,20.43422],[99.90975,20.43412]]},"properties":{"c":"residential","h":0.1,"k":1.0,"m":true,"len":89,"t":"TH570901"}},{"type":"Feature","geometry":{"type":"LineString","coordinates":[[99.90941,20.43594],[99.90936,20.43541],[99.90935,20.43527],[99.90933,20.43508]]},"properties":{"c":"residential","h":1.0,"k":1.0,"m":true,"len":95,"t":"TH570901"}},{"type":"Feature","geometry":{"type":"LineString","coordinates":[[99.90933,20.43508],[99.90925,20.43422]]},"properties":{"c":"residential","h":0.25,"k":1.0,"m":true,"len":95,"t":"TH570901"}},{"type":"Feature","geometry":{"type":"LineString","coordinates":[[99.91998,20.44288],[99.91984,20.44289],[99.91971,20.4429],[99.91958,20.44291],[99.9194,20.44293],[99.9193,20.44295],[99.91926,20.44298],[99.91924,20.44302]]},"properties":{"c":"residential","h":1.1,"k":0.4946,"m":true,"len":82,"t":"TH570901"}},{"type":"Feature","geometry":{"type":"LineString","coordinates":[[99.91924,20.44302],[99.91924,20.44303],[99.91923,20.44313],[99.91923,20.44321],[99.91918,20.44326],[99.9191,20.44331],[99.91904,20.44335],[99.91894,20.44337],[99.91882,20.44338],[99.9187,20.44338]]},"properties":{"c":"residential","h":2.7,"k":0.4946,"m":true,"len":82,"t":"TH570901"}},{"type":"Feature","geometry":{"type":"LineString","coordinates":[[99.92103,20.44309],[99.92124,20.44321],[99.92149,20.44342],[99.92157,20.44349],[99.92167,20.44359],[99.92169,20.44361]]},"properties":{"c":"residential","h":0.05,"k":0.4946,"m":true,"len":91,"t":"TH570901"}},{"type":"Feature","geometry":{"type":"LineString","coordinates":[[99.92169,20.44361],[99.92183,20.44376],[99.92211,20.44411],[99.92222,20.44426]]},"properties":{"c":"residential","h":0.05,"k":0.4946,"m":true,"len":91,"t":"TH570901"}},{"type":"Feature","geometry":{"type":"LineString","coordinates":[[99.92222,20.44426],[99.92242,20.44452],[99.9226,20.44475],[99.9227,20.44493]]},"properties":{"c":"residential","h":0.05,"k":0.4946,"m":true,"len":91,"t":"TH570901"}},{"type":"Feature","geometry":{"type":"LineString","coordinates":[[99.92898,20.43751],[99.92904,20.4375],[99.92914,20.43748],[99.92916,20.43746],[99.92918,20.43744],[99.92918,20.43741],[99.92916,20.43724]]},"properties":{"c":"residential","h":3.55,"k":1.0,"m":true,"len":46,"t":"TH570901"}},{"type":"Feature","geometry":{"type":"LineString","coordinates":[[99.89776,20.43366],[99.89795,20.4336],[99.89803,20.43358],[99.89832,20.43344]]},"properties":{"c":"residential","h":0.7,"k":1.0,"m":true,"len":63,"t":"TH570901"}},{"type":"Feature","geometry":{"type":"LineString","coordinates":[[99.92567,20.44348],[99.92655,20.44344],[99.92662,20.44345],[99.92668,20.44346],[99.92676,20.4435],[99.92677,20.4435]]},"properties":{"c":"residential","h":0.65,"k":0.4956,"m":true,"len":117,"t":"TH570901"}},{"type":"Feature","geometry":{"type":"LineString","coordinates":[[99.92677,20.4435],[99.9268,20.4435],[99.9269,20.4435],[99.92788,20.44362]]},"properties":{"c":"residential","h":0.05,"k":0.4956,"m":true,"len":117,"t":"TH570901"}},{"type":"Feature","geometry":{"type":"LineString","coordinates":[[99.92219,20.43844],[99.92218,20.43856],[99.9222,20.43869],[99.92221,20.43875],[99.92226,20.43887],[99.92234,20.43901],[99.92242,20.43918],[99.92247,20.43928]]},"properties":{"c":"residential","h":4.0,"k":1.0,"m":true,"len":100,"t":"TH570901"}},{"type":"Feature","geometry":{"type":"LineString","coordinates":[[99.90365,20.43632],[99.90364,20.43679]]},"properties":{"c":"residential","h":1.45,"k":1.0,"m":true,"len":52,"t":"TH570901"}},{"type":"Feature","geometry":{"type":"LineString","coordinates":[[99.90985,20.43669],[99.90983,20.43682],[99.90977,20.43715],[99.90974,20.4373],[99.90973,20.43732],[99.90972,20.43733],[99.90969,20.43734],[99.90965,20.43734],[99.90934,20.43731]]},"properties":{"c":"residential","h":4.0,"k":1.0,"m":true,"len":113,"t":"TH570901"}},{"type":"Feature","geometry":{"type":"LineString","coordinates":[[99.91731,20.4425],[99.91701,20.44262],[99.91685,20.44265],[99.91666,20.44262],[99.91648,20.44251]]},"properties":{"c":"residential","h":1.3,"k":0.4929,"m":true,"len":94,"t":"TH570901"}},{"type":"Feature","geometry":{"type":"LineString","coordinates":[[99.91648,20.44251],[99.91647,20.4425],[99.91608,20.44208],[99.916,20.44199],[99.91583,20.44198]]},"properties":{"c":"residential","h":2.65,"k":0.4929,"m":true,"len":94,"t":"TH570901"}},{"type":"Feature","geometry":{"type":"LineString","coordinates":[[99.91583,20.44198],[99.91494,20.4419]]},"properties":{"c":"residential","h":2.7,"k":0.4929,"m":true,"len":94,"t":"TH570901"}},{"type":"Feature","geometry":{"type":"LineString","coordinates":[[99.91494,20.4419],[99.91432,20.44184],[99.91406,20.44175]]},"properties":{"c":"residential","h":2.05,"k":0.4929,"m":true,"len":94,"t":"TH570901"}},{"type":"Feature","geometry":{"type":"LineString","coordinates":[[99.92814,20.43597],[99.92795,20.43588],[99.92789,20.43584],[99.92786,20.4358],[99.9278,20.43565],[99.92771,20.43532]]},"properties":{"c":"residential","h":1.9,"k":1.0,"m":true,"len":91,"t":"TH570901"}},{"type":"Feature","geometry":{"type":"LineString","coordinates":[[99.89916,20.43443],[99.8992,20.43494]]},"properties":{"c":"residential","h":0.7,"k":1.0,"m":true,"len":57,"t":"TH570901"}},{"type":"Feature","geometry":{"type":"LineString","coordinates":[[99.93885,20.43813],[99.93905,20.43774],[99.93915,20.4375],[99.93918,20.43747],[99.93925,20.43748],[99.93933,20.43751],[99.93934,20.43753],[99.93934,20.4376],[99.93931,20.4377]]},"properties":{"c":"residential","h":2.0,"k":1.0,"m":true,"len":119,"t":"TH570901"}},{"type":"Feature","geometry":{"type":"LineString","coordinates":[[99.96133,20.41322],[99.96129,20.41324],[99.96126,20.41327],[99.96121,20.41332],[99.96114,20.41338],[99.96105,20.41347],[99.96103,20.41347],[99.96101,20.41346],[99.96088,20.41338]]},"properties":{"c":"residential","h":0.05,"k":1.0,"m":true,"len":61,"t":"TH570903"}},{"type":"Feature","geometry":{"type":"LineString","coordinates":[[99.96625,20.40921],[99.96677,20.40906],[99.96667,20.4088]]},"properties":{"c":"residential","h":1.7,"k":1.0,"m":true,"len":87,"t":"TH570903"}},{"type":"Feature","geometry":{"type":"LineString","coordinates":[[99.97073,20.40793],[99.97085,20.40843]]},"properties":{"c":"residential","h":3.45,"k":1.0,"m":true,"len":57,"t":"TH570903"}},{"type":"Feature","geometry":{"type":"LineString","coordinates":[[99.913,20.43741],[99.91307,20.43744],[99.91309,20.43748],[99.9131,20.43754],[99.91315,20.43829]]},"properties":{"c":"residential","h":3.35,"k":1.0,"m":true,"len":102,"t":"TH570901"}},{"type":"Feature","geometry":{"type":"LineString","coordinates":[[99.93491,20.40297],[99.93485,20.40291],[99.93466,20.4028],[99.93392,20.40247]]},"properties":{"c":"residential","h":2.35,"k":1.0,"m":true,"len":118,"t":"TH570905"}},{"type":"Feature","geometry":{"type":"LineString","coordinates":[[99.93392,20.40247],[99.93353,20.40229],[99.93346,20.40228],[99.93342,20.40231],[99.93335,20.40247],[99.93324,20.40283]]},"properties":{"c":"residential","h":1.95,"k":1.0,"m":true,"len":118,"t":"TH570905"}},{"type":"Feature","geometry":{"type":"LineString","coordinates":[[99.93324,20.40283],[99.93311,20.40329],[99.93294,20.40386]]},"properties":{"c":"residential","h":2.1,"k":1.0,"m":true,"len":118,"t":"TH570905"}},{"type":"Feature","geometry":{"type":"LineString","coordinates":[[99.93294,20.40386],[99.93288,20.40407],[99.93258,20.40487]]},"properties":{"c":"residential","h":2.25,"k":1.0,"m":true,"len":118,"t":"TH570905"}},{"type":"Feature","geometry":{"type":"LineString","coordinates":[[99.95956,20.40577],[99.95914,20.4054],[99.959,20.40527]]},"properties":{"c":"residential","h":0.05,"k":1.0,"m":true,"len":80,"t":"TH570903"}},{"type":"Feature","geometry":{"type":"LineString","coordinates":[[99.959,20.40527],[99.95872,20.40503],[99.95864,20.40495],[99.9586,20.40491],[99.95854,20.40481],[99.95849,20.40474]]},"properties":{"c":"residential","h":0.05,"k":1.0,"m":true,"len":80,"t":"TH570903"}},{"type":"Feature","geometry":{"type":"LineString","coordinates":[[99.92345,20.37702],[99.92377,20.37612]]},"properties":{"c":"residential","h":0.7,"k":0.3708,"m":true,"len":106,"t":"TH570905"}},{"type":"Feature","geometry":{"type":"LineString","coordinates":[[99.92377,20.37612],[99.92383,20.37596],[99.92388,20.3759],[99.92398,20.37588],[99.92421,20.3759],[99.92461,20.37576]]},"properties":{"c":"residential","h":2.3,"k":0.3708,"m":true,"len":106,"t":"TH570905"}},{"type":"Feature","geometry":{"type":"LineString","coordinates":[[99.9109,20.43426],[99.91098,20.43522]]},"properties":{"c":"residential","h":0.3,"k":1.0,"m":true,"len":107,"t":"TH570901"}},{"type":"Feature","geometry":{"type":"LineString","coordinates":[[99.89839,20.4333],[99.89886,20.43321]]},"properties":{"c":"residential","h":0.45,"k":1.0,"m":true,"len":50,"t":"TH570901"}},{"type":"Feature","geometry":{"type":"LineString","coordinates":[[99.99986,20.39356],[99.99996,20.39374]]},"properties":{"c":"residential","h":2.35,"k":1.0,"m":true,"len":22,"t":"TH570903"}},{"type":"Feature","geometry":{"type":"LineString","coordinates":[[99.92468,20.37052],[99.92514,20.37056],[99.92516,20.37056],[99.92517,20.37057],[99.92517,20.37058],[99.92517,20.37059],[99.92518,20.37077]]},"properties":{"c":"residential","h":2.65,"k":0.3759,"m":true,"len":74,"t":"TH570905"}},{"type":"Feature","geometry":{"type":"LineString","coordinates":[[99.91034,20.43529],[99.9103,20.43462],[99.91028,20.43442]]},"properties":{"c":"residential","h":0.75,"k":1.0,"m":true,"len":97,"t":"TH570901"}},{"type":"Feature","geometry":{"type":"LineString","coordinates":[[99.91028,20.43442],[99.91024,20.43403],[99.91023,20.43402],[99.91022,20.43401],[99.91021,20.43401],[99.90975,20.43412]]},"properties":{"c":"residential","h":0.2,"k":1.0,"m":true,"len":97,"t":"TH570901"}},{"type":"Feature","geometry":{"type":"LineString","coordinates":[[99.99653,20.36489],[99.99685,20.36503],[99.99745,20.3653],[99.99749,20.36533],[99.99752,20.36537]]},"properties":{"c":"residential","h":0.35,"k":0.7018,"m":true,"len":117,"t":"TH570905"}},{"type":"Feature","geometry":{"type":"LineString","coordinates":[[99.99752,20.36537],[99.99753,20.36538],[99.9976,20.36551],[99.99766,20.36556],[99.99802,20.36574],[99.99823,20.3658],[99.99846,20.36584]]},"properties":{"c":"residential","h":0.25,"k":0.7018,"m":true,"len":117,"t":"TH570905"}},{"type":"Feature","geometry":{"type":"LineString","coordinates":[[99.99846,20.36584],[99.99863,20.36587],[99.99952,20.36596],[99.99957,20.36597]]},"properties":{"c":"residential","h":3.15,"k":0.7018,"m":true,"len":117,"t":"TH570905"}},{"type":"Feature","geometry":{"type":"LineString","coordinates":[[99.99957,20.36597],[100.00014,20.36603],[100.00029,20.36605],[100.00067,20.36615]]},"properties":{"c":"residential","h":1.1,"k":0.7036,"m":true,"len":117,"t":"TH570905"}},{"type":"Feature","geometry":{"type":"LineString","coordinates":[[99.89879,20.38945],[99.89862,20.38856]]},"properties":{"c":"residential","h":0.8,"k":0.35,"m":true,"len":100,"t":"TH570904"}},{"type":"Feature","geometry":{"type":"LineString","coordinates":[[99.89862,20.38856],[99.89853,20.3881],[99.89845,20.38767]]},"properties":{"c":"residential","h":0.4,"k":0.35,"m":true,"len":100,"t":"TH570904"}},{"type":"Feature","geometry":{"type":"LineString","coordinates":[[99.89845,20.38767],[99.89843,20.38757],[99.89839,20.38743],[99.89836,20.38722],[99.89827,20.3868],[99.89827,20.38679]]},"properties":{"c":"residential","h":0.45,"k":0.35,"m":true,"len":100,"t":"TH570904"}},{"type":"Feature","geometry":{"type":"LineString","coordinates":[[99.89827,20.38679],[99.89826,20.38671],[99.89827,20.38665],[99.89875,20.38654],[99.89906,20.38648]]},"properties":{"c":"residential","h":0.2,"k":0.35,"m":true,"len":100,"t":"TH570904"}},{"type":"Feature","geometry":{"type":"LineString","coordinates":[[99.89906,20.38648],[99.89909,20.38648],[99.9,20.38632]]},"properties":{"c":"residential","h":2.9,"k":0.35,"m":true,"len":100,"t":"TH570904"}},{"type":"Feature","geometry":{"type":"LineString","coordinates":[[99.96401,20.35864],[99.9637,20.35849],[99.96351,20.3584],[99.96349,20.35837],[99.96347,20.35831],[99.96344,20.35829],[99.96337,20.35826]]},"properties":{"c":"residential","h":3.85,"k":0.6728,"m":true,"len":81,"t":"TH570905"}},{"type":"Feature","geometry":{"type":"LineString","coordinates":[[99.91397,20.35008],[99.91351,20.34923]]},"properties":{"c":"residential","h":3.05,"k":0.3997,"m":true,"len":106,"t":"TH570904"}},{"type":"Feature","geometry":{"type":"LineString","coordinates":[[100.00054,20.41316],[100.00053,20.41307],[100.00054,20.41303],[100.00059,20.41285]]},"properties":{"c":"residential","h":3.6,"k":0.5752,"m":true,"len":35,"t":"TH570903"}},{"type":"Feature","geometry":{"type":"LineString","coordinates":[[99.96356,20.4102],[99.9638,20.41011]]},"properties":{"c":"residential","h":0.05,"k":1.0,"m":true,"len":27,"t":"TH570903"}},{"type":"Feature","geometry":{"type":"LineString","coordinates":[[99.90026,20.37627],[99.90042,20.37625],[99.90133,20.37594]]},"properties":{"c":"residential","h":2.25,"k":0.35,"m":true,"len":118,"t":"TH570904"}},{"type":"Feature","geometry":{"type":"LineString","coordinates":[[99.89829,20.36204],[99.89842,20.36257],[99.89851,20.36292],[99.89853,20.363]]},"properties":{"c":"residential","h":3.85,"k":0.3839,"m":true,"len":109,"t":"TH570904"}},{"type":"Feature","geometry":{"type":"LineString","coordinates":[[99.89853,20.363],[99.89856,20.36315],[99.89859,20.3633],[99.89859,20.36335],[99.89859,20.36368],[99.8986,20.36385],[99.89861,20.36396],[99.89861,20.36398]]},"properties":{"c":"residential","h":3.45,"k":0.3839,"m":true,"len":109,"t":"TH570904"}},{"type":"Feature","geometry":{"type":"LineString","coordinates":[[99.89861,20.36398],[99.89864,20.36408],[99.8987,20.36429],[99.89884,20.36469],[99.8989,20.36484],[99.89894,20.36491]]},"properties":{"c":"residential","h":3.4,"k":0.3839,"m":true,"len":109,"t":"TH570904"}},{"type":"Feature","geometry":{"type":"LineString","coordinates":[[99.89894,20.36491],[99.89906,20.36513],[99.89915,20.3653],[99.89941,20.36579]]},"properties":{"c":"residential","h":3.35,"k":0.3839,"m":true,"len":109,"t":"TH570904"}},{"type":"Feature","geometry":{"type":"LineString","coordinates":[[99.88937,20.37179],[99.88931,20.37144],[99.88923,20.371]]},"properties":{"c":"residential","h":0.05,"k":0.35,"m":true,"len":88,"t":"TH570904"}},{"type":"Feature","geometry":{"type":"LineString","coordinates":[[99.88923,20.371],[99.88921,20.37091],[99.88919,20.37081],[99.88914,20.37057],[99.88906,20.37022]]},"properties":{"c":"residential","h":0.05,"k":0.35,"m":true,"len":88,"t":"TH570904"}},{"type":"Feature","geometry":{"type":"LineString","coordinates":[[99.95071,20.40168],[99.95076,20.40181],[99.95077,20.40186],[99.95076,20.40189],[99.95069,20.40197],[99.9504,20.40227],[99.95037,20.40232],[99.9503,20.40258]]},"properties":{"c":"residential","h":3.05,"k":1.0,"m":true,"len":118,"t":"TH570905"}},{"type":"Feature","geometry":{"type":"LineString","coordinates":[[99.91578,20.35776],[99.91626,20.3575],[99.91657,20.35734]]},"properties":{"c":"residential","h":3.05,"k":0.3997,"m":true,"len":94,"t":"TH570904"}},{"type":"Feature","geometry":{"type":"LineString","coordinates":[[99.91657,20.35734],[99.91673,20.35725],[99.9171,20.35709],[99.91737,20.35696]]},"properties":{"c":"residential","h":3.05,"k":0.3997,"m":true,"len":94,"t":"TH570904"}},{"type":"Feature","geometry":{"type":"LineString","coordinates":[[99.91737,20.35696],[99.91747,20.35691],[99.91796,20.35665],[99.91815,20.35654]]},"properties":{"c":"residential","h":3.05,"k":0.3997,"m":true,"len":94,"t":"TH570904"}},{"type":"Feature","geometry":{"type":"LineString","coordinates":[[99.93406,20.39636],[99.93483,20.39589]]},"properties":{"c":"residential","h":2.85,"k":1.0,"m":true,"len":95,"t":"TH570905"}},{"type":"Feature","geometry":{"type":"LineString","coordinates":[[99.90009,20.35093],[99.90001,20.35066]]},"properties":{"c":"residential","h":2.75,"k":0.3838,"m":true,"len":31,"t":"TH570904"}},{"type":"Feature","geometry":{"type":"LineString","coordinates":[[99.93651,20.39724],[99.93643,20.39705],[99.93637,20.39692],[99.93633,20.39686],[99.9363,20.3968],[99.93623,20.39668],[99.93623,20.39666],[99.93623,20.39664],[99.93625,20.39662],[99.93627,20.39661]]},"properties":{"c":"residential","h":2.5,"k":1.0,"m":true,"len":79,"t":"TH570905"}},{"type":"Feature","geometry":{"type":"LineString","coordinates":[[99.93627,20.39661],[99.93648,20.39646],[99.93649,20.39645],[99.93649,20.39643],[99.93649,20.39641],[99.93627,20.39614],[99.93623,20.39609]]},"properties":{"c":"residential","h":3.65,"k":1.0,"m":true,"len":79,"t":"TH570905"}},{"type":"Feature","geometry":{"type":"LineString","coordinates":[[100.0033,20.39335],[100.0031,20.39289],[100.00294,20.39254]]},"properties":{"c":"residential","h":1.2,"k":1.0,"m":true,"len":97,"t":"TH570903"}},{"type":"Feature","geometry":{"type":"LineString","coordinates":[[100.00294,20.39254],[100.00282,20.39229],[100.00256,20.39173]]},"properties":{"c":"residential","h":1.2,"k":1.0,"m":true,"len":97,"t":"TH570903"}},{"type":"Feature","geometry":{"type":"LineString","coordinates":[[99.89909,20.38648],[99.8992,20.38702],[99.89926,20.38741],[99.89926,20.38742]]},"properties":{"c":"residential","h":1.15,"k":0.35,"m":true,"len":106,"t":"TH570904"}},{"type":"Feature","geometry":{"type":"LineString","coordinates":[[99.89926,20.38742],[99.89933,20.38777],[99.89942,20.38824],[99.89944,20.38836]]},"properties":{"c":"residential","h":0.45,"k":0.35,"m":true,"len":106,"t":"TH570904"}},{"type":"Feature","geometry":{"type":"LineString","coordinates":[[99.89944,20.38836],[99.8995,20.38863],[99.89963,20.3893]]},"properties":{"c":"residential","h":0.75,"k":0.35,"m":true,"len":106,"t":"TH570904"}},{"type":"Feature","geometry":{"type":"LineString","coordinates":[[99.99935,20.40502],[99.99844,20.40511]]},"properties":{"c":"residential","h":3.8,"k":1.0,"m":true,"len":95,"t":"TH570903"}},{"type":"Feature","geometry":{"type":"LineString","coordinates":[[99.91145,20.42507],[99.91172,20.425],[99.91212,20.42485],[99.91216,20.42485],[99.91219,20.42487],[99.91236,20.4251]]},"properties":{"c":"residential","h":3.85,"k":1.0,"m":true,"len":112,"t":"TH570901"}},{"type":"Feature","geometry":{"type":"LineString","coordinates":[[99.90889,20.35243],[99.90897,20.35253],[99.90914,20.3527],[99.90946,20.35316],[99.90947,20.35318]]},"properties":{"c":"residential","h":3.05,"k":0.3997,"m":true,"len":103,"t":"TH570904"}},{"type":"Feature","geometry":{"type":"LineString","coordinates":[[99.90947,20.35318],[99.90972,20.35359],[99.90983,20.35376],[99.90984,20.35378],[99.90984,20.35379],[99.90984,20.3538],[99.90983,20.35381],[99.90981,20.35384],[99.90978,20.35387],[99.90977,20.35389],[99.90977,20.3539],[99.90977,20.35391],[99.90977,20.35392],[99.90977,20.35394],[99.9098,20.35398],[99.9098,20.35399]]},"properties":{"c":"residential","h":3.05,"k":0.3997,"m":true,"len":103,"t":"TH570904"}},{"type":"Feature","geometry":{"type":"LineString","coordinates":[[99.9098,20.35399],[99.90991,20.35413],[99.91021,20.35457],[99.91026,20.35463],[99.91031,20.35467],[99.91035,20.35469],[99.91038,20.3547],[99.91041,20.35471]]},"properties":{"c":"residential","h":3.05,"k":0.3997,"m":true,"len":103,"t":"TH570904"}},{"type":"Feature","geometry":{"type":"LineString","coordinates":[[99.90242,20.35018],[99.90209,20.34979]]},"properties":{"c":"residential","h":1.2,"k":0.3838,"m":true,"len":56,"t":"TH570904"}},{"type":"Feature","geometry":{"type":"LineString","coordinates":[[99.89628,20.3859],[99.89629,20.38593],[99.89629,20.38596],[99.89627,20.38598],[99.89624,20.38599],[99.89606,20.38602],[99.89604,20.38601],[99.89603,20.386],[99.89602,20.38598],[99.89598,20.38586],[99.89589,20.38555]]},"properties":{"c":"residential","h":2.15,"k":0.35,"m":true,"len":88,"t":"TH570904"}},{"type":"Feature","geometry":{"type":"LineString","coordinates":[[99.89589,20.38555],[99.89587,20.38548],[99.89576,20.38512],[99.89574,20.38506],[99.89574,20.38504],[99.89575,20.38502],[99.89578,20.38501],[99.89599,20.38493]]},"properties":{"c":"residential","h":2.15,"k":0.35,"m":true,"len":88,"t":"TH570904"}},{"type":"Feature","geometry":{"type":"LineString","coordinates":[[99.89401,20.38292],[99.8948,20.38265]]},"properties":{"c":"residential","h":3.8,"k":0.35,"m":true,"len":87,"t":"TH570904"}},{"type":"Feature","geometry":{"type":"LineString","coordinates":[[99.92329,20.38093],[99.92329,20.38095],[99.92322,20.38104],[99.92313,20.38113],[99.92305,20.3812],[99.92296,20.38125],[99.92284,20.3813],[99.92281,20.38134],[99.92271,20.38147]]},"properties":{"c":"residential","h":3.55,"k":0.3708,"m":true,"len":87,"t":"TH570905"}},{"type":"Feature","geometry":{"type":"LineString","coordinates":[[100.00101,20.37004],[100.00101,20.37056],[100.00099,20.37112]]},"properties":{"c":"residential","h":0.75,"k":0.7052,"m":true,"len":119,"t":"TH570905"}},{"type":"Feature","geometry":{"type":"LineString","coordinates":[[100.00099,20.37112],[100.00098,20.37131],[100.00097,20.37134],[100.00095,20.37135],[100.00092,20.37136],[100.0006,20.37138],[100.00024,20.37139],[100.00007,20.37139]]},"properties":{"c":"residential","h":2.55,"k":0.7052,"m":true,"len":119,"t":"TH570905"}},{"type":"Feature","geometry":{"type":"LineString","coordinates":[[99.95661,20.36852],[99.95662,20.36857],[99.95662,20.36859],[99.95663,20.3686],[99.95664,20.36862],[99.95677,20.36874],[99.95681,20.36876],[99.95687,20.3688],[99.95695,20.36883],[99.95732,20.36894]]},"properties":{"c":"residential","h":3.9,"k":0.6728,"m":true,"len":93,"t":"TH570905"}},{"type":"Feature","geometry":{"type":"LineString","coordinates":[[99.89271,20.36838],[99.89206,20.36851]]},"properties":{"c":"residential","h":0.05,"k":0.35,"m":true,"len":68,"t":"TH570904"}},{"type":"Feature","geometry":{"type":"LineString","coordinates":[[99.89206,20.36851],[99.89192,20.36854],[99.89142,20.36865]]},"properties":{"c":"residential","h":0.05,"k":0.35,"m":true,"len":68,"t":"TH570904"}},{"type":"Feature","geometry":{"type":"LineString","coordinates":[[99.89142,20.36865],[99.89151,20.36904],[99.89152,20.36906],[99.89154,20.36907],[99.89157,20.36908],[99.8916,20.36908],[99.89165,20.36907],[99.89215,20.36895],[99.89216,20.36895]]},"properties":{"c":"residential","h":0.05,"k":0.35,"m":true,"len":116,"t":"TH570904"}},{"type":"Feature","geometry":{"type":"LineString","coordinates":[[99.89216,20.36895],[99.89262,20.36885],[99.89274,20.36883],[99.89277,20.36882],[99.89278,20.3688],[99.89278,20.36878],[99.89278,20.36876],[99.89275,20.36841],[99.89274,20.3684],[99.89273,20.36839],[99.89272,20.36838],[99.89271,20.36838]]},"properties":{"c":"residential","h":0.05,"k":0.35,"m":true,"len":116,"t":"TH570904"}},{"type":"Feature","geometry":{"type":"LineString","coordinates":[[99.89087,20.3676],[99.89087,20.36759],[99.89096,20.36754],[99.89102,20.36749],[99.89107,20.36745],[99.8911,20.36744],[99.89113,20.36745],[99.89115,20.36746],[99.89118,20.36756],[99.89121,20.36772],[99.89125,20.36788],[99.89125,20.3679]]},"properties":{"c":"residential","h":0.15,"k":0.35,"m":true,"len":85,"t":"TH570904"}},{"type":"Feature","geometry":{"type":"LineString","coordinates":[[99.89125,20.3679],[99.89135,20.36833],[99.89142,20.36865]]},"properties":{"c":"residential","h":0.05,"k":0.35,"m":true,"len":85,"t":"TH570904"}},{"type":"Feature","geometry":{"type":"LineString","coordinates":[[99.94248,20.32643],[99.94333,20.32634]]},"properties":{"c":"residential","h":1.3,"k":0.6165,"m":true,"len":90,"t":"TH570908"}},{"type":"Feature","geometry":{"type":"LineString","coordinates":[[99.94333,20.32634],[99.94418,20.32625]]},"properties":{"c":"residential","h":1.45,"k":0.6165,"m":true,"len":90,"t":"TH570908"}},{"type":"Feature","geometry":{"type":"LineString","coordinates":[[99.94418,20.32625],[99.94444,20.32622],[99.94447,20.32624],[99.94468,20.32624],[99.9447,20.32622],[99.94502,20.32623]]},"properties":{"c":"residential","h":2.25,"k":0.6165,"m":true,"len":90,"t":"TH570908"}},{"type":"Feature","geometry":{"type":"LineString","coordinates":[[99.88992,20.36747],[99.89005,20.36803]]},"properties":{"c":"residential","h":0.05,"k":0.35,"m":true,"len":64,"t":"TH570904"}},{"type":"Feature","geometry":{"type":"LineString","coordinates":[[99.89005,20.36803],[99.89019,20.36859]]},"properties":{"c":"residential","h":0.05,"k":0.35,"m":true,"len":64,"t":"TH570904"}},{"type":"Feature","geometry":{"type":"LineString","coordinates":[[99.93465,20.36457],[99.93467,20.36448],[99.9348,20.36394],[99.93486,20.36372],[99.93488,20.3637],[99.9349,20.3637],[99.93493,20.3637],[99.93496,20.36369],[99.93498,20.36365]]},"properties":{"c":"residential","h":3.95,"k":0.6682,"m":true,"len":113,"t":"TH570905"}},{"type":"Feature","geometry":{"type":"LineString","coordinates":[[99.93498,20.36365],[99.93505,20.36352],[99.93517,20.36335],[99.93529,20.36317],[99.93539,20.36298],[99.93548,20.36274]]},"properties":{"c":"residential","h":3.55,"k":0.6682,"m":true,"len":113,"t":"TH570905"}},{"type":"Feature","geometry":{"type":"LineString","coordinates":[[99.93548,20.36274],[99.93555,20.36253],[99.93564,20.36229],[99.93572,20.36202],[99.93575,20.36191],[99.93576,20.36188],[99.93576,20.36184],[99.93577,20.36178],[99.93578,20.36176]]},"properties":{"c":"residential","h":3.35,"k":0.6682,"m":true,"len":113,"t":"TH570905"}},{"type":"Feature","geometry":{"type":"LineString","coordinates":[[99.93578,20.36176],[99.93583,20.36162],[99.9359,20.36141],[99.93594,20.36124],[99.93599,20.36109],[99.936,20.36105],[99.936,20.36102],[99.936,20.361],[99.93597,20.36096],[99.93581,20.36086]]},"properties":{"c":"residential","h":3.2,"k":0.6682,"m":true,"len":113,"t":"TH570905"}},{"type":"Feature","geometry":{"type":"LineString","coordinates":[[99.98778,20.36262],[99.98845,20.36271],[99.98883,20.36277]]},"properties":{"c":"residential","h":2.8,"k":0.6762,"m":true,"len":110,"t":"TH570905"}},{"type":"Feature","geometry":{"type":"LineString","coordinates":[[99.98883,20.36277],[99.98885,20.36277],[99.98904,20.36279],[99.98925,20.3628],[99.98952,20.3628],[99.98988,20.36279]]},"properties":{"c":"residential","h":1.5,"k":0.7018,"m":true,"len":110,"t":"TH570905"}},{"type":"Feature","geometry":{"type":"LineString","coordinates":[[99.98988,20.36279],[99.99022,20.36278],[99.99094,20.36277]]},"properties":{"c":"residential","h":1.35,"k":0.7018,"m":true,"len":110,"t":"TH570905"}},{"type":"Feature","geometry":{"type":"LineString","coordinates":[[99.88621,20.36961],[99.88653,20.36959]]},"properties":{"c":"residential","h":2.9,"k":0.35,"m":true,"len":34,"t":"TH570904"}},{"type":"Feature","geometry":{"type":"LineString","coordinates":[[99.88659,20.36852],[99.88659,20.36856],[99.88657,20.3686],[99.88657,20.36866],[99.8866,20.36881],[99.8866,20.36888],[99.88658,20.36892],[99.88652,20.36904]]},"properties":{"c":"residential","h":2.8,"k":0.35,"m":true,"len":61,"t":"TH570904"}},{"type":"Feature","geometry":{"type":"LineString","coordinates":[[99.88652,20.36904],[99.88651,20.36906],[99.8865,20.3691],[99.88653,20.36944],[99.88653,20.36959]]},"properties":{"c":"residential","h":2.9,"k":0.35,"m":true,"len":61,"t":"TH570904"}},{"type":"Feature","geometry":{"type":"LineString","coordinates":[[99.92159,20.35403],[99.92121,20.35414],[99.92087,20.35428]]},"properties":{"c":"residential","h":3.1,"k":0.5676,"m":true,"len":81,"t":"TH570904"}},{"type":"Feature","geometry":{"type":"LineString","coordinates":[[99.92087,20.35428],[99.92079,20.35431],[99.92028,20.35453],[99.92016,20.35458]]},"properties":{"c":"residential","h":3.1,"k":0.5676,"m":true,"len":81,"t":"TH570904"}},{"type":"Feature","geometry":{"type":"LineString","coordinates":[[99.92275,20.35197],[99.92266,20.35192],[99.92249,20.35187],[99.92231,20.35186],[99.92209,20.35183]]},"properties":{"c":"residential","h":3.55,"k":0.5676,"m":true,"len":71,"t":"TH570904"}},{"type":"Feature","geometry":{"type":"LineString","coordinates":[[99.9624,20.36082],[99.96234,20.36135],[99.96238,20.36146],[99.96238,20.36155]]},"properties":{"c":"residential","h":2.7,"k":0.6728,"m":true,"len":82,"t":"TH570905"}},{"type":"Feature","geometry":{"type":"LineString","coordinates":[[99.96238,20.36155],[99.96235,20.3623]]},"properties":{"c":"residential","h":3.3,"k":0.6728,"m":true,"len":82,"t":"TH570905"}},{"type":"Feature","geometry":{"type":"LineString","coordinates":[[99.9176,20.35245],[99.91749,20.35211],[99.91734,20.35162],[99.91731,20.35161]]},"properties":{"c":"residential","h":2.9,"k":0.5676,"m":true,"len":99,"t":"TH570904"}},{"type":"Feature","geometry":{"type":"LineString","coordinates":[[99.9609,20.36405],[99.96134,20.36433]]},"properties":{"c":"residential","h":3.45,"k":0.6728,"m":true,"len":55,"t":"TH570905"}},{"type":"Feature","geometry":{"type":"LineString","coordinates":[[99.96093,20.36496],[99.96134,20.36433],[99.96152,20.36406]]},"properties":{"c":"residential","h":3.4,"k":0.6753,"m":true,"len":118,"t":"TH570905"}},{"type":"Feature","geometry":{"type":"LineString","coordinates":[[99.97033,20.36626],[99.9703,20.36596],[99.9703,20.3659],[99.97032,20.36584],[99.97035,20.3658],[99.97039,20.36578],[99.97054,20.36579],[99.97056,20.36579],[99.97057,20.36577],[99.97059,20.36569]]},"properties":{"c":"residential","h":3.3,"k":0.6728,"m":true,"len":85,"t":"TH570905"}},{"type":"Feature","geometry":{"type":"LineString","coordinates":[[99.98332,20.36491],[99.98321,20.36489],[99.98299,20.36489],[99.98287,20.36491],[99.98273,20.36495],[99.98258,20.36504],[99.98246,20.36512],[99.98235,20.36522]]},"properties":{"c":"residential","h":3.65,"k":0.6762,"m":true,"len":112,"t":"TH570905"}},{"type":"Feature","geometry":{"type":"LineString","coordinates":[[99.9796,20.36474],[99.97939,20.3646],[99.97893,20.36431],[99.97872,20.36417]]},"properties":{"c":"residential","h":3.35,"k":0.6756,"m":true,"len":112,"t":"TH570905"}},{"type":"Feature","geometry":{"type":"LineString","coordinates":[[99.97778,20.3637],[99.9777,20.36369],[99.97756,20.36369],[99.97729,20.36374],[99.97705,20.36384],[99.9769,20.36392],[99.97678,20.36401]]},"properties":{"c":"residential","h":3.6,"k":0.6753,"m":true,"len":112,"t":"TH570905"}},{"type":"Feature","geometry":{"type":"LineString","coordinates":[[99.89798,20.36198],[99.89774,20.36208],[99.89765,20.36206],[99.89747,20.36171]]},"properties":{"c":"residential","h":3.6,"k":0.3839,"m":true,"len":80,"t":"TH570904"}},{"type":"Feature","geometry":{"type":"LineString","coordinates":[[99.89747,20.36171],[99.89738,20.36154],[99.89737,20.36151],[99.89737,20.36148],[99.89737,20.36145],[99.89745,20.36141],[99.89747,20.3614],[99.89747,20.36138],[99.89747,20.36134],[99.89735,20.36108]]},"properties":{"c":"residential","h":3.65,"k":0.3839,"m":true,"len":80,"t":"TH570904"}},{"type":"Feature","geometry":{"type":"LineString","coordinates":[[99.99022,20.36278],[99.99027,20.36219],[99.9903,20.36193]]},"properties":{"c":"residential","h":1.35,"k":0.7018,"m":true,"len":94,"t":"TH570905"}},{"type":"Feature","geometry":{"type":"LineString","coordinates":[[99.9903,20.36193],[99.99035,20.36137],[99.99037,20.36108]]},"properties":{"c":"residential","h":1.4,"k":0.7018,"m":true,"len":94,"t":"TH570905"}},{"type":"Feature","geometry":{"type":"LineString","coordinates":[[99.99037,20.36108],[99.99042,20.36043],[99.99044,20.36024]]},"properties":{"c":"residential","h":1.4,"k":0.7018,"m":true,"len":94,"t":"TH570905"}},{"type":"Feature","geometry":{"type":"LineString","coordinates":[[99.99044,20.36024],[99.99048,20.35972],[99.99047,20.35966],[99.99045,20.35961],[99.99025,20.35951]]},"properties":{"c":"residential","h":2.5,"k":0.6762,"m":true,"len":94,"t":"TH570905"}},{"type":"Feature","geometry":{"type":"LineString","coordinates":[[99.8999,20.35922],[99.90021,20.35974]]},"properties":{"c":"residential","h":3.45,"k":0.3997,"m":true,"len":65,"t":"TH570904"}},{"type":"Feature","geometry":{"type":"LineString","coordinates":[[99.89655,20.36238],[99.89667,20.3626],[99.89671,20.3627],[99.89683,20.36303]]},"properties":{"c":"residential","h":3.85,"k":0.3839,"m":true,"len":78,"t":"TH570904"}},{"type":"Feature","geometry":{"type":"LineString","coordinates":[[99.89715,20.36349],[99.897,20.36303],[99.89696,20.36301],[99.89692,20.36301],[99.89683,20.36303],[99.8966,20.3631],[99.89656,20.36311]]},"properties":{"c":"residential","h":3.7,"k":0.3839,"m":true,"len":101,"t":"TH570904"}},{"type":"Feature","geometry":{"type":"LineString","coordinates":[[99.89417,20.30311],[99.89412,20.30282],[99.89412,20.30271],[99.89421,20.30208]]},"properties":{"c":"unclassified","h":0.45,"k":0.4237,"m":true,"len":115,"t":"TH570902"}},{"type":"Feature","geometry":{"type":"LineString","coordinates":[[99.89421,20.30208],[99.89437,20.30105]]},"properties":{"c":"unclassified","h":1.35,"k":0.446,"m":true,"len":115,"t":"TH570902"}},{"type":"Feature","geometry":{"type":"LineString","coordinates":[[99.89437,20.30105],[99.89441,20.30081],[99.8944,20.30001]]},"properties":{"c":"unclassified","h":2.05,"k":0.446,"m":true,"len":115,"t":"TH570902"}},{"type":"Feature","geometry":{"type":"LineString","coordinates":[[99.8944,20.30001],[99.89439,20.29927],[99.89439,20.29897]]},"properties":{"c":"unclassified","h":1.95,"k":0.446,"m":true,"len":115,"t":"TH570902"}},{"type":"Feature","geometry":{"type":"LineString","coordinates":[[99.89439,20.29897],[99.8944,20.29867],[99.89444,20.29793]]},"properties":{"c":"unclassified","h":2.65,"k":0.446,"m":true,"len":115,"t":"TH570902"}},{"type":"Feature","geometry":{"type":"LineString","coordinates":[[99.89444,20.29793],[99.89449,20.297],[99.89447,20.29689]]},"properties":{"c":"unclassified","h":3.45,"k":0.446,"m":true,"len":115,"t":"TH570902"}},{"type":"Feature","geometry":{"type":"LineString","coordinates":[[99.96347,20.35061],[99.96356,20.35059]]},"properties":{"c":"residential","h":0.75,"k":0.6716,"m":true,"len":9,"t":"TH570908"}},{"type":"Feature","geometry":{"type":"LineString","coordinates":[[99.96317,20.35067],[99.96347,20.35061]]},"properties":{"c":"residential","h":0.4,"k":0.6716,"m":true,"len":32,"t":"TH570908"}},{"type":"Feature","geometry":{"type":"LineString","coordinates":[[99.96356,20.35059],[99.964,20.35051],[99.9646,20.35038]]},"properties":{"c":"residential","h":1.05,"k":0.6716,"m":true,"len":111,"t":"TH570908"}},{"type":"Feature","geometry":{"type":"LineString","coordinates":[[99.9191,20.34895],[99.91914,20.34919],[99.91913,20.34922],[99.91908,20.34924],[99.91841,20.34934],[99.91838,20.34935]]},"properties":{"c":"residential","h":2.35,"k":0.5676,"m":true,"len":110,"t":"TH570904"}},{"type":"Feature","geometry":{"type":"LineString","coordinates":[[99.91838,20.34935],[99.91781,20.34945],[99.91735,20.34951]]},"properties":{"c":"residential","h":2.3,"k":0.5676,"m":true,"len":110,"t":"TH570904"}},{"type":"Feature","geometry":{"type":"LineString","coordinates":[[99.91735,20.34951],[99.91723,20.34952],[99.91687,20.34957],[99.91681,20.34959],[99.91676,20.34965],[99.91661,20.35003]]},"properties":{"c":"residential","h":2.35,"k":0.5676,"m":true,"len":110,"t":"TH570904"}},{"type":"Feature","geometry":{"type":"LineString","coordinates":[[99.91661,20.35003],[99.91656,20.35014],[99.91654,20.35023],[99.91656,20.35028],[99.91659,20.35031],[99.91686,20.35052],[99.9169,20.35055],[99.91691,20.3506],[99.91696,20.35085]]},"properties":{"c":"residential","h":3.45,"k":0.5676,"m":true,"len":110,"t":"TH570904"}},{"type":"Feature","geometry":{"type":"LineString","coordinates":[[99.95742,20.40746],[99.95738,20.40737],[99.95728,20.40726],[99.95685,20.40685],[99.95682,20.40681],[99.95682,20.40678]]},"properties":{"c":"residential","h":0.05,"k":1.0,"m":true,"len":99,"t":"TH570903"}},{"type":"Feature","geometry":{"type":"LineString","coordinates":[[100.00167,20.37582],[100.00169,20.37576],[100.00168,20.37569],[100.00167,20.37562],[100.00159,20.37528]]},"properties":{"c":"residential","h":3.9,"k":0.7118,"m":true,"len":62,"t":"TH570905"}},{"type":"Feature","geometry":{"type":"LineString","coordinates":[[99.96016,20.40263],[99.96024,20.40273],[99.96028,20.40282],[99.9603,20.40291],[99.96033,20.40298],[99.96053,20.40323],[99.96064,20.40333],[99.96074,20.4034]]},"properties":{"c":"residential","h":3.65,"k":1.0,"m":true,"len":107,"t":"TH570903"}},{"type":"Feature","geometry":{"type":"LineString","coordinates":[[99.94078,20.33343],[99.9408,20.33346]]},"properties":{"c":"residential","h":1.3,"k":0.6165,"m":true,"len":4,"t":"TH570908"}},{"type":"Feature","geometry":{"type":"LineString","coordinates":[[99.94074,20.33335],[99.94078,20.33343]]},"properties":{"c":"residential","h":1.3,"k":0.6165,"m":true,"len":10,"t":"TH570908"}},{"type":"Feature","geometry":{"type":"LineString","coordinates":[[99.9408,20.33346],[99.94089,20.33364],[99.9409,20.33369],[99.9409,20.33373],[99.94088,20.33376],[99.94085,20.33378]]},"properties":{"c":"residential","h":2.0,"k":0.6165,"m":true,"len":40,"t":"TH570908"}},{"type":"Feature","geometry":{"type":"LineString","coordinates":[[99.95792,20.35331],[99.95789,20.35341],[99.95788,20.35353],[99.95786,20.35365],[99.95783,20.35371],[99.95778,20.35394],[99.95773,20.35418]]},"properties":{"c":"residential","h":1.3,"k":0.671,"m":true,"len":99,"t":"TH570905"}},{"type":"Feature","geometry":{"type":"LineString","coordinates":[[99.95773,20.35418],[99.9577,20.35434],[99.95757,20.35497],[99.95755,20.35505]]},"properties":{"c":"residential","h":1.1,"k":0.671,"m":true,"len":99,"t":"TH570905"}},{"type":"Feature","geometry":{"type":"LineString","coordinates":[[99.95755,20.35505],[99.95753,20.35515],[99.95751,20.3553],[99.95746,20.3555],[99.9574,20.35567],[99.95737,20.35575],[99.95736,20.35581],[99.95737,20.35592]]},"properties":{"c":"residential","h":1.15,"k":0.671,"m":true,"len":99,"t":"TH570905"}},{"type":"Feature","geometry":{"type":"LineString","coordinates":[[99.90332,20.33358],[99.90313,20.33349],[99.90296,20.33342],[99.9028,20.33335],[99.90256,20.33325],[99.90239,20.33315],[99.90231,20.3331]]},"properties":{"c":"residential","h":3.15,"k":0.4279,"m":true,"len":118,"t":"TH570909"}},{"type":"Feature","geometry":{"type":"LineString","coordinates":[[99.90231,20.3331],[99.9021,20.33298],[99.90178,20.33282],[99.90143,20.33266],[99.9013,20.33261]]},"properties":{"c":"residential","h":3.45,"k":0.4279,"m":true,"len":118,"t":"TH570909"}},{"type":"Feature","geometry":{"type":"LineString","coordinates":[[99.90638,20.35086],[99.9066,20.35146],[99.9066,20.35148]]},"properties":{"c":"residential","h":0.05,"k":0.3997,"m":true,"len":73,"t":"TH570904"}},{"type":"Feature","geometry":{"type":"LineString","coordinates":[[99.9066,20.35148],[99.90658,20.35153],[99.90653,20.35158],[99.90649,20.35163],[99.90649,20.35166],[99.90651,20.35171],[99.90665,20.352],[99.90668,20.35202],[99.90672,20.35202]]},"properties":{"c":"residential","h":0.55,"k":0.3997,"m":true,"len":73,"t":"TH570904"}},{"type":"Feature","geometry":{"type":"LineString","coordinates":[[99.92761,20.3047],[99.92732,20.30481],[99.92726,20.30479],[99.92723,20.30476],[99.92718,20.30466],[99.92716,20.3046]]},"properties":{"c":"residential","h":2.95,"k":0.3713,"m":true,"len":62,"t":"TH570908"}},{"type":"Feature","geometry":{"type":"LineString","coordinates":[[99.92809,20.30575],[99.92782,20.30522],[99.92769,20.30489]]},"properties":{"c":"residential","h":1.95,"k":0.3713,"m":true,"len":104,"t":"TH570908"}},{"type":"Feature","geometry":{"type":"LineString","coordinates":[[99.92769,20.30489],[99.92761,20.3047],[99.92748,20.30442],[99.92735,20.30418],[99.9275,20.30409]]},"properties":{"c":"residential","h":2.25,"k":0.3713,"m":true,"len":104,"t":"TH570908"}},{"type":"Feature","geometry":{"type":"LineString","coordinates":[[99.95624,20.37062],[99.95652,20.36992]]},"properties":{"c":"residential","h":3.95,"k":0.6728,"m":true,"len":83,"t":"TH570905"}},{"type":"Feature","geometry":{"type":"LineString","coordinates":[[99.95652,20.36992],[99.9566,20.36972],[99.95679,20.36951],[99.95701,20.36938],[99.95703,20.36938]]},"properties":{"c":"residential","h":3.4,"k":0.6728,"m":true,"len":83,"t":"TH570905"}},{"type":"Feature","geometry":{"type":"LineString","coordinates":[[99.95703,20.36938],[99.95751,20.36928],[99.95781,20.36924]]},"properties":{"c":"residential","h":3.75,"k":0.6728,"m":true,"len":83,"t":"TH570905"}},{"type":"Feature","geometry":{"type":"LineString","coordinates":[[99.89679,20.30251],[99.89684,20.30324]]},"properties":{"c":"residential","h":2.75,"k":0.4515,"m":true,"len":80,"t":"TH570908"}},{"type":"Feature","geometry":{"type":"LineString","coordinates":[[99.89684,20.30324],[99.89689,20.30396]]},"properties":{"c":"residential","h":2.8,"k":0.4515,"m":true,"len":80,"t":"TH570908"}},{"type":"Feature","geometry":{"type":"LineString","coordinates":[[99.89965,20.35952],[99.89992,20.36027]]},"properties":{"c":"residential","h":3.75,"k":0.3839,"m":true,"len":88,"t":"TH570904"}},{"type":"Feature","geometry":{"type":"LineString","coordinates":[[99.94561,20.29255],[99.9451,20.29254]]},"properties":{"c":"residential","h":3.7,"k":0.9158,"m":true,"len":53,"t":"TH570908"}},{"type":"Feature","geometry":{"type":"LineString","coordinates":[[99.90117,20.43653],[99.90129,20.43613]]},"properties":{"c":"residential","h":0.05,"k":1.0,"m":true,"len":46,"t":"TH570901"}},{"type":"Feature","geometry":{"type":"LineString","coordinates":[[99.8989,20.38559],[99.89909,20.38648]]},"properties":{"c":"residential","h":2.3,"k":0.35,"m":true,"len":100,"t":"TH570904"}},{"type":"Feature","geometry":{"type":"LineString","coordinates":[[99.9523,20.3688],[99.9522,20.36795]]},"properties":{"c":"residential","h":3.4,"k":0.6682,"m":true,"len":95,"t":"TH570905"}},{"type":"Feature","geometry":{"type":"LineString","coordinates":[[99.9522,20.36795],[99.95215,20.36754],[99.95216,20.36751],[99.95218,20.36749],[99.95222,20.36747],[99.95257,20.36737]]},"properties":{"c":"residential","h":3.4,"k":0.6682,"m":true,"len":95,"t":"TH570905"}},{"type":"Feature","geometry":{"type":"LineString","coordinates":[[99.94874,20.29944],[99.94864,20.29951],[99.94863,20.29952],[99.94862,20.29954],[99.94862,20.29959],[99.94862,20.29964],[99.94866,20.29982],[99.94865,20.29984],[99.94864,20.29986],[99.94861,20.29986],[99.94831,20.29988]]},"properties":{"c":"residential","h":0.05,"k":0.9158,"m":true,"len":88,"t":"TH570908"}},{"type":"Feature","geometry":{"type":"LineString","coordinates":[[99.94831,20.29988],[99.94812,20.29989],[99.94747,20.29993]]},"properties":{"c":"residential","h":0.05,"k":0.9158,"m":true,"len":88,"t":"TH570908"}},{"type":"Feature","geometry":{"type":"LineString","coordinates":[[99.94747,20.29993],[99.94663,20.29998]]},"properties":{"c":"residential","h":0.05,"k":0.9158,"m":true,"len":88,"t":"TH570908"}},{"type":"Feature","geometry":{"type":"LineString","coordinates":[[99.92855,20.43543],[99.92849,20.43535],[99.92836,20.43516],[99.92771,20.43532]]},"properties":{"c":"residential","h":1.9,"k":1.0,"m":true,"len":106,"t":"TH570901"}},{"type":"Feature","geometry":{"type":"LineString","coordinates":[[99.93186,20.40456],[99.93258,20.40487],[99.93279,20.40496]]},"properties":{"c":"residential","h":2.85,"k":1.0,"m":true,"len":107,"t":"TH570905"}},{"type":"Feature","geometry":{"type":"LineString","coordinates":[[99.93279,20.40496],[99.93373,20.40537]]},"properties":{"c":"residential","h":2.65,"k":1.0,"m":true,"len":107,"t":"TH570905"}},{"type":"Feature","geometry":{"type":"LineString","coordinates":[[99.93373,20.40537],[99.93394,20.40546],[99.93397,20.40546],[99.93398,20.40545],[99.93427,20.4048]]},"properties":{"c":"residential","h":2.85,"k":1.0,"m":true,"len":107,"t":"TH570905"}},{"type":"Feature","geometry":{"type":"LineString","coordinates":[[99.93427,20.4048],[99.93453,20.40423],[99.93467,20.40391]]},"properties":{"c":"residential","h":2.8,"k":1.0,"m":true,"len":107,"t":"TH570905"}},{"type":"Feature","geometry":{"type":"LineString","coordinates":[[99.93467,20.40391],[99.93468,20.40389],[99.9349,20.40306],[99.93491,20.40297]]},"properties":{"c":"residential","h":2.95,"k":1.0,"m":true,"len":107,"t":"TH570905"}},{"type":"Feature","geometry":{"type":"LineString","coordinates":[[99.9666,20.40919],[99.96665,20.40928],[99.96667,20.40932],[99.96666,20.40936],[99.96665,20.40941],[99.96665,20.40945],[99.96674,20.40973]]},"properties":{"c":"residential","h":2.9,"k":1.0,"m":true,"len":64,"t":"TH570903"}},{"type":"Feature","geometry":{"type":"LineString","coordinates":[[99.90988,20.43552],[99.90981,20.43497],[99.9098,20.43482]]},"properties":{"c":"residential","h":0.95,"k":1.0,"m":true,"len":78,"t":"TH570901"}},{"type":"Feature","geometry":{"type":"LineString","coordinates":[[99.9098,20.43482],[99.90979,20.43451],[99.90975,20.43412]]},"properties":{"c":"residential","h":0.4,"k":1.0,"m":true,"len":78,"t":"TH570901"}},{"type":"Feature","geometry":{"type":"LineString","coordinates":[[99.92377,20.44414],[99.92363,20.44447]]},"properties":{"c":"residential","h":0.75,"k":0.4946,"m":true,"len":39,"t":"TH570901"}},{"type":"Feature","geometry":{"type":"LineString","coordinates":[[99.918,20.4443],[99.91801,20.44462],[99.91799,20.44502],[99.91798,20.44506]]},"properties":{"c":"residential","h":3.4,"k":0.4931,"m":true,"len":84,"t":"TH570901"}},{"type":"Feature","geometry":{"type":"LineString","coordinates":[[99.91798,20.44506],[99.91791,20.44535],[99.91791,20.44544],[99.9179,20.44548],[99.9179,20.44581]]},"properties":{"c":"residential","h":1.4,"k":0.4931,"m":true,"len":84,"t":"TH570901"}},{"type":"Feature","geometry":{"type":"LineString","coordinates":[[99.90634,20.44726],[99.9064,20.44725]]},"properties":{"c":"residential","h":4.0,"k":0.488,"m":true,"len":6,"t":"TH570901"}},{"type":"Feature","geometry":{"type":"LineString","coordinates":[[99.92093,20.44473],[99.92106,20.44475],[99.92124,20.44478],[99.92186,20.44492]]},"properties":{"c":"residential","h":0.05,"k":0.4946,"m":true,"len":100,"t":"TH570901"}},{"type":"Feature","geometry":{"type":"LineString","coordinates":[[99.92186,20.44492],[99.92188,20.44492],[99.92257,20.44506],[99.92266,20.44505],[99.92269,20.44503],[99.92271,20.44499],[99.9227,20.44493]]},"properties":{"c":"residential","h":0.05,"k":0.4946,"m":true,"len":100,"t":"TH570901"}},{"type":"Feature","geometry":{"type":"LineString","coordinates":[[99.86555,20.44515],[99.8656,20.44515],[99.86625,20.4452],[99.86647,20.4452]]},"properties":{"c":"residential","h":2.35,"k":0.9947,"m":true,"len":96,"t":"TH570906"}},{"type":"Feature","geometry":{"type":"LineString","coordinates":[[99.86647,20.4452],[99.86659,20.4452],[99.86671,20.44522],[99.86683,20.44529],[99.86711,20.44552],[99.86719,20.44558],[99.86724,20.44562]]},"properties":{"c":"residential","h":3.35,"k":0.9947,"m":true,"len":96,"t":"TH570906"}},{"type":"Feature","geometry":{"type":"LineString","coordinates":[[99.86724,20.44562],[99.86726,20.44564],[99.8674,20.44581],[99.86751,20.4459],[99.86758,20.44597],[99.86765,20.446],[99.86778,20.44602],[99.86792,20.44603],[99.86799,20.44602]]},"properties":{"c":"residential","h":2.8,"k":0.9951,"m":true,"len":96,"t":"TH570906"}},{"type":"Feature","geometry":{"type":"LineString","coordinates":[[99.90606,20.43333],[99.90589,20.43424]]},"properties":{"c":"trunk","h":0.5,"k":1.0,"m":true,"len":102,"t":"TH570901","n":"ถนนเลี่ยงเมืองแม่สาย"}},{"type":"Feature","geometry":{"type":"LineString","coordinates":[[99.90589,20.43424],[99.90575,20.43496],[99.90572,20.43514]]},"properties":{"c":"trunk","h":0.15,"k":1.0,"m":true,"len":102,"t":"TH570901","n":"ถนนเลี่ยงเมืองแม่สาย"}},{"type":"Feature","geometry":{"type":"LineString","coordinates":[[99.90572,20.43514],[99.90571,20.43518],[99.90554,20.43605]]},"properties":{"c":"trunk","h":0.4,"k":1.0,"m":true,"len":102,"t":"TH570901","n":"ถนนเลี่ยงเมืองแม่สาย"}},{"type":"Feature","geometry":{"type":"LineString","coordinates":[[99.90554,20.43605],[99.90552,20.43615],[99.90535,20.43695]]},"properties":{"c":"trunk","h":1.9,"k":1.0,"m":true,"len":102,"t":"TH570901","n":"ถนนเลี่ยงเมืองแม่สาย"}},{"type":"Feature","geometry":{"type":"LineString","coordinates":[[99.90535,20.43695],[99.90516,20.43785]]},"properties":{"c":"trunk","h":3.65,"k":1.0,"m":true,"len":102,"t":"TH570901","n":"ถนนเลี่ยงเมืองแม่สาย"}},{"type":"Feature","geometry":{"type":"LineString","coordinates":[[99.90516,20.43785],[99.90497,20.43875]]},"properties":{"c":"trunk","h":4.05,"k":1.0,"m":true,"len":102,"t":"TH570901","n":"ถนนเลี่ยงเมืองแม่สาย"}},{"type":"Feature","geometry":{"type":"LineString","coordinates":[[99.90608,20.4332],[99.90606,20.43333]]},"properties":{"c":"trunk","h":6.25,"k":1.0,"m":true,"len":15,"t":"TH570901","n":"ถนนเลี่ยงเมืองแม่สาย"}},{"type":"Feature","geometry":{"type":"LineString","coordinates":[[99.90741,20.42688],[99.90739,20.42696],[99.90722,20.42778]]},"properties":{"c":"trunk","h":5.65,"k":1.0,"m":true,"len":102,"t":"TH570901","n":"ถนนเลี่ยงเมืองแม่สาย"}},{"type":"Feature","geometry":{"type":"LineString","coordinates":[[99.90722,20.42778],[99.90702,20.42868]]},"properties":{"c":"trunk","h":5.8,"k":1.0,"m":true,"len":102,"t":"TH570901","n":"ถนนเลี่ยงเมืองแม่สาย"}},{"type":"Feature","geometry":{"type":"LineString","coordinates":[[99.90702,20.42868],[99.90683,20.42958]]},"properties":{"c":"trunk","h":6.25,"k":1.0,"m":true,"len":102,"t":"TH570901","n":"ถนนเลี่ยงเมืองแม่สาย"}},{"type":"Feature","geometry":{"type":"LineString","coordinates":[[99.90683,20.42958],[99.90683,20.42959],[99.90676,20.42988],[99.90673,20.43002],[99.9067,20.43021],[99.90665,20.43049]]},"properties":{"c":"trunk","h":6.55,"k":1.0,"m":true,"len":102,"t":"TH570901","n":"ถนนเลี่ยงเมืองแม่สาย"}},{"type":"Feature","geometry":{"type":"LineString","coordinates":[[99.90743,20.42678],[99.90741,20.42688]]},"properties":{"c":"trunk","h":5.8,"k":1.0,"m":true,"len":11,"t":"TH570901","n":"ถนนเลี่ยงเมืองแม่สาย"}},{"type":"Feature","geometry":{"type":"LineString","coordinates":[[99.89412,20.43673],[99.89403,20.43711]]},"properties":{"c":"residential","h":3.55,"k":1.0,"m":true,"len":43,"t":"TH570901"}},{"type":"Feature","geometry":{"type":"LineString","coordinates":[[99.9048,20.43911],[99.90479,20.43912],[99.90475,20.43944],[99.90475,20.43949],[99.90475,20.43965]]},"properties":{"c":"secondary","h":5.5,"k":0.4929,"m":true,"len":61,"t":"TH570901"}},{"type":"Feature","geometry":{"type":"LineString","coordinates":[[100.00029,20.37004],[100.00031,20.36993]]},"properties":{"c":"secondary","h":2.1,"k":0.7052,"m":true,"len":13,"t":"TH570905"}},{"type":"Feature","geometry":{"type":"LineString","coordinates":[[99.90852,20.42667],[99.90848,20.42679]]},"properties":{"c":"secondary","h":5.9,"k":1.0,"m":true,"len":14,"t":"TH570901"}},{"type":"Feature","geometry":{"type":"LineString","coordinates":[[99.90481,20.43897],[99.9048,20.43911]]},"properties":{"c":"secondary","h":5.75,"k":0.4929,"m":true,"len":16,"t":"TH570901"}},{"type":"Feature","geometry":{"type":"LineString","coordinates":[[99.90482,20.43894],[99.90481,20.43897]]},"properties":{"c":"secondary","h":7.35,"k":0.4929,"m":true,"len":3,"t":"TH570901"}},{"type":"Feature","geometry":{"type":"LineString","coordinates":[[99.90486,20.43989],[99.9049,20.43971],[99.905,20.43913],[99.905,20.4391]]},"properties":{"c":"trunk","h":4.55,"k":0.4929,"m":true,"len":89,"t":"TH570901","n":"ถนนเลี่ยงเมืองแม่สาย"}},{"type":"Feature","geometry":{"type":"LineString","coordinates":[[99.905,20.4391],[99.90502,20.43898]]},"properties":{"c":"trunk","h":5.0,"k":0.4929,"m":true,"len":13,"t":"TH570901","n":"ถนนเลี่ยงเมืองแม่สาย"}},{"type":"Feature","geometry":{"type":"LineString","coordinates":[[99.88406,20.41881],[99.88403,20.41889],[99.88394,20.41918],[99.88376,20.41972],[99.88373,20.41981]]},"properties":{"c":"primary","h":null,"k":1.0,"m":true,"len":116,"t":"TH570906","n":"ถนนพหลโยธิน"}},{"type":"Feature","geometry":{"type":"LineString","coordinates":[[99.88373,20.41981],[99.88339,20.42081]]},"properties":{"c":"primary","h":null,"k":1.0,"m":true,"len":116,"t":"TH570906","n":"ถนนพหลโยธิน"}},{"type":"Feature","geometry":{"type":"LineString","coordinates":[[99.88339,20.42081],[99.88307,20.42179],[99.88306,20.42181]]},"properties":{"c":"primary","h":null,"k":1.0,"m":true,"len":116,"t":"TH570906","n":"ถนนพหลโยธิน"}},{"type":"Feature","geometry":{"type":"LineString","coordinates":[[99.88306,20.42181],[99.88277,20.4227],[99.88273,20.42281]]},"properties":{"c":"primary","h":null,"k":1.0,"m":true,"len":116,"t":"TH570906","n":"ถนนพหลโยธิน"}},{"type":"Feature","geometry":{"type":"LineString","coordinates":[[99.88273,20.42281],[99.88265,20.42307],[99.8825,20.42359],[99.88248,20.42383]]},"properties":{"c":"primary","h":null,"k":1.0,"m":true,"len":116,"t":"TH570906","n":"ถนนพหลโยธิน"}},{"type":"Feature","geometry":{"type":"LineString","coordinates":[[99.88248,20.42383],[99.88247,20.42399],[99.88255,20.42436],[99.88276,20.42483]]},"properties":{"c":"primary","h":null,"k":1.0,"m":true,"len":116,"t":"TH570906","n":"ถนนพหลโยธิน"}},{"type":"Feature","geometry":{"type":"LineString","coordinates":[[99.88276,20.42483],[99.88289,20.42512],[99.88317,20.42574],[99.8832,20.42579]]},"properties":{"c":"primary","h":null,"k":1.0,"m":true,"len":116,"t":"TH570906","n":"ถนนพหลโยธิน"}},{"type":"Feature","geometry":{"type":"LineString","coordinates":[[99.8832,20.42579],[99.88337,20.42616],[99.88347,20.4264],[99.88363,20.42675]]},"properties":{"c":"primary","h":null,"k":1.0,"m":true,"len":116,"t":"TH570906","n":"ถนนพหลโยธิน"}},{"type":"Feature","geometry":{"type":"LineString","coordinates":[[99.8843,20.38108],[99.88412,20.38108]]},"properties":{"c":"primary","h":null,"k":1.0,"m":true,"len":19,"t":"TH570904"}},{"type":"Feature","geometry":{"type":"LineString","coordinates":[[99.88486,20.37751],[99.88491,20.3772],[99.88492,20.37715],[99.88494,20.37707],[99.88505,20.37646]]},"properties":{"c":"trunk","h":null,"k":1.0,"m":true,"len":117,"t":"TH570904","n":"ถนนพหลโยธิน"}},{"type":"Feature","geometry":{"type":"LineString","coordinates":[[99.88505,20.37646],[99.88526,20.37542]]},"properties":{"c":"trunk","h":null,"k":1.0,"m":true,"len":117,"t":"TH570904","n":"ถนนพหลโยธิน"}},{"type":"Feature","geometry":{"type":"LineString","coordinates":[[99.88526,20.37542],[99.88536,20.37486],[99.88545,20.37437]]},"properties":{"c":"trunk","h":null,"k":1.0,"m":true,"len":117,"t":"TH570904","n":"ถนนพหลโยธิน"}},{"type":"Feature","geometry":{"type":"LineString","coordinates":[[99.88545,20.37437],[99.88557,20.37374],[99.88564,20.37333]]},"properties":{"c":"trunk","h":null,"k":1.0,"m":true,"len":117,"t":"TH570904","n":"ถนนพหลโยธิน"}},{"type":"Feature","geometry":{"type":"LineString","coordinates":[[99.88564,20.37333],[99.88565,20.37324],[99.88569,20.3726],[99.88568,20.37235],[99.88568,20.37227]]},"properties":{"c":"trunk","h":12.65,"k":0.35,"m":true,"len":117,"t":"TH570904","n":"ถนนพหลโยธิน"}},{"type":"Feature","geometry":{"type":"LineString","coordinates":[[99.88568,20.37227],[99.88566,20.37186],[99.88565,20.3718],[99.8856,20.37134],[99.88559,20.37121]]},"properties":{"c":"trunk","h":9.85,"k":0.35,"m":true,"len":117,"t":"TH570904","n":"ถนนพหลโยธิน"}},{"type":"Feature","geometry":{"type":"LineString","coordinates":[[99.88559,20.37121],[99.88551,20.37032],[99.8855,20.37016]]},"properties":{"c":"trunk","h":6.65,"k":0.35,"m":true,"len":117,"t":"TH570904","n":"ถนนพหลโยธิน"}},{"type":"Feature","geometry":{"type":"LineString","coordinates":[[99.8855,20.37016],[99.88545,20.36963],[99.88544,20.36955],[99.88544,20.36948],[99.88538,20.3691]]},"properties":{"c":"trunk","h":6.05,"k":0.35,"m":true,"len":117,"t":"TH570904","n":"ถนนพหลโยธิน"}},{"type":"Feature","geometry":{"type":"LineString","coordinates":[[99.88538,20.3691],[99.88537,20.36904],[99.88532,20.3689],[99.88529,20.36876],[99.88516,20.36841],[99.88503,20.36815],[99.88501,20.3681]]},"properties":{"c":"trunk","h":4.45,"k":0.35,"m":true,"len":117,"t":"TH570904","n":"ถนนพหลโยธิน"}},{"type":"Feature","geometry":{"type":"LineString","coordinates":[[99.88501,20.3681],[99.8849,20.36789],[99.88478,20.36756],[99.88475,20.36732],[99.88475,20.36709]]},"properties":{"c":"trunk","h":4.5,"k":0.35,"m":true,"len":117,"t":"TH570904","n":"ถนนพหลโยธิน"}},{"type":"Feature","geometry":{"type":"LineString","coordinates":[[99.88475,20.36709],[99.88475,20.36706],[99.8848,20.36673],[99.88489,20.36603]]},"properties":{"c":"trunk","h":null,"k":1.0,"m":true,"len":117,"t":"TH570904","n":"ถนนพหลโยธิน"}},{"type":"Feature","geometry":{"type":"LineString","coordinates":[[99.88489,20.36603],[99.88503,20.36498]]},"properties":{"c":"trunk","h":null,"k":1.0,"m":true,"len":117,"t":"TH570904","n":"ถนนพหลโยธิน"}},{"type":"Feature","geometry":{"type":"LineString","coordinates":[[99.88503,20.36498],[99.88506,20.36472],[99.88518,20.36393]]},"properties":{"c":"trunk","h":null,"k":1.0,"m":true,"len":117,"t":"TH570904","n":"ถนนพหลโยธิน"}},{"type":"Feature","geometry":{"type":"LineString","coordinates":[[99.88518,20.36393],[99.88526,20.36345],[99.88533,20.36288]]},"properties":{"c":"trunk","h":null,"k":1.0,"m":true,"len":117,"t":"TH570904","n":"ถนนพหลโยธิน"}},{"type":"Feature","geometry":{"type":"LineString","coordinates":[[99.88533,20.36288],[99.88547,20.36183]]},"properties":{"c":"trunk","h":null,"k":1.0,"m":true,"len":117,"t":"TH570904","n":"ถนนพหลโยธิน"}},{"type":"Feature","geometry":{"type":"LineString","coordinates":[[99.88547,20.36183],[99.88561,20.36078]]},"properties":{"c":"trunk","h":null,"k":1.0,"m":true,"len":117,"t":"TH570904","n":"ถนนพหลโยธิน"}},{"type":"Feature","geometry":{"type":"LineString","coordinates":[[99.88561,20.36078],[99.88575,20.35972]]},"properties":{"c":"trunk","h":null,"k":1.0,"m":true,"len":117,"t":"TH570904","n":"ถนนพหลโยธิน"}},{"type":"Feature","geometry":{"type":"LineString","coordinates":[[99.88575,20.35972],[99.88579,20.3594],[99.88584,20.35906],[99.88589,20.35867]]},"properties":{"c":"trunk","h":null,"k":1.0,"m":true,"len":117,"t":"TH570904","n":"ถนนพหลโยธิน"}},{"type":"Feature","geometry":{"type":"LineString","coordinates":[[99.88589,20.35867],[99.88596,20.35814],[99.88602,20.35762]]},"properties":{"c":"trunk","h":9.3,"k":0.3838,"m":true,"len":117,"t":"TH570904","n":"ถนนพหลโยธิน"}},{"type":"Feature","geometry":{"type":"LineString","coordinates":[[99.88602,20.35762],[99.88614,20.35656]]},"properties":{"c":"trunk","h":7.85,"k":0.3838,"m":true,"len":117,"t":"TH570904","n":"ถนนพหลโยธิน"}},{"type":"Feature","geometry":{"type":"LineString","coordinates":[[99.88614,20.35656],[99.88626,20.35551]]},"properties":{"c":"trunk","h":7.9,"k":0.3838,"m":true,"len":117,"t":"TH570904","n":"ถนนพหลโยธิน"}},{"type":"Feature","geometry":{"type":"LineString","coordinates":[[99.88626,20.35551],[99.88638,20.35445]]},"properties":{"c":"trunk","h":6.85,"k":0.3838,"m":true,"len":117,"t":"TH570904","n":"ถนนพหลโยธิน"}},{"type":"Feature","geometry":{"type":"LineString","coordinates":[[99.88638,20.35445],[99.8865,20.3534]]},"properties":{"c":"trunk","h":6.85,"k":0.3838,"m":true,"len":117,"t":"TH570904","n":"ถนนพหลโยธิน"}},{"type":"Feature","geometry":{"type":"LineString","coordinates":[[99.8865,20.3534],[99.88661,20.35249],[99.88662,20.35234]]},"properties":{"c":"trunk","h":7.15,"k":0.3838,"m":true,"len":117,"t":"TH570904","n":"ถนนพหลโยธิน"}},{"type":"Feature","geometry":{"type":"LineString","coordinates":[[99.88662,20.35234],[99.88664,20.35222],[99.88676,20.35129]]},"properties":{"c":"trunk","h":7.15,"k":0.3838,"m":true,"len":117,"t":"TH570904","n":"ถนนพหลโยธิน"}},{"type":"Feature","geometry":{"type":"LineString","coordinates":[[99.88676,20.35129],[99.88684,20.35065],[99.88688,20.35024]]},"properties":{"c":"trunk","h":7.05,"k":0.3838,"m":true,"len":117,"t":"TH570904","n":"ถนนพหลโยธิน"}},{"type":"Feature","geometry":{"type":"LineString","coordinates":[[99.88688,20.35024],[99.88695,20.34953],[99.88696,20.34918]]},"properties":{"c":"trunk","h":6.9,"k":0.3838,"m":true,"len":117,"t":"TH570904","n":"ถนนพหลโยธิน"}},{"type":"Feature","geometry":{"type":"LineString","coordinates":[[99.88696,20.34918],[99.88699,20.34822],[99.88699,20.34812]]},"properties":{"c":"trunk","h":7.65,"k":0.3838,"m":true,"len":117,"t":"TH570904","n":"ถนนพหลโยธิน"}},{"type":"Feature","geometry":{"type":"LineString","coordinates":[[99.88699,20.34812],[99.887,20.34749],[99.88702,20.34706]]},"properties":{"c":"trunk","h":6.85,"k":0.3838,"m":true,"len":117,"t":"TH570904","n":"ถนนพหลโยธิน"}},{"type":"Feature","geometry":{"type":"LineString","coordinates":[[99.88702,20.34706],[99.88702,20.34692],[99.88705,20.346]]},"properties":{"c":"trunk","h":8.9,"k":0.3838,"m":true,"len":117,"t":"TH570904","n":"ถนนพหลโยธิน"}},{"type":"Feature","geometry":{"type":"LineString","coordinates":[[99.88705,20.346],[99.88706,20.34567],[99.88708,20.34499],[99.88708,20.34494]]},"properties":{"c":"trunk","h":11.4,"k":0.3838,"m":true,"len":117,"t":"TH570904","n":"ถนนพหลโยธิน"}},{"type":"Feature","geometry":{"type":"LineString","coordinates":[[99.88708,20.34494],[99.88709,20.3445],[99.8871,20.34427],[99.8871,20.34401],[99.88711,20.34388]]},"properties":{"c":"trunk","h":11.45,"k":0.3838,"m":true,"len":117,"t":"TH570904","n":"ถนนพหลโยธิน"}},{"type":"Feature","geometry":{"type":"LineString","coordinates":[[99.88711,20.34388],[99.88711,20.34373],[99.8871,20.34344],[99.88708,20.34313],[99.88702,20.34282]]},"properties":{"c":"trunk","h":null,"k":1.0,"m":true,"len":117,"t":"TH570904","n":"ถนนพหลโยธิน"}},{"type":"Feature","geometry":{"type":"LineString","coordinates":[[99.88702,20.34282],[99.88694,20.34241],[99.88681,20.34178]]},"properties":{"c":"trunk","h":null,"k":1.0,"m":true,"len":117,"t":"TH570904","n":"ถนนพหลโยธิน"}},{"type":"Feature","geometry":{"type":"LineString","coordinates":[[99.88681,20.34178],[99.88669,20.34113],[99.88661,20.34074]]},"properties":{"c":"trunk","h":11.25,"k":0.3838,"m":true,"len":117,"t":"TH570904","n":"ถนนพหลโยธิน"}},{"type":"Feature","geometry":{"type":"LineString","coordinates":[[99.88661,20.34074],[99.8864,20.3397]]},"properties":{"c":"trunk","h":11.55,"k":0.3838,"m":true,"len":117,"t":"TH570904","n":"ถนนพหลโยธิน"}},{"type":"Feature","geometry":{"type":"LineString","coordinates":[[99.8864,20.3397],[99.88633,20.33938],[99.88619,20.33865]]},"properties":{"c":"trunk","h":12.45,"k":0.3838,"m":true,"len":117,"t":"TH570904","n":"ถนนพหลโยธิน"}},{"type":"Feature","geometry":{"type":"LineString","coordinates":[[99.88619,20.33865],[99.88598,20.33761]]},"properties":{"c":"trunk","h":10.75,"k":0.3838,"m":true,"len":117,"t":"TH570904","n":"ถนนพหลโยธิน"}},{"type":"Feature","geometry":{"type":"LineString","coordinates":[[99.88598,20.33761],[99.88578,20.33657]]},"properties":{"c":"trunk","h":null,"k":1.0,"m":true,"len":117,"t":"TH570904","n":"ถนนพหลโยธิน"}},{"type":"Feature","geometry":{"type":"LineString","coordinates":[[99.88578,20.33657],[99.88557,20.33553]]},"properties":{"c":"trunk","h":null,"k":1.0,"m":true,"len":117,"t":"TH570904","n":"ถนนพหลโยธิน"}},{"type":"Feature","geometry":{"type":"LineString","coordinates":[[99.88557,20.33553],[99.88536,20.33448]]},"properties":{"c":"trunk","h":11.65,"k":0.3838,"m":true,"len":117,"t":"TH570904","n":"ถนนพหลโยธิน"}},{"type":"Feature","geometry":{"type":"LineString","coordinates":[[99.88536,20.33448],[99.88519,20.33363],[99.88515,20.33344]]},"properties":{"c":"trunk","h":11.85,"k":0.3838,"m":true,"len":117,"t":"TH570904","n":"ถนนพหลโยธิน"}},{"type":"Feature","geometry":{"type":"LineString","coordinates":[[99.88515,20.33344],[99.88507,20.33307],[99.88494,20.3324]]},"properties":{"c":"trunk","h":null,"k":1.0,"m":true,"len":117,"t":"TH570904","n":"ถนนพหลโยธิน"}},{"type":"Feature","geometry":{"type":"LineString","coordinates":[[99.88494,20.3324],[99.88474,20.33136]]},"properties":{"c":"trunk","h":null,"k":1.0,"m":true,"len":117,"t":"TH570904","n":"ถนนพหลโยธิน"}},{"type":"Feature","geometry":{"type":"LineString","coordinates":[[99.88474,20.33136],[99.88472,20.33127],[99.88451,20.33032]]},"properties":{"c":"trunk","h":null,"k":1.0,"m":true,"len":117,"t":"TH570904","n":"ถนนพหลโยธิน"}},{"type":"Feature","geometry":{"type":"LineString","coordinates":[[99.88497,20.38892],[99.88514,20.3889]]},"properties":{"c":"primary","h":null,"k":1.0,"m":true,"len":18,"t":"TH570904"}},{"type":"Feature","geometry":{"type":"LineString","coordinates":[[99.90188,20.3901],[99.90196,20.39042]]},"properties":{"c":"trunk","h":1.8,"k":0.35,"m":true,"len":36,"t":"TH570906","n":"ถนนเลี่ยงเมืองแม่สาย"}},{"type":"Feature","geometry":{"type":"LineString","coordinates":[[99.90196,20.39042],[99.90221,20.39143]]},"properties":{"c":"trunk","h":1.6,"k":0.35,"m":true,"len":115,"t":"TH570906","n":"ถนนเลี่ยงเมืองแม่สาย"}},{"type":"Feature","geometry":{"type":"LineString","coordinates":[[99.90221,20.39143],[99.90247,20.39244]]},"properties":{"c":"trunk","h":1.85,"k":0.35,"m":true,"len":115,"t":"TH570906","n":"ถนนเลี่ยงเมืองแม่สาย"}},{"type":"Feature","geometry":{"type":"LineString","coordinates":[[99.90247,20.39244],[99.90273,20.39346]]},"properties":{"c":"trunk","h":2.4,"k":0.35,"m":true,"len":115,"t":"TH570906","n":"ถนนเลี่ยงเมืองแม่สาย"}},{"type":"Feature","geometry":{"type":"LineString","coordinates":[[99.90273,20.39346],[99.90299,20.39447]]},"properties":{"c":"trunk","h":2.35,"k":0.35,"m":true,"len":115,"t":"TH570906","n":"ถนนเลี่ยงเมืองแม่สาย"}},{"type":"Feature","geometry":{"type":"LineString","coordinates":[[99.90299,20.39447],[99.90313,20.39503],[99.90324,20.39549]]},"properties":{"c":"trunk","h":5.65,"k":0.35,"m":true,"len":115,"t":"TH570906","n":"ถนนเลี่ยงเมืองแม่สาย"}},{"type":"Feature","geometry":{"type":"LineString","coordinates":[[99.90324,20.39549],[99.9035,20.3965]]},"properties":{"c":"trunk","h":8.65,"k":0.35,"m":true,"len":115,"t":"TH570906","n":"ถนนเลี่ยงเมืองแม่สาย"}},{"type":"Feature","geometry":{"type":"LineString","coordinates":[[99.9035,20.3965],[99.90361,20.39691],[99.90376,20.39752]]},"properties":{"c":"trunk","h":5.8,"k":0.35,"m":true,"len":115,"t":"TH570906","n":"ถนนเลี่ยงเมืองแม่สาย"}},{"type":"Feature","geometry":{"type":"LineString","coordinates":[[99.90376,20.39752],[99.90402,20.39853]]},"properties":{"c":"trunk","h":6.6,"k":0.35,"m":true,"len":115,"t":"TH570906","n":"ถนนเลี่ยงเมืองแม่สาย"}},{"type":"Feature","geometry":{"type":"LineString","coordinates":[[99.90402,20.39853],[99.90414,20.39903],[99.90417,20.39913],[99.90428,20.39955]]},"properties":{"c":"trunk","h":6.85,"k":0.35,"m":true,"len":115,"t":"TH570906","n":"ถนนเลี่ยงเมืองแม่สาย"}},{"type":"Feature","geometry":{"type":"LineString","coordinates":[[99.90428,20.39955],[99.90453,20.40056]]},"properties":{"c":"trunk","h":12.15,"k":0.35,"m":true,"len":115,"t":"TH570906","n":"ถนนเลี่ยงเมืองแม่สาย"}},{"type":"Feature","geometry":{"type":"LineString","coordinates":[[99.90453,20.40056],[99.90479,20.40158]]},"properties":{"c":"trunk","h":null,"k":1.0,"m":true,"len":115,"t":"TH570906","n":"ถนนเลี่ยงเมืองแม่สาย"}},{"type":"Feature","geometry":{"type":"LineString","coordinates":[[99.90479,20.40158],[99.90505,20.40259]]},"properties":{"c":"trunk","h":null,"k":1.0,"m":true,"len":115,"t":"TH570906","n":"ถนนเลี่ยงเมืองแม่สาย"}},{"type":"Feature","geometry":{"type":"LineString","coordinates":[[99.90505,20.40259],[99.90518,20.40313],[99.90529,20.40352],[99.90531,20.40361]]},"properties":{"c":"trunk","h":null,"k":1.0,"m":true,"len":115,"t":"TH570906","n":"ถนนเลี่ยงเมืองแม่สาย"}},{"type":"Feature","geometry":{"type":"LineString","coordinates":[[99.90531,20.40361],[99.90539,20.40394],[99.90556,20.40462]]},"properties":{"c":"trunk","h":null,"k":1.0,"m":true,"len":115,"t":"TH570906","n":"ถนนเลี่ยงเมืองแม่สาย"}},{"type":"Feature","geometry":{"type":"LineString","coordinates":[[99.90556,20.40462],[99.90582,20.40564]]},"properties":{"c":"trunk","h":null,"k":1.0,"m":true,"len":115,"t":"TH570906","n":"ถนนเลี่ยงเมืองแม่สาย"}},{"type":"Feature","geometry":{"type":"LineString","coordinates":[[99.90582,20.40564],[99.90608,20.40665]]},"properties":{"c":"trunk","h":null,"k":1.0,"m":true,"len":115,"t":"TH570906","n":"ถนนเลี่ยงเมืองแม่สาย"}},{"type":"Feature","geometry":{"type":"LineString","coordinates":[[99.90608,20.40665],[99.90634,20.40767]]},"properties":{"c":"trunk","h":null,"k":1.0,"m":true,"len":115,"t":"TH570906","n":"ถนนเลี่ยงเมืองแม่สาย"}},{"type":"Feature","geometry":{"type":"LineString","coordinates":[[99.90634,20.40767],[99.90659,20.40868]]},"properties":{"c":"trunk","h":null,"k":1.0,"m":true,"len":115,"t":"TH570906","n":"ถนนเลี่ยงเมืองแม่สาย"}},{"type":"Feature","geometry":{"type":"LineString","coordinates":[[99.90659,20.40868],[99.90663,20.40881],[99.90685,20.4097]]},"properties":{"c":"trunk","h":null,"k":1.0,"m":true,"len":115,"t":"TH570906","n":"ถนนเลี่ยงเมืองแม่สาย"}},{"type":"Feature","geometry":{"type":"LineString","coordinates":[[99.90641,20.38909],[99.90675,20.38962],[99.907,20.38999],[99.907,20.39]]},"properties":{"c":"residential","h":2.15,"k":0.35,"m":true,"len":118,"t":"TH570906"}},{"type":"Feature","geometry":{"type":"LineString","coordinates":[[99.907,20.39],[99.90722,20.39034],[99.90745,20.39069],[99.90759,20.39091]]},"properties":{"c":"residential","h":4.0,"k":0.35,"m":true,"len":118,"t":"TH570906"}},{"type":"Feature","geometry":{"type":"LineString","coordinates":[[99.90673,20.43002],[99.9066,20.43002],[99.9065,20.43006],[99.90597,20.43043],[99.90586,20.43053],[99.9058,20.4306]]},"properties":{"c":"secondary","h":6.85,"k":1.0,"m":true,"len":120,"t":"TH570901"}},{"type":"Feature","geometry":{"type":"LineString","coordinates":[[99.9058,20.4306],[99.90576,20.43064],[99.90569,20.43075],[99.90561,20.4309],[99.90532,20.43158]]},"properties":{"c":"secondary","h":11.65,"k":1.0,"m":true,"len":120,"t":"TH570901"}},{"type":"Feature","geometry":{"type":"LineString","coordinates":[[99.90532,20.43158],[99.90532,20.43158],[99.90509,20.43211],[99.90505,20.43219],[99.9049,20.43255],[99.90489,20.43258]]},"properties":{"c":"secondary","h":11.5,"k":1.0,"m":true,"len":120,"t":"TH570901"}},{"type":"Feature","geometry":{"type":"LineString","coordinates":[[99.90489,20.43258],[99.90473,20.43295],[99.90471,20.433],[99.90466,20.43314],[99.90464,20.43332],[99.90464,20.43343],[99.90466,20.43359],[99.90467,20.43362]]},"properties":{"c":"secondary","h":1.05,"k":1.0,"m":true,"len":120,"t":"TH570901"}},{"type":"Feature","geometry":{"type":"LineString","coordinates":[[99.90467,20.43362],[99.90471,20.43376],[99.90485,20.43433],[99.90494,20.43468]]},"properties":{"c":"secondary","h":0.45,"k":1.0,"m":true,"len":120,"t":"TH570901"}},{"type":"Feature","geometry":{"type":"LineString","coordinates":[[99.90494,20.43468],[99.90498,20.43484],[99.90507,20.43523],[99.90518,20.43574]]},"properties":{"c":"secondary","h":1.2,"k":1.0,"m":true,"len":120,"t":"TH570901"}},{"type":"Feature","geometry":{"type":"LineString","coordinates":[[99.90518,20.43574],[99.90518,20.43574],[99.90525,20.43613],[99.90528,20.43635],[99.90528,20.43651],[99.90528,20.43668],[99.90525,20.43681]]},"properties":{"c":"secondary","h":0.85,"k":1.0,"m":true,"len":120,"t":"TH570901"}},{"type":"Feature","geometry":{"type":"LineString","coordinates":[[99.90525,20.43681],[99.90504,20.43788]]},"properties":{"c":"secondary","h":3.55,"k":1.0,"m":true,"len":120,"t":"TH570901"}},{"type":"Feature","geometry":{"type":"LineString","coordinates":[[99.90504,20.43788],[99.90482,20.43894]]},"properties":{"c":"secondary","h":3.9,"k":1.0,"m":true,"len":120,"t":"TH570901"}},{"type":"Feature","geometry":{"type":"LineString","coordinates":[[99.899,20.43169],[99.8985,20.43178],[99.89799,20.43188]]},"properties":{"c":"residential","h":2.65,"k":1.0,"m":true,"len":107,"t":"TH570901"}},{"type":"Feature","geometry":{"type":"LineString","coordinates":[[99.89113,20.44205],[99.89143,20.44119]]},"properties":{"c":"residential","h":0.1,"k":0.9997,"m":true,"len":100,"t":"TH570901"}},{"type":"Feature","geometry":{"type":"LineString","coordinates":[[99.89143,20.44119],[99.89169,20.44042],[99.89179,20.44045]]},"properties":{"c":"residential","h":1.7,"k":0.9997,"m":true,"len":100,"t":"TH570901"}},{"type":"Feature","geometry":{"type":"LineString","coordinates":[[99.89179,20.44045],[99.89271,20.4407]]},"properties":{"c":"residential","h":2.5,"k":0.9999,"m":true,"len":100,"t":"TH570901"}},{"type":"Feature","geometry":{"type":"LineString","coordinates":[[99.9156,20.44082],[99.91545,20.4413],[99.91536,20.44171]]},"properties":{"c":"residential","h":2.7,"k":0.4929,"m":true,"len":102,"t":"TH570901"}},{"type":"Feature","geometry":{"type":"LineString","coordinates":[[99.91303,20.44129],[99.91306,20.44125],[99.91314,20.44104],[99.9133,20.44059]]},"properties":{"c":"residential","h":4.0,"k":0.4929,"m":true,"len":83,"t":"TH570901"}},{"type":"Feature","geometry":{"type":"LineString","coordinates":[[99.91127,20.44121],[99.91128,20.44127]]},"properties":{"c":"residential","h":2.85,"k":0.4929,"m":true,"len":7,"t":"TH570901"}},{"type":"Feature","geometry":{"type":"LineString","coordinates":[[99.92276,20.44291],[99.92268,20.44271],[99.92256,20.44249],[99.92247,20.44235],[99.92255,20.44231],[99.92257,20.44231]]},"properties":{"c":"residential","h":1.5,"k":0.4946,"m":true,"len":80,"t":"TH570901"}},{"type":"Feature","geometry":{"type":"LineString","coordinates":[[99.92257,20.44231],[99.92277,20.44225],[99.92275,20.44197],[99.92277,20.44172]]},"properties":{"c":"residential","h":0.75,"k":0.4946,"m":true,"len":80,"t":"TH570901"}},{"type":"Feature","geometry":{"type":"LineString","coordinates":[[99.9309,20.43429],[99.93107,20.43431]]},"properties":{"c":"unclassified","h":2.15,"k":1.0,"m":true,"len":18,"t":"TH570901"}},{"type":"Feature","geometry":{"type":"LineString","coordinates":[[99.9369,20.43455],[99.93749,20.43456]]},"properties":{"c":"residential","h":2.0,"k":1.0,"m":true,"len":62,"t":"TH570903"}},{"type":"Feature","geometry":{"type":"LineString","coordinates":[[100.0009,20.37882],[100.00084,20.37855]]},"properties":{"c":"tertiary","h":1.5,"k":0.7118,"m":true,"len":32,"t":"TH570905","n":"ถนนเหมืองแดง"}},{"type":"Feature","geometry":{"type":"LineString","coordinates":[[99.95687,20.39706],[99.95696,20.3972],[99.95721,20.39756]]},"properties":{"c":"residential","h":2.5,"k":1.0,"m":true,"len":65,"t":"TH570905"}},{"type":"Feature","geometry":{"type":"LineString","coordinates":[[99.95608,20.39695],[99.95616,20.39724],[99.95625,20.39744],[99.95626,20.39748],[99.95626,20.39754]]},"properties":{"c":"residential","h":1.35,"k":1.0,"m":true,"len":69,"t":"TH570905"}},{"type":"Feature","geometry":{"type":"LineString","coordinates":[[99.95626,20.39754],[99.95626,20.39762],[99.95629,20.39765],[99.95649,20.3978],[99.95664,20.39802]]},"properties":{"c":"residential","h":2.65,"k":1.0,"m":true,"len":69,"t":"TH570905"}},{"type":"Feature","geometry":{"type":"LineString","coordinates":[[100.00084,20.37855],[100.0006,20.37749]]},"properties":{"c":"tertiary","h":1.45,"k":0.7118,"m":true,"len":119,"t":"TH570905","n":"ถนนเหมืองแดง"}},{"type":"Feature","geometry":{"type":"LineString","coordinates":[[100.0006,20.37749],[100.00037,20.37644]]},"properties":{"c":"tertiary","h":1.25,"k":0.7118,"m":true,"len":119,"t":"TH570905","n":"ถนนเหมืองแดง"}},{"type":"Feature","geometry":{"type":"LineString","coordinates":[[100.00037,20.37644],[100.00023,20.37579],[100.00016,20.37538]]},"properties":{"c":"tertiary","h":3.95,"k":0.7118,"m":true,"len":119,"t":"TH570905","n":"ถนนเหมืองแดง"}},{"type":"Feature","geometry":{"type":"LineString","coordinates":[[99.99999,20.37432],[99.99996,20.3741],[99.99989,20.37344],[99.9999,20.37324]]},"properties":{"c":"tertiary","h":3.45,"k":0.7058,"m":true,"len":119,"t":"TH570905","n":"ถนนเหมืองแดง"}},{"type":"Feature","geometry":{"type":"LineString","coordinates":[[99.9999,20.37324],[99.9999,20.37287],[99.99991,20.37255],[99.99997,20.37217]]},"properties":{"c":"tertiary","h":3.65,"k":0.7058,"m":true,"len":119,"t":"TH570905","n":"ถนนเหมืองแดง"}},{"type":"Feature","geometry":{"type":"LineString","coordinates":[[99.99997,20.37217],[100.00003,20.37174],[100.00007,20.37139],[100.00012,20.37111]]},"properties":{"c":"tertiary","h":3.4,"k":0.7052,"m":true,"len":119,"t":"TH570905","n":"ถนนเหมืองแดง"}},{"type":"Feature","geometry":{"type":"LineString","coordinates":[[100.00012,20.37111],[100.00029,20.37004]]},"properties":{"c":"tertiary","h":2.15,"k":0.7052,"m":true,"len":119,"t":"TH570905","n":"ถนนเหมืองแดง"}},{"type":"Feature","geometry":{"type":"LineString","coordinates":[[100.00073,20.39527],[100.00044,20.39536],[99.99991,20.39562],[99.99972,20.39569]]},"properties":{"c":"unclassified","h":3.3,"k":1.0,"m":true,"len":116,"t":"TH570903"}},{"type":"Feature","geometry":{"type":"LineString","coordinates":[[99.99972,20.39569],[99.99951,20.39577],[99.99919,20.39588],[99.99893,20.39584],[99.99871,20.39592],[99.99868,20.39595]]},"properties":{"c":"unclassified","h":2.05,"k":1.0,"m":true,"len":116,"t":"TH570903"}},{"type":"Feature","geometry":{"type":"LineString","coordinates":[[99.99868,20.39595],[99.99836,20.39624],[99.99788,20.39667]]},"properties":{"c":"unclassified","h":1.7,"k":1.0,"m":true,"len":116,"t":"TH570903"}},{"type":"Feature","geometry":{"type":"LineString","coordinates":[[99.99788,20.39667],[99.99759,20.39693],[99.99704,20.39734]]},"properties":{"c":"unclassified","h":1.75,"k":1.0,"m":true,"len":116,"t":"TH570903"}},{"type":"Feature","geometry":{"type":"LineString","coordinates":[[99.99704,20.39734],[99.99675,20.39755],[99.99622,20.39776],[99.99605,20.3978]]},"properties":{"c":"unclassified","h":1.7,"k":1.0,"m":true,"len":116,"t":"TH570903"}},{"type":"Feature","geometry":{"type":"LineString","coordinates":[[99.99605,20.3978],[99.99497,20.39803]]},"properties":{"c":"unclassified","h":1.1,"k":1.0,"m":true,"len":116,"t":"TH570903"}},{"type":"Feature","geometry":{"type":"LineString","coordinates":[[99.99497,20.39803],[99.99391,20.39826],[99.9939,20.39827]]},"properties":{"c":"unclassified","h":0.65,"k":1.0,"m":true,"len":116,"t":"TH570903"}},{"type":"Feature","geometry":{"type":"LineString","coordinates":[[99.9939,20.39827],[99.9928,20.39845]]},"properties":{"c":"unclassified","h":0.65,"k":1.0,"m":true,"len":116,"t":"TH570903"}},{"type":"Feature","geometry":{"type":"LineString","coordinates":[[99.9928,20.39845],[99.99171,20.39863]]},"properties":{"c":"unclassified","h":0.7,"k":1.0,"m":true,"len":116,"t":"TH570903"}},{"type":"Feature","geometry":{"type":"LineString","coordinates":[[99.99171,20.39863],[99.99141,20.39868],[99.99083,20.39889],[99.99067,20.39897]]},"properties":{"c":"unclassified","h":0.75,"k":1.0,"m":true,"len":116,"t":"TH570903"}},{"type":"Feature","geometry":{"type":"LineString","coordinates":[[99.99067,20.39897],[99.99016,20.39922],[99.98984,20.3993],[99.98965,20.39934]]},"properties":{"c":"unclassified","h":1.1,"k":1.0,"m":true,"len":116,"t":"TH570903"}},{"type":"Feature","geometry":{"type":"LineString","coordinates":[[99.98965,20.39934],[99.98911,20.39946],[99.9887,20.39967],[99.98864,20.39973]]},"properties":{"c":"unclassified","h":1.8,"k":1.0,"m":true,"len":116,"t":"TH570903"}},{"type":"Feature","geometry":{"type":"LineString","coordinates":[[99.98864,20.39973],[99.98784,20.40046]]},"properties":{"c":"unclassified","h":2.5,"k":1.0,"m":true,"len":116,"t":"TH570903"}},{"type":"Feature","geometry":{"type":"LineString","coordinates":[[99.98784,20.40046],[99.98704,20.40118]]},"properties":{"c":"unclassified","h":1.85,"k":1.0,"m":true,"len":116,"t":"TH570903"}},{"type":"Feature","geometry":{"type":"LineString","coordinates":[[99.98704,20.40118],[99.98625,20.40191]]},"properties":{"c":"unclassified","h":1.85,"k":1.0,"m":true,"len":116,"t":"TH570903"}},{"type":"Feature","geometry":{"type":"LineString","coordinates":[[99.98625,20.40191],[99.98602,20.40212],[99.98567,20.40254],[99.98558,20.40273]]},"properties":{"c":"unclassified","h":1.85,"k":1.0,"m":true,"len":116,"t":"TH570903"}},{"type":"Feature","geometry":{"type":"LineString","coordinates":[[99.94742,20.44074],[99.94751,20.44075],[99.94813,20.44079],[99.94851,20.44075],[99.94856,20.44074]]},"properties":{"c":"tertiary","h":2.55,"k":0.5009,"m":true,"len":119,"t":"TH570903","n":"ถนนเหมืองแดง"}},{"type":"Feature","geometry":{"type":"LineString","coordinates":[[99.94856,20.44074],[99.94929,20.44059],[99.94954,20.44054],[99.94967,20.4405]]},"properties":{"c":"tertiary","h":2.55,"k":0.5009,"m":true,"len":119,"t":"TH570903","n":"ถนนเหมืองแดง"}},{"type":"Feature","geometry":{"type":"LineString","coordinates":[[99.99804,20.39992],[99.99818,20.39885]]},"properties":{"c":"tertiary","h":3.85,"k":1.0,"m":true,"len":119,"t":"TH570903","n":"ถนนเหมืองแดง"}},{"type":"Feature","geometry":{"type":"LineString","coordinates":[[99.99818,20.39885],[99.99832,20.39778]]},"properties":{"c":"tertiary","h":3.85,"k":1.0,"m":true,"len":119,"t":"TH570903","n":"ถนนเหมืองแดง"}},{"type":"Feature","geometry":{"type":"LineString","coordinates":[[99.99832,20.39778],[99.99832,20.39773],[99.99842,20.39747],[99.99857,20.39731],[99.9987,20.39725],[99.99911,20.39714]]},"properties":{"c":"tertiary","h":2.1,"k":1.0,"m":true,"len":119,"t":"TH570903","n":"ถนนเหมืองแดง"}},{"type":"Feature","geometry":{"type":"LineString","coordinates":[[99.99911,20.39714],[99.99949,20.39703],[100.00015,20.39685],[100.0002,20.39683]]},"properties":{"c":"tertiary","h":2.35,"k":1.0,"m":true,"len":119,"t":"TH570903","n":"ถนนเหมืองแดง"}},{"type":"Feature","geometry":{"type":"LineString","coordinates":[[100.0002,20.39683],[100.00072,20.39664],[100.00124,20.39639]]},"properties":{"c":"tertiary","h":3.6,"k":1.0,"m":true,"len":119,"t":"TH570903","n":"ถนนเหมืองแดง"}},{"type":"Feature","geometry":{"type":"LineString","coordinates":[[100.00426,20.39168],[100.004,20.39064]]},"properties":{"c":"tertiary","h":1.15,"k":1.0,"m":true,"len":119,"t":"TH570903","n":"ถนนเหมืองแดง"}},{"type":"Feature","geometry":{"type":"LineString","coordinates":[[100.004,20.39064],[100.00373,20.38959]]},"properties":{"c":"tertiary","h":0.95,"k":1.0,"m":true,"len":119,"t":"TH570903","n":"ถนนเหมืองแดง"}},{"type":"Feature","geometry":{"type":"LineString","coordinates":[[100.00373,20.38959],[100.00361,20.38908],[100.00345,20.38854]]},"properties":{"c":"tertiary","h":0.9,"k":1.0,"m":true,"len":119,"t":"TH570903","n":"ถนนเหมืองแดง"}},{"type":"Feature","geometry":{"type":"LineString","coordinates":[[100.00345,20.38854],[100.00338,20.38828],[100.00326,20.38792],[100.00314,20.38751]]},"properties":{"c":"tertiary","h":0.95,"k":1.0,"m":true,"len":119,"t":"TH570903","n":"ถนนเหมืองแดง"}},{"type":"Feature","geometry":{"type":"LineString","coordinates":[[99.88165,20.31819],[99.88178,20.31875],[99.88187,20.31918]]},"properties":{"c":"trunk","h":null,"k":1.0,"m":true,"len":113,"t":"TH570909","n":"ถนนพหลโยธิน"}},{"type":"Feature","geometry":{"type":"LineString","coordinates":[[99.88187,20.31918],[99.8821,20.32018]]},"properties":{"c":"trunk","h":null,"k":1.0,"m":true,"len":113,"t":"TH570909","n":"ถนนพหลโยธิน"}},{"type":"Feature","geometry":{"type":"LineString","coordinates":[[99.8821,20.32018],[99.88228,20.32099],[99.88232,20.32118]]},"properties":{"c":"trunk","h":null,"k":1.0,"m":true,"len":113,"t":"TH570909","n":"ถนนพหลโยธิน"}},{"type":"Feature","geometry":{"type":"LineString","coordinates":[[99.88232,20.32118],[99.88245,20.32174],[99.88255,20.32217]]},"properties":{"c":"trunk","h":null,"k":1.0,"m":true,"len":113,"t":"TH570909","n":"ถนนพหลโยธิน"}},{"type":"Feature","geometry":{"type":"LineString","coordinates":[[99.88255,20.32217],[99.88277,20.32317]]},"properties":{"c":"trunk","h":null,"k":1.0,"m":true,"len":113,"t":"TH570909","n":"ถนนพหลโยธิน"}},{"type":"Feature","geometry":{"type":"LineString","coordinates":[[99.88277,20.32317],[99.88277,20.32317],[99.88298,20.3241],[99.88299,20.32416]]},"properties":{"c":"trunk","h":null,"k":1.0,"m":true,"len":113,"t":"TH570909","n":"ถนนพหลโยธิน"}},{"type":"Feature","geometry":{"type":"LineString","coordinates":[[99.88299,20.32416],[99.88304,20.32437],[99.88306,20.32447],[99.88322,20.32516]]},"properties":{"c":"trunk","h":null,"k":1.0,"m":true,"len":113,"t":"TH570909","n":"ถนนพหลโยธิน"}},{"type":"Feature","geometry":{"type":"LineString","coordinates":[[99.88322,20.32516],[99.88329,20.32548],[99.88333,20.32569],[99.88339,20.32594],[99.88344,20.32616]]},"properties":{"c":"trunk","h":null,"k":1.0,"m":true,"len":113,"t":"TH570909","n":"ถนนพหลโยธิน"}},{"type":"Feature","geometry":{"type":"LineString","coordinates":[[99.88344,20.32616],[99.88358,20.32681],[99.88366,20.32715]]},"properties":{"c":"trunk","h":null,"k":1.0,"m":true,"len":113,"t":"TH570909","n":"ถนนพหลโยธิน"}},{"type":"Feature","geometry":{"type":"LineString","coordinates":[[99.88366,20.32715],[99.88367,20.32718],[99.88389,20.32815]]},"properties":{"c":"trunk","h":null,"k":1.0,"m":true,"len":113,"t":"TH570909","n":"ถนนพหลโยธิน"}},{"type":"Feature","geometry":{"type":"LineString","coordinates":[[99.88389,20.32815],[99.88389,20.32818],[99.88403,20.32879],[99.88411,20.32915]]},"properties":{"c":"trunk","h":null,"k":1.0,"m":true,"len":113,"t":"TH570909","n":"ถนนพหลโยธิน"}},{"type":"Feature","geometry":{"type":"LineString","coordinates":[[99.88411,20.32915],[99.88424,20.32974],[99.88433,20.33014]]},"properties":{"c":"trunk","h":null,"k":1.0,"m":true,"len":113,"t":"TH570909","n":"ถนนพหลโยธิน"}},{"type":"Feature","geometry":{"type":"LineString","coordinates":[[99.85675,20.26247],[99.8571,20.26316],[99.85724,20.26345]]},"properties":{"c":"trunk","h":null,"k":1.0,"m":true,"len":120,"t":"TH570902","n":"ถนนพหลโยธิน"}},{"type":"Feature","geometry":{"type":"LineString","coordinates":[[99.85724,20.26345],[99.85741,20.26379],[99.85774,20.26442]]},"properties":{"c":"trunk","h":null,"k":1.0,"m":true,"len":120,"t":"TH570902","n":"ถนนพหลโยธิน"}},{"type":"Feature","geometry":{"type":"LineString","coordinates":[[99.85774,20.26442],[99.85825,20.26539]]},"properties":{"c":"trunk","h":null,"k":1.0,"m":true,"len":120,"t":"TH570902","n":"ถนนพหลโยธิน"}},{"type":"Feature","geometry":{"type":"LineString","coordinates":[[99.85825,20.26539],[99.85829,20.26547],[99.85843,20.26577],[99.85849,20.26588],[99.85864,20.26618],[99.85873,20.26637]]},"properties":{"c":"trunk","h":null,"k":1.0,"m":true,"len":120,"t":"TH570902","n":"ถนนพหลโยธิน"}},{"type":"Feature","geometry":{"type":"LineString","coordinates":[[99.85873,20.26637],[99.85908,20.26707],[99.85922,20.26735]]},"properties":{"c":"trunk","h":null,"k":1.0,"m":true,"len":120,"t":"TH570902","n":"ถนนพหลโยธิน"}},{"type":"Feature","geometry":{"type":"LineString","coordinates":[[99.85922,20.26735],[99.8596,20.26811],[99.85971,20.26832]]},"properties":{"c":"trunk","h":null,"k":1.0,"m":true,"len":120,"t":"TH570902","n":"ถนนพหลโยธิน"}},{"type":"Feature","geometry":{"type":"LineString","coordinates":[[99.85971,20.26832],[99.86018,20.26924],[99.86021,20.2693]]},"properties":{"c":"trunk","h":null,"k":1.0,"m":true,"len":120,"t":"TH570902","n":"ถนนพหลโยธิน"}},{"type":"Feature","geometry":{"type":"LineString","coordinates":[[99.86021,20.2693],[99.8603,20.26948],[99.86069,20.27028]]},"properties":{"c":"trunk","h":null,"k":1.0,"m":true,"len":120,"t":"TH570902","n":"ถนนพหลโยธิน"}},{"type":"Feature","geometry":{"type":"LineString","coordinates":[[99.86069,20.27028],[99.86072,20.27035],[99.86089,20.27071],[99.861,20.27093],[99.86117,20.27126]]},"properties":{"c":"trunk","h":null,"k":1.0,"m":true,"len":120,"t":"TH570902","n":"ถนนพหลโยธิน"}},{"type":"Feature","geometry":{"type":"LineString","coordinates":[[99.86117,20.27126],[99.86166,20.27221],[99.86167,20.27224]]},"properties":{"c":"trunk","h":null,"k":1.0,"m":true,"len":120,"t":"TH570902","n":"ถนนพหลโยธิน"}},{"type":"Feature","geometry":{"type":"LineString","coordinates":[[99.86167,20.27224],[99.86216,20.27322]]},"properties":{"c":"trunk","h":null,"k":1.0,"m":true,"len":120,"t":"TH570902","n":"ถนนพหลโยธิน"}},{"type":"Feature","geometry":{"type":"LineString","coordinates":[[99.86216,20.27322],[99.86224,20.2734],[99.86265,20.2742]]},"properties":{"c":"trunk","h":null,"k":1.0,"m":true,"len":120,"t":"TH570902","n":"ถนนพหลโยธิน"}},{"type":"Feature","geometry":{"type":"LineString","coordinates":[[99.86265,20.2742],[99.86276,20.27442],[99.86313,20.27518]]},"properties":{"c":"trunk","h":null,"k":1.0,"m":true,"len":120,"t":"TH570902","n":"ถนนพหลโยธิน"}},{"type":"Feature","geometry":{"type":"LineString","coordinates":[[99.86313,20.27518],[99.86314,20.2752],[99.86356,20.27603],[99.86362,20.27616]]},"properties":{"c":"trunk","h":null,"k":1.0,"m":true,"len":120,"t":"TH570902","n":"ถนนพหลโยธิน"}},{"type":"Feature","geometry":{"type":"LineString","coordinates":[[99.86362,20.27616],[99.86408,20.27715]]},"properties":{"c":"trunk","h":null,"k":1.0,"m":true,"len":120,"t":"TH570902","n":"ถนนพหลโยธิน"}},{"type":"Feature","geometry":{"type":"LineString","coordinates":[[99.86408,20.27715],[99.86427,20.27754],[99.86456,20.27813]]},"properties":{"c":"trunk","h":null,"k":1.0,"m":true,"len":120,"t":"TH570902","n":"ถนนพหลโยธิน"}},{"type":"Feature","geometry":{"type":"LineString","coordinates":[[99.86456,20.27813],[99.86468,20.27838],[99.86489,20.2788],[99.86504,20.27911]]},"properties":{"c":"trunk","h":null,"k":1.0,"m":true,"len":120,"t":"TH570902","n":"ถนนพหลโยธิน"}},{"type":"Feature","geometry":{"type":"LineString","coordinates":[[99.86504,20.27911],[99.8655,20.28005],[99.86552,20.28009]]},"properties":{"c":"trunk","h":null,"k":1.0,"m":true,"len":120,"t":"TH570902","n":"ถนนพหลโยธิน"}},{"type":"Feature","geometry":{"type":"LineString","coordinates":[[99.86552,20.28009],[99.86596,20.28096],[99.86601,20.28107]]},"properties":{"c":"trunk","h":null,"k":1.0,"m":true,"len":120,"t":"TH570902","n":"ถนนพหลโยธิน"}},{"type":"Feature","geometry":{"type":"LineString","coordinates":[[99.86601,20.28107],[99.86627,20.28161],[99.86648,20.28206]]},"properties":{"c":"trunk","h":null,"k":1.0,"m":true,"len":120,"t":"TH570902","n":"ถนนพหลโยธิน"}},{"type":"Feature","geometry":{"type":"LineString","coordinates":[[99.86648,20.28206],[99.86684,20.28282],[99.86692,20.28306]]},"properties":{"c":"trunk","h":null,"k":1.0,"m":true,"len":120,"t":"TH570902","n":"ถนนพหลโยธิน"}},{"type":"Feature","geometry":{"type":"LineString","coordinates":[[99.86692,20.28306],[99.86695,20.28313],[99.86727,20.28399],[99.86731,20.28408]]},"properties":{"c":"trunk","h":null,"k":1.0,"m":true,"len":120,"t":"TH570902","n":"ถนนพหลโยธิน"}},{"type":"Feature","geometry":{"type":"LineString","coordinates":[[99.86731,20.28408],[99.8677,20.28499],[99.86774,20.28508]]},"properties":{"c":"trunk","h":null,"k":1.0,"m":true,"len":120,"t":"TH570902","n":"ถนนพหลโยธิน"}},{"type":"Feature","geometry":{"type":"LineString","coordinates":[[99.86774,20.28508],[99.86822,20.28606]]},"properties":{"c":"trunk","h":null,"k":1.0,"m":true,"len":120,"t":"TH570902","n":"ถนนพหลโยธิน"}},{"type":"Feature","geometry":{"type":"LineString","coordinates":[[99.86822,20.28606],[99.86869,20.28705]]},"properties":{"c":"trunk","h":null,"k":1.0,"m":true,"len":120,"t":"TH570902","n":"ถนนพหลโยธิน"}},{"type":"Feature","geometry":{"type":"LineString","coordinates":[[99.86869,20.28705],[99.86917,20.28803]]},"properties":{"c":"trunk","h":null,"k":1.0,"m":true,"len":120,"t":"TH570902","n":"ถนนพหลโยธิน"}},{"type":"Feature","geometry":{"type":"LineString","coordinates":[[99.86917,20.28803],[99.86926,20.28822],[99.86963,20.28902]]},"properties":{"c":"trunk","h":null,"k":1.0,"m":true,"len":120,"t":"TH570902","n":"ถนนพหลโยธิน"}},{"type":"Feature","geometry":{"type":"LineString","coordinates":[[99.86963,20.28902],[99.87009,20.29002]]},"properties":{"c":"trunk","h":null,"k":1.0,"m":true,"len":120,"t":"TH570902","n":"ถนนพหลโยธิน"}},{"type":"Feature","geometry":{"type":"LineString","coordinates":[[99.87009,20.29002],[99.87055,20.29101]]},"properties":{"c":"trunk","h":null,"k":1.0,"m":true,"len":120,"t":"TH570902","n":"ถนนพหลโยธิน"}},{"type":"Feature","geometry":{"type":"LineString","coordinates":[[99.87055,20.29101],[99.87101,20.292]]},"properties":{"c":"trunk","h":null,"k":1.0,"m":true,"len":120,"t":"TH570902","n":"ถนนพหลโยธิน"}},{"type":"Feature","geometry":{"type":"LineString","coordinates":[[99.87101,20.292],[99.87147,20.29299]]},"properties":{"c":"trunk","h":null,"k":1.0,"m":true,"len":120,"t":"TH570902","n":"ถนนพหลโยธิน"}},{"type":"Feature","geometry":{"type":"LineString","coordinates":[[99.87147,20.29299],[99.87193,20.29398]]},"properties":{"c":"trunk","h":null,"k":1.0,"m":true,"len":120,"t":"TH570902","n":"ถนนพหลโยธิน"}},{"type":"Feature","geometry":{"type":"LineString","coordinates":[[99.87193,20.29398],[99.87239,20.29497]]},"properties":{"c":"trunk","h":null,"k":1.0,"m":true,"len":120,"t":"TH570902","n":"ถนนพหลโยธิน"}},{"type":"Feature","geometry":{"type":"LineString","coordinates":[[99.87239,20.29497],[99.87285,20.29596]]},"properties":{"c":"trunk","h":12.4,"k":0.3554,"m":true,"len":120,"t":"TH570902","n":"ถนนพหลโยธิน"}},{"type":"Feature","geometry":{"type":"LineString","coordinates":[[99.87285,20.29596],[99.87318,20.29667],[99.87331,20.29695]]},"properties":{"c":"trunk","h":12.55,"k":0.3554,"m":true,"len":120,"t":"TH570902","n":"ถนนพหลโยธิน"}},{"type":"Feature","geometry":{"type":"LineString","coordinates":[[99.87331,20.29695],[99.87376,20.29795]]},"properties":{"c":"trunk","h":12.7,"k":0.3554,"m":true,"len":120,"t":"TH570902","n":"ถนนพหลโยธิน"}},{"type":"Feature","geometry":{"type":"LineString","coordinates":[[99.87376,20.29795],[99.87422,20.29894]]},"properties":{"c":"trunk","h":10.85,"k":0.3554,"m":true,"len":120,"t":"TH570902","n":"ถนนพหลโยธิน"}},{"type":"Feature","geometry":{"type":"LineString","coordinates":[[99.87422,20.29894],[99.87467,20.29993]]},"properties":{"c":"trunk","h":9.85,"k":0.3554,"m":true,"len":120,"t":"TH570902","n":"ถนนพหลโยธิน"}},{"type":"Feature","geometry":{"type":"LineString","coordinates":[[99.87467,20.29993],[99.87513,20.30093]]},"properties":{"c":"trunk","h":10.55,"k":0.3554,"m":true,"len":120,"t":"TH570902","n":"ถนนพหลโยธิน"}},{"type":"Feature","geometry":{"type":"LineString","coordinates":[[99.87513,20.30093],[99.87558,20.30192]]},"properties":{"c":"trunk","h":11.4,"k":0.3554,"m":true,"len":120,"t":"TH570902","n":"ถนนพหลโยธิน"}},{"type":"Feature","geometry":{"type":"LineString","coordinates":[[99.87558,20.30192],[99.87581,20.3024],[99.87582,20.30243],[99.87605,20.30291]]},"properties":{"c":"trunk","h":11.0,"k":0.3554,"m":true,"len":120,"t":"TH570902","n":"ถนนพหลโยธิน"}},{"type":"Feature","geometry":{"type":"LineString","coordinates":[[99.87605,20.30291],[99.8765,20.3039]]},"properties":{"c":"trunk","h":11.4,"k":0.3554,"m":true,"len":120,"t":"TH570902","n":"ถนนพหลโยธิน"}},{"type":"Feature","geometry":{"type":"LineString","coordinates":[[99.8765,20.3039],[99.87696,20.30489]]},"properties":{"c":"trunk","h":null,"k":1.0,"m":true,"len":120,"t":"TH570902","n":"ถนนพหลโยธิน"}},{"type":"Feature","geometry":{"type":"LineString","coordinates":[[99.87696,20.30489],[99.87742,20.30589]]},"properties":{"c":"trunk","h":11.35,"k":0.3554,"m":true,"len":120,"t":"TH570902","n":"ถนนพหลโยธิน"}},{"type":"Feature","geometry":{"type":"LineString","coordinates":[[99.87742,20.30589],[99.87788,20.30688]]},"properties":{"c":"trunk","h":8.7,"k":0.3554,"m":true,"len":120,"t":"TH570902","n":"ถนนพหลโยธิน"}},{"type":"Feature","geometry":{"type":"LineString","coordinates":[[99.87788,20.30688],[99.87833,20.30787]]},"properties":{"c":"trunk","h":9.25,"k":0.3554,"m":true,"len":120,"t":"TH570902","n":"ถนนพหลโยธิน"}},{"type":"Feature","geometry":{"type":"LineString","coordinates":[[99.87833,20.30787],[99.8784,20.30801],[99.87879,20.30886]]},"properties":{"c":"trunk","h":11.5,"k":0.3554,"m":true,"len":120,"t":"TH570902","n":"ถนนพหลโยธิน"}},{"type":"Feature","geometry":{"type":"LineString","coordinates":[[99.87879,20.30886],[99.87884,20.30896],[99.87901,20.30932],[99.87925,20.30985]]},"properties":{"c":"trunk","h":12.1,"k":0.3554,"m":true,"len":120,"t":"TH570902","n":"ถนนพหลโยธิน"}},{"type":"Feature","geometry":{"type":"LineString","coordinates":[[99.87925,20.30985],[99.87933,20.31002],[99.87971,20.31084]]},"properties":{"c":"trunk","h":null,"k":1.0,"m":true,"len":120,"t":"TH570902","n":"ถนนพหลโยธิน"}},{"type":"Feature","geometry":{"type":"LineString","coordinates":[[99.87971,20.31084],[99.87978,20.31099],[99.87995,20.31146],[99.88008,20.31187]]},"properties":{"c":"trunk","h":null,"k":1.0,"m":true,"len":120,"t":"TH570902","n":"ถนนพหลโยธิน"}},{"type":"Feature","geometry":{"type":"LineString","coordinates":[[99.88008,20.31187],[99.88019,20.31218],[99.8803,20.3126],[99.88038,20.31291]]},"properties":{"c":"trunk","h":null,"k":1.0,"m":true,"len":120,"t":"TH570902","n":"ถนนพหลโยธิน"}},{"type":"Feature","geometry":{"type":"LineString","coordinates":[[99.88038,20.31291],[99.88054,20.31353],[99.88065,20.31396]]},"properties":{"c":"trunk","h":null,"k":1.0,"m":true,"len":120,"t":"TH570902","n":"ถนนพหลโยธิน"}},{"type":"Feature","geometry":{"type":"LineString","coordinates":[[99.88065,20.31396],[99.8809,20.31502]]},"properties":{"c":"trunk","h":null,"k":1.0,"m":true,"len":120,"t":"TH570902","n":"ถนนพหลโยธิน"}},{"type":"Feature","geometry":{"type":"LineString","coordinates":[[99.8809,20.31502],[99.88115,20.31607]]},"properties":{"c":"trunk","h":null,"k":1.0,"m":true,"len":120,"t":"TH570902","n":"ถนนพหลโยธิน"}},{"type":"Feature","geometry":{"type":"LineString","coordinates":[[99.88115,20.31607],[99.8814,20.31713]]},"properties":{"c":"trunk","h":null,"k":1.0,"m":true,"len":120,"t":"TH570902","n":"ถนนพหลโยธิน"}},{"type":"Feature","geometry":{"type":"LineString","coordinates":[[99.8814,20.31713],[99.88146,20.31734],[99.88165,20.31819]]},"properties":{"c":"trunk","h":null,"k":1.0,"m":true,"len":120,"t":"TH570902","n":"ถนนพหลโยธิน"}},{"type":"Feature","geometry":{"type":"LineString","coordinates":[[99.88402,20.44569],[99.88416,20.44561],[99.88422,20.44558],[99.88428,20.44556],[99.8843,20.44555],[99.88431,20.44553],[99.88432,20.44552],[99.88433,20.44539],[99.88434,20.44521],[99.88437,20.44502],[99.8844,20.4449]]},"properties":{"c":"residential","h":2.5,"k":0.9996,"m":true,"len":106,"t":"TH570901"}},{"type":"Feature","geometry":{"type":"LineString","coordinates":[[99.88033,20.44403],[99.88044,20.44403]]},"properties":{"c":"residential","h":2.05,"k":0.9958,"m":true,"len":11,"t":"TH570906"}},{"type":"Feature","geometry":{"type":"LineString","coordinates":[[99.87931,20.44413],[99.87945,20.44413]]},"properties":{"c":"residential","h":2.0,"k":0.9957,"m":true,"len":15,"t":"TH570906"}},{"type":"Feature","geometry":{"type":"LineString","coordinates":[[99.87852,20.44402],[99.87863,20.44403],[99.87882,20.44404],[99.8791,20.44412],[99.87931,20.44413]]},"properties":{"c":"residential","h":2.2,"k":0.9957,"m":true,"len":84,"t":"TH570906"}},{"type":"Feature","geometry":{"type":"LineString","coordinates":[[99.87945,20.44413],[99.87958,20.44412],[99.88033,20.44403]]},"properties":{"c":"residential","h":0.8,"k":0.9957,"m":true,"len":92,"t":"TH570906"}},{"type":"Feature","geometry":{"type":"LineString","coordinates":[[100.00304,20.3872],[100.00272,20.38616]]},"properties":{"c":"tertiary","h":0.95,"k":1.0,"m":true,"len":119,"t":"TH570903","n":"ถนนเหมืองแดง"}},{"type":"Feature","geometry":{"type":"LineString","coordinates":[[100.00272,20.38616],[100.00242,20.3852],[100.0024,20.38513]]},"properties":{"c":"tertiary","h":0.8,"k":1.0,"m":true,"len":119,"t":"TH570903","n":"ถนนเหมืองแดง"}},{"type":"Feature","geometry":{"type":"LineString","coordinates":[[100.0024,20.38513],[100.0022,20.38442],[100.00212,20.38409]]},"properties":{"c":"tertiary","h":0.65,"k":1.0,"m":true,"len":119,"t":"TH570903","n":"ถนนเหมืองแดง"}},{"type":"Feature","geometry":{"type":"LineString","coordinates":[[100.00212,20.38409],[100.00195,20.38343],[100.00187,20.38303]]},"properties":{"c":"tertiary","h":0.65,"k":1.0,"m":true,"len":119,"t":"TH570903","n":"ถนนเหมืองแดง"}},{"type":"Feature","geometry":{"type":"LineString","coordinates":[[100.00187,20.38303],[100.00164,20.38198]]},"properties":{"c":"tertiary","h":0.55,"k":1.0,"m":true,"len":119,"t":"TH570903","n":"ถนนเหมืองแดง"}},{"type":"Feature","geometry":{"type":"LineString","coordinates":[[100.00164,20.38198],[100.00147,20.38123],[100.0014,20.38093]]},"properties":{"c":"tertiary","h":0.7,"k":1.0,"m":true,"len":119,"t":"TH570903","n":"ถนนเหมืองแดง"}},{"type":"Feature","geometry":{"type":"LineString","coordinates":[[100.0014,20.38093],[100.00115,20.37988]]},"properties":{"c":"tertiary","h":0.35,"k":1.0,"m":true,"len":119,"t":"TH570903","n":"ถนนเหมืองแดง"}},{"type":"Feature","geometry":{"type":"LineString","coordinates":[[100.00115,20.37988],[100.0009,20.37882]]},"properties":{"c":"tertiary","h":0.4,"k":1.0,"m":true,"len":119,"t":"TH570903","n":"ถนนเหมืองแดง"}},{"type":"Feature","geometry":{"type":"LineString","coordinates":[[99.9306,20.43624],[99.93081,20.43614],[99.93158,20.43576]]},"properties":{"c":"unclassified","h":1.2,"k":1.0,"m":true,"len":115,"t":"TH570903"}},{"type":"Feature","geometry":{"type":"LineString","coordinates":[[99.93158,20.43576],[99.93218,20.43546],[99.93246,20.43523],[99.9325,20.4352]]},"properties":{"c":"unclassified","h":0.5,"k":1.0,"m":true,"len":115,"t":"TH570903"}},{"type":"Feature","geometry":{"type":"LineString","coordinates":[[99.9325,20.4352],[99.93332,20.4345]]},"properties":{"c":"unclassified","h":0.15,"k":1.0,"m":true,"len":115,"t":"TH570903"}},{"type":"Feature","geometry":{"type":"LineString","coordinates":[[99.93332,20.4345],[99.93414,20.43381]]},"properties":{"c":"unclassified","h":2.7,"k":1.0,"m":true,"len":115,"t":"TH570903"}},{"type":"Feature","geometry":{"type":"LineString","coordinates":[[99.9337,20.43833],[99.93425,20.43867]]},"properties":{"c":"residential","h":0.15,"k":1.0,"m":true,"len":68,"t":"TH570901"}},{"type":"Feature","geometry":{"type":"LineString","coordinates":[[99.93425,20.43867],[99.93434,20.43873],[99.93455,20.4392]]},"properties":{"c":"residential","h":0.15,"k":1.0,"m":true,"len":68,"t":"TH570901"}},{"type":"Feature","geometry":{"type":"LineString","coordinates":[[99.93308,20.43973],[99.93285,20.43945],[99.93334,20.43898]]},"properties":{"c":"residential","h":0.6,"k":1.0,"m":true,"len":112,"t":"TH570901"}},{"type":"Feature","geometry":{"type":"LineString","coordinates":[[99.93334,20.43898],[99.93347,20.43885],[99.93434,20.43873]]},"properties":{"c":"residential","h":0.15,"k":1.0,"m":true,"len":112,"t":"TH570901"}},{"type":"Feature","geometry":{"type":"LineString","coordinates":[[99.91588,20.44095],[99.91639,20.44119],[99.91655,20.44125],[99.91691,20.44141]]},"properties":{"c":"tertiary","h":3.55,"k":0.4929,"m":true,"len":120,"t":"TH570901","n":"ถนนเหมืองแดง"}},{"type":"Feature","geometry":{"type":"LineString","coordinates":[[99.91691,20.44141],[99.91714,20.44151],[99.91753,20.4417],[99.91794,20.44188]]},"properties":{"c":"tertiary","h":3.45,"k":0.4929,"m":true,"len":120,"t":"TH570901","n":"ถนนเหมืองแดง"}},{"type":"Feature","geometry":{"type":"LineString","coordinates":[[99.91903,20.44216],[99.91988,20.44215],[99.92016,20.44217],[99.92018,20.44217]]},"properties":{"c":"tertiary","h":3.8,"k":0.4946,"m":true,"len":120,"t":"TH570901","n":"ถนนเหมืองแดง"}},{"type":"Feature","geometry":{"type":"LineString","coordinates":[[99.92018,20.44217],[99.92042,20.44222],[99.92061,20.44228],[99.92106,20.44251],[99.92121,20.44261]]},"properties":{"c":"tertiary","h":3.1,"k":0.4946,"m":true,"len":120,"t":"TH570901","n":"ถนนเหมืองแดง"}},{"type":"Feature","geometry":{"type":"LineString","coordinates":[[99.92121,20.44261],[99.92124,20.44262],[99.9214,20.44269],[99.92186,20.44281],[99.92217,20.44286],[99.92232,20.44288]]},"properties":{"c":"tertiary","h":2.2,"k":0.4946,"m":true,"len":120,"t":"TH570901","n":"ถนนเหมืองแดง"}},{"type":"Feature","geometry":{"type":"LineString","coordinates":[[99.92232,20.44288],[99.92248,20.44289],[99.92276,20.44291],[99.92304,20.4429],[99.92344,20.44288],[99.92346,20.44287]]},"properties":{"c":"tertiary","h":0.5,"k":0.4946,"m":true,"len":120,"t":"TH570901","n":"ถนนเหมืองแดง"}},{"type":"Feature","geometry":{"type":"LineString","coordinates":[[99.92346,20.44287],[99.92399,20.44274],[99.92447,20.4426],[99.92457,20.44258]]},"properties":{"c":"tertiary","h":0.05,"k":0.4946,"m":true,"len":120,"t":"TH570901","n":"ถนนเหมืองแดง"}},{"type":"Feature","geometry":{"type":"LineString","coordinates":[[99.92457,20.44258],[99.92548,20.44237],[99.92568,20.44231]]},"properties":{"c":"tertiary","h":0.05,"k":0.4946,"m":true,"len":120,"t":"TH570901","n":"ถนนเหมืองแดง"}},{"type":"Feature","geometry":{"type":"LineString","coordinates":[[99.92568,20.44231],[99.92678,20.44202]]},"properties":{"c":"tertiary","h":0.2,"k":0.4956,"m":true,"len":120,"t":"TH570901","n":"ถนนเหมืองแดง"}},{"type":"Feature","geometry":{"type":"LineString","coordinates":[[99.92678,20.44202],[99.92704,20.44196],[99.92788,20.4417]]},"properties":{"c":"tertiary","h":0.7,"k":0.4956,"m":true,"len":120,"t":"TH570901","n":"ถนนเหมืองแดง"}},{"type":"Feature","geometry":{"type":"LineString","coordinates":[[99.92788,20.4417],[99.92822,20.4416],[99.92833,20.44157],[99.92854,20.4415],[99.92897,20.44137]]},"properties":{"c":"tertiary","h":1.3,"k":1.0,"m":true,"len":120,"t":"TH570901","n":"ถนนเหมืองแดง"}},{"type":"Feature","geometry":{"type":"LineString","coordinates":[[99.92897,20.44137],[99.93005,20.44102],[99.93006,20.44102]]},"properties":{"c":"tertiary","h":1.3,"k":1.0,"m":true,"len":120,"t":"TH570901","n":"ถนนเหมืองแดง"}},{"type":"Feature","geometry":{"type":"LineString","coordinates":[[99.93006,20.44102],[99.93067,20.44078],[99.93111,20.44059]]},"properties":{"c":"tertiary","h":0.9,"k":1.0,"m":true,"len":120,"t":"TH570901","n":"ถนนเหมืองแดง"}},{"type":"Feature","geometry":{"type":"LineString","coordinates":[[99.93111,20.44059],[99.93191,20.44024],[99.93199,20.4402],[99.93215,20.44013]]},"properties":{"c":"tertiary","h":0.8,"k":1.0,"m":true,"len":120,"t":"TH570901","n":"ถนนเหมืองแดง"}},{"type":"Feature","geometry":{"type":"LineString","coordinates":[[99.93215,20.44013],[99.93308,20.43973],[99.93319,20.43968]]},"properties":{"c":"tertiary","h":0.8,"k":1.0,"m":true,"len":120,"t":"TH570901","n":"ถนนเหมืองแดง"}},{"type":"Feature","geometry":{"type":"LineString","coordinates":[[99.93319,20.43968],[99.93368,20.43949],[99.93426,20.4393]]},"properties":{"c":"tertiary","h":0.95,"k":1.0,"m":true,"len":120,"t":"TH570901","n":"ถนนเหมืองแดง"}},{"type":"Feature","geometry":{"type":"LineString","coordinates":[[99.93426,20.4393],[99.93455,20.4392],[99.93534,20.43894]]},"properties":{"c":"tertiary","h":0.05,"k":1.0,"m":true,"len":120,"t":"TH570901","n":"ถนนเหมืองแดง"}},{"type":"Feature","geometry":{"type":"LineString","coordinates":[[99.93534,20.43894],[99.93541,20.43892],[99.93643,20.43859]]},"properties":{"c":"tertiary","h":0.05,"k":1.0,"m":true,"len":120,"t":"TH570901","n":"ถนนเหมืองแดง"}},{"type":"Feature","geometry":{"type":"LineString","coordinates":[[99.93643,20.43859],[99.93717,20.43835],[99.93733,20.43831],[99.93752,20.43826]]},"properties":{"c":"tertiary","h":0.05,"k":1.0,"m":true,"len":120,"t":"TH570901","n":"ถนนเหมืองแดง"}},{"type":"Feature","geometry":{"type":"LineString","coordinates":[[99.93752,20.43826],[99.93766,20.43823],[99.93863,20.43811],[99.93865,20.43811]]},"properties":{"c":"tertiary","h":0.05,"k":1.0,"m":true,"len":120,"t":"TH570901","n":"ถนนเหมืองแดง"}},{"type":"Feature","geometry":{"type":"LineString","coordinates":[[99.93865,20.43811],[99.9387,20.43811],[99.93877,20.43811],[99.93885,20.43813],[99.93896,20.43816],[99.93944,20.43841],[99.93968,20.43855]]},"properties":{"c":"tertiary","h":0.6,"k":1.0,"m":true,"len":120,"t":"TH570901","n":"ถนนเหมืองแดง"}},{"type":"Feature","geometry":{"type":"LineString","coordinates":[[99.93968,20.43855],[99.93982,20.43863],[99.94013,20.43878],[99.94071,20.43904]]},"properties":{"c":"tertiary","h":0.1,"k":1.0,"m":true,"len":120,"t":"TH570901","n":"ถนนเหมืองแดง"}},{"type":"Feature","geometry":{"type":"LineString","coordinates":[[99.94071,20.43904],[99.94153,20.43942],[99.94173,20.43952]]},"properties":{"c":"tertiary","h":1.1,"k":1.0,"m":true,"len":120,"t":"TH570901","n":"ถนนเหมืองแดง"}},{"type":"Feature","geometry":{"type":"LineString","coordinates":[[100.00314,20.38751],[100.00304,20.3872]]},"properties":{"c":"tertiary","h":1.9,"k":1.0,"m":true,"len":36,"t":"TH570903","n":"ถนนเหมืองแดง"}},{"type":"Feature","geometry":{"type":"LineString","coordinates":[[99.91884,20.44217],[99.91896,20.44209],[99.91914,20.44196],[99.91941,20.44187],[99.91984,20.4418]]},"properties":{"c":"tertiary","h":2.85,"k":0.4946,"m":true,"len":114,"t":"TH570901"}},{"type":"Feature","geometry":{"type":"LineString","coordinates":[[99.91984,20.4418],[99.92092,20.44162]]},"properties":{"c":"tertiary","h":2.15,"k":0.4946,"m":true,"len":114,"t":"TH570901"}},{"type":"Feature","geometry":{"type":"LineString","coordinates":[[99.92092,20.44162],[99.92113,20.44159],[99.92137,20.44155],[99.92165,20.44156],[99.92188,20.44159],[99.922,20.4416]]},"properties":{"c":"tertiary","h":0.75,"k":0.4946,"m":true,"len":114,"t":"TH570901"}},{"type":"Feature","geometry":{"type":"LineString","coordinates":[[99.922,20.4416],[99.92217,20.44163],[99.92277,20.44172],[99.92309,20.44175]]},"properties":{"c":"tertiary","h":0.85,"k":0.4946,"m":true,"len":114,"t":"TH570901"}},{"type":"Feature","geometry":{"type":"LineString","coordinates":[[99.92309,20.44175],[99.92344,20.4418],[99.92355,20.44179],[99.92364,20.44176],[99.92374,20.44174],[99.92384,20.44169],[99.92411,20.44153]]},"properties":{"c":"tertiary","h":0.05,"k":0.4946,"m":true,"len":114,"t":"TH570901"}},{"type":"Feature","geometry":{"type":"LineString","coordinates":[[99.92411,20.44153],[99.92502,20.44096]]},"properties":{"c":"tertiary","h":0.05,"k":0.4946,"m":true,"len":114,"t":"TH570901"}},{"type":"Feature","geometry":{"type":"LineString","coordinates":[[99.92502,20.44096],[99.92594,20.44039]]},"properties":{"c":"tertiary","h":1.0,"k":0.4946,"m":true,"len":114,"t":"TH570901"}},{"type":"Feature","geometry":{"type":"LineString","coordinates":[[99.92594,20.44039],[99.92653,20.44002],[99.92682,20.43979]]},"properties":{"c":"tertiary","h":2.4,"k":1.0,"m":true,"len":114,"t":"TH570901"}},{"type":"Feature","geometry":{"type":"LineString","coordinates":[[99.92682,20.43979],[99.92692,20.43971],[99.92717,20.43943],[99.92746,20.43896]]},"properties":{"c":"tertiary","h":2.6,"k":1.0,"m":true,"len":114,"t":"TH570901"}},{"type":"Feature","geometry":{"type":"LineString","coordinates":[[99.92746,20.43896],[99.92752,20.43887],[99.92777,20.43867],[99.92835,20.43839]]},"properties":{"c":"tertiary","h":2.55,"k":1.0,"m":true,"len":114,"t":"TH570901"}},{"type":"Feature","geometry":{"type":"LineString","coordinates":[[99.92922,20.43778],[99.93003,20.43709]]},"properties":{"c":"tertiary","h":3.85,"k":1.0,"m":true,"len":114,"t":"TH570901"}},{"type":"Feature","geometry":{"type":"LineString","coordinates":[[99.93003,20.43709],[99.93019,20.43695],[99.93041,20.43675],[99.9305,20.4366],[99.9306,20.43624]]},"properties":{"c":"tertiary","h":3.75,"k":1.0,"m":true,"len":114,"t":"TH570901"}},{"type":"Feature","geometry":{"type":"LineString","coordinates":[[99.86069,20.44138],[99.86049,20.44155],[99.86045,20.44161],[99.8604,20.44184],[99.86052,20.44185]]},"properties":{"c":"residential","h":1.0,"k":0.9943,"m":true,"len":74,"t":"TH570906"}},{"type":"Feature","geometry":{"type":"LineString","coordinates":[[99.86052,20.44185],[99.86062,20.44185],[99.86084,20.44181],[99.86122,20.44172]]},"properties":{"c":"residential","h":3.6,"k":0.9943,"m":true,"len":74,"t":"TH570906"}},{"type":"Feature","geometry":{"type":"LineString","coordinates":[[99.86799,20.44602],[99.86809,20.44598],[99.86815,20.44593],[99.86819,20.44592],[99.86824,20.44591],[99.8683,20.44593],[99.86834,20.44593],[99.86842,20.44591],[99.86856,20.44587],[99.86862,20.44585],[99.86871,20.4458],[99.86876,20.44578],[99.86883,20.44579],[99.86895,20.44582],[99.86897,20.44583]]},"properties":{"c":"residential","h":2.85,"k":0.9951,"m":true,"len":110,"t":"TH570906"}},{"type":"Feature","geometry":{"type":"LineString","coordinates":[[99.88988,20.44458],[99.88997,20.44423]]},"properties":{"c":"residential","h":0.8,"k":0.9997,"m":true,"len":40,"t":"TH570901"}},{"type":"Feature","geometry":{"type":"LineString","coordinates":[[99.94807,20.4594],[99.9482,20.45951],[99.94857,20.45967],[99.94909,20.45987]]},"properties":{"c":"unclassified","h":3.15,"k":0.501,"m":true,"len":119,"t":"TH570903"}},{"type":"Feature","geometry":{"type":"LineString","coordinates":[[99.95116,20.46073],[99.95132,20.46086],[99.95199,20.46148]]},"properties":{"c":"unclassified","h":2.95,"k":0.5011,"m":true,"len":119,"t":"TH570903"}},{"type":"Feature","geometry":{"type":"LineString","coordinates":[[99.95199,20.46148],[99.9528,20.46221],[99.95281,20.46222]]},"properties":{"c":"unclassified","h":3.55,"k":0.5011,"m":true,"len":119,"t":"TH570903"}},{"type":"Feature","geometry":{"type":"LineString","coordinates":[[99.95913,20.46413],[99.95949,20.46426],[99.95971,20.46432],[99.9601,20.46437],[99.96023,20.46439]]},"properties":{"c":"unclassified","h":3.25,"k":0.5183,"m":true,"len":119,"t":"TH570903"}},{"type":"Feature","geometry":{"type":"LineString","coordinates":[[99.96023,20.46439],[99.96025,20.4644],[99.96041,20.4644],[99.96056,20.46435],[99.96067,20.46423],[99.96075,20.46403],[99.96075,20.46386],[99.96069,20.4637],[99.96066,20.46367]]},"properties":{"c":"unclassified","h":2.95,"k":0.5184,"m":true,"len":119,"t":"TH570903"}},{"type":"Feature","geometry":{"type":"LineString","coordinates":[[99.96066,20.46367],[99.96056,20.46358],[99.96036,20.46333],[99.96006,20.46303],[99.95997,20.46286],[99.95996,20.46282]]},"properties":{"c":"unclassified","h":2.7,"k":0.5184,"m":true,"len":119,"t":"TH570903"}},{"type":"Feature","geometry":{"type":"LineString","coordinates":[[99.90207,20.43309],[99.90206,20.43336],[99.90204,20.4338],[99.90203,20.43402]]},"properties":{"c":"residential","h":1.7,"k":1.0,"m":true,"len":103,"t":"TH570901"}},{"type":"Feature","geometry":{"type":"LineString","coordinates":[[99.90203,20.43402],[99.90202,20.43423],[99.90201,20.43439],[99.902,20.43468],[99.90198,20.43495]]},"properties":{"c":"residential","h":0.6,"k":1.0,"m":true,"len":103,"t":"TH570901"}},{"type":"Feature","geometry":{"type":"LineString","coordinates":[[99.90198,20.43495],[99.90196,20.43542],[99.90194,20.43585],[99.90194,20.43587]]},"properties":{"c":"residential","h":0.1,"k":1.0,"m":true,"len":103,"t":"TH570901"}},{"type":"Feature","geometry":{"type":"LineString","coordinates":[[99.90194,20.43587],[99.90192,20.43629],[99.9019,20.4368]]},"properties":{"c":"residential","h":0.05,"k":1.0,"m":true,"len":103,"t":"TH570901"}},{"type":"Feature","geometry":{"type":"LineString","coordinates":[[99.9019,20.4368],[99.9019,20.43686],[99.90188,20.43728],[99.90186,20.43771],[99.90186,20.43772]]},"properties":{"c":"residential","h":2.3,"k":1.0,"m":true,"len":103,"t":"TH570901"}},{"type":"Feature","geometry":{"type":"LineString","coordinates":[[99.89948,20.43856],[99.90055,20.43865]]},"properties":{"c":"residential","h":0.3,"k":1.0,"m":true,"len":112,"t":"TH570901"}},{"type":"Feature","geometry":{"type":"LineString","coordinates":[[99.90161,20.43877],[99.90267,20.43889]]},"properties":{"c":"residential","h":3.8,"k":0.4929,"m":true,"len":112,"t":"TH570901"}},{"type":"Feature","geometry":{"type":"LineString","coordinates":[[99.90267,20.43889],[99.90373,20.43901]]},"properties":{"c":"residential","h":2.25,"k":1.0,"m":true,"len":112,"t":"TH570901"}},{"type":"Feature","geometry":{"type":"LineString","coordinates":[[99.90373,20.43901],[99.90435,20.43907],[99.90479,20.43912]]},"properties":{"c":"residential","h":2.4,"k":1.0,"m":true,"len":112,"t":"TH570901"}},{"type":"Feature","geometry":{"type":"LineString","coordinates":[[99.90502,20.43898],[99.90503,20.43894],[99.90508,20.43876],[99.90528,20.43804]]},"properties":{"c":"trunk","h":4.3,"k":1.0,"m":true,"len":107,"t":"TH570901","n":"ถนนเลี่ยงเมืองแม่สาย"}},{"type":"Feature","geometry":{"type":"LineString","coordinates":[[99.90528,20.43804],[99.90531,20.43792],[99.90552,20.43715],[99.90553,20.4371]]},"properties":{"c":"trunk","h":2.3,"k":1.0,"m":true,"len":107,"t":"TH570901","n":"ถนนเลี่ยงเมืองแม่สาย"}},{"type":"Feature","geometry":{"type":"LineString","coordinates":[[99.90553,20.4371],[99.90562,20.43663],[99.9057,20.43622],[99.90572,20.43614]]},"properties":{"c":"trunk","h":0.95,"k":1.0,"m":true,"len":107,"t":"TH570901","n":"ถนนเลี่ยงเมืองแม่สาย"}},{"type":"Feature","geometry":{"type":"LineString","coordinates":[[99.90572,20.43614],[99.90586,20.43543],[99.9059,20.43519]]},"properties":{"c":"trunk","h":0.7,"k":1.0,"m":true,"len":107,"t":"TH570901","n":"ถนนเลี่ยงเมืองแม่สาย"}},{"type":"Feature","geometry":{"type":"LineString","coordinates":[[99.9059,20.43519],[99.90594,20.43499],[99.90595,20.43493],[99.90606,20.43442],[99.90609,20.43424]]},"properties":{"c":"trunk","h":0.2,"k":1.0,"m":true,"len":107,"t":"TH570901","n":"ถนนเลี่ยงเมืองแม่สาย"}},{"type":"Feature","geometry":{"type":"LineString","coordinates":[[99.90609,20.43424],[99.90616,20.43386],[99.90627,20.43328]]},"properties":{"c":"trunk","h":0.25,"k":1.0,"m":true,"len":107,"t":"TH570901","n":"ถนนเลี่ยงเมืองแม่สาย"}},{"type":"Feature","geometry":{"type":"LineString","coordinates":[[99.90497,20.43875],[99.90494,20.43892],[99.90493,20.43897]]},"properties":{"c":"trunk","h":7.0,"k":0.4929,"m":true,"len":24,"t":"TH570901","n":"ถนนเลี่ยงเมืองแม่สาย"}},{"type":"Feature","geometry":{"type":"LineString","coordinates":[[99.90493,20.43897],[99.9049,20.43913]]},"properties":{"c":"trunk","h":5.4,"k":0.4929,"m":true,"len":18,"t":"TH570901","n":"ถนนเลี่ยงเมืองแม่สาย"}},{"type":"Feature","geometry":{"type":"LineString","coordinates":[[99.8995,20.38255],[99.89951,20.38264],[99.89951,20.38271],[99.89951,20.38276],[99.89948,20.38286]]},"properties":{"c":"primary","h":3.5,"k":0.35,"m":true,"len":35,"t":"TH570904"}},{"type":"Feature","geometry":{"type":"LineString","coordinates":[[99.89944,20.38288],[99.89955,20.38286],[99.89964,20.38287],[99.8997,20.38288],[99.89982,20.3829]]},"properties":{"c":"primary","h":2.9,"k":0.35,"m":true,"len":40,"t":"TH570904"}},{"type":"Feature","geometry":{"type":"LineString","coordinates":[[99.89991,20.38252],[99.89978,20.38253],[99.89968,20.38252],[99.89959,20.38251],[99.89942,20.38245]]},"properties":{"c":"primary","h":3.65,"k":0.35,"m":true,"len":52,"t":"TH570904"}},{"type":"Feature","geometry":{"type":"LineString","coordinates":[[99.89984,20.38293],[99.89984,20.38283],[99.89983,20.38275],[99.89984,20.38266],[99.89988,20.38255]]},"properties":{"c":"primary","h":6.55,"k":0.35,"m":true,"len":43,"t":"TH570904"}},{"type":"Feature","geometry":{"type":"LineString","coordinates":[[99.92633,20.43577],[99.92631,20.43575]]},"properties":{"c":"residential","h":4.0,"k":1.0,"m":true,"len":3,"t":"TH570901"}},{"type":"Feature","geometry":{"type":"LineString","coordinates":[[99.92208,20.43816],[99.92204,20.43806]]},"properties":{"c":"residential","h":3.6,"k":1.0,"m":true,"len":11,"t":"TH570901"}},{"type":"Feature","geometry":{"type":"LineString","coordinates":[[99.92204,20.43806],[99.92203,20.43803]]},"properties":{"c":"residential","h":3.6,"k":1.0,"m":true,"len":3,"t":"TH570901"}},{"type":"Feature","geometry":{"type":"LineString","coordinates":[[99.92209,20.43818],[99.92208,20.43816]]},"properties":{"c":"residential","h":3.8,"k":1.0,"m":true,"len":2,"t":"TH570901"}},{"type":"Feature","geometry":{"type":"LineString","coordinates":[[99.91741,20.44212],[99.9167,20.44202]]},"properties":{"c":"residential","h":2.5,"k":0.4929,"m":true,"len":74,"t":"TH570901"}},{"type":"Feature","geometry":{"type":"LineString","coordinates":[[99.9167,20.44202],[99.916,20.44193]]},"properties":{"c":"residential","h":2.8,"k":0.4929,"m":true,"len":74,"t":"TH570901"}},{"type":"Feature","geometry":{"type":"LineString","coordinates":[[99.90665,20.43049],[99.90646,20.43139]]},"properties":{"c":"trunk","h":6.55,"k":1.0,"m":true,"len":102,"t":"TH570901","n":"ถนนเลี่ยงเมืองแม่สาย"}},{"type":"Feature","geometry":{"type":"LineString","coordinates":[[99.90646,20.43139],[99.9064,20.43167],[99.90628,20.43221],[99.90627,20.43229]]},"properties":{"c":"trunk","h":6.95,"k":1.0,"m":true,"len":102,"t":"TH570901","n":"ถนนเลี่ยงเมืองแม่สาย"}},{"type":"Feature","geometry":{"type":"LineString","coordinates":[[99.90627,20.43229],[99.90608,20.4332]]},"properties":{"c":"trunk","h":6.9,"k":1.0,"m":true,"len":102,"t":"TH570901","n":"ถนนเลี่ยงเมืองแม่สาย"}},{"type":"Feature","geometry":{"type":"LineString","coordinates":[[99.90629,20.43316],[99.90647,20.43218],[99.90649,20.43212]]},"properties":{"c":"trunk","h":6.5,"k":1.0,"m":true,"len":117,"t":"TH570901","n":"ถนนเลี่ยงเมืองแม่สาย"}},{"type":"Feature","geometry":{"type":"LineString","coordinates":[[99.90649,20.43212],[99.90671,20.43108]]},"properties":{"c":"trunk","h":6.5,"k":1.0,"m":true,"len":117,"t":"TH570901","n":"ถนนเลี่ยงเมืองแม่สาย"}},{"type":"Feature","geometry":{"type":"LineString","coordinates":[[99.90671,20.43108],[99.90694,20.43005]]},"properties":{"c":"trunk","h":5.95,"k":1.0,"m":true,"len":117,"t":"TH570901","n":"ถนนเลี่ยงเมืองแม่สาย"}},{"type":"Feature","geometry":{"type":"LineString","coordinates":[[99.90694,20.43005],[99.90702,20.42969],[99.90709,20.42937],[99.90716,20.42901]]},"properties":{"c":"trunk","h":6.1,"k":1.0,"m":true,"len":117,"t":"TH570901","n":"ถนนเลี่ยงเมืองแม่สาย"}},{"type":"Feature","geometry":{"type":"LineString","coordinates":[[99.90716,20.42901],[99.90739,20.42798]]},"properties":{"c":"trunk","h":5.2,"k":1.0,"m":true,"len":117,"t":"TH570901","n":"ถนนเลี่ยงเมืองแม่สาย"}},{"type":"Feature","geometry":{"type":"LineString","coordinates":[[99.90739,20.42798],[99.90761,20.42694]]},"properties":{"c":"trunk","h":5.15,"k":1.0,"m":true,"len":117,"t":"TH570901","n":"ถนนเลี่ยงเมืองแม่สาย"}},{"type":"Feature","geometry":{"type":"LineString","coordinates":[[99.90627,20.43328],[99.90629,20.43316]]},"properties":{"c":"trunk","h":4.3,"k":1.0,"m":true,"len":14,"t":"TH570901","n":"ถนนเลี่ยงเมืองแม่สาย"}},{"type":"Feature","geometry":{"type":"LineString","coordinates":[[99.90575,20.43496],[99.90594,20.43499]]},"properties":{"c":"primary","h":0.25,"k":1.0,"m":true,"len":20,"t":"TH570901"}},{"type":"Feature","geometry":{"type":"LineString","coordinates":[[99.9049,20.43913],[99.90475,20.43965],[99.90471,20.43984]]},"properties":{"c":"trunk","h":5.2,"k":0.4929,"m":true,"len":82,"t":"TH570901","n":"ถนนเลี่ยงเมืองแม่สาย"}},{"type":"Feature","geometry":{"type":"LineString","coordinates":[[99.90487,20.4399],[99.90486,20.43989],[99.90485,20.43987],[99.90483,20.43985],[99.90479,20.43983],[99.90476,20.43983],[99.90473,20.43984],[99.90471,20.43984],[99.9047,20.43985],[99.90467,20.43988],[99.90467,20.43989],[99.90466,20.43991],[99.90466,20.43994],[99.90466,20.43997],[99.90468,20.44],[99.90471,20.44002],[99.90474,20.44003],[99.90478,20.44003],[99.90481,20.44002],[99.90482,20.44002],[99.90484,20.44],[99.90486,20.43997],[99.90487,20.43994],[99.90487,20.4399]]},"properties":{"c":"trunk","h":4.55,"k":0.4929,"m":true,"len":71,"t":"TH570901"}},{"type":"Feature","geometry":{"type":"LineString","coordinates":[[99.91322,20.43476],[99.9131,20.4348],[99.91298,20.43478],[99.91269,20.43482],[99.91251,20.43508],[99.91237,20.43518],[99.91234,20.43518]]},"properties":{"c":"residential","h":2.2,"k":1.0,"m":true,"len":112,"t":"TH570901"}},{"type":"Feature","geometry":{"type":"LineString","coordinates":[[99.91234,20.43518],[99.91218,20.43521],[99.91199,20.43519],[99.91177,20.43517],[99.91157,20.43518],[99.91149,20.43519],[99.91128,20.43522]]},"properties":{"c":"residential","h":2.65,"k":1.0,"m":true,"len":112,"t":"TH570901"}},{"type":"Feature","geometry":{"type":"LineString","coordinates":[[99.91128,20.43522],[99.91118,20.43524],[99.91098,20.43522],[99.91085,20.43519],[99.91062,20.4352],[99.91034,20.43529],[99.91024,20.43534]]},"properties":{"c":"residential","h":2.8,"k":1.0,"m":true,"len":112,"t":"TH570901"}},{"type":"Feature","geometry":{"type":"LineString","coordinates":[[99.91024,20.43534],[99.91007,20.43543],[99.90988,20.43552],[99.90968,20.43562],[99.90956,20.43575],[99.90941,20.43594],[99.90941,20.43594]]},"properties":{"c":"residential","h":3.75,"k":1.0,"m":true,"len":112,"t":"TH570901"}},{"type":"Feature","geometry":{"type":"LineString","coordinates":[[99.9185,20.42882],[99.91775,20.42856]]},"properties":{"c":"unclassified","h":3.25,"k":1.0,"m":true,"len":83,"t":"TH570901"}},{"type":"Feature","geometry":{"type":"LineString","coordinates":[[99.91775,20.42856],[99.91729,20.4284],[99.91699,20.42841]]},"properties":{"c":"unclassified","h":3.25,"k":1.0,"m":true,"len":83,"t":"TH570901"}},{"type":"Feature","geometry":{"type":"LineString","coordinates":[[99.91259,20.43281],[99.9129,20.43379]]},"properties":{"c":"residential","h":0.2,"k":1.0,"m":true,"len":113,"t":"TH570901"}},{"type":"Feature","geometry":{"type":"LineString","coordinates":[[99.9129,20.43379],[99.91322,20.43476]]},"properties":{"c":"residential","h":0.3,"k":1.0,"m":true,"len":113,"t":"TH570901"}},{"type":"Feature","geometry":{"type":"LineString","coordinates":[[99.92548,20.44852],[99.9257,20.44823],[99.92585,20.44787]]},"properties":{"c":"residential","h":0.5,"k":0.4956,"m":true,"len":82,"t":"TH570901"}},{"type":"Feature","geometry":{"type":"LineString","coordinates":[[99.92585,20.44787],[99.92596,20.44759],[99.92567,20.44724]]},"properties":{"c":"residential","h":0.8,"k":0.4956,"m":true,"len":82,"t":"TH570901"}},{"type":"Feature","geometry":{"type":"LineString","coordinates":[[99.91128,20.44127],[99.91129,20.44132]]},"properties":{"c":"residential","h":1.7,"k":0.4929,"m":true,"len":6,"t":"TH570901"}},{"type":"Feature","geometry":{"type":"LineString","coordinates":[[99.91623,20.44578],[99.91618,20.44579],[99.91614,20.44581],[99.91612,20.44616],[99.91629,20.44616]]},"properties":{"c":"residential","h":0.05,"k":0.4931,"m":true,"len":67,"t":"TH570901"}},{"type":"Feature","geometry":{"type":"LineString","coordinates":[[99.91629,20.44616],[99.91651,20.44616],[99.91667,20.44614],[99.91693,20.4461]]},"properties":{"c":"residential","h":0.05,"k":0.4931,"m":true,"len":67,"t":"TH570901"}},{"type":"Feature","geometry":{"type":"LineString","coordinates":[[99.91568,20.44452],[99.91564,20.44512],[99.91564,20.44532],[99.91566,20.44534]]},"properties":{"c":"residential","h":0.05,"k":0.493,"m":true,"len":92,"t":"TH570901"}},{"type":"Feature","geometry":{"type":"LineString","coordinates":[[99.91566,20.44534],[99.91567,20.44536],[99.91604,20.44538],[99.91609,20.44538],[99.91653,20.44541]]},"properties":{"c":"residential","h":0.05,"k":0.4931,"m":true,"len":92,"t":"TH570901"}},{"type":"Feature","geometry":{"type":"LineString","coordinates":[[99.91653,20.44541],[99.91655,20.44541],[99.91671,20.44542],[99.91685,20.44542],[99.91688,20.44558],[99.91693,20.44582],[99.91696,20.44593]]},"properties":{"c":"residential","h":0.05,"k":0.4931,"m":true,"len":92,"t":"TH570901"}},{"type":"Feature","geometry":{"type":"LineString","coordinates":[[99.91612,20.44484],[99.91609,20.44538]]},"properties":{"c":"residential","h":0.05,"k":0.493,"m":true,"len":60,"t":"TH570901"}},{"type":"Feature","geometry":{"type":"LineString","coordinates":[[99.91657,20.44501],[99.91655,20.44541]]},"properties":{"c":"residential","h":0.05,"k":0.4931,"m":true,"len":44,"t":"TH570901"}},{"type":"Feature","geometry":{"type":"LineString","coordinates":[[99.93435,20.39521],[99.93468,20.39571],[99.93483,20.39589],[99.93491,20.39599],[99.93499,20.39608]]},"properties":{"c":"residential","h":3.9,"k":1.0,"m":true,"len":117,"t":"TH570905"}},{"type":"Feature","geometry":{"type":"LineString","coordinates":[[99.93499,20.39608],[99.93521,20.39635],[99.93525,20.39639],[99.93536,20.39652],[99.93569,20.3969]]},"properties":{"c":"residential","h":3.05,"k":1.0,"m":true,"len":117,"t":"TH570905"}},{"type":"Feature","geometry":{"type":"LineString","coordinates":[[99.90485,20.43433],[99.90453,20.43445],[99.90392,20.43447]]},"properties":{"c":"residential","h":0.2,"k":1.0,"m":true,"len":100,"t":"TH570901"}},{"type":"Feature","geometry":{"type":"LineString","coordinates":[[99.90392,20.43447],[99.90366,20.43448],[99.90297,20.43444],[99.90296,20.43444]]},"properties":{"c":"residential","h":0.3,"k":1.0,"m":true,"len":100,"t":"TH570901"}},{"type":"Feature","geometry":{"type":"LineString","coordinates":[[99.90296,20.43444],[99.90201,20.43439]]},"properties":{"c":"residential","h":0.35,"k":1.0,"m":true,"len":100,"t":"TH570901"}},{"type":"Feature","geometry":{"type":"LineString","coordinates":[[99.90297,20.43444],[99.90294,20.43484],[99.90334,20.43485]]},"properties":{"c":"residential","h":0.35,"k":1.0,"m":true,"len":86,"t":"TH570901"}},{"type":"Feature","geometry":{"type":"LineString","coordinates":[[99.90334,20.43485],[99.90416,20.43489]]},"properties":{"c":"residential","h":0.55,"k":1.0,"m":true,"len":86,"t":"TH570901"}},{"type":"Feature","geometry":{"type":"LineString","coordinates":[[99.90416,20.43489],[99.90464,20.43491],[99.90498,20.43484]]},"properties":{"c":"residential","h":0.4,"k":1.0,"m":true,"len":86,"t":"TH570901"}},{"type":"Feature","geometry":{"type":"LineString","coordinates":[[99.89513,20.38305],[99.89427,20.38335]]},"properties":{"c":"residential","h":3.7,"k":0.35,"m":true,"len":96,"t":"TH570904"}},{"type":"Feature","geometry":{"type":"LineString","coordinates":[[99.89059,20.37376],[99.89149,20.37355]]},"properties":{"c":"residential","h":0.05,"k":0.35,"m":true,"len":97,"t":"TH570904"}},{"type":"Feature","geometry":{"type":"LineString","coordinates":[[99.89149,20.37355],[99.892,20.37343],[99.8922,20.37339],[99.89239,20.37334]]},"properties":{"c":"residential","h":0.05,"k":0.35,"m":true,"len":97,"t":"TH570904"}},{"type":"Feature","geometry":{"type":"LineString","coordinates":[[99.89239,20.37334],[99.89329,20.37313]]},"properties":{"c":"residential","h":0.05,"k":0.35,"m":true,"len":97,"t":"TH570904"}},{"type":"Feature","geometry":{"type":"LineString","coordinates":[[99.89329,20.37313],[99.89346,20.37309],[99.89387,20.37304],[99.89421,20.37299]]},"properties":{"c":"residential","h":0.05,"k":0.35,"m":true,"len":97,"t":"TH570904"}},{"type":"Feature","geometry":{"type":"LineString","coordinates":[[99.89421,20.37299],[99.89443,20.37296],[99.89487,20.37293],[99.89513,20.37292]]},"properties":{"c":"residential","h":0.05,"k":0.35,"m":true,"len":97,"t":"TH570904"}},{"type":"Feature","geometry":{"type":"LineString","coordinates":[[99.89064,20.37419],[99.89165,20.37398]]},"properties":{"c":"residential","h":0.05,"k":0.35,"m":true,"len":108,"t":"TH570904"}},{"type":"Feature","geometry":{"type":"LineString","coordinates":[[99.89165,20.37398],[99.89215,20.37387],[99.89218,20.37382],[99.89219,20.37369],[99.8922,20.37339]]},"properties":{"c":"residential","h":0.05,"k":0.35,"m":true,"len":108,"t":"TH570904"}},{"type":"Feature","geometry":{"type":"LineString","coordinates":[[99.89219,20.37369],[99.89298,20.37368]]},"properties":{"c":"residential","h":0.05,"k":0.35,"m":true,"len":83,"t":"TH570904"}},{"type":"Feature","geometry":{"type":"LineString","coordinates":[[99.89298,20.37368],[99.89377,20.37368]]},"properties":{"c":"residential","h":0.05,"k":0.35,"m":true,"len":83,"t":"TH570904"}},{"type":"Feature","geometry":{"type":"LineString","coordinates":[[99.89377,20.37368],[99.89387,20.37368],[99.89391,20.37363],[99.89387,20.37304]]},"properties":{"c":"residential","h":0.05,"k":0.35,"m":true,"len":83,"t":"TH570904"}},{"type":"Feature","geometry":{"type":"LineString","coordinates":[[99.89047,20.37291],[99.8913,20.37273]]},"properties":{"c":"residential","h":0.05,"k":0.35,"m":true,"len":89,"t":"TH570904"}},{"type":"Feature","geometry":{"type":"LineString","coordinates":[[99.8913,20.37273],[99.89172,20.37264],[99.89213,20.37255]]},"properties":{"c":"residential","h":0.05,"k":0.35,"m":true,"len":89,"t":"TH570904"}},{"type":"Feature","geometry":{"type":"LineString","coordinates":[[99.89052,20.37331],[99.89128,20.37314]]},"properties":{"c":"residential","h":0.05,"k":0.35,"m":true,"len":82,"t":"TH570904"}},{"type":"Feature","geometry":{"type":"LineString","coordinates":[[99.89128,20.37314],[99.89186,20.37301],[99.89204,20.37297]]},"properties":{"c":"residential","h":0.05,"k":0.35,"m":true,"len":82,"t":"TH570904"}},{"type":"Feature","geometry":{"type":"LineString","coordinates":[[99.89172,20.37264],[99.89186,20.37301],[99.892,20.37343]]},"properties":{"c":"residential","h":0.05,"k":0.35,"m":true,"len":93,"t":"TH570904"}},{"type":"Feature","geometry":{"type":"LineString","coordinates":[[99.89071,20.37469],[99.89157,20.37453]]},"properties":{"c":"residential","h":0.05,"k":0.35,"m":true,"len":91,"t":"TH570904"}},{"type":"Feature","geometry":{"type":"LineString","coordinates":[[99.89157,20.37453],[99.89203,20.37445],[99.89201,20.37483]]},"properties":{"c":"residential","h":0.05,"k":0.35,"m":true,"len":91,"t":"TH570904"}},{"type":"Feature","geometry":{"type":"LineString","coordinates":[[99.89201,20.37483],[99.89201,20.37484],[99.89198,20.3749],[99.8919,20.37493],[99.89121,20.37505]]},"properties":{"c":"residential","h":0.05,"k":0.35,"m":true,"len":91,"t":"TH570904"}},{"type":"Feature","geometry":{"type":"LineString","coordinates":[[99.89121,20.37505],[99.89035,20.37519]]},"properties":{"c":"residential","h":0.05,"k":0.35,"m":true,"len":91,"t":"TH570904"}},{"type":"Feature","geometry":{"type":"LineString","coordinates":[[99.89042,20.37573],[99.89111,20.37556],[99.89128,20.37559],[99.89147,20.37555]]},"properties":{"c":"residential","h":0.05,"k":0.35,"m":true,"len":113,"t":"TH570904"}},{"type":"Feature","geometry":{"type":"LineString","coordinates":[[99.89147,20.37555],[99.89237,20.37537],[99.89254,20.37535]]},"properties":{"c":"residential","h":0.05,"k":0.35,"m":true,"len":113,"t":"TH570904"}},{"type":"Feature","geometry":{"type":"LineString","coordinates":[[99.89254,20.37535],[99.89361,20.3752]]},"properties":{"c":"residential","h":0.05,"k":0.35,"m":true,"len":113,"t":"TH570904"}},{"type":"Feature","geometry":{"type":"LineString","coordinates":[[99.89316,20.37653],[99.89352,20.37638],[99.8937,20.3763],[99.8938,20.37625],[99.89382,20.37616],[99.89379,20.37599],[99.89378,20.37596]]},"properties":{"c":"residential","h":0.05,"k":0.35,"m":true,"len":107,"t":"TH570904"}},{"type":"Feature","geometry":{"type":"LineString","coordinates":[[99.89378,20.37596],[99.89372,20.37574],[99.89361,20.37538],[99.89361,20.3752],[99.89361,20.37501]]},"properties":{"c":"residential","h":0.05,"k":0.35,"m":true,"len":107,"t":"TH570904"}},{"type":"Feature","geometry":{"type":"LineString","coordinates":[[99.89361,20.37501],[99.89362,20.37489],[99.89362,20.37467],[99.89363,20.37448],[99.8937,20.37416],[99.89358,20.37417]]},"properties":{"c":"residential","h":0.05,"k":0.35,"m":true,"len":107,"t":"TH570904"}},{"type":"Feature","geometry":{"type":"LineString","coordinates":[[99.89358,20.37417],[99.89256,20.37424]]},"properties":{"c":"residential","h":0.05,"k":0.35,"m":true,"len":107,"t":"TH570904"}},{"type":"Feature","geometry":{"type":"LineString","coordinates":[[99.89256,20.37424],[99.89236,20.37425],[99.8923,20.37428],[99.89226,20.37435],[99.89227,20.37484],[99.89227,20.37494],[99.89228,20.37498]]},"properties":{"c":"residential","h":0.05,"k":0.35,"m":true,"len":107,"t":"TH570904"}},{"type":"Feature","geometry":{"type":"LineString","coordinates":[[99.89228,20.37498],[99.89237,20.37537],[99.89252,20.37592]]},"properties":{"c":"residential","h":0.05,"k":0.35,"m":true,"len":107,"t":"TH570904"}},{"type":"Feature","geometry":{"type":"LineString","coordinates":[[99.89051,20.37647],[99.89109,20.37636]]},"properties":{"c":"residential","h":0.15,"k":0.35,"m":true,"len":61,"t":"TH570904"}},{"type":"Feature","geometry":{"type":"LineString","coordinates":[[99.89109,20.37636],[99.89152,20.37628],[99.89166,20.37625]]},"properties":{"c":"residential","h":0.05,"k":0.35,"m":true,"len":61,"t":"TH570904"}},{"type":"Feature","geometry":{"type":"LineString","coordinates":[[99.89056,20.37686],[99.89159,20.37668]]},"properties":{"c":"residential","h":1.0,"k":0.35,"m":true,"len":109,"t":"TH570904"}},{"type":"Feature","geometry":{"type":"LineString","coordinates":[[99.89159,20.37668],[99.89262,20.37649]]},"properties":{"c":"residential","h":0.35,"k":0.35,"m":true,"len":109,"t":"TH570904"}},{"type":"Feature","geometry":{"type":"LineString","coordinates":[[99.89647,20.37339],[99.89603,20.37336],[99.89556,20.37337],[99.89534,20.37338]]},"properties":{"c":"residential","h":0.05,"k":0.35,"m":true,"len":118,"t":"TH570904"}},{"type":"Feature","geometry":{"type":"LineString","coordinates":[[99.89534,20.37338],[99.89429,20.37341],[99.89429,20.37349]]},"properties":{"c":"residential","h":0.05,"k":0.35,"m":true,"len":118,"t":"TH570904"}},{"type":"Feature","geometry":{"type":"LineString","coordinates":[[99.89429,20.37349],[99.89428,20.37374],[99.8944,20.37374],[99.89514,20.37378]]},"properties":{"c":"residential","h":0.05,"k":0.35,"m":true,"len":118,"t":"TH570904"}},{"type":"Feature","geometry":{"type":"LineString","coordinates":[[99.89514,20.37378],[99.8955,20.3738],[99.89609,20.37382],[99.89627,20.37385]]},"properties":{"c":"residential","h":0.05,"k":0.35,"m":true,"len":118,"t":"TH570904"}},{"type":"Feature","geometry":{"type":"LineString","coordinates":[[99.89429,20.37423],[99.8944,20.37374]]},"properties":{"c":"residential","h":0.05,"k":0.35,"m":true,"len":55,"t":"TH570904"}},{"type":"Feature","geometry":{"type":"LineString","coordinates":[[99.8955,20.3738],[99.89556,20.37337]]},"properties":{"c":"residential","h":0.05,"k":0.35,"m":true,"len":47,"t":"TH570904"}},{"type":"Feature","geometry":{"type":"LineString","coordinates":[[99.89443,20.37296],[99.89431,20.37196],[99.89436,20.37194]]},"properties":{"c":"residential","h":0.05,"k":0.35,"m":true,"len":117,"t":"TH570904"}},{"type":"Feature","geometry":{"type":"LineString","coordinates":[[99.89436,20.37194],[99.89479,20.37184],[99.89495,20.37181],[99.89487,20.37133]]},"properties":{"c":"residential","h":0.05,"k":0.35,"m":true,"len":117,"t":"TH570904"}},{"type":"Feature","geometry":{"type":"LineString","coordinates":[[99.89487,20.37133],[99.89486,20.37129],[99.89477,20.37079],[99.89469,20.37029]]},"properties":{"c":"residential","h":0.05,"k":0.35,"m":true,"len":117,"t":"TH570904"}},{"type":"Feature","geometry":{"type":"LineString","coordinates":[[99.89469,20.37029],[99.89468,20.37025],[99.89364,20.37046]]},"properties":{"c":"residential","h":0.05,"k":0.35,"m":true,"len":117,"t":"TH570904"}},{"type":"Feature","geometry":{"type":"LineString","coordinates":[[99.89398,20.37146],[99.89486,20.37129],[99.89493,20.37127]]},"properties":{"c":"residential","h":0.05,"k":0.35,"m":true,"len":102,"t":"TH570904"}},{"type":"Feature","geometry":{"type":"LineString","coordinates":[[99.89493,20.37127],[99.89589,20.37109]]},"properties":{"c":"residential","h":0.05,"k":0.35,"m":true,"len":102,"t":"TH570904"}},{"type":"Feature","geometry":{"type":"LineString","coordinates":[[99.89387,20.37097],[99.89477,20.37079],[99.89481,20.37078]]},"properties":{"c":"residential","h":0.05,"k":0.35,"m":true,"len":100,"t":"TH570904"}},{"type":"Feature","geometry":{"type":"LineString","coordinates":[[99.89481,20.37078],[99.89575,20.3706]]},"properties":{"c":"residential","h":0.05,"k":0.35,"m":true,"len":100,"t":"TH570904"}},{"type":"Feature","geometry":{"type":"LineString","coordinates":[[99.89487,20.37293],[99.89483,20.37239]]},"properties":{"c":"residential","h":0.05,"k":0.35,"m":true,"len":60,"t":"TH570904"}},{"type":"Feature","geometry":{"type":"LineString","coordinates":[[99.89483,20.37239],[99.89479,20.37184]]},"properties":{"c":"residential","h":0.05,"k":0.35,"m":true,"len":60,"t":"TH570904"}},{"type":"Feature","geometry":{"type":"LineString","coordinates":[[99.89227,20.37484],[99.89295,20.37475]]},"properties":{"c":"residential","h":0.05,"k":0.35,"m":true,"len":71,"t":"TH570904"}},{"type":"Feature","geometry":{"type":"LineString","coordinates":[[99.89295,20.37475],[99.89362,20.37467]]},"properties":{"c":"residential","h":0.05,"k":0.35,"m":true,"len":71,"t":"TH570904"}},{"type":"Feature","geometry":{"type":"LineString","coordinates":[[99.89152,20.37628],[99.8916,20.37614],[99.89175,20.37608],[99.89219,20.37599]]},"properties":{"c":"residential","h":0.05,"k":0.35,"m":true,"len":81,"t":"TH570904"}},{"type":"Feature","geometry":{"type":"LineString","coordinates":[[99.89219,20.37599],[99.89252,20.37592],[99.8929,20.37588],[99.89295,20.37587]]},"properties":{"c":"residential","h":0.05,"k":0.35,"m":true,"len":81,"t":"TH570904"}},{"type":"Feature","geometry":{"type":"LineString","coordinates":[[99.89295,20.37587],[99.89323,20.37584],[99.89372,20.37574]]},"properties":{"c":"residential","h":0.05,"k":0.35,"m":true,"len":81,"t":"TH570904"}},{"type":"Feature","geometry":{"type":"LineString","coordinates":[[99.8929,20.37588],[99.89304,20.37631],[99.89316,20.37653],[99.89326,20.37672]]},"properties":{"c":"residential","h":0.05,"k":0.35,"m":true,"len":101,"t":"TH570904"}},{"type":"Feature","geometry":{"type":"LineString","coordinates":[[99.89326,20.37672],[99.8937,20.37754]]},"properties":{"c":"residential","h":0.4,"k":0.35,"m":true,"len":101,"t":"TH570904"}},{"type":"Feature","geometry":{"type":"LineString","coordinates":[[99.89402,20.37741],[99.89377,20.3769]]},"properties":{"c":"residential","h":0.05,"k":0.35,"m":true,"len":63,"t":"TH570904"}},{"type":"Feature","geometry":{"type":"LineString","coordinates":[[99.89377,20.3769],[99.89372,20.37679],[99.89352,20.37638]]},"properties":{"c":"residential","h":0.05,"k":0.35,"m":true,"len":63,"t":"TH570904"}},{"type":"Feature","geometry":{"type":"LineString","coordinates":[[99.89372,20.37679],[99.89425,20.37656]]},"properties":{"c":"residential","h":0.05,"k":0.35,"m":true,"len":61,"t":"TH570904"}},{"type":"Feature","geometry":{"type":"LineString","coordinates":[[99.89425,20.37656],[99.89426,20.37656],[99.89461,20.3765],[99.89481,20.3766]]},"properties":{"c":"residential","h":0.05,"k":0.35,"m":true,"len":61,"t":"TH570904"}},{"type":"Feature","geometry":{"type":"LineString","coordinates":[[99.89109,20.37853],[99.89127,20.37814],[99.89124,20.37768]]},"properties":{"c":"residential","h":3.7,"k":0.35,"m":true,"len":98,"t":"TH570904"}},{"type":"Feature","geometry":{"type":"LineString","coordinates":[[99.89124,20.37768],[99.89123,20.37761],[99.89127,20.3775],[99.89201,20.3774]]},"properties":{"c":"residential","h":2.25,"k":0.35,"m":true,"len":98,"t":"TH570904"}},{"type":"Feature","geometry":{"type":"LineString","coordinates":[[99.89201,20.3774],[99.89293,20.37726]]},"properties":{"c":"residential","h":1.35,"k":0.35,"m":true,"len":98,"t":"TH570904"}},{"type":"Feature","geometry":{"type":"LineString","coordinates":[[99.8931,20.37779],[99.893,20.37746],[99.89293,20.37726],[99.89287,20.37709]]},"properties":{"c":"residential","h":1.05,"k":0.35,"m":true,"len":81,"t":"TH570904"}},{"type":"Feature","geometry":{"type":"LineString","coordinates":[[99.89187,20.3779],[99.89243,20.37768]]},"properties":{"c":"residential","h":1.4,"k":0.35,"m":true,"len":63,"t":"TH570904"}},{"type":"Feature","geometry":{"type":"LineString","coordinates":[[99.89243,20.37768],[99.893,20.37746]]},"properties":{"c":"residential","h":1.05,"k":0.35,"m":true,"len":63,"t":"TH570904"}},{"type":"Feature","geometry":{"type":"LineString","coordinates":[[99.88779,20.37522],[99.88824,20.37512],[99.88875,20.37502],[99.88888,20.375]]},"properties":{"c":"residential","h":1.0,"k":0.35,"m":true,"len":116,"t":"TH570904"}},{"type":"Feature","geometry":{"type":"LineString","coordinates":[[99.88888,20.375],[99.88924,20.37493],[99.88977,20.37482],[99.88997,20.37478]]},"properties":{"c":"residential","h":0.05,"k":0.35,"m":true,"len":116,"t":"TH570904"}},{"type":"Feature","geometry":{"type":"LineString","coordinates":[[99.8876,20.37455],[99.88808,20.37445],[99.8884,20.37438]]},"properties":{"c":"residential","h":1.9,"k":0.35,"m":true,"len":86,"t":"TH570904"}},{"type":"Feature","geometry":{"type":"LineString","coordinates":[[99.8884,20.37438],[99.8886,20.37434],[99.88907,20.37424],[99.88921,20.37421]]},"properties":{"c":"residential","h":0.05,"k":0.35,"m":true,"len":86,"t":"TH570904"}},{"type":"Feature","geometry":{"type":"LineString","coordinates":[[99.88921,20.37421],[99.88961,20.37412],[99.89001,20.37404]]},"properties":{"c":"residential","h":0.05,"k":0.35,"m":true,"len":86,"t":"TH570904"}},{"type":"Feature","geometry":{"type":"LineString","coordinates":[[99.88787,20.37594],[99.8884,20.37585],[99.88876,20.37577]]},"properties":{"c":"residential","h":2.65,"k":0.35,"m":true,"len":95,"t":"TH570904"}},{"type":"Feature","geometry":{"type":"LineString","coordinates":[[99.88876,20.37577],[99.8889,20.37574],[99.88942,20.37563],[99.88965,20.37558]]},"properties":{"c":"residential","h":0.05,"k":0.35,"m":true,"len":95,"t":"TH570904"}},{"type":"Feature","geometry":{"type":"LineString","coordinates":[[99.88965,20.37558],[99.88993,20.37552],[99.8898,20.37496]]},"properties":{"c":"residential","h":0.05,"k":0.35,"m":true,"len":95,"t":"TH570904"}},{"type":"Feature","geometry":{"type":"LineString","coordinates":[[99.8898,20.37496],[99.88977,20.37482],[99.88961,20.37412]]},"properties":{"c":"residential","h":0.05,"k":0.35,"m":true,"len":95,"t":"TH570904"}},{"type":"Feature","geometry":{"type":"LineString","coordinates":[[99.88825,20.37515],[99.88824,20.37512],[99.88808,20.37445]]},"properties":{"c":"residential","h":3.25,"k":0.35,"m":true,"len":80,"t":"TH570904"}},{"type":"Feature","geometry":{"type":"LineString","coordinates":[[99.8889,20.37574],[99.88875,20.37504]]},"properties":{"c":"residential","h":1.2,"k":0.35,"m":true,"len":80,"t":"TH570904"}},{"type":"Feature","geometry":{"type":"LineString","coordinates":[[99.88875,20.37504],[99.88875,20.37502],[99.8886,20.37434]]},"properties":{"c":"residential","h":0.75,"k":0.35,"m":true,"len":80,"t":"TH570904"}},{"type":"Feature","geometry":{"type":"LineString","coordinates":[[99.88942,20.37563],[99.88924,20.37493],[99.88919,20.37471]]},"properties":{"c":"residential","h":0.2,"k":0.35,"m":true,"len":105,"t":"TH570904"}},{"type":"Feature","geometry":{"type":"LineString","coordinates":[[99.88919,20.37471],[99.88907,20.37424],[99.88896,20.37379]]},"properties":{"c":"residential","h":0.05,"k":0.35,"m":true,"len":105,"t":"TH570904"}},{"type":"Feature","geometry":{"type":"LineString","coordinates":[[99.88752,20.37406],[99.88843,20.37388]]},"properties":{"c":"residential","h":0.1,"k":0.35,"m":true,"len":97,"t":"TH570904"}},{"type":"Feature","geometry":{"type":"LineString","coordinates":[[99.88843,20.37388],[99.88896,20.37379],[99.88934,20.37372]]},"properties":{"c":"residential","h":0.05,"k":0.35,"m":true,"len":97,"t":"TH570904"}},{"type":"Feature","geometry":{"type":"LineString","coordinates":[[99.88672,20.3737],[99.88736,20.3736]]},"properties":{"c":"residential","h":3.65,"k":0.35,"m":true,"len":68,"t":"TH570904"}},{"type":"Feature","geometry":{"type":"LineString","coordinates":[[99.88862,20.37031],[99.88906,20.37022],[99.88952,20.37013]]},"properties":{"c":"residential","h":0.05,"k":0.35,"m":true,"len":96,"t":"TH570904"}},{"type":"Feature","geometry":{"type":"LineString","coordinates":[[99.88819,20.37076],[99.88842,20.37071],[99.8889,20.37061]]},"properties":{"c":"residential","h":0.1,"k":0.35,"m":true,"len":76,"t":"TH570904"}},{"type":"Feature","geometry":{"type":"LineString","coordinates":[[99.8889,20.37061],[99.88914,20.37057],[99.8896,20.37047]]},"properties":{"c":"residential","h":0.05,"k":0.35,"m":true,"len":76,"t":"TH570904"}},{"type":"Feature","geometry":{"type":"LineString","coordinates":[[99.88875,20.371],[99.88921,20.37091],[99.88968,20.37083]]},"properties":{"c":"residential","h":0.05,"k":0.35,"m":true,"len":98,"t":"TH570904"}},{"type":"Feature","geometry":{"type":"LineString","coordinates":[[99.89192,20.36854],[99.89172,20.36797]]},"properties":{"c":"residential","h":0.05,"k":0.35,"m":true,"len":67,"t":"TH570904"}},{"type":"Feature","geometry":{"type":"LineString","coordinates":[[99.89172,20.36797],[99.89159,20.36761],[99.89152,20.3674]]},"properties":{"c":"residential","h":0.05,"k":0.35,"m":true,"len":67,"t":"TH570904"}},{"type":"Feature","geometry":{"type":"LineString","coordinates":[[99.89121,20.36772],[99.89159,20.36761]]},"properties":{"c":"residential","h":0.5,"k":0.35,"m":true,"len":41,"t":"TH570904"}},{"type":"Feature","geometry":{"type":"LineString","coordinates":[[99.89326,20.36835],[99.89394,20.36827],[99.89418,20.36824]]},"properties":{"c":"residential","h":0.05,"k":0.35,"m":true,"len":97,"t":"TH570904"}},{"type":"Feature","geometry":{"type":"LineString","coordinates":[[99.89418,20.36824],[99.89483,20.36816],[99.8951,20.36813]]},"properties":{"c":"residential","h":0.05,"k":0.35,"m":true,"len":97,"t":"TH570904"}},{"type":"Feature","geometry":{"type":"LineString","coordinates":[[99.89394,20.36827],[99.89405,20.36879]]},"properties":{"c":"residential","h":0.05,"k":0.35,"m":true,"len":59,"t":"TH570904"}},{"type":"Feature","geometry":{"type":"LineString","coordinates":[[99.89272,20.36838],[99.89293,20.36835]]},"properties":{"c":"residential","h":0.05,"k":0.35,"m":true,"len":22,"t":"TH570904"}},{"type":"Feature","geometry":{"type":"LineString","coordinates":[[99.89483,20.36816],[99.89472,20.36733]]},"properties":{"c":"residential","h":0.05,"k":0.35,"m":true,"len":92,"t":"TH570904"}},{"type":"Feature","geometry":{"type":"LineString","coordinates":[[99.89553,20.36695],[99.89566,20.36767]]},"properties":{"c":"residential","h":0.05,"k":0.35,"m":true,"len":81,"t":"TH570904"}},{"type":"Feature","geometry":{"type":"LineString","coordinates":[[99.89566,20.36767],[99.89579,20.3684]]},"properties":{"c":"residential","h":0.05,"k":0.35,"m":true,"len":81,"t":"TH570904"}},{"type":"Feature","geometry":{"type":"LineString","coordinates":[[99.89579,20.3684],[99.89582,20.36854],[99.89643,20.36846]]},"properties":{"c":"residential","h":0.05,"k":0.35,"m":true,"len":81,"t":"TH570904"}},{"type":"Feature","geometry":{"type":"LineString","coordinates":[[99.89768,20.36568],[99.89755,20.36533],[99.89799,20.3652]]},"properties":{"c":"residential","h":3.85,"k":0.3839,"m":true,"len":89,"t":"TH570904"}},{"type":"Feature","geometry":{"type":"LineString","coordinates":[[99.89799,20.3652],[99.8988,20.36497]]},"properties":{"c":"residential","h":3.45,"k":0.3839,"m":true,"len":89,"t":"TH570904"}},{"type":"Feature","geometry":{"type":"LineString","coordinates":[[99.89891,20.36583],[99.89911,20.36577],[99.8992,20.36576],[99.89927,20.36579],[99.89941,20.36579],[99.89951,20.36578],[99.89973,20.36571],[99.89982,20.36568],[99.8999,20.36569],[99.89998,20.36575]]},"properties":{"c":"residential","h":4.0,"k":0.3839,"m":true,"len":117,"t":"TH570904"}},{"type":"Feature","geometry":{"type":"LineString","coordinates":[[99.89865,20.3669],[99.8988,20.36731],[99.89911,20.36721],[99.8993,20.36725]]},"properties":{"c":"residential","h":0.8,"k":0.35,"m":true,"len":104,"t":"TH570904"}},{"type":"Feature","geometry":{"type":"LineString","coordinates":[[99.89927,20.3659],[99.8992,20.36576],[99.89899,20.36535],[99.8988,20.36497]]},"properties":{"c":"residential","h":3.4,"k":0.3839,"m":true,"len":113,"t":"TH570904"}},{"type":"Feature","geometry":{"type":"LineString","coordinates":[[99.8988,20.36497],[99.8988,20.36497],[99.8987,20.36478],[99.89849,20.364]]},"properties":{"c":"residential","h":3.45,"k":0.3839,"m":true,"len":113,"t":"TH570904"}},{"type":"Feature","geometry":{"type":"LineString","coordinates":[[99.89849,20.364],[99.89834,20.36346],[99.89823,20.363]]},"properties":{"c":"residential","h":3.4,"k":0.3839,"m":true,"len":113,"t":"TH570904"}},{"type":"Feature","geometry":{"type":"LineString","coordinates":[[99.89823,20.363],[99.89798,20.362]]},"properties":{"c":"residential","h":3.65,"k":0.3839,"m":true,"len":113,"t":"TH570904"}},{"type":"Feature","geometry":{"type":"LineString","coordinates":[[99.89798,20.362],[99.89798,20.36198],[99.89784,20.36142],[99.89779,20.36131],[99.89771,20.3613],[99.89759,20.36134],[99.89747,20.36138]]},"properties":{"c":"residential","h":3.6,"k":0.3839,"m":true,"len":113,"t":"TH570904"}},{"type":"Feature","geometry":{"type":"LineString","coordinates":[[99.89564,20.36392],[99.89582,20.36387],[99.89653,20.36366]]},"properties":{"c":"residential","h":3.75,"k":0.3839,"m":true,"len":98,"t":"TH570904"}},{"type":"Feature","geometry":{"type":"LineString","coordinates":[[99.89653,20.36366],[99.89715,20.36349],[99.89744,20.36343]]},"properties":{"c":"residential","h":3.75,"k":0.3839,"m":true,"len":98,"t":"TH570904"}},{"type":"Feature","geometry":{"type":"LineString","coordinates":[[99.89814,20.36981],[99.89774,20.3698],[99.8975,20.36972],[99.89734,20.36973]]},"properties":{"c":"residential","h":0.05,"k":0.35,"m":true,"len":85,"t":"TH570904"}},{"type":"Feature","geometry":{"type":"LineString","coordinates":[[99.89734,20.36973],[99.89653,20.36978]]},"properties":{"c":"residential","h":0.05,"k":0.35,"m":true,"len":85,"t":"TH570904"}},{"type":"Feature","geometry":{"type":"LineString","coordinates":[[99.89653,20.36978],[99.89572,20.36983]]},"properties":{"c":"residential","h":0.05,"k":0.35,"m":true,"len":85,"t":"TH570904"}},{"type":"Feature","geometry":{"type":"LineString","coordinates":[[99.89468,20.37025],[99.89564,20.37006]]},"properties":{"c":"residential","h":0.05,"k":0.35,"m":true,"len":102,"t":"TH570904"}},{"type":"Feature","geometry":{"type":"LineString","coordinates":[[99.89556,20.36929],[99.89661,20.3691]]},"properties":{"c":"residential","h":0.05,"k":0.35,"m":true,"len":112,"t":"TH570904"}},{"type":"Feature","geometry":{"type":"LineString","coordinates":[[99.89661,20.3691],[99.89714,20.369],[99.89727,20.369],[99.89745,20.36905],[99.89762,20.36901],[99.89765,20.36899]]},"properties":{"c":"residential","h":0.05,"k":0.35,"m":true,"len":112,"t":"TH570904"}},{"type":"Feature","geometry":{"type":"LineString","coordinates":[[99.89765,20.36899],[99.89834,20.36867],[99.89845,20.36865],[99.89863,20.36873]]},"properties":{"c":"residential","h":0.05,"k":0.35,"m":true,"len":112,"t":"TH570904"}},{"type":"Feature","geometry":{"type":"LineString","coordinates":[[99.89819,20.36968],[99.89861,20.36961],[99.89913,20.36948]]},"properties":{"c":"residential","h":0.05,"k":0.35,"m":true,"len":100,"t":"TH570904"}},{"type":"Feature","geometry":{"type":"LineString","coordinates":[[99.90189,20.36875],[99.90225,20.36865],[99.90282,20.3685]]},"properties":{"c":"residential","h":3.9,"k":0.3997,"m":true,"len":100,"t":"TH570904"}},{"type":"Feature","geometry":{"type":"LineString","coordinates":[[99.90245,20.36953],[99.90225,20.36865]]},"properties":{"c":"residential","h":4.0,"k":0.3997,"m":true,"len":100,"t":"TH570904"}},{"type":"Feature","geometry":{"type":"LineString","coordinates":[[99.89464,20.37744],[99.89478,20.37744],[99.89498,20.37737],[99.89566,20.37707]]},"properties":{"c":"residential","h":0.05,"k":0.35,"m":true,"len":115,"t":"TH570904"}},{"type":"Feature","geometry":{"type":"LineString","coordinates":[[99.89566,20.37707],[99.89593,20.37696],[99.89606,20.37696],[99.8961,20.37696],[99.89624,20.37696],[99.89673,20.37698]]},"properties":{"c":"residential","h":0.05,"k":0.35,"m":true,"len":115,"t":"TH570904"}},{"type":"Feature","geometry":{"type":"LineString","coordinates":[[99.89673,20.37698],[99.89686,20.37698],[99.89744,20.377],[99.89782,20.37701]]},"properties":{"c":"residential","h":0.05,"k":0.35,"m":true,"len":115,"t":"TH570904"}},{"type":"Feature","geometry":{"type":"LineString","coordinates":[[99.89782,20.37701],[99.89797,20.37701],[99.89823,20.37787]]},"properties":{"c":"residential","h":0.05,"k":0.35,"m":true,"len":115,"t":"TH570904"}},{"type":"Feature","geometry":{"type":"LineString","coordinates":[[99.89624,20.37696],[99.89664,20.37794]]},"properties":{"c":"residential","h":0.05,"k":0.35,"m":true,"len":116,"t":"TH570904"}},{"type":"Feature","geometry":{"type":"LineString","coordinates":[[99.89664,20.37794],[99.89689,20.37853],[99.89728,20.37834]]},"properties":{"c":"residential","h":0.05,"k":0.35,"m":true,"len":116,"t":"TH570904"}},{"type":"Feature","geometry":{"type":"LineString","coordinates":[[99.89728,20.37834],[99.89738,20.37829],[99.89789,20.37804],[99.89823,20.37787],[99.89826,20.37786]]},"properties":{"c":"residential","h":0.05,"k":0.35,"m":true,"len":116,"t":"TH570904"}},{"type":"Feature","geometry":{"type":"LineString","coordinates":[[99.89826,20.37786],[99.89874,20.37765],[99.89878,20.37763],[99.89928,20.37746]]},"properties":{"c":"residential","h":0.05,"k":0.35,"m":true,"len":116,"t":"TH570904"}},{"type":"Feature","geometry":{"type":"LineString","coordinates":[[99.89928,20.37746],[99.90033,20.3771]]},"properties":{"c":"residential","h":0.05,"k":0.35,"m":true,"len":116,"t":"TH570904"}},{"type":"Feature","geometry":{"type":"LineString","coordinates":[[99.89738,20.37829],[99.89712,20.37764]]},"properties":{"c":"residential","h":0.05,"k":0.35,"m":true,"len":78,"t":"TH570904"}},{"type":"Feature","geometry":{"type":"LineString","coordinates":[[99.89712,20.37764],[99.89686,20.37698]]},"properties":{"c":"residential","h":0.05,"k":0.35,"m":true,"len":78,"t":"TH570904"}},{"type":"Feature","geometry":{"type":"LineString","coordinates":[[99.89789,20.37804],[99.89767,20.37752]]},"properties":{"c":"residential","h":0.05,"k":0.35,"m":true,"len":62,"t":"TH570904"}},{"type":"Feature","geometry":{"type":"LineString","coordinates":[[99.89767,20.37752],[99.89744,20.377]]},"properties":{"c":"residential","h":0.05,"k":0.35,"m":true,"len":62,"t":"TH570904"}},{"type":"Feature","geometry":{"type":"LineString","coordinates":[[99.89606,20.37696],[99.89608,20.37663],[99.8961,20.37622],[99.89611,20.37606]]},"properties":{"c":"residential","h":0.05,"k":0.35,"m":true,"len":100,"t":"TH570904"}},{"type":"Feature","geometry":{"type":"LineString","coordinates":[[99.89611,20.37606],[99.89612,20.37597],[99.89614,20.37566],[99.89617,20.37524],[99.89617,20.37516]]},"properties":{"c":"residential","h":0.05,"k":0.35,"m":true,"len":100,"t":"TH570904"}},{"type":"Feature","geometry":{"type":"LineString","coordinates":[[99.89617,20.37516],[99.89617,20.37514],[99.89615,20.37503],[99.89576,20.37498],[99.89556,20.37481],[99.8954,20.37477]]},"properties":{"c":"residential","h":0.05,"k":0.35,"m":true,"len":100,"t":"TH570904"}},{"type":"Feature","geometry":{"type":"LineString","coordinates":[[99.8954,20.37477],[99.89448,20.37451]]},"properties":{"c":"residential","h":0.05,"k":0.35,"m":true,"len":100,"t":"TH570904"}},{"type":"Feature","geometry":{"type":"LineString","coordinates":[[99.89448,20.37451],[99.89436,20.37447],[99.89428,20.37448],[99.89408,20.37516]]},"properties":{"c":"residential","h":0.05,"k":0.35,"m":true,"len":100,"t":"TH570904"}},{"type":"Feature","geometry":{"type":"LineString","coordinates":[[99.89393,20.37511],[99.89408,20.37516],[99.89494,20.3754]]},"properties":{"c":"residential","h":0.05,"k":0.35,"m":true,"len":111,"t":"TH570904"}},{"type":"Feature","geometry":{"type":"LineString","coordinates":[[99.89494,20.3754],[99.89513,20.37546],[99.89521,20.37546],[99.89529,20.37542],[99.89556,20.37481]]},"properties":{"c":"residential","h":0.05,"k":0.35,"m":true,"len":111,"t":"TH570904"}},{"type":"Feature","geometry":{"type":"LineString","coordinates":[[99.89617,20.37524],[99.89719,20.37533]]},"properties":{"c":"residential","h":0.05,"k":0.35,"m":true,"len":107,"t":"TH570904"}},{"type":"Feature","geometry":{"type":"LineString","coordinates":[[99.89719,20.37533],[99.89791,20.37538],[99.89797,20.37539],[99.89821,20.37539]]},"properties":{"c":"residential","h":0.05,"k":0.35,"m":true,"len":107,"t":"TH570904"}},{"type":"Feature","geometry":{"type":"LineString","coordinates":[[99.89821,20.37539],[99.89825,20.37539],[99.89922,20.37549]]},"properties":{"c":"residential","h":0.05,"k":0.35,"m":true,"len":107,"t":"TH570904"}},{"type":"Feature","geometry":{"type":"LineString","coordinates":[[99.89922,20.37549],[99.90024,20.3756]]},"properties":{"c":"residential","h":0.05,"k":0.35,"m":true,"len":107,"t":"TH570904"}},{"type":"Feature","geometry":{"type":"LineString","coordinates":[[99.89608,20.37663],[99.89714,20.3767]]},"properties":{"c":"residential","h":0.05,"k":0.35,"m":true,"len":111,"t":"TH570904"}},{"type":"Feature","geometry":{"type":"LineString","coordinates":[[99.89714,20.3767],[99.89799,20.37676],[99.8982,20.37677]]},"properties":{"c":"residential","h":0.05,"k":0.35,"m":true,"len":111,"t":"TH570904"}},{"type":"Feature","geometry":{"type":"LineString","coordinates":[[99.8982,20.37677],[99.89826,20.37678],[99.89846,20.37668],[99.89851,20.37667],[99.89922,20.37651]]},"properties":{"c":"residential","h":0.05,"k":0.35,"m":true,"len":111,"t":"TH570904"}},{"type":"Feature","geometry":{"type":"LineString","coordinates":[[99.89922,20.37651],[99.90026,20.37627]]},"properties":{"c":"residential","h":0.05,"k":0.35,"m":true,"len":111,"t":"TH570904"}},{"type":"Feature","geometry":{"type":"LineString","coordinates":[[99.89874,20.37765],[99.89858,20.37713],[99.89878,20.37708]]},"properties":{"c":"residential","h":0.05,"k":0.35,"m":true,"len":81,"t":"TH570904"}},{"type":"Feature","geometry":{"type":"LineString","coordinates":[[99.89878,20.37708],[99.89954,20.37689]]},"properties":{"c":"residential","h":0.05,"k":0.35,"m":true,"len":81,"t":"TH570904"}},{"type":"Feature","geometry":{"type":"LineString","coordinates":[[99.89954,20.37689],[99.90029,20.3767]]},"properties":{"c":"residential","h":0.05,"k":0.35,"m":true,"len":81,"t":"TH570904"}},{"type":"Feature","geometry":{"type":"LineString","coordinates":[[99.8961,20.37622],[99.89689,20.37627]]},"properties":{"c":"residential","h":0.05,"k":0.35,"m":true,"len":82,"t":"TH570904"}},{"type":"Feature","geometry":{"type":"LineString","coordinates":[[99.89689,20.37627],[99.89768,20.37632]]},"properties":{"c":"residential","h":0.05,"k":0.35,"m":true,"len":82,"t":"TH570904"}},{"type":"Feature","geometry":{"type":"LineString","coordinates":[[99.89768,20.37632],[99.89802,20.37634],[99.89799,20.37676]]},"properties":{"c":"residential","h":0.05,"k":0.35,"m":true,"len":82,"t":"TH570904"}},{"type":"Feature","geometry":{"type":"LineString","coordinates":[[99.89614,20.37566],[99.89715,20.37577]]},"properties":{"c":"residential","h":0.05,"k":0.35,"m":true,"len":106,"t":"TH570904"}},{"type":"Feature","geometry":{"type":"LineString","coordinates":[[99.89715,20.37577],[99.89797,20.37585],[99.89815,20.37587]]},"properties":{"c":"residential","h":0.05,"k":0.35,"m":true,"len":106,"t":"TH570904"}},{"type":"Feature","geometry":{"type":"LineString","coordinates":[[99.89797,20.37585],[99.89791,20.37538]]},"properties":{"c":"residential","h":0.05,"k":0.35,"m":true,"len":52,"t":"TH570904"}},{"type":"Feature","geometry":{"type":"LineString","coordinates":[[99.89851,20.37667],[99.89842,20.37629],[99.89843,20.37613]]},"properties":{"c":"residential","h":0.05,"k":0.35,"m":true,"len":61,"t":"TH570904"}},{"type":"Feature","geometry":{"type":"LineString","coordinates":[[99.89843,20.37613],[99.89843,20.3759],[99.8984,20.37558]]},"properties":{"c":"residential","h":0.05,"k":0.35,"m":true,"len":61,"t":"TH570904"}},{"type":"Feature","geometry":{"type":"LineString","coordinates":[[99.89539,20.3758],[99.89581,20.37594],[99.89612,20.37597]]},"properties":{"c":"residential","h":0.05,"k":0.35,"m":true,"len":79,"t":"TH570904"}},{"type":"Feature","geometry":{"type":"LineString","coordinates":[[99.89843,20.3759],[99.89934,20.37593]]},"properties":{"c":"residential","h":0.05,"k":0.35,"m":true,"len":95,"t":"TH570904"}},{"type":"Feature","geometry":{"type":"LineString","coordinates":[[99.89934,20.37593],[99.90025,20.37595]]},"properties":{"c":"residential","h":0.05,"k":0.35,"m":true,"len":95,"t":"TH570904"}},{"type":"Feature","geometry":{"type":"LineString","coordinates":[[99.89434,20.3761],[99.89429,20.37595],[99.89412,20.37542]]},"properties":{"c":"residential","h":0.05,"k":0.35,"m":true,"len":79,"t":"TH570904"}},{"type":"Feature","geometry":{"type":"LineString","coordinates":[[99.89429,20.37595],[99.89489,20.3758],[99.89509,20.37584],[99.89534,20.37591]]},"properties":{"c":"residential","h":0.05,"k":0.35,"m":true,"len":113,"t":"TH570904"}},{"type":"Feature","geometry":{"type":"LineString","coordinates":[[99.89602,20.37441],[99.89714,20.37448]]},"properties":{"c":"residential","h":0.05,"k":0.35,"m":true,"len":117,"t":"TH570904"}},{"type":"Feature","geometry":{"type":"LineString","coordinates":[[99.89714,20.37448],[99.89806,20.37455],[99.89807,20.37437]]},"properties":{"c":"residential","h":0.05,"k":0.35,"m":true,"len":117,"t":"TH570904"}},{"type":"Feature","geometry":{"type":"LineString","coordinates":[[99.89807,20.37437],[99.89807,20.37418],[99.89812,20.37399],[99.8981,20.37352],[99.89809,20.37332]]},"properties":{"c":"residential","h":0.05,"k":0.35,"m":true,"len":117,"t":"TH570904"}},{"type":"Feature","geometry":{"type":"LineString","coordinates":[[99.8981,20.37352],[99.89864,20.37345]]},"properties":{"c":"residential","h":0.05,"k":0.35,"m":true,"len":57,"t":"TH570904"}},{"type":"Feature","geometry":{"type":"LineString","coordinates":[[99.89812,20.37399],[99.89866,20.37399]]},"properties":{"c":"residential","h":0.05,"k":0.35,"m":true,"len":56,"t":"TH570904"}},{"type":"Feature","geometry":{"type":"LineString","coordinates":[[99.90037,20.37743],[99.90126,20.37713]]},"properties":{"c":"residential","h":2.25,"k":0.35,"m":true,"len":99,"t":"TH570904"}},{"type":"Feature","geometry":{"type":"LineString","coordinates":[[99.912,20.37383],[99.91241,20.37417],[99.91245,20.37423],[99.91261,20.3745]]},"properties":{"c":"residential","h":3.9,"k":0.3749,"m":true,"len":99,"t":"TH570904"}},{"type":"Feature","geometry":{"type":"LineString","coordinates":[[99.91261,20.3745],[99.91266,20.37459],[99.91274,20.3746],[99.91345,20.37438]]},"properties":{"c":"residential","h":3.9,"k":0.3749,"m":true,"len":99,"t":"TH570904"}},{"type":"Feature","geometry":{"type":"LineString","coordinates":[[99.91345,20.37438],[99.91414,20.37417],[99.91411,20.37398],[99.9141,20.37396]]},"properties":{"c":"residential","h":3.8,"k":0.3749,"m":true,"len":99,"t":"TH570904"}},{"type":"Feature","geometry":{"type":"LineString","coordinates":[[99.9141,20.37396],[99.91403,20.37376],[99.91389,20.37376],[99.91334,20.37394]]},"properties":{"c":"residential","h":3.75,"k":0.3749,"m":true,"len":99,"t":"TH570904"}},{"type":"Feature","geometry":{"type":"LineString","coordinates":[[99.91334,20.37394],[99.91245,20.37423]]},"properties":{"c":"residential","h":3.8,"k":0.3749,"m":true,"len":99,"t":"TH570904"}},{"type":"Feature","geometry":{"type":"LineString","coordinates":[[99.91565,20.37824],[99.91568,20.37837],[99.91578,20.37836],[99.91583,20.37853],[99.91603,20.37851],[99.91642,20.37847]]},"properties":{"c":"residential","h":3.05,"k":0.3573,"m":true,"len":107,"t":"TH570904"}},{"type":"Feature","geometry":{"type":"LineString","coordinates":[[99.91642,20.37847],[99.91744,20.37835]]},"properties":{"c":"residential","h":1.75,"k":0.3573,"m":true,"len":107,"t":"TH570904"}},{"type":"Feature","geometry":{"type":"LineString","coordinates":[[99.91744,20.37835],[99.91756,20.37833],[99.91846,20.37823]]},"properties":{"c":"residential","h":1.2,"k":0.3573,"m":true,"len":107,"t":"TH570904"}},{"type":"Feature","geometry":{"type":"LineString","coordinates":[[99.91846,20.37823],[99.91935,20.37813],[99.91932,20.37801]]},"properties":{"c":"residential","h":0.9,"k":0.3573,"m":true,"len":107,"t":"TH570904"}},{"type":"Feature","geometry":{"type":"LineString","coordinates":[[99.91932,20.37801],[99.91929,20.37791],[99.91929,20.37777],[99.91933,20.37764],[99.91944,20.37762],[99.91977,20.37754],[99.91992,20.3775],[99.91992,20.37749]]},"properties":{"c":"residential","h":0.25,"k":0.3573,"m":true,"len":107,"t":"TH570904"}},{"type":"Feature","geometry":{"type":"LineString","coordinates":[[99.91992,20.37749],[99.91974,20.37653]]},"properties":{"c":"residential","h":0.2,"k":0.3573,"m":true,"len":107,"t":"TH570904"}},{"type":"Feature","geometry":{"type":"LineString","coordinates":[[99.91944,20.37762],[99.91932,20.37685]]},"properties":{"c":"residential","h":0.65,"k":0.3573,"m":true,"len":86,"t":"TH570904"}},{"type":"Feature","geometry":{"type":"LineString","coordinates":[[99.91932,20.37685],[99.91928,20.37659],[99.9192,20.37608]]},"properties":{"c":"residential","h":1.25,"k":0.3573,"m":true,"len":86,"t":"TH570904"}},{"type":"Feature","geometry":{"type":"LineString","coordinates":[[99.91928,20.37659],[99.91974,20.37653],[99.92011,20.3765]]},"properties":{"c":"residential","h":0.35,"k":0.3575,"m":true,"len":88,"t":"TH570904"}},{"type":"Feature","geometry":{"type":"LineString","coordinates":[[99.92011,20.3765],[99.92095,20.37643]]},"properties":{"c":"residential","h":0.15,"k":0.3575,"m":true,"len":88,"t":"TH570904"}},{"type":"Feature","geometry":{"type":"LineString","coordinates":[[99.91603,20.37851],[99.91613,20.37898],[99.91655,20.37893]]},"properties":{"c":"residential","h":3.2,"k":0.3573,"m":true,"len":96,"t":"TH570904"}},{"type":"Feature","geometry":{"type":"LineString","coordinates":[[99.91655,20.37893],[99.91747,20.37882]]},"properties":{"c":"residential","h":1.75,"k":0.3573,"m":true,"len":96,"t":"TH570904"}},{"type":"Feature","geometry":{"type":"LineString","coordinates":[[99.91747,20.37882],[99.91765,20.3788],[99.91838,20.37872]]},"properties":{"c":"residential","h":1.25,"k":0.3567,"m":true,"len":96,"t":"TH570904"}},{"type":"Feature","geometry":{"type":"LineString","coordinates":[[99.91753,20.37813],[99.91756,20.37833],[99.91765,20.3788],[99.91768,20.379]]},"properties":{"c":"residential","h":1.5,"k":0.3567,"m":true,"len":97,"t":"TH570904"}},{"type":"Feature","geometry":{"type":"LineString","coordinates":[[99.91768,20.379],[99.91772,20.37921],[99.91842,20.37914]]},"properties":{"c":"residential","h":0.5,"k":0.3567,"m":true,"len":97,"t":"TH570904"}},{"type":"Feature","geometry":{"type":"LineString","coordinates":[[99.91703,20.37662],[99.91706,20.37702],[99.91653,20.37706]]},"properties":{"c":"residential","h":2.6,"k":0.3573,"m":true,"len":99,"t":"TH570904"}},{"type":"Feature","geometry":{"type":"LineString","coordinates":[[99.9088,20.38128],[99.90809,20.38152],[99.90789,20.38163],[99.9078,20.38166]]},"properties":{"c":"residential","h":3.85,"k":0.3506,"m":true,"len":113,"t":"TH570904"}},{"type":"Feature","geometry":{"type":"LineString","coordinates":[[99.90435,20.38374],[99.90329,20.38397]]},"properties":{"c":"residential","h":3.35,"k":0.35,"m":true,"len":113,"t":"TH570904"}},{"type":"Feature","geometry":{"type":"LineString","coordinates":[[99.90091,20.38626],[99.90187,20.38607]]},"properties":{"c":"residential","h":3.0,"k":0.35,"m":true,"len":102,"t":"TH570904"}},{"type":"Feature","geometry":{"type":"LineString","coordinates":[[99.90187,20.38607],[99.90193,20.38606],[99.90219,20.38597],[99.90282,20.38585]]},"properties":{"c":"residential","h":0.4,"k":0.35,"m":true,"len":102,"t":"TH570904"}},{"type":"Feature","geometry":{"type":"LineString","coordinates":[[99.90205,20.38648],[99.90293,20.3863]]},"properties":{"c":"residential","h":0.75,"k":0.35,"m":true,"len":93,"t":"TH570904"}},{"type":"Feature","geometry":{"type":"LineString","coordinates":[[99.90184,20.38572],[99.90274,20.38547]]},"properties":{"c":"residential","h":0.4,"k":0.35,"m":true,"len":98,"t":"TH570904"}},{"type":"Feature","geometry":{"type":"LineString","coordinates":[[99.90916,20.38116],[99.90924,20.38116],[99.90941,20.38176]]},"properties":{"c":"residential","h":1.6,"k":0.3506,"m":true,"len":77,"t":"TH570904"}},{"type":"Feature","geometry":{"type":"LineString","coordinates":[[99.90941,20.38176],[99.90949,20.38206],[99.9091,20.38217]]},"properties":{"c":"residential","h":1.15,"k":0.3506,"m":true,"len":77,"t":"TH570904"}},{"type":"Feature","geometry":{"type":"LineString","coordinates":[[99.90883,20.38127],[99.90905,20.38199]]},"properties":{"c":"residential","h":1.6,"k":0.3506,"m":true,"len":84,"t":"TH570904"}},{"type":"Feature","geometry":{"type":"LineString","coordinates":[[99.90905,20.38199],[99.9091,20.38217],[99.90927,20.38272]]},"properties":{"c":"residential","h":0.8,"k":0.3506,"m":true,"len":84,"t":"TH570904"}},{"type":"Feature","geometry":{"type":"LineString","coordinates":[[99.90984,20.3809],[99.91008,20.38174],[99.91008,20.38175]]},"properties":{"c":"residential","h":1.45,"k":0.3506,"m":true,"len":97,"t":"TH570904"}},{"type":"Feature","geometry":{"type":"LineString","coordinates":[[99.91008,20.38175],[99.91031,20.38259]]},"properties":{"c":"residential","h":0.9,"k":0.3506,"m":true,"len":97,"t":"TH570904"}},{"type":"Feature","geometry":{"type":"LineString","coordinates":[[99.91031,20.38259],[99.91054,20.38344]]},"properties":{"c":"residential","h":0.75,"k":0.3507,"m":true,"len":97,"t":"TH570904"}},{"type":"Feature","geometry":{"type":"LineString","coordinates":[[99.91079,20.38341],[99.91054,20.38253]]},"properties":{"c":"residential","h":0.6,"k":0.3507,"m":true,"len":101,"t":"TH570904"}},{"type":"Feature","geometry":{"type":"LineString","coordinates":[[99.91054,20.38253],[99.91033,20.38176],[99.9103,20.38166],[99.9103,20.38165]]},"properties":{"c":"residential","h":0.9,"k":0.3506,"m":true,"len":101,"t":"TH570904"}},{"type":"Feature","geometry":{"type":"LineString","coordinates":[[99.9103,20.38165],[99.91005,20.38077]]},"properties":{"c":"residential","h":1.45,"k":0.3506,"m":true,"len":101,"t":"TH570904"}},{"type":"Feature","geometry":{"type":"LineString","coordinates":[[99.91033,20.38176],[99.91085,20.38169]]},"properties":{"c":"residential","h":1.3,"k":0.3506,"m":true,"len":55,"t":"TH570904"}},{"type":"Feature","geometry":{"type":"LineString","coordinates":[[99.91008,20.38174],[99.9103,20.38166]]},"properties":{"c":"residential","h":1.35,"k":0.3506,"m":true,"len":25,"t":"TH570904"}},{"type":"Feature","geometry":{"type":"LineString","coordinates":[[99.89716,20.39371],[99.89786,20.39359],[99.89809,20.39355]]},"properties":{"c":"residential","h":1.85,"k":0.35,"m":true,"len":98,"t":"TH570904"}},{"type":"Feature","geometry":{"type":"LineString","coordinates":[[99.89809,20.39355],[99.8988,20.39342],[99.89901,20.39339]]},"properties":{"c":"residential","h":0.05,"k":0.35,"m":true,"len":98,"t":"TH570904"}},{"type":"Feature","geometry":{"type":"LineString","coordinates":[[99.89941,20.39428],[99.8997,20.39399],[99.89966,20.39354]]},"properties":{"c":"residential","h":0.05,"k":0.35,"m":true,"len":95,"t":"TH570904"}},{"type":"Feature","geometry":{"type":"LineString","coordinates":[[99.89714,20.39338],[99.8978,20.39327],[99.89805,20.39323]]},"properties":{"c":"residential","h":1.85,"k":0.35,"m":true,"len":96,"t":"TH570904"}},{"type":"Feature","geometry":{"type":"LineString","coordinates":[[99.89805,20.39323],[99.89874,20.39311],[99.89896,20.39307]]},"properties":{"c":"residential","h":0.05,"k":0.35,"m":true,"len":96,"t":"TH570904"}},{"type":"Feature","geometry":{"type":"LineString","coordinates":[[99.89672,20.39315],[99.89674,20.39315],[99.89774,20.39297],[99.89779,20.39296]]},"properties":{"c":"residential","h":2.4,"k":0.35,"m":true,"len":114,"t":"TH570904"}},{"type":"Feature","geometry":{"type":"LineString","coordinates":[[99.89779,20.39296],[99.89868,20.3928],[99.89887,20.39277]]},"properties":{"c":"residential","h":0.05,"k":0.35,"m":true,"len":114,"t":"TH570904"}},{"type":"Feature","geometry":{"type":"LineString","coordinates":[[99.89786,20.39359],[99.8978,20.39327],[99.89774,20.39297]]},"properties":{"c":"residential","h":2.5,"k":0.35,"m":true,"len":70,"t":"TH570904"}},{"type":"Feature","geometry":{"type":"LineString","coordinates":[[99.8988,20.39342],[99.89874,20.39311],[99.89868,20.3928]]},"properties":{"c":"residential","h":0.05,"k":0.35,"m":true,"len":70,"t":"TH570904"}},{"type":"Feature","geometry":{"type":"LineString","coordinates":[[99.89703,20.39512],[99.89706,20.39538],[99.89714,20.3954],[99.89777,20.39532]]},"properties":{"c":"residential","h":3.55,"k":0.35,"m":true,"len":105,"t":"TH570904"}},{"type":"Feature","geometry":{"type":"LineString","coordinates":[[99.89777,20.39532],[99.89876,20.39519]]},"properties":{"c":"residential","h":0.9,"k":0.35,"m":true,"len":105,"t":"TH570904"}},{"type":"Feature","geometry":{"type":"LineString","coordinates":[[99.89876,20.39519],[99.89939,20.39511],[99.89944,20.39477]]},"properties":{"c":"residential","h":0.05,"k":0.35,"m":true,"len":105,"t":"TH570904"}},{"type":"Feature","geometry":{"type":"LineString","coordinates":[[99.89648,20.39644],[99.89668,20.39643],[99.89677,20.39642],[99.89712,20.39627],[99.89733,20.39622],[99.89746,20.39622],[99.89748,20.39626],[99.89751,20.39631]]},"properties":{"c":"residential","h":1.2,"k":0.35,"m":true,"len":118,"t":"TH570904"}},{"type":"Feature","geometry":{"type":"LineString","coordinates":[[99.89751,20.39631],[99.89794,20.39707],[99.89805,20.39725]]},"properties":{"c":"residential","h":0.05,"k":0.35,"m":true,"len":118,"t":"TH570904"}},{"type":"Feature","geometry":{"type":"LineString","coordinates":[[99.89748,20.39626],[99.89796,20.39622],[99.8983,20.39618]]},"properties":{"c":"residential","h":0.05,"k":0.35,"m":true,"len":85,"t":"TH570904"}},{"type":"Feature","geometry":{"type":"LineString","coordinates":[[99.8983,20.39618],[99.89846,20.39617],[99.89911,20.3961]]},"properties":{"c":"residential","h":0.05,"k":0.35,"m":true,"len":85,"t":"TH570904"}},{"type":"Feature","geometry":{"type":"LineString","coordinates":[[99.89911,20.3961],[99.89913,20.3961],[99.89911,20.39641],[99.89868,20.39659]]},"properties":{"c":"residential","h":0.05,"k":0.35,"m":true,"len":85,"t":"TH570904"}},{"type":"Feature","geometry":{"type":"LineString","coordinates":[[99.89794,20.39707],[99.89835,20.39688],[99.89861,20.39676]]},"properties":{"c":"residential","h":0.05,"k":0.35,"m":true,"len":78,"t":"TH570904"}},{"type":"Feature","geometry":{"type":"LineString","coordinates":[[99.89861,20.39676],[99.8987,20.39672],[99.89868,20.39659],[99.89846,20.39617]]},"properties":{"c":"residential","h":0.05,"k":0.35,"m":true,"len":78,"t":"TH570904"}},{"type":"Feature","geometry":{"type":"LineString","coordinates":[[99.89796,20.39622],[99.89835,20.39688]]},"properties":{"c":"residential","h":0.05,"k":0.35,"m":true,"len":84,"t":"TH570904"}},{"type":"Feature","geometry":{"type":"LineString","coordinates":[[99.89618,20.39688],[99.89634,20.39728],[99.89646,20.39743]]},"properties":{"c":"residential","h":3.95,"k":0.35,"m":true,"len":67,"t":"TH570904"}},{"type":"Feature","geometry":{"type":"LineString","coordinates":[[99.9013,20.3952],[99.90151,20.39518],[99.90221,20.39512]]},"properties":{"c":"residential","h":0.7,"k":0.35,"m":true,"len":96,"t":"TH570906"}},{"type":"Feature","geometry":{"type":"LineString","coordinates":[[99.90221,20.39512],[99.90313,20.39503]]},"properties":{"c":"residential","h":3.35,"k":0.35,"m":true,"len":96,"t":"TH570906"}},{"type":"Feature","geometry":{"type":"LineString","coordinates":[[99.90151,20.39518],[99.90159,20.39571]]},"properties":{"c":"residential","h":1.5,"k":0.35,"m":true,"len":59,"t":"TH570906"}},{"type":"Feature","geometry":{"type":"LineString","coordinates":[[99.89834,20.36555],[99.89899,20.36535]]},"properties":{"c":"residential","h":3.8,"k":0.3839,"m":true,"len":71,"t":"TH570904"}},{"type":"Feature","geometry":{"type":"LineString","coordinates":[[99.90349,20.35813],[99.90398,20.35895]]},"properties":{"c":"residential","h":3.05,"k":0.3997,"m":true,"len":104,"t":"TH570904"}},{"type":"Feature","geometry":{"type":"LineString","coordinates":[[99.90398,20.35895],[99.90424,20.35938],[99.90443,20.35969],[99.90447,20.35977]]},"properties":{"c":"residential","h":3.05,"k":0.3997,"m":true,"len":104,"t":"TH570904"}},{"type":"Feature","geometry":{"type":"LineString","coordinates":[[99.90447,20.35977],[99.9046,20.35998],[99.90525,20.35967]]},"properties":{"c":"residential","h":3.05,"k":0.3997,"m":true,"len":104,"t":"TH570904"}},{"type":"Feature","geometry":{"type":"LineString","coordinates":[[99.90525,20.35967],[99.90544,20.35958],[99.90529,20.35925],[99.90514,20.35893],[99.90512,20.35894]]},"properties":{"c":"residential","h":3.05,"k":0.3997,"m":true,"len":104,"t":"TH570904"}},{"type":"Feature","geometry":{"type":"LineString","coordinates":[[99.90512,20.35894],[99.90424,20.35938]]},"properties":{"c":"residential","h":3.05,"k":0.3997,"m":true,"len":104,"t":"TH570904"}},{"type":"Feature","geometry":{"type":"LineString","coordinates":[[99.90443,20.35969],[99.90529,20.35925]]},"properties":{"c":"residential","h":3.05,"k":0.3997,"m":true,"len":103,"t":"TH570904"}},{"type":"Feature","geometry":{"type":"LineString","coordinates":[[99.9031,20.35897],[99.90327,20.35903],[99.90349,20.35892],[99.90357,20.35888]]},"properties":{"c":"residential","h":3.2,"k":0.3997,"m":true,"len":55,"t":"TH570904"}},{"type":"Feature","geometry":{"type":"LineString","coordinates":[[99.90374,20.36052],[99.90387,20.36044],[99.90425,20.36022],[99.90436,20.36015]]},"properties":{"c":"residential","h":3.05,"k":0.3997,"m":true,"len":77,"t":"TH570904"}},{"type":"Feature","geometry":{"type":"LineString","coordinates":[[99.90387,20.36044],[99.90356,20.35986],[99.9035,20.35974]]},"properties":{"c":"residential","h":3.05,"k":0.3997,"m":true,"len":86,"t":"TH570904"}},{"type":"Feature","geometry":{"type":"LineString","coordinates":[[99.9035,20.35974],[99.90328,20.35932],[99.90318,20.35923],[99.90299,20.35922]]},"properties":{"c":"residential","h":3.05,"k":0.3997,"m":true,"len":86,"t":"TH570904"}},{"type":"Feature","geometry":{"type":"LineString","coordinates":[[99.90425,20.36022],[99.90392,20.35967],[99.90387,20.35957]]},"properties":{"c":"residential","h":3.05,"k":0.3997,"m":true,"len":82,"t":"TH570904"}},{"type":"Feature","geometry":{"type":"LineString","coordinates":[[99.90387,20.35957],[99.90349,20.35892]]},"properties":{"c":"residential","h":3.05,"k":0.3997,"m":true,"len":82,"t":"TH570904"}},{"type":"Feature","geometry":{"type":"LineString","coordinates":[[99.90356,20.35986],[99.90392,20.35967]]},"properties":{"c":"residential","h":3.05,"k":0.3997,"m":true,"len":43,"t":"TH570904"}},{"type":"Feature","geometry":{"type":"LineString","coordinates":[[99.90445,20.35902],[99.904,20.35826]]},"properties":{"c":"residential","h":3.05,"k":0.3997,"m":true,"len":97,"t":"TH570904"}},{"type":"Feature","geometry":{"type":"LineString","coordinates":[[99.904,20.35826],[99.9039,20.35809],[99.90369,20.35774],[99.90354,20.3575]]},"properties":{"c":"residential","h":3.05,"k":0.3997,"m":true,"len":97,"t":"TH570904"}},{"type":"Feature","geometry":{"type":"LineString","coordinates":[[99.90354,20.3575],[99.90305,20.35676]]},"properties":{"c":"residential","h":3.05,"k":0.3997,"m":true,"len":97,"t":"TH570904"}},{"type":"Feature","geometry":{"type":"LineString","coordinates":[[99.90371,20.35818],[99.9039,20.35809],[99.90422,20.35792]]},"properties":{"c":"residential","h":3.05,"k":0.3997,"m":true,"len":61,"t":"TH570904"}},{"type":"Feature","geometry":{"type":"LineString","coordinates":[[99.90422,20.35792],[99.90436,20.35785],[99.90474,20.35766]]},"properties":{"c":"residential","h":3.05,"k":0.3997,"m":true,"len":61,"t":"TH570904"}},{"type":"Feature","geometry":{"type":"LineString","coordinates":[[99.90436,20.35785],[99.90489,20.35875]]},"properties":{"c":"residential","h":3.05,"k":0.3997,"m":true,"len":114,"t":"TH570904"}},{"type":"Feature","geometry":{"type":"LineString","coordinates":[[99.90071,20.35114],[99.90061,20.35078],[99.90071,20.35045],[99.90064,20.35013]]},"properties":{"c":"residential","h":0.15,"k":0.3838,"m":true,"len":115,"t":"TH570904"}},{"type":"Feature","geometry":{"type":"LineString","coordinates":[[99.90064,20.35013],[99.90042,20.34912]]},"properties":{"c":"residential","h":0.05,"k":0.3838,"m":true,"len":115,"t":"TH570904"}},{"type":"Feature","geometry":{"type":"LineString","coordinates":[[99.90042,20.34912],[99.90022,20.34814],[99.9002,20.3481]]},"properties":{"c":"residential","h":0.05,"k":0.3838,"m":true,"len":115,"t":"TH570904"}},{"type":"Feature","geometry":{"type":"LineString","coordinates":[[99.9002,20.3481],[99.8999,20.34759],[99.89945,20.34772]]},"properties":{"c":"residential","h":0.05,"k":0.3838,"m":true,"len":115,"t":"TH570904"}},{"type":"Feature","geometry":{"type":"LineString","coordinates":[[99.89945,20.34772],[99.89877,20.34791],[99.89855,20.34774],[99.89849,20.34766]]},"properties":{"c":"residential","h":0.05,"k":0.3838,"m":true,"len":115,"t":"TH570904"}},{"type":"Feature","geometry":{"type":"LineString","coordinates":[[99.89849,20.34766],[99.89791,20.34678]]},"properties":{"c":"residential","h":0.05,"k":0.3838,"m":true,"len":115,"t":"TH570904"}},{"type":"Feature","geometry":{"type":"LineString","coordinates":[[99.90872,20.34864],[99.9091,20.34942]]},"properties":{"c":"residential","h":0.05,"k":0.3997,"m":true,"len":96,"t":"TH570904"}},{"type":"Feature","geometry":{"type":"LineString","coordinates":[[99.9091,20.34942],[99.90948,20.35021]]},"properties":{"c":"residential","h":2.05,"k":0.3997,"m":true,"len":96,"t":"TH570904"}},{"type":"Feature","geometry":{"type":"LineString","coordinates":[[99.91703,20.35629],[99.91747,20.35691],[99.91763,20.35716]]},"properties":{"c":"residential","h":3.05,"k":0.3997,"m":true,"len":114,"t":"TH570904"}},{"type":"Feature","geometry":{"type":"LineString","coordinates":[[99.91763,20.35716],[99.91795,20.35766],[99.91809,20.35786],[99.91821,20.35803]]},"properties":{"c":"residential","h":3.05,"k":0.3997,"m":true,"len":114,"t":"TH570904"}},{"type":"Feature","geometry":{"type":"LineString","coordinates":[[99.91673,20.35725],[99.91707,20.35776]]},"properties":{"c":"residential","h":3.05,"k":0.3997,"m":true,"len":66,"t":"TH570904"}},{"type":"Feature","geometry":{"type":"LineString","coordinates":[[99.91707,20.35776],[99.91725,20.35802],[99.91742,20.35826]]},"properties":{"c":"residential","h":3.05,"k":0.3997,"m":true,"len":66,"t":"TH570904"}},{"type":"Feature","geometry":{"type":"LineString","coordinates":[[99.91665,20.35644],[99.9171,20.35709],[99.91725,20.35732]]},"properties":{"c":"residential","h":3.05,"k":0.3997,"m":true,"len":116,"t":"TH570904"}},{"type":"Feature","geometry":{"type":"LineString","coordinates":[[99.91725,20.35732],[99.9176,20.35784],[99.91785,20.3582]]},"properties":{"c":"residential","h":3.05,"k":0.3997,"m":true,"len":116,"t":"TH570904"}},{"type":"Feature","geometry":{"type":"LineString","coordinates":[[99.91725,20.35802],[99.9176,20.35784],[99.91795,20.35766]]},"properties":{"c":"residential","h":3.05,"k":0.3997,"m":true,"len":83,"t":"TH570904"}},{"type":"Feature","geometry":{"type":"LineString","coordinates":[[99.91809,20.35786],[99.91842,20.3577]]},"properties":{"c":"residential","h":3.05,"k":0.3997,"m":true,"len":38,"t":"TH570904"}},{"type":"Feature","geometry":{"type":"LineString","coordinates":[[99.88987,20.34472],[99.88989,20.34495],[99.8904,20.34498]]},"properties":{"c":"residential","h":3.9,"k":0.3838,"m":true,"len":78,"t":"TH570904"}},{"type":"Feature","geometry":{"type":"LineString","coordinates":[[99.8904,20.34498],[99.89088,20.345],[99.89087,20.34526]]},"properties":{"c":"residential","h":3.35,"k":0.3838,"m":true,"len":78,"t":"TH570904"}},{"type":"Feature","geometry":{"type":"LineString","coordinates":[[99.89115,20.34519],[99.89111,20.34527],[99.89087,20.34526],[99.89057,20.34526],[99.8905,20.34527],[99.89048,20.34537],[99.89045,20.34562]]},"properties":{"c":"residential","h":2.65,"k":0.3838,"m":true,"len":114,"t":"TH570904"}},{"type":"Feature","geometry":{"type":"LineString","coordinates":[[99.89045,20.34562],[99.89035,20.34648],[99.89051,20.34655]]},"properties":{"c":"residential","h":2.45,"k":0.3838,"m":true,"len":114,"t":"TH570904"}},{"type":"Feature","geometry":{"type":"LineString","coordinates":[[99.89051,20.34655],[99.89052,20.34656],[99.89056,20.34656],[99.89103,20.34654],[99.89096,20.34707]]},"properties":{"c":"residential","h":1.65,"k":0.3838,"m":true,"len":114,"t":"TH570904"}},{"type":"Feature","geometry":{"type":"LineString","coordinates":[[99.89096,20.34707],[99.89091,20.34751],[99.89088,20.34772],[99.89084,20.34809]]},"properties":{"c":"residential","h":1.65,"k":0.3838,"m":true,"len":114,"t":"TH570904"}},{"type":"Feature","geometry":{"type":"LineString","coordinates":[[99.89084,20.34809],[99.89079,20.34849],[99.89073,20.34853],[99.89032,20.34853],[99.89014,20.34852]]},"properties":{"c":"residential","h":1.65,"k":0.3838,"m":true,"len":114,"t":"TH570904"}},{"type":"Feature","geometry":{"type":"LineString","coordinates":[[99.89032,20.34853],[99.89044,20.34754]]},"properties":{"c":"residential","h":2.55,"k":0.3838,"m":true,"len":110,"t":"TH570904"}},{"type":"Feature","geometry":{"type":"LineString","coordinates":[[99.89044,20.34754],[99.89045,20.34745],[99.89056,20.34656]]},"properties":{"c":"residential","h":2.1,"k":0.3838,"m":true,"len":110,"t":"TH570904"}},{"type":"Feature","geometry":{"type":"LineString","coordinates":[[99.88054,20.44426],[99.88044,20.44452]]},"properties":{"c":"primary","h":0.05,"k":0.9958,"m":true,"len":30,"t":"TH570906"}},{"type":"Feature","geometry":{"type":"LineString","coordinates":[[99.90848,20.42679],[99.9082,20.42757]]},"properties":{"c":"secondary","h":5.05,"k":1.0,"m":true,"len":91,"t":"TH570901"}},{"type":"Feature","geometry":{"type":"LineString","coordinates":[[99.9082,20.42757],[99.90801,20.42812],[99.90792,20.42834]]},"properties":{"c":"secondary","h":5.05,"k":1.0,"m":true,"len":91,"t":"TH570901"}},{"type":"Feature","geometry":{"type":"LineString","coordinates":[[99.90792,20.42834],[99.90767,20.42897],[99.9076,20.4291]]},"properties":{"c":"secondary","h":5.05,"k":1.0,"m":true,"len":91,"t":"TH570901"}},{"type":"Feature","geometry":{"type":"LineString","coordinates":[[99.9076,20.4291],[99.90754,20.42921],[99.90741,20.42939],[99.90729,20.42952],[99.90718,20.4296],[99.90702,20.42969]]},"properties":{"c":"secondary","h":5.25,"k":1.0,"m":true,"len":91,"t":"TH570901"}},{"type":"Feature","geometry":{"type":"LineString","coordinates":[[99.90764,20.42682],[99.90765,20.42677],[99.90783,20.42592]]},"properties":{"c":"trunk","h":4.15,"k":1.0,"m":true,"len":102,"t":"TH570901","n":"ถนนเลี่ยงเมืองแม่สาย"}},{"type":"Feature","geometry":{"type":"LineString","coordinates":[[99.90783,20.42592],[99.90799,20.42516],[99.90803,20.42501]]},"properties":{"c":"trunk","h":4.2,"k":1.0,"m":true,"len":102,"t":"TH570901","n":"ถนนเลี่ยงเมืองแม่สาย"}},{"type":"Feature","geometry":{"type":"LineString","coordinates":[[99.90803,20.42501],[99.90805,20.42492],[99.9082,20.4241]]},"properties":{"c":"trunk","h":4.25,"k":1.0,"m":true,"len":102,"t":"TH570901","n":"ถนนเลี่ยงเมืองแม่สาย"}},{"type":"Feature","geometry":{"type":"LineString","coordinates":[[99.9082,20.4241],[99.90838,20.4232]]},"properties":{"c":"trunk","h":4.5,"k":1.0,"m":true,"len":102,"t":"TH570901","n":"ถนนเลี่ยงเมืองแม่สาย"}},{"type":"Feature","geometry":{"type":"LineString","coordinates":[[99.90838,20.4232],[99.90856,20.42229]]},"properties":{"c":"trunk","h":7.8,"k":1.0,"m":true,"len":102,"t":"TH570901","n":"ถนนเลี่ยงเมืองแม่สาย"}},{"type":"Feature","geometry":{"type":"LineString","coordinates":[[99.90856,20.42229],[99.90858,20.42218],[99.90861,20.42188],[99.90855,20.42137]]},"properties":{"c":"trunk","h":8.2,"k":1.0,"m":true,"len":102,"t":"TH570901","n":"ถนนเลี่ยงเมืองแม่สาย"}},{"type":"Feature","geometry":{"type":"LineString","coordinates":[[99.90761,20.42694],[99.90764,20.42682]]},"properties":{"c":"trunk","h":6.5,"k":1.0,"m":true,"len":14,"t":"TH570901","n":"ถนนเลี่ยงเมืองแม่สาย"}},{"type":"Feature","geometry":{"type":"LineString","coordinates":[[99.9086,20.4167],[99.90869,20.41705],[99.9088,20.41752],[99.90883,20.41762],[99.90883,20.41763]]},"properties":{"c":"trunk","h":6.75,"k":1.0,"m":true,"len":105,"t":"TH570901","n":"ถนนเลี่ยงเมืองแม่สาย"}},{"type":"Feature","geometry":{"type":"LineString","coordinates":[[99.90883,20.41763],[99.90893,20.41829],[99.90895,20.41857]]},"properties":{"c":"trunk","h":6.55,"k":1.0,"m":true,"len":105,"t":"TH570901","n":"ถนนเลี่ยงเมืองแม่สาย"}},{"type":"Feature","geometry":{"type":"LineString","coordinates":[[99.90895,20.41857],[99.90896,20.41865],[99.90898,20.41903],[99.90895,20.4193],[99.90893,20.41951]]},"properties":{"c":"trunk","h":6.45,"k":1.0,"m":true,"len":105,"t":"TH570901","n":"ถนนเลี่ยงเมืองแม่สาย"}},{"type":"Feature","geometry":{"type":"LineString","coordinates":[[99.90893,20.41951],[99.90892,20.41965],[99.90875,20.42044]]},"properties":{"c":"trunk","h":6.85,"k":1.0,"m":true,"len":105,"t":"TH570901","n":"ถนนเลี่ยงเมืองแม่สาย"}},{"type":"Feature","geometry":{"type":"LineString","coordinates":[[99.90875,20.42044],[99.90865,20.4209],[99.90855,20.42137]]},"properties":{"c":"trunk","h":7.0,"k":1.0,"m":true,"len":105,"t":"TH570901","n":"ถนนเลี่ยงเมืองแม่สาย"}},{"type":"Feature","geometry":{"type":"LineString","coordinates":[[99.90777,20.42513],[99.90799,20.42516]]},"properties":{"c":"trunk","h":4.3,"k":1.0,"m":true,"len":23,"t":"TH570901"}},{"type":"Feature","geometry":{"type":"LineString","coordinates":[[99.8842,20.41892],[99.88423,20.41885],[99.88433,20.41855],[99.88439,20.41836],[99.8845,20.41803],[99.88454,20.41789]]},"properties":{"c":"primary","h":null,"k":1.0,"m":true,"len":119,"t":"TH570906","n":"ถนนพหลโยธิน"}},{"type":"Feature","geometry":{"type":"LineString","coordinates":[[99.88454,20.41789],[99.8848,20.41713],[99.88489,20.41687]]},"properties":{"c":"primary","h":null,"k":1.0,"m":true,"len":119,"t":"TH570906","n":"ถนนพหลโยธิน"}},{"type":"Feature","geometry":{"type":"LineString","coordinates":[[99.88489,20.41687],[99.88499,20.41654],[99.88518,20.41601],[99.88523,20.41584]]},"properties":{"c":"primary","h":null,"k":1.0,"m":true,"len":119,"t":"TH570906","n":"ถนนพหลโยธิน"}},{"type":"Feature","geometry":{"type":"LineString","coordinates":[[99.88523,20.41584],[99.88527,20.41572],[99.88555,20.41492],[99.88558,20.41482]]},"properties":{"c":"primary","h":null,"k":1.0,"m":true,"len":119,"t":"TH570906","n":"ถนนพหลโยธิน"}},{"type":"Feature","geometry":{"type":"LineString","coordinates":[[99.88558,20.41482],[99.88582,20.41409],[99.88591,20.41383],[99.88593,20.41379]]},"properties":{"c":"primary","h":null,"k":1.0,"m":true,"len":119,"t":"TH570906","n":"ถนนพหลโยธิน"}},{"type":"Feature","geometry":{"type":"LineString","coordinates":[[99.88593,20.41379],[99.8861,20.41326],[99.88614,20.41307],[99.88615,20.4129],[99.88614,20.41274]]},"properties":{"c":"primary","h":null,"k":1.0,"m":true,"len":119,"t":"TH570906","n":"ถนนพหลโยธิน"}},{"type":"Feature","geometry":{"type":"LineString","coordinates":[[99.88614,20.41274],[99.88613,20.4127],[99.88608,20.41214],[99.88606,20.41192],[99.88604,20.41167]]},"properties":{"c":"primary","h":null,"k":1.0,"m":true,"len":119,"t":"TH570906","n":"ถนนพหลโยธิน"}},{"type":"Feature","geometry":{"type":"LineString","coordinates":[[99.88604,20.41167],[99.88598,20.41111],[99.88593,20.4106]]},"properties":{"c":"primary","h":null,"k":1.0,"m":true,"len":119,"t":"TH570906","n":"ถนนพหลโยธิน"}},{"type":"Feature","geometry":{"type":"LineString","coordinates":[[99.88593,20.4106],[99.88592,20.41055],[99.88585,20.4097],[99.88584,20.40966],[99.88581,20.40953]]},"properties":{"c":"primary","h":null,"k":1.0,"m":true,"len":119,"t":"TH570906","n":"ถนนพหลโยธิน"}},{"type":"Feature","geometry":{"type":"LineString","coordinates":[[99.88581,20.40953],[99.88577,20.40935],[99.88546,20.4085]]},"properties":{"c":"primary","h":null,"k":1.0,"m":true,"len":119,"t":"TH570906","n":"ถนนพหลโยธิน"}},{"type":"Feature","geometry":{"type":"LineString","coordinates":[[99.88546,20.4085],[99.88544,20.40844],[99.88528,20.40797],[99.88525,20.40789],[99.88522,20.40766],[99.88521,20.40746]]},"properties":{"c":"primary","h":null,"k":1.0,"m":true,"len":119,"t":"TH570906","n":"ถนนพหลโยธิน"}},{"type":"Feature","geometry":{"type":"LineString","coordinates":[[99.88521,20.40746],[99.8852,20.40723],[99.88519,20.407],[99.88519,20.40638]]},"properties":{"c":"primary","h":null,"k":1.0,"m":true,"len":119,"t":"TH570906","n":"ถนนพหลโยธิน"}},{"type":"Feature","geometry":{"type":"LineString","coordinates":[[99.88519,20.40638],[99.88518,20.40592],[99.88518,20.40553],[99.88518,20.40531]]},"properties":{"c":"primary","h":null,"k":1.0,"m":true,"len":119,"t":"TH570906","n":"ถนนพหลโยธิน"}},{"type":"Feature","geometry":{"type":"LineString","coordinates":[[99.88518,20.40531],[99.88516,20.40434],[99.88516,20.40425],[99.88516,20.40423]]},"properties":{"c":"primary","h":null,"k":1.0,"m":true,"len":119,"t":"TH570906","n":"ถนนพหลโยธิน"}},{"type":"Feature","geometry":{"type":"LineString","coordinates":[[99.88516,20.40423],[99.88515,20.40408],[99.88514,20.40364],[99.88513,20.40343],[99.88512,20.40315]]},"properties":{"c":"primary","h":null,"k":1.0,"m":true,"len":119,"t":"TH570906","n":"ถนนพหลโยธิน"}},{"type":"Feature","geometry":{"type":"LineString","coordinates":[[99.88512,20.40315],[99.8851,20.4027],[99.88509,20.40257],[99.88503,20.40222],[99.885,20.40209]]},"properties":{"c":"primary","h":null,"k":1.0,"m":true,"len":119,"t":"TH570906","n":"ถนนพหลโยธิน"}},{"type":"Feature","geometry":{"type":"LineString","coordinates":[[99.885,20.40209],[99.88475,20.40104]]},"properties":{"c":"primary","h":null,"k":1.0,"m":true,"len":119,"t":"TH570906","n":"ถนนพหลโยธิน"}},{"type":"Feature","geometry":{"type":"LineString","coordinates":[[99.88475,20.40104],[99.8847,20.40082],[99.88463,20.40049],[99.8846,20.40029],[99.88459,20.40011],[99.88459,20.39997]]},"properties":{"c":"primary","h":null,"k":1.0,"m":true,"len":119,"t":"TH570906","n":"ถนนพหลโยธิน"}},{"type":"Feature","geometry":{"type":"LineString","coordinates":[[99.88459,20.39997],[99.88459,20.39988],[99.88461,20.39961],[99.88468,20.3989]]},"properties":{"c":"primary","h":null,"k":1.0,"m":true,"len":119,"t":"TH570906","n":"ถนนพหลโยธิน"}},{"type":"Feature","geometry":{"type":"LineString","coordinates":[[99.88468,20.3989],[99.88475,20.39821],[99.88479,20.39783]]},"properties":{"c":"primary","h":null,"k":1.0,"m":true,"len":119,"t":"TH570906","n":"ถนนพหลโยธิน"}},{"type":"Feature","geometry":{"type":"LineString","coordinates":[[99.88479,20.39783],[99.88489,20.39676]]},"properties":{"c":"primary","h":null,"k":1.0,"m":true,"len":119,"t":"TH570906","n":"ถนนพหลโยธิน"}},{"type":"Feature","geometry":{"type":"LineString","coordinates":[[99.88489,20.39676],[99.88491,20.39654],[99.88498,20.39582],[99.885,20.39568]]},"properties":{"c":"primary","h":null,"k":1.0,"m":true,"len":119,"t":"TH570906","n":"ถนนพหลโยธิน"}},{"type":"Feature","geometry":{"type":"LineString","coordinates":[[99.885,20.39568],[99.8851,20.39461]]},"properties":{"c":"primary","h":null,"k":1.0,"m":true,"len":119,"t":"TH570906","n":"ถนนพหลโยธิน"}},{"type":"Feature","geometry":{"type":"LineString","coordinates":[[99.8851,20.39461],[99.88521,20.39354]]},"properties":{"c":"primary","h":null,"k":1.0,"m":true,"len":119,"t":"TH570906","n":"ถนนพหลโยธิน"}},{"type":"Feature","geometry":{"type":"LineString","coordinates":[[99.88521,20.39354],[99.88527,20.39289],[99.8853,20.39247]]},"properties":{"c":"primary","h":null,"k":1.0,"m":true,"len":119,"t":"TH570906","n":"ถนนพหลโยธิน"}},{"type":"Feature","geometry":{"type":"LineString","coordinates":[[99.8853,20.39247],[99.88538,20.39139]]},"properties":{"c":"primary","h":null,"k":1.0,"m":true,"len":119,"t":"TH570906","n":"ถนนพหลโยธิน"}},{"type":"Feature","geometry":{"type":"LineString","coordinates":[[99.88538,20.39139],[99.88539,20.39116],[99.88539,20.39099],[99.88538,20.39066],[99.88536,20.39041],[99.88535,20.39032]]},"properties":{"c":"primary","h":null,"k":1.0,"m":true,"len":119,"t":"TH570906","n":"ถนนพหลโยธิน"}},{"type":"Feature","geometry":{"type":"LineString","coordinates":[[99.88535,20.39032],[99.88533,20.39015],[99.88528,20.38982],[99.88522,20.38945],[99.88519,20.38925]]},"properties":{"c":"primary","h":null,"k":1.0,"m":true,"len":119,"t":"TH570906","n":"ถนนพหลโยธิน"}},{"type":"Feature","geometry":{"type":"LineString","coordinates":[[99.88519,20.38925],[99.88514,20.3889],[99.88512,20.38879],[99.88503,20.38818]]},"properties":{"c":"primary","h":null,"k":1.0,"m":true,"len":119,"t":"TH570906","n":"ถนนพหลโยธิน"}},{"type":"Feature","geometry":{"type":"LineString","coordinates":[[99.88503,20.38818],[99.885,20.38797],[99.8849,20.38729],[99.88488,20.38712]]},"properties":{"c":"primary","h":null,"k":1.0,"m":true,"len":119,"t":"TH570906","n":"ถนนพหลโยธิน"}},{"type":"Feature","geometry":{"type":"LineString","coordinates":[[99.88488,20.38712],[99.88477,20.38643],[99.88472,20.38605]]},"properties":{"c":"primary","h":null,"k":1.0,"m":true,"len":119,"t":"TH570906","n":"ถนนพหลโยธิน"}},{"type":"Feature","geometry":{"type":"LineString","coordinates":[[99.88472,20.38605],[99.88463,20.38547],[99.88456,20.38499]]},"properties":{"c":"primary","h":null,"k":1.0,"m":true,"len":119,"t":"TH570906","n":"ถนนพหลโยธิน"}},{"type":"Feature","geometry":{"type":"LineString","coordinates":[[99.88456,20.38499],[99.88454,20.38483],[99.88446,20.38431],[99.88441,20.38392]]},"properties":{"c":"primary","h":null,"k":1.0,"m":true,"len":119,"t":"TH570906","n":"ถนนพหลโยธิน"}},{"type":"Feature","geometry":{"type":"LineString","coordinates":[[99.88441,20.38392],[99.88439,20.3838],[99.88436,20.38352],[99.88435,20.38284]]},"properties":{"c":"primary","h":null,"k":1.0,"m":true,"len":119,"t":"TH570906","n":"ถนนพหลโยธิน"}},{"type":"Feature","geometry":{"type":"LineString","coordinates":[[99.88435,20.38284],[99.88432,20.38177]]},"properties":{"c":"primary","h":null,"k":1.0,"m":true,"len":119,"t":"TH570906","n":"ถนนพหลโยธิน"}},{"type":"Feature","geometry":{"type":"LineString","coordinates":[[99.88432,20.38177],[99.8843,20.38108],[99.88431,20.38069]]},"properties":{"c":"primary","h":null,"k":1.0,"m":true,"len":119,"t":"TH570906","n":"ถนนพหลโยธิน"}},{"type":"Feature","geometry":{"type":"LineString","coordinates":[[99.88431,20.38069],[99.88432,20.38053],[99.88438,20.37998],[99.88445,20.37962]]},"properties":{"c":"primary","h":null,"k":1.0,"m":true,"len":119,"t":"TH570906","n":"ถนนพหลโยธิน"}},{"type":"Feature","geometry":{"type":"LineString","coordinates":[[99.88445,20.37962],[99.88453,20.37918],[99.88465,20.37856]]},"properties":{"c":"primary","h":null,"k":1.0,"m":true,"len":119,"t":"TH570906","n":"ถนนพหลโยธิน"}},{"type":"Feature","geometry":{"type":"LineString","coordinates":[[99.88465,20.37856],[99.88479,20.37782],[99.88486,20.37751]]},"properties":{"c":"primary","h":null,"k":1.0,"m":true,"len":119,"t":"TH570906","n":"ถนนพหลโยธิน"}},{"type":"Feature","geometry":{"type":"LineString","coordinates":[[99.88468,20.37749],[99.88447,20.37855]]},"properties":{"c":"primary","h":null,"k":1.0,"m":true,"len":119,"t":"TH570906","n":"ถนนพหลโยธิน"}},{"type":"Feature","geometry":{"type":"LineString","coordinates":[[99.88447,20.37855],[99.88427,20.37961]]},"properties":{"c":"primary","h":null,"k":1.0,"m":true,"len":119,"t":"TH570906","n":"ถนนพหลโยธิน"}},{"type":"Feature","geometry":{"type":"LineString","coordinates":[[99.88427,20.37961],[99.8842,20.37997],[99.88413,20.38053],[99.88413,20.38067]]},"properties":{"c":"primary","h":null,"k":1.0,"m":true,"len":119,"t":"TH570906","n":"ถนนพหลโยธิน"}},{"type":"Feature","geometry":{"type":"LineString","coordinates":[[99.88413,20.38067],[99.88412,20.38108],[99.88414,20.38175]]},"properties":{"c":"primary","h":null,"k":1.0,"m":true,"len":119,"t":"TH570906","n":"ถนนพหลโยธิน"}},{"type":"Feature","geometry":{"type":"LineString","coordinates":[[99.88414,20.38175],[99.88417,20.38282]]},"properties":{"c":"primary","h":null,"k":1.0,"m":true,"len":119,"t":"TH570906","n":"ถนนพหลโยธิน"}},{"type":"Feature","geometry":{"type":"LineString","coordinates":[[99.88417,20.38282],[99.88419,20.3835],[99.88422,20.3838],[99.88423,20.38389]]},"properties":{"c":"primary","h":null,"k":1.0,"m":true,"len":119,"t":"TH570906","n":"ถนนพหลโยธิน"}},{"type":"Feature","geometry":{"type":"LineString","coordinates":[[99.88423,20.38389],[99.88428,20.38434],[99.88436,20.38485],[99.88437,20.38496]]},"properties":{"c":"primary","h":null,"k":1.0,"m":true,"len":119,"t":"TH570906","n":"ถนนพหลโยธิน"}},{"type":"Feature","geometry":{"type":"LineString","coordinates":[[99.88437,20.38496],[99.88453,20.38602]]},"properties":{"c":"primary","h":null,"k":1.0,"m":true,"len":119,"t":"TH570906","n":"ถนนพหลโยธิน"}},{"type":"Feature","geometry":{"type":"LineString","coordinates":[[99.88453,20.38602],[99.8846,20.38646],[99.88465,20.38683],[99.88469,20.38708]]},"properties":{"c":"primary","h":null,"k":1.0,"m":true,"len":119,"t":"TH570906","n":"ถนนพหลโยธิน"}},{"type":"Feature","geometry":{"type":"LineString","coordinates":[[99.88469,20.38708],[99.88485,20.38815]]},"properties":{"c":"primary","h":null,"k":1.0,"m":true,"len":119,"t":"TH570906","n":"ถนนพหลโยธิน"}},{"type":"Feature","geometry":{"type":"LineString","coordinates":[[99.88485,20.38815],[99.88497,20.38892],[99.88501,20.38921]]},"properties":{"c":"primary","h":null,"k":1.0,"m":true,"len":119,"t":"TH570906","n":"ถนนพหลโยธิน"}},{"type":"Feature","geometry":{"type":"LineString","coordinates":[[99.88501,20.38921],[99.88517,20.39027]]},"properties":{"c":"primary","h":null,"k":1.0,"m":true,"len":119,"t":"TH570906","n":"ถนนพหลโยธิน"}},{"type":"Feature","geometry":{"type":"LineString","coordinates":[[99.88517,20.39027],[99.88521,20.39054],[99.88524,20.39085],[99.88524,20.39118],[99.88523,20.39134]]},"properties":{"c":"primary","h":null,"k":1.0,"m":true,"len":119,"t":"TH570906","n":"ถนนพหลโยธิน"}},{"type":"Feature","geometry":{"type":"LineString","coordinates":[[99.88523,20.39134],[99.88522,20.39156],[99.88514,20.39241]]},"properties":{"c":"primary","h":null,"k":1.0,"m":true,"len":119,"t":"TH570906","n":"ถนนพหลโยธิน"}},{"type":"Feature","geometry":{"type":"LineString","coordinates":[[99.88514,20.39241],[99.88513,20.39252],[99.88509,20.39298],[99.88504,20.39348]]},"properties":{"c":"primary","h":null,"k":1.0,"m":true,"len":119,"t":"TH570906","n":"ถนนพหลโยธิน"}},{"type":"Feature","geometry":{"type":"LineString","coordinates":[[99.88504,20.39348],[99.88493,20.39455]]},"properties":{"c":"primary","h":null,"k":1.0,"m":true,"len":119,"t":"TH570906","n":"ถนนพหลโยธิน"}},{"type":"Feature","geometry":{"type":"LineString","coordinates":[[99.88493,20.39455],[99.88483,20.39562]]},"properties":{"c":"primary","h":null,"k":1.0,"m":true,"len":119,"t":"TH570906","n":"ถนนพหลโยธิน"}},{"type":"Feature","geometry":{"type":"LineString","coordinates":[[99.88483,20.39562],[99.8848,20.39594],[99.88473,20.39669]]},"properties":{"c":"primary","h":null,"k":1.0,"m":true,"len":119,"t":"TH570906","n":"ถนนพหลโยธิน"}},{"type":"Feature","geometry":{"type":"LineString","coordinates":[[99.88473,20.39669],[99.88463,20.39776]]},"properties":{"c":"primary","h":null,"k":1.0,"m":true,"len":119,"t":"TH570906","n":"ถนนพหลโยธิน"}},{"type":"Feature","geometry":{"type":"LineString","coordinates":[[99.88463,20.39776],[99.88461,20.39802],[99.88453,20.39883]]},"properties":{"c":"primary","h":null,"k":1.0,"m":true,"len":119,"t":"TH570906","n":"ถนนพหลโยธิน"}},{"type":"Feature","geometry":{"type":"LineString","coordinates":[[99.88453,20.39883],[99.88447,20.39955],[99.88445,20.39988],[99.88445,20.3999]]},"properties":{"c":"primary","h":null,"k":1.0,"m":true,"len":119,"t":"TH570906","n":"ถนนพหลโยธิน"}},{"type":"Feature","geometry":{"type":"LineString","coordinates":[[99.88445,20.3999],[99.88446,20.40007],[99.88447,20.40031],[99.88451,20.40058],[99.88457,20.40083],[99.8846,20.40096]]},"properties":{"c":"primary","h":null,"k":1.0,"m":true,"len":119,"t":"TH570906","n":"ถนนพหลโยธิน"}},{"type":"Feature","geometry":{"type":"LineString","coordinates":[[99.8846,20.40096],[99.88478,20.40178],[99.88482,20.40202]]},"properties":{"c":"primary","h":null,"k":1.0,"m":true,"len":119,"t":"TH570906","n":"ถนนพหลโยธิน"}},{"type":"Feature","geometry":{"type":"LineString","coordinates":[[99.88482,20.40202],[99.88493,20.40259],[99.88496,20.40287],[99.88496,20.40308]]},"properties":{"c":"primary","h":null,"k":1.0,"m":true,"len":119,"t":"TH570906","n":"ถนนพหลโยธิน"}},{"type":"Feature","geometry":{"type":"LineString","coordinates":[[99.88496,20.40308],[99.88496,20.4032],[99.88496,20.40344],[99.88497,20.404],[99.88497,20.40416]]},"properties":{"c":"primary","h":null,"k":1.0,"m":true,"len":119,"t":"TH570906","n":"ถนนพหลโยธิน"}},{"type":"Feature","geometry":{"type":"LineString","coordinates":[[99.88497,20.40416],[99.88497,20.40425],[99.88498,20.40434],[99.88499,20.40523]]},"properties":{"c":"primary","h":null,"k":1.0,"m":true,"len":119,"t":"TH570906","n":"ถนนพหลโยธิน"}},{"type":"Feature","geometry":{"type":"LineString","coordinates":[[99.88499,20.40523],[99.88499,20.40563],[99.885,20.4063]]},"properties":{"c":"primary","h":null,"k":1.0,"m":true,"len":119,"t":"TH570906","n":"ถนนพหลโยธิน"}},{"type":"Feature","geometry":{"type":"LineString","coordinates":[[99.885,20.4063],[99.88501,20.40708],[99.88502,20.40738]]},"properties":{"c":"primary","h":null,"k":1.0,"m":true,"len":119,"t":"TH570906","n":"ถนนพหลโยธิน"}},{"type":"Feature","geometry":{"type":"LineString","coordinates":[[99.88502,20.40738],[99.88504,20.40768],[99.88507,20.40793],[99.88524,20.40842]]},"properties":{"c":"primary","h":null,"k":1.0,"m":true,"len":119,"t":"TH570906","n":"ถนนพหลโยธิน"}},{"type":"Feature","geometry":{"type":"LineString","coordinates":[[99.88524,20.40842],[99.88525,20.40845],[99.8856,20.4094],[99.88561,20.40944]]},"properties":{"c":"primary","h":null,"k":1.0,"m":true,"len":119,"t":"TH570906","n":"ถนนพหลโยธิน"}},{"type":"Feature","geometry":{"type":"LineString","coordinates":[[99.88561,20.40944],[99.88568,20.40976],[99.88576,20.4105]]},"properties":{"c":"primary","h":null,"k":1.0,"m":true,"len":119,"t":"TH570906","n":"ถนนพหลโยธิน"}},{"type":"Feature","geometry":{"type":"LineString","coordinates":[[99.88576,20.4105],[99.88576,20.41051],[99.88586,20.41157]]},"properties":{"c":"primary","h":null,"k":1.0,"m":true,"len":119,"t":"TH570906","n":"ถนนพหลโยธิน"}},{"type":"Feature","geometry":{"type":"LineString","coordinates":[[99.88586,20.41157],[99.88589,20.41194],[99.88595,20.41264]]},"properties":{"c":"primary","h":null,"k":1.0,"m":true,"len":119,"t":"TH570906","n":"ถนนพหลโยธิน"}},{"type":"Feature","geometry":{"type":"LineString","coordinates":[[99.88595,20.41264],[99.88597,20.41288],[99.88596,20.41307],[99.88592,20.41323],[99.88577,20.41369]]},"properties":{"c":"primary","h":null,"k":1.0,"m":true,"len":119,"t":"TH570906","n":"ถนนพหลโยธิน"}},{"type":"Feature","geometry":{"type":"LineString","coordinates":[[99.88577,20.41369],[99.88552,20.41449],[99.88544,20.41472]]},"properties":{"c":"primary","h":null,"k":1.0,"m":true,"len":119,"t":"TH570906","n":"ถนนพหลโยธิน"}},{"type":"Feature","geometry":{"type":"LineString","coordinates":[[99.88544,20.41472],[99.88539,20.41487],[99.88509,20.41571],[99.88508,20.41574]]},"properties":{"c":"primary","h":null,"k":1.0,"m":true,"len":119,"t":"TH570906","n":"ถนนพหลโยธิน"}},{"type":"Feature","geometry":{"type":"LineString","coordinates":[[99.88508,20.41574],[99.88473,20.41676]]},"properties":{"c":"primary","h":null,"k":1.0,"m":true,"len":119,"t":"TH570906","n":"ถนนพหลโยธิน"}},{"type":"Feature","geometry":{"type":"LineString","coordinates":[[99.88473,20.41676],[99.88473,20.41677],[99.88463,20.41705],[99.88439,20.41779]]},"properties":{"c":"primary","h":null,"k":1.0,"m":true,"len":119,"t":"TH570906","n":"ถนนพหลโยธิน"}},{"type":"Feature","geometry":{"type":"LineString","coordinates":[[99.88439,20.41779],[99.88414,20.41855],[99.88409,20.41872],[99.88406,20.41881]]},"properties":{"c":"primary","h":null,"k":1.0,"m":true,"len":119,"t":"TH570906","n":"ถนนพหลโยธิน"}},{"type":"Feature","geometry":{"type":"LineString","coordinates":[[99.89874,20.44613],[99.89965,20.44608]]},"properties":{"c":"residential","h":3.95,"k":0.4929,"m":true,"len":95,"t":"TH570901"}}]}