{
  "type": "FeatureCollection",
  "features": [
    {
      "type": "Feature",
      "properties": {
        "id": "corridor_of_record",
        "status": "of_record",
        "status_note": "Of record: built under the route rule the owners chose for open item OI-02 (owner choice 1, option B, decision log R12), in a compute window the operator declared (plan 5 item 1). Protocol v1b records this file by its SHA-256.",
        "generated_at_utc": "2026-10-03T02:40:10Z",
        "source_timestamp": "2026-07-10T02:46:49Z",
        "source_timestamp_note": "Retrieval time of the OpenStreetMap extract the routes were found on. AOI-02 and the boundaries are named by their SHA-256.",
        "confidence_class": "low",
        "confidence_basis": "OSM roads, hospitals, buildings and amenities are unverified map records; travel times are modelled class speeds on an undirected graph; the timing is one measurement on one desktop machine in a declared compute window.",
        "assumptions": [
          "The route rule is the one the owners chose for open item OI-02 (owner choice 1, option B, with its seven sub-rules; decision log R12).",
          "The fastest path is found on fixed class speeds on an undirected graph that joins ways at every shared vertex coordinate. One-way rules, turn restrictions and road condition are not represented.",
          "The polygon is AOI-02 plus 3 km buffers measured in EPSG:32647. It is a routing context, not a hazard zone, an evacuation zone or a flood extent.",
          "OSM hospital ways are map records. Their operation, entrance and capacity are not verified."
        ],
        "route_rule_variant": "whole_path",
        "route_rule": "For each of the three hospitals: build an undirected vehicle graph from every OSM road in the search window that lies inside Thailand, joining ways wherever they share a vertex coordinate; use the modelled class speeds; snap the hospital to the road vertex nearest to its OSM way polygon; take the fastest path from that vertex to the first road vertex inside AOI-02 (the vertex of AOI-02 with the smallest travel time); keep every segment of that path, whatever its road class; buffer the path by 3 km in EPSG:32647; and union the three buffers with AOI-02.",
        "base": "resources/aoi/aoi-02_mae_sai_district.geojson",
        "base_sha256": "d49de53e86264c06218fd9a03cc2b5da1549085a49fae2f3cd288bf6334f5a56",
        "buffer_m": 3000,
        "osm_pbf_sha256": "b7f46018249638413b1d318bc86519f140c27af20cac7c00d42fe03775b7add1",
        "boundaries_sha256": "09e62345481bb80030ff6779e074bfb2c16629b70ae1e373ebd31945f1c6e0d8",
        "geometry_sha256": "4b271a6619db2a78442476895c58f93e6ba1079ff6b7bb52f63cabefa796353b",
        "official_warning": false,
        "operational_status": "non_operational"
      },
      "geometry": {
        "type": "Polygon",
        "coordinates": [
          [
            [
              99.82400783462381,
              20.17269116630969
            ],
            [
              99.82401964778398,
              20.17316687129851
            ],
            [
              99.82403022740226,
              20.173304357527208
            ],
            [
              99.82402796717456,
              20.17344218966901
            ],
            [
              99.82407543833239,
              20.174775512596742
            ],
            [
              99.82408192939651,
              20.175556237493332
            ],
            [
              99.82409572993048,
              20.175784847815095
            ],
            [
              99.82408982390474,
              20.176013761284164
            ],
            [
              99.82412358862427,
              20.177302575082976
            ],
            [
              99.82415581344262,
              20.17771400436013
            ],
            [
              99.82415846443276,
              20.178126549574124
            ],
            [
              99.82425965482484,
              20.179039777145512
            ],
            [
              99.82433137934616,
              20.179955488202676
            ],
            [
              99.82440616139617,
              20.180361953711053
            ],
            [
              99.82445162760749,
              20.180772266820096
            ],
            [
              99.82448469235513,
              20.18097427332929
            ],
            [
              99.8244927629013,
              20.18101140260918
            ],
            [
              99.8244970516402,
              20.1810490888324
            ],
            [
              99.82460753616812,
              20.181711810492992
            ],
            [
              99.8248835644526,
              20.18296391040634
            ],
            [
              99.82515458544333,
              20.184216985232915
            ],
            [
              99.82531631731304,
              20.184813695357622
            ],
            [
              99.82536351924533,
              20.18498808484155
            ],
            [
              99.82560917369908,
              20.18573976496982
            ],
            [
              99.82582268560355,
              20.186500146192603
            ],
            [
              99.8260061575157,
              20.187044211864407
            ],
            [
              99.82604397918406,
              20.187185391837293
            ],
            [
              99.82635036313641,
              20.18813114387227
            ],
            [
              99.82637088447804,
              20.188194546818472
            ],
            [
              99.82637576767293,
              20.188207349309767
            ],
            [
              99.82637931225223,
              20.18822053870252
            ],
            [
              99.82638274322245,
              20.18823110114409
            ],
            [
              99.8269225970864,
              20.18989738168081
            ],
            [
              99.82711248217853,
              20.190489312501022
            ],
            [
              99.82713554214655,
              20.190550244160445
            ],
            [
              99.82715248214406,
              20.190612940830796
            ],
            [
              99.82757048440368,
              20.191893912149325
            ],
            [
              99.82760578725797,
              20.19198580616645
            ],
            [
              99.82766738014098,
              20.192209274706432
            ],
            [
              99.8278782825987,
              20.192844710565524
            ],
            [
              99.82787861457217,
              20.192845561907173
            ],
            [
              99.82787885662312,
              20.192846439854527
            ],
            [
              99.82801891013659,
              20.193268310239777
            ],
            [
              99.82838527766091,
              20.194398536799177
            ],
            [
              99.82838537093994,
              20.194398781026894
            ],
            [
              99.82838543841895,
              20.194399032709192
            ],
            [
              99.8286838959677,
              20.195319683716573
            ],
            [
              99.82868405357051,
              20.195320096330168
            ],
            [
              99.82868416759082,
              20.19532052153758
            ],
            [
              99.82882200181221,
              20.195745645094597
            ],
            [
              99.82883384248468,
              20.195776641360162
            ],
            [
              99.82884249019271,
              20.195808564338176
            ],
            [
              99.82920069869134,
              20.196903866953505
            ],
            [
              99.82920737504733,
              20.196924309007375
            ],
            [
              99.82930936826955,
              20.19718959849398
            ],
            [
              99.82934697614968,
              20.197325652811315
            ],
            [
              99.82959946158114,
              20.198084499725887
            ],
            [
              99.8298442506297,
              20.198820445311643
            ],
            [
              99.82984871679889,
              20.19883187696673
            ],
            [
              99.8298519857961,
              20.19884366408636
            ],
            [
              99.82989014545089,
              20.19895802899961
            ],
            [
              99.83029673300473,
              20.20018242636107
            ],
            [
              99.83019009715065,
              20.201632221368904
            ],
            [
              99.8301900640114,
              20.20163376693198
            ],
            [
              99.83018987074765,
              20.201635302007062
            ],
            [
              99.83015297880686,
              20.202137699370365
            ],
            [
              99.83015185655142,
              20.20219033551734
            ],
            [
              99.83014548960473,
              20.202242638076363
            ],
            [
              99.83010067119403,
              20.202889335110903
            ],
            [
              99.83009809104415,
              20.203039258010698
            ],
            [
              99.83008170237973,
              20.20318840034817
            ],
            [
              99.82998602583847,
              20.204850763581856
            ],
            [
              99.8299561897633,
              20.20508430006923
            ],
            [
              99.82994929952991,
              20.205121899374532
            ],
            [
              99.82986578335468,
              20.205763790178455
            ],
            [
              99.82984870755475,
              20.205983832546746
            ],
            [
              99.829812618059,
              20.206201818258847
            ],
            [
              99.82972248929231,
              20.207001860730312
            ],
            [
              99.82962134276623,
              20.207899602000126
            ],
            [
              99.82957775014783,
              20.20862237430182
            ],
            [
              99.82949993614073,
              20.209342580710246
            ],
            [
              99.82946548628382,
              20.20996079722333
            ],
            [
              99.82933091433492,
              20.210369590406124
            ],
            [
              99.8290647209223,
              20.211069712698187
            ],
            [
              99.82898868241305,
              20.211305502352815
            ],
            [
              99.82887259467059,
              20.21174117026289
            ],
            [
              99.82872675352907,
              20.21216879376499
            ],
            [
              99.82852907258689,
              20.21303036719606
            ],
            [
              99.82830126603514,
              20.213885286431292
            ],
            [
              99.82823097099221,
              20.214329597502537
            ],
            [
              99.82813023030957,
              20.21476865579632
            ],
            [
              99.82808948891594,
              20.21500075079605
            ],
            [
              99.82796842370051,
              20.215989049762186
            ],
            [
              99.82788501243398,
              20.216516251114403
            ],
            [
              99.82787110075833,
              20.216778258782753
            ],
            [
              99.82776820742075,
              20.217608957157815
            ],
            [
              99.82766173423053,
              20.21909994977445
            ],
            [
              99.8276609386186,
              20.219141165877957
            ],
            [
              99.82765599885559,
              20.219182124257234
            ],
            [
              99.82758520852633,
              20.220220419653778
            ],
            [
              99.82757530268894,
              20.220836287404797
            ],
            [
              99.82753101546854,
              20.22145080581618
            ],
            [
              99.82751637598699,
              20.22218436439296
            ],
            [
              99.82749420316324,
              20.222771823981773
            ],
            [
              99.82749700445305,
              20.22296803737416
            ],
            [
              99.82748241564342,
              20.223163784796395
            ],
            [
              99.82747031641249,
              20.223703786380536
            ],
            [
              99.82747182955258,
              20.22375489047635
            ],
            [
              99.8274682323151,
              20.223805901643413
            ],
            [
              99.8274320714226,
              20.225769808666147
            ],
            [
              99.82743417686252,
              20.225832461311775
            ],
            [
              99.82743007235389,
              20.225895025626798
            ],
            [
              99.82739837163388,
              20.228240266877492
            ],
            [
              99.82738746407594,
              20.228781708011976
            ],
            [
              99.82738986125806,
              20.228856920320958
            ],
            [
              99.82738487770942,
              20.228932019483963
            ],
            [
              99.82737180937384,
              20.229847923368908
            ],
            [
              99.82738236163718,
              20.23012741909208
            ],
            [
              99.82737245436816,
              20.230301837154386
            ],
            [
              99.82736735903181,
              20.231376481746814
            ],
            [
              99.82735072455665,
              20.234858631496266
            ],
            [
              99.82734805806622,
              20.23541046087596
            ],
            [
              99.82731272285325,
              20.236793472487506
            ],
            [
              99.82731813902136,
              20.23699809349723
            ],
            [
              99.82730554451771,
              20.237202432881215
            ],
            [
              99.82726934818331,
              20.240989651809354
            ],
            [
              99.8272694357208,
              20.240991712706084
            ],
            [
              99.82726930913933,
              20.2409937717953
            ],
            [
              99.82726726921766,
              20.241210872885905
            ],
            [
              99.82726755623958,
              20.241217604667586
            ],
            [
              99.82726714630509,
              20.24122433077912
            ],
            [
              99.8272638785619,
              20.241592732660962
            ],
            [
              99.82726423604151,
              20.241601014564843
            ],
            [
              99.8272637370567,
              20.24160928994852
            ],
            [
              99.82725340601958,
              20.242865696497155
            ],
            [
              99.82725481276731,
              20.24289780459836
            ],
            [
              99.82725295871114,
              20.24292989246069
            ],
            [
              99.82724589097444,
              20.24416701775407
            ],
            [
              99.82720461226154,
              20.246307469280847
            ],
            [
              99.82720685241397,
              20.24637589383323
            ],
            [
              99.82720234068334,
              20.24644421848448
            ],
            [
              99.82719818583867,
              20.24674231976363
            ],
            [
              99.8272000270116,
              20.246790655703837
            ],
            [
              99.82719702167606,
              20.246838939630514
            ],
            [
              99.82719549147386,
              20.246989547692184
            ],
            [
              99.82488650322844,
              20.24561012692943
            ],
            [
              99.82236868140846,
              20.244414472824694
            ],
            [
              99.81973884144999,
              20.24345745326346
            ],
            [
              99.81957834914277,
              20.24340743598393
            ],
            [
              99.8194643232492,
              20.24337105611656
            ],
            [
              99.8182558556728,
              20.243046904908137
            ],
            [
              99.81806850396636,
              20.242994605972495
            ],
            [
              99.81800743721314,
              20.242975971033545
            ],
            [
              99.817741988463,
              20.24268052162001
            ],
            [
              99.81740592137473,
              20.242259237249677
            ],
            [
              99.81740112833181,
              20.242254317888094
            ],
            [
              99.81739686647504,
              20.242248980795186
            ],
            [
              99.81731296318485,
              20.242153991304065
            ],
            [
              99.8167540148641,
              20.241580874767077
            ],
            [
              99.81622024536972,
              20.24098676285377
            ],
            [
              99.81580016580713,
              20.24060283329268
            ],
            [
              99.81540414622525,
              20.240196764206292
            ],
            [
              99.81478838355685,
              20.239678107873132
            ],
            [
              99.8141954982838,
              20.239136228230908
            ],
            [
              99.81399750584686,
              20.238972249041716
            ],
            [
              99.81356968685276,
              20.238651583771194
            ],
            [
              99.8133013055123,
              20.238425519642288
            ],
            [
              99.81289173682873,
              20.238143399321856
            ],
            [
              99.81182004156429,
              20.23733800667292
            ],
            [
              99.81180469360825,
              20.237328634139025
            ],
            [
              99.81179037842864,
              20.23731790403633
            ],
            [
              99.8106215669568,
              20.236606126785272
            ],
            [
              99.80945372579457,
              20.235892939225188
            ],
            [
              99.80894168004095,
              20.235612878806354
            ],
            [
              99.80869873815875,
              20.235494633319593
            ],
            [
              99.8084664634599,
              20.235358626653117
            ],
            [
              99.80744673540606,
              20.234885246025293
            ],
            [
              99.80643673700729,
              20.23439363935339
            ],
            [
              99.80631367451184,
              20.23434752175855
            ],
            [
              99.80630405617505,
              20.234342780854096
            ],
            [
              99.80616099349557,
              20.234288363045902
            ],
            [
              99.80593741195527,
              20.234184567811656
            ],
            [
              99.80567054782807,
              20.23407568368309
            ],
            [
              99.80467560449044,
              20.233723345390853
            ],
            [
              99.80368997390251,
              20.233348418324287
            ],
            [
              99.80335681553557,
              20.23325631267627
            ],
            [
              99.80303178583422,
              20.23314120546992
            ],
            [
              99.80200505362545,
              20.23288259410915
            ],
            [
              99.80098524342878,
              20.232600641321675
            ],
            [
              99.80084816561488,
              20.232569545742862
            ],
            [
              99.80063490455883,
              20.2325315059049
            ],
            [
              99.80042572327407,
              20.23247689443914
            ],
            [
              99.80033633707147,
              20.23246226616199
            ],
            [
              99.80030871150593,
              20.232455307488085
            ],
            [
              99.80003149341762,
              20.232412377365034
            ],
            [
              99.79942389394878,
              20.232312939768335
            ],
            [
              99.79918994788957,
              20.23226110687545
            ],
            [
              99.79894983590734,
              20.232230926714106
            ],
            [
              99.79807882377744,
              20.232075550460326
            ],
            [
              99.79786264018452,
              20.232057420162683
            ],
            [
              99.7976487960797,
              20.232022420623082
            ],
            [
              99.7968483577909,
              20.231966773084913
            ],
            [
              99.79639625228455,
              20.231909940466927
            ],
            [
              99.79592114315041,
              20.23189458380658
            ],
            [
              99.7952715264705,
              20.23184009456477
            ],
            [
              99.79505450124229,
              20.23184204834487
            ],
            [
              99.79483805270642,
              20.231826997675768
            ],
            [
              99.7947080752778,
              20.23182399743255
            ],
            [
              99.79421075728983,
              20.231835563434146
            ],
            [
              99.79410844224134,
              20.231759710289484
            ],
            [
              99.79381707614736,
              20.231528340240473
            ],
            [
              99.79318373514906,
              20.230984700908817
            ],
            [
              99.79310783900452,
              20.230925708560772
            ],
            [
              99.79278538218273,
              20.23069918571897
            ],
            [
              99.7924805536778,
              20.23045187230972
            ],
            [
              99.79236571935763,
              20.230375818710858
            ],
            [
              99.79231553083646,
              20.230335963505006
            ],
            [
              99.79214823932544,
              20.230227643272833
            ],
            [
              99.79207254585391,
              20.230138202885275
            ],
            [
              99.7916375640852,
              20.229716636551633
            ],
            [
              99.79122768672346,
              20.229273225517748
            ],
            [
              99.79075085830198,
              20.2288495376168
            ],
            [
              99.79050003749484,
              20.228598194446974
            ],
            [
              99.79042084543198,
              20.228533014749225
            ],
            [
              99.79040640135334,
              20.228509377239504
            ],
            [
              99.79027611371863,
              20.22833760709982
            ],
            [
              99.79002274382331,
              20.227938193630926
            ],
            [
              99.78993212324538,
              20.227822752131956
            ],
            [
              99.78985254831971,
              20.227700271046643
            ],
            [
              99.78952547529309,
              20.227292705671324
            ],
            [
              99.7895242105115,
              20.22729087399849
            ],
            [
              99.78952049335184,
              20.227286497657378
            ],
            [
              99.78923689291133,
              20.226933101100247
            ],
            [
              99.78894417116157,
              20.226526422958205
            ],
            [
              99.7886777144132,
              20.226224738371762
            ],
            [
              99.78834493964088,
              20.22580080342505
            ],
            [
              99.78821813402013,
              20.225654819413595
            ],
            [
              99.78817503013045,
              20.225609887321024
            ],
            [
              99.78815086203984,
              20.225579770511427
            ],
            [
              99.78792637466113,
              20.225350684677224
            ],
            [
              99.78766613828532,
              20.22507940856378
            ],
            [
              99.78713953769278,
              20.224483169993068
            ],
            [
              99.78672088004879,
              20.22409403910649
            ],
            [
              99.78632650725075,
              20.2236829261006
            ],
            [
              99.78571743178742,
              20.22316134896339
            ],
            [
              99.78513146663612,
              20.22261669510141
            ],
            [
              99.7846744270356,
              20.222268166441093
            ],
            [
              99.78423927285804,
              20.2218955149268
            ],
            [
              99.78357898299457,
              20.22143279271051
            ],
            [
              99.78293929609833,
              20.220944966958463
            ],
            [
              99.78244827547617,
              20.22064039574386
            ],
            [
              99.78197653019153,
              20.220309793209086
            ],
            [
              99.781271383691,
              20.219910380403217
            ],
            [
              99.7805841344434,
              20.219484078958036
            ],
            [
              99.78006386044302,
              20.21922639716404
            ],
            [
              99.77956006616279,
              20.218941026222446
            ],
            [
              99.77881685203995,
              20.21860876776729
            ],
            [
              99.77808865714023,
              20.218248094464194
            ],
            [
              99.77792667795461,
              20.218177204766047
            ],
            [
              99.77740581210918,
              20.217977940920814
            ],
            [
              99.77701314560053,
              20.21780239042027
            ],
            [
              99.77645057529493,
              20.217612059809635
            ],
            [
              99.77536964378656,
              20.217196120069293
            ],
            [
              99.77534181637414,
              20.2171883126614
            ],
            [
              99.77531491157727,
              20.217178019406838
            ],
            [
              99.77448251452967,
              20.216946201052618
            ],
            [
              99.77436028746817,
              20.216904846749195
            ],
            [
              99.7741840255819,
              20.21686307225463
            ],
            [
              99.77403571732506,
              20.216821768366994
            ],
            [
              99.7739216266336,
              20.216783552166895
            ],
            [
              99.77378693617818,
              20.21675205881011
            ],
            [
              99.77266834379925,
              20.21643820441683
            ],
            [
              99.77263983990342,
              20.21643300886361
            ],
            [
              99.77261199610093,
              20.216425254078256
            ],
            [
              99.77163917088559,
              20.21624985196737
            ],
            [
              99.77118620578229,
              20.216143932416436
            ],
            [
              99.77064776296781,
              20.21606989024718
            ],
            [
              99.76990137081671,
              20.215933830527156
            ],
            [
              99.76971200297346,
              20.21590833379437
            ],
            [
              99.7692207308817,
              20.215865271338572
            ],
            [
              99.76908386580922,
              20.215841498533333
            ],
            [
              99.76885500943582,
              20.21582335325051
            ],
            [
              99.76839755562612,
              20.215760441761464
            ],
            [
              99.76801972065736,
              20.215726245468254
            ],
            [
              99.76724817631013,
              20.21569235294315
            ],
            [
              99.76690599189826,
              20.215662354016782
            ],
            [
              99.76682964217993,
              20.215662755199734
            ],
            [
              99.76627567201722,
              20.21561882494038
            ],
            [
              99.76573991613505,
              20.215626087997723
            ],
            [
              99.76520468452766,
              20.215602569629706
            ],
            [
              99.7643318195469,
              20.21564516928447
            ],
            [
              99.76345787839898,
              20.215657006488833
            ],
            [
              99.76292545494442,
              20.21571379691112
            ],
            [
              99.76239035742412,
              20.215739905573212
            ],
            [
              99.76152611518468,
              20.215863048241186
            ],
            [
              99.7614299599465,
              20.215873303586026
            ],
            [
              99.76114546101549,
              20.21589489972334
            ],
            [
              99.76100788807862,
              20.215918318620496
            ],
            [
              99.76065760783347,
              20.21595567610938
            ],
            [
              99.76022877844069,
              20.21602166271953
            ],
            [
              99.75978711851825,
              20.216110818006374
            ],
            [
              99.75960382894587,
              20.216136931799316
            ],
            [
              99.75931070434741,
              20.216206987577923
            ],
            [
              99.75930338917202,
              20.216208464217623
            ],
            [
              99.75837209573967,
              20.216366984747957
            ],
            [
              99.75792622320466,
              20.21648645274922
            ],
            [
              99.75747298257093,
              20.21657793930416
            ],
            [
              99.75657143726582,
              20.216849448869155
            ],
            [
              99.75566107966628,
              20.217093359809265
            ],
            [
              99.7552297541465,
              20.217253500199664
            ],
            [
              99.75478819084658,
              20.217386475450198
            ],
            [
              99.75391916803585,
              20.217740079653296
            ],
            [
              99.7530385096689,
              20.21806703331579
            ],
            [
              99.75262588336105,
              20.218266304623402
            ],
            [
              99.7522002481114,
              20.21843948864324
            ],
            [
              99.7513721137233,
              20.21887178375252
            ],
            [
              99.75102719688071,
              20.21903835102122
            ],
            [
              99.75079944903449,
              20.21914170727616
            ],
            [
              99.75072666263519,
              20.219183484210618
            ],
            [
              99.7505296325761,
              20.21927863301622
            ],
            [
              99.75017936574633,
              20.219468803815175
            ],
            [
              99.74987624194328,
              20.21965262923764
            ],
            [
              99.74973406837313,
              20.219726842824585
            ],
            [
              99.74946091972804,
              20.21990449437237
            ],
            [
              99.74929233433946,
              20.22000672962545
            ],
            [
              99.74839147309591,
              20.2205237766147
            ],
            [
              99.74810735208486,
              20.220725330293913
            ],
            [
              99.7478083293761,
              20.220906662308632
            ],
            [
              99.74777777792146,
              20.22092947279801
            ],
            [
              99.747557072703,
              20.220950417866355
            ],
            [
              99.74715800251195,
              20.220961651598483
            ],
            [
              99.74615573019474,
              20.2210833995963
            ],
            [
              99.74515025959327,
              20.221178807676832
            ],
            [
              99.74475883988525,
              20.221253072800337
            ],
            [
              99.74436285593204,
              20.22130116888885
            ],
            [
              99.74409469969298,
              20.221346459898655
            ],
            [
              99.74326503537901,
              20.221526643019182
            ],
            [
              99.74242857545084,
              20.22167623977906
            ],
            [
              99.74236952646277,
              20.221689663426034
            ],
            [
              99.74231741055037,
              20.221684909444765
            ],
            [
              99.7419287879247,
              20.221626545994557
            ],
            [
              99.74136409031335,
              20.221594735865636
            ],
            [
              99.74040817903362,
              20.221495779805956
            ],
            [
              99.74022300909414,
              20.221493846355287
            ],
            [
              99.7400386867506,
              20.221477030211137
            ],
            [
              99.73929744670222,
              20.221478303595756
            ],
            [
              99.7391155897733,
              20.221468056815212
            ],
            [
              99.73881206738137,
              20.22147910760001
            ],
            [
              99.7375901477463,
              20.22146633421018
            ],
            [
              99.73740566832983,
              20.221481539319388
            ],
            [
              99.7372204872685,
              20.22148185496042
            ],
            [
              99.73671974058836,
              20.22152926993624
            ],
            [
              99.73665229162431,
              20.221461561529406
            ],
            [
              99.73611648873865,
              20.22097401329268
            ],
            [
              99.73560519746322,
              20.220463552149553
            ],
            [
              99.73510262297276,
              20.220051443597317
            ],
            [
              99.73462334050423,
              20.21961531333025
            ],
            [
              99.73403950357495,
              20.219179678849013
            ],
            [
              99.73347768118785,
              20.21871897418815
            ],
            [
              99.73293474492128,
              20.218355342325317
            ],
            [
              99.73241249435426,
              20.21796564963483
            ],
            [
              99.73178624520388,
              20.217586122665864
            ],
            [
              99.73117930158962,
              20.217179609631582
            ],
            [
              99.73060123123705,
              20.21686795501296
            ],
            [
              99.73004104113755,
              20.21652845137868
            ],
            [
              99.72937840935337,
              20.216208685452372
            ],
            [
              99.72873218824594,
              20.21586027740725
            ],
            [
              99.72812454926716,
              20.21560360015358
            ],
            [
              99.72753181298137,
              20.215317553834524
            ],
            [
              99.72683917790634,
              20.215060627128477
            ],
            [
              99.72615990066721,
              20.214773678025114
            ],
            [
              99.72552854275766,
              20.2145744489802
            ],
            [
              99.72490896653204,
              20.214344613590388
            ],
            [
              99.7241929959114,
              20.21415299933713
            ],
            [
              99.72373542288246,
              20.214008603166572
            ],
            [
              99.7230662145568,
              20.213311516779267
            ],
            [
              99.72297639061406,
              20.213234655128907
            ],
            [
              99.72289422523791,
              20.21315050371265
            ],
            [
              99.7219326346215,
              20.21234151209834
            ],
            [
              99.72097831701745,
              20.21152488686846
            ],
            [
              99.72088094678264,
              20.211456705184354
            ],
            [
              99.72079044135073,
              20.211380560295773
            ],
            [
              99.71976959567397,
              20.210678247656134
            ],
            [
              99.7195611591007,
              20.210519256117287
            ],
            [
              99.71939476718417,
              20.21041602135826
            ],
            [
              99.71871500802976,
              20.209940017157994
            ],
            [
              99.7186110290643,
              20.20988117180459
            ],
            [
              99.71851305507664,
              20.209813766482696
            ],
            [
              99.71766729327796,
              20.209344224705323
            ],
            [
              99.71720624904408,
              20.20905816822706
            ],
            [
              99.71713305128468,
              20.209021905350305
            ],
            [
              99.71712531677704,
              20.20901206897119
            ],
            [
              99.71686568048297,
              20.208741867198796
            ],
            [
              99.71667625818925,
              20.2085143286841
            ],
            [
              99.71639611488092,
              20.208238436220007
            ],
            [
              99.71614654367362,
              20.2079475873979
            ],
            [
              99.71598514848037,
              20.207793267328416
            ],
            [
              99.71583771873891,
              20.207626959970725
            ],
            [
              99.7156368803399,
              20.207440967724008
            ],
            [
              99.71553647671078,
              20.207333250353788
            ],
            [
              99.71537783721841,
              20.20719345243847
            ],
            [
              99.7152320329664,
              20.207041709965214
            ],
            [
              99.71507133423434,
              20.206890128210627
            ],
            [
              99.71478122532567,
              20.206642106202423
            ],
            [
              99.71416673735438,
              20.206054538244263
            ],
            [
              99.71399010014538,
              20.20591589297296
            ],
            [
              99.71382611654289,
              20.20576402605591
            ],
            [
              99.71338147844922,
              20.205426221311715
            ],
            [
              99.7130850324725,
              20.205168186767764
            ],
            [
              99.71256846902625,
              20.204800016992337
            ],
            [
              99.71199995733697,
              20.204353769229737
            ],
            [
              99.71193246184346,
              20.20430587562336
            ],
            [
              99.71177046338865,
              20.204202263261877
            ],
            [
              99.7116308207083,
              20.204096169023774
            ],
            [
              99.71125636456551,
              20.203864827085038
            ],
            [
              99.71083610345197,
              20.203565285462464
            ],
            [
              99.71020849083641,
              20.20320322845658
            ],
            [
              99.70959957374089,
              20.202813758825574
            ],
            [
              99.70933890560873,
              20.202680182235568
            ],
            [
              99.70927296969299,
              20.20263944499107
            ],
            [
              99.70898554755652,
              20.202497725785268
            ],
            [
              99.70843162111954,
              20.202178166665636
            ],
            [
              99.7082691393156,
              20.20209447865165
            ],
            [
              99.70759939250259,
              20.201788771384937
            ],
            [
              99.70721977617575,
              20.2015942338737
            ],
            [
              99.70702395614092,
              20.201468767051537
            ],
            [
              99.70627147270768,
              20.201082420850845
            ],
            [
              99.70611726154996,
              20.200992021027723
            ],
            [
              99.70602057802182,
              20.200947082382537
            ],
            [
              99.70536237644741,
              20.200583148036955
            ],
            [
              99.70494866294737,
              20.200403240394937
            ],
            [
              99.7045485205892,
              20.200197789030376
            ],
            [
              99.70366965595346,
              20.199847041922727
            ],
            [
              99.70280301644915,
              20.199470160988405
            ],
            [
              99.70237262131222,
              20.199329395811347
            ],
            [
              99.7019530802037,
              20.199161954268934
            ],
            [
              99.70104204117827,
              20.198894207466964
            ],
            [
              99.70014045515315,
              20.19859932159304
            ],
            [
              99.69969752155016,
              20.198499053909227
            ],
            [
              99.69926262040612,
              20.198371234053422
            ],
            [
              99.69842218041128,
              20.198207391104194
            ],
            [
              99.69810335745449,
              20.198124844097805
            ],
            [
              99.69789777268153,
              20.198091628584326
            ],
            [
              99.69740032319103,
              20.19797901281887
            ],
            [
              99.69694911480231,
              20.197920207819834
            ],
            [
              99.69650304000176,
              20.19783324010712
            ],
            [
              99.69629707473273,
              20.19780294419131
            ],
            [
              99.69580935421098,
              20.197754196614778
            ],
            [
              99.6953259373995,
              20.19767608576063
            ],
            [
              99.69496709865557,
              20.197635090903557
            ],
            [
              99.69488602536858,
              20.197629621395883
            ],
            [
              99.69480583407619,
              20.19761710395354
            ],
            [
              99.69419370595936,
              20.19757908964083
            ],
            [
              99.69412337622876,
              20.197569145233693
            ],
            [
              99.69380706897546,
              20.19755405402173
            ],
            [
              99.6934949377468,
              20.19752285218592
            ],
            [
              99.69328168322723,
              20.197521378675592
            ],
            [
              99.69215646970719,
              20.19744545324627
            ],
            [
              99.69207521896563,
              20.197447510961318
            ],
            [
              99.69199411435699,
              20.19744247306206
            ],
            [
              99.69174545744748,
              20.197438572467792
            ],
            [
              99.69152723265027,
              20.197445264689076
            ],
            [
              99.6913091711987,
              20.197434857662905
            ],
            [
              99.69104059183054,
              20.197434496800675
            ],
            [
              99.69070692434252,
              20.19742520103763
            ],
            [
              99.69057860334577,
              20.197419811487553
            ],
            [
              99.69052230717939,
              20.197420057448486
            ],
            [
              99.69049228597295,
              20.197419221014087
            ],
            [
              99.69042377225949,
              20.197420487909362
            ],
            [
              99.69025736130756,
              20.197421214768912
            ],
            [
              99.68993692951064,
              20.197399642617658
            ],
            [
              99.6898075519312,
              20.19739694242467
            ],
            [
              99.68877417143885,
              20.19742327093717
            ],
            [
              99.68774041476034,
              20.197424065606995
            ],
            [
              99.68736644816177,
              20.197459127189067
            ],
            [
              99.68699077856174,
              20.19746869399761
            ],
            [
              99.68636811255975,
              20.197542643271724
            ],
            [
              99.68635154201608,
              20.197543333487058
            ],
            [
              99.68627393545546,
              20.197553827767976
            ],
            [
              99.68596510408022,
              20.19759050429468
            ],
            [
              99.6849364040566,
              20.197686938496858
            ],
            [
              99.68474007177007,
              20.197723960457104
            ],
            [
              99.68466578792969,
              20.197715979991763
            ],
            [
              99.68436386011017,
              20.19771166561565
            ],
            [
              99.68406318288594,
              20.197685392217522
            ],
            [
              99.68295569009571,
              20.197691536813306
            ],
            [
              99.68184830504285,
              20.19767569958878
            ],
            [
              99.68154738262508,
              20.19769934031206
            ],
            [
              99.68124542526715,
              20.19770101200317
            ],
            [
              99.68014390031811,
              20.19780959220322
            ],
            [
              99.67904020004146,
              20.197896286469003
            ],
            [
              99.67874317958604,
              20.197947654757137
            ],
            [
              99.67844284860996,
              20.19797725550954
            ],
            [
              99.67763813638538,
              20.198132991834573
            ],
            [
              99.6773909973086,
              20.198151829456286
            ],
            [
              99.6773375062074,
              20.19816095297711
            ],
            [
              99.67728334237188,
              20.19816527613991
            ],
            [
              99.67617559416713,
              20.198358298108737
            ],
            [
              99.67564728037827,
              20.198426268374526
            ],
            [
              99.6752228295717,
              20.19852162150225
            ],
            [
              99.6746180618188,
              20.19862476266336
            ],
            [
              99.67456577509519,
              20.19863879126643
            ],
            [
              99.67451232056423,
              20.198648104858012
            ],
            [
              99.67432504992468,
              20.198689797100734
            ],
            [
              99.67361991245777,
              20.198881707560037
            ],
            [
              99.6729059898527,
              20.199042080936128
            ],
            [
              99.67226693881535,
              20.199249924163393
            ],
            [
              99.67161747399464,
              20.19942667404568
            ],
            [
              99.67093564879352,
              20.199682900158457
            ],
            [
              99.67024180668069,
              20.199908553802313
            ],
            [
              99.66962740372574,
              20.20017452169534
            ],
            [
              99.66899940913939,
              20.20041050940221
            ],
            [
              99.66834745988193,
              20.20072858478801
            ],
            [
              99.66768037761543,
              20.201017346679915
            ],
            [
              99.66709653756287,
              20.20133887905029
            ],
            [
              99.66649605885664,
              20.20163183305065
            ],
            [
              99.66613751101961,
              20.201851262006134
            ],
            [
              99.66598948685994,
              20.201930620808508
            ],
            [
              99.66588371833153,
              20.201977674913365
            ],
            [
              99.66579965426477,
              20.20202509017075
            ],
            [
              99.66518973826255,
              20.202323751577758
            ],
            [
              99.66516541033458,
              20.202338689482055
            ],
            [
              99.6649732459638,
              20.20237930308974
            ],
            [
              99.66459296613196,
              20.202433132596028
            ],
            [
              99.66359898452573,
              20.202669744168098
            ],
            [
              99.66259864811946,
              20.202881151265476
            ],
            [
              99.66223344348826,
              20.202994793042638
            ],
            [
              99.66186058049807,
              20.20308354604999
            ],
            [
              99.66122379752615,
              20.203266922265204
            ],
            [
              99.66108824402605,
              20.20330583421173
            ],
            [
              99.66102824595103,
              20.203326143164325
            ],
            [
              99.66096649762238,
              20.203341061184073
            ],
            [
              99.65970209894907,
              20.20377502865139
            ],
            [
              99.65843566698814,
              20.20420368963029
            ],
            [
              99.65837806564646,
              20.20422945170801
            ],
            [
              99.65831816282629,
              20.20425001073076
            ],
            [
              99.6571048930184,
              20.2047988685394
            ],
            [
              99.65588904825665,
              20.205342633551588
            ],
            [
              99.65583439817493,
              20.205373600769146
            ],
            [
              99.65577691753306,
              20.205399602904123
            ],
            [
              99.65462645686293,
              20.206058067769124
            ],
            [
              99.65347290459556,
              20.20671170259779
            ],
            [
              99.65342173192923,
              20.20674757685733
            ],
            [
              99.6533672268563,
              20.20677877181144
            ],
            [
              99.65305144968568,
              20.206980142726128
            ],
            [
              99.65289279956959,
              20.207092396300574
            ],
            [
              99.65272469218556,
              20.207191628160196
            ],
            [
              99.65176566120674,
              20.207889899256106
            ],
            [
              99.65079650795847,
              20.20857560823741
            ],
            [
              99.65065027368186,
              20.208701999405207
            ],
            [
              99.65049327569625,
              20.2088163065067
            ],
            [
              99.64996052642331,
              20.209289680155614
            ],
            [
              99.64978241568195,
              20.209426493402557
            ],
            [
              99.64942616192823,
              20.20975999396617
            ],
            [
              99.64871803391429,
              20.210372015694062
            ],
            [
              99.64858562368964,
              20.210511327703774
            ],
            [
              99.64844124689952,
              20.21063960965334
            ],
            [
              99.64829364442188,
              20.210784292611276
            ],
            [
              99.64804737635545,
              20.211050699427492
            ],
            [
              99.6477814163305,
              20.211299665647182
            ],
            [
              99.64712746010848,
              20.212045474314362
            ],
            [
              99.64683604356132,
              20.21235207121962
            ],
            [
              99.64679203209384,
              20.212408681206746
            ],
            [
              99.64644076143671,
              20.21278866617305
            ],
            [
              99.64622333465019,
              20.21307657465616
            ],
            [
              99.6459844997881,
              20.213348948356735
            ],
            [
              99.6454057783648,
              20.214159140672315
            ],
            [
              99.64522048353055,
              20.21440449600345
            ],
            [
              99.64502915571056,
              20.214646605756798
            ],
            [
              99.6449825243869,
              20.21471958458678
            ],
            [
              99.64480487445311,
              20.21495481498198
            ],
            [
              99.64461838346944,
              20.21526145324323
            ],
            [
              99.64440897435881,
              20.215554612134877
            ],
            [
              99.6442929553273,
              20.215735596686766
            ],
            [
              99.64411440190706,
              20.216047753705666
            ],
            [
              99.64397302319527,
              20.216253673000338
            ],
            [
              99.64390227576065,
              20.21638293896052
            ],
            [
              99.64357658863547,
              20.216816123172595
            ],
            [
              99.64328660991328,
              20.21717105470609
            ],
            [
              99.6431857173395,
              20.21732337929991
            ],
            [
              99.64277041476608,
              20.217857022895284
            ],
            [
              99.64265040478404,
              20.21804798940033
            ],
            [
              99.6425142644569,
              20.21822906015433
            ],
            [
              99.64193172267396,
              20.21919158479101
            ],
            [
              99.64179452013576,
              20.219409904705667
            ],
            [
              99.64171827176567,
              20.21952049193214
            ],
            [
              99.64167101922574,
              20.219606421666153
            ],
            [
              99.64133256203772,
              20.220144978166136
            ],
            [
              99.64123295605923,
              20.220346128103287
            ],
            [
              99.64111626972236,
              20.220538922243684
            ],
            [
              99.64092262424789,
              20.220898795706884
            ],
            [
              99.6406863344293,
              20.221397067795092
            ],
            [
              99.64041988650678,
              20.221881594672848
            ],
            [
              99.64011094398597,
              20.222610398277833
            ],
            [
              99.63977117030676,
              20.22332687232139
            ],
            [
              99.63958775197541,
              20.223844605893426
            ],
            [
              99.6393728933534,
              20.224351450514288
            ],
            [
              99.63921272459044,
              20.22479062803061
            ],
            [
              99.6390749879191,
              20.225238613494387
            ],
            [
              99.63901094243616,
              20.22526978851555
            ],
            [
              99.63833328393076,
              20.225563028604316
            ],
            [
              99.63775925454703,
              20.225879057720224
            ],
            [
              99.63716862471904,
              20.226166546862313
            ],
            [
              99.63688145189944,
              20.226323622931478
            ],
            [
              99.63623856656531,
              20.22671625007601
            ],
            [
              99.63589877618911,
              20.226903313663342
            ],
            [
              99.63561465322077,
              20.2270972864289
            ],
            [
              99.63451519694817,
              20.227768736540707
            ],
            [
              99.63231035457412,
              20.2294257853445
            ],
            [
              99.63028815585133,
              20.23127881748274
            ],
            [
              99.6284680756344,
              20.23330999375933
            ],
            [
              99.6268676450067,
              20.235499759193658
            ],
            [
              99.6255022823434,
              20.23782703110191
            ],
            [
              99.62438514461984,
              20.24026940190621
            ],
            [
              99.62352700040475,
              20.24280335472728
            ],
            [
              99.62293612577322,
              20.24540448969208
            ],
            [
              99.62261822415593,
              20.248047758783734
            ],
            [
              99.62257637091389,
              20.25070770697716
            ],
            [
              99.6228109831913,
              20.25335871734173
            ],
            [
              99.62331981535748,
              20.25597525775209
            ],
            [
              99.62409798010225,
              20.258532126831252
            ],
            [
              99.6251379950023,
              20.26100469675512
            ],
            [
              99.62642985412909,
              20.263369150576462
            ],
            [
              99.6279611240265,
              20.265602711777202
            ],
            [
              99.62971706314863,
              20.267683863831287
            ],
            [
              99.63168076361909,
              20.269592557655603
            ],
            [
              99.63383331395515,
              20.27131040494188
            ],
            [
              99.63615398119356,
              20.272820855498278
            ],
            [
              99.63862041066437,
              20.2741093568828
            ],
            [
              99.64120884148488,
              20.275163494781946
            ],
            [
              99.64389433569046,
              20.27597311277341
            ],
            [
              99.64420007434097,
              20.27603492396857
            ],
            [
              99.64420923420452,
              20.276037737639452
            ],
            [
              99.64501433458445,
              20.27620486003705
            ],
            [
              99.64581154496264,
              20.276402818017434
            ],
            [
              99.64639023324624,
              20.27649045904424
            ],
            [
              99.64696264262452,
              20.276609272092614
            ],
            [
              99.64778123030207,
              20.276701114127615
            ],
            [
              99.64859516923865,
              20.2768243730842
            ],
            [
              99.6491801766124,
              20.276858060781013
            ],
            [
              99.64976217372264,
              20.276923351169675
            ],
            [
              99.65058636124492,
              20.276939027971117
            ],
            [
              99.65079003582925,
              20.276950754475784
            ],
            [
              99.6509295824317,
              20.276977335254404
            ],
            [
              99.65094222854196,
              20.27697854475323
            ],
            [
              99.65111396297624,
              20.27701062144338
            ],
            [
              99.6516545751748,
              20.27706038397953
            ],
            [
              99.65219102075287,
              20.277140833640793
            ],
            [
              99.65305674240216,
              20.277189443408275
            ],
            [
              99.65391989946652,
              20.27726888511671
            ],
            [
              99.65446307817638,
              20.277268399144198
            ],
            [
              99.65500529839515,
              20.277298837904826
            ],
            [
              99.65587190044035,
              20.277267130846962
            ],
            [
              99.65673915309017,
              20.2772663444661
            ],
            [
              99.6572796644835,
              20.277215614709505
            ],
            [
              99.65782243474928,
              20.277195749385132
            ],
            [
              99.65868156700841,
              20.2770840310889
            ],
            [
              99.65954455879391,
              20.277003024360372
            ],
            [
              99.66007719477842,
              20.276902539665638
            ],
            [
              99.6606152852259,
              20.276832561775027
            ],
            [
              99.66145866960018,
              20.276641908767356
            ],
            [
              99.66230908524466,
              20.276481462387125
            ],
            [
              99.66282871372323,
              20.276332191003185
            ],
            [
              99.66335693968583,
              20.276212774915223
            ],
            [
              99.66417645004343,
              20.27594502427247
            ],
            [
              99.66500609568565,
              20.275706684349903
            ],
            [
              99.66550771007856,
              20.275510064584232
            ],
            [
              99.66602098211806,
              20.275342361005592
            ],
            [
              99.66680872270275,
              20.27500009262447
            ],
            [
              99.66760960495824,
              20.27468615575591
            ],
            [
              99.66808837250657,
              20.27444408209487
            ],
            [
              99.66858174551729,
              20.274229706961766
            ],
            [
              99.66933012712073,
              20.273816218663708
            ],
            [
              99.67009453019492,
              20.27342970976575
            ],
            [
              99.6705458385774,
              20.273144514594428
            ],
            [
              99.67101455948773,
              20.272885533476387
            ],
            [
              99.67171637264673,
              20.272404809187353
            ],
            [
              99.6724369327525,
              20.27194945230514
            ],
            [
              99.67285643456357,
              20.27162388340394
            ],
            [
              99.67329598817291,
              20.27132279157132
            ],
            [
              99.67394447268266,
              20.27077946288557
            ],
            [
              99.67461424904096,
              20.270259645259618
            ],
            [
              99.67499790369911,
              20.26989683929635
            ],
            [
              99.6754040562064,
              20.26955653764471
            ],
            [
              99.67599296627732,
              20.26895583914544
            ],
            [
              99.67605389979282,
              20.26889821564483
            ],
            [
              99.676300576087,
              20.26875676728097
            ],
            [
              99.67695057816967,
              20.268341512734718
            ],
            [
              99.6777028430424,
              20.267903399040552
            ],
            [
              99.67810867146046,
              20.26761158871869
            ],
            [
              99.67853306819306,
              20.267344333659043
            ],
            [
              99.6792291838546,
              20.266805875526426
            ],
            [
              99.67994511248753,
              20.26629107344058
            ],
            [
              99.68031866762587,
              20.26596312715851
            ],
            [
              99.68071325234494,
              20.26565790017974
            ],
            [
              99.68135007103874,
              20.2650576408209
            ],
            [
              99.68200906464098,
              20.264479090736188
            ],
            [
              99.68234674875102,
              20.264118167996806
            ],
            [
              99.68270772106767,
              20.263777909765604
            ],
            [
              99.68327910986429,
              20.263121632121187
            ],
            [
              99.68387482193143,
              20.262484907857917
            ],
            [
              99.684173383223,
              20.262094485734092
            ],
            [
              99.68449726695482,
              20.261722474286486
            ],
            [
              99.68499772392977,
              20.261016500732165
            ],
            [
              99.68552441827282,
              20.26032773630969
            ],
            [
              99.68578098221927,
              20.259911575913062
            ],
            [
              99.68606465886084,
              20.259511395039596
            ],
            [
              99.68646931789472,
              20.258797876678937
            ],
            [
              99.68647508352727,
              20.258801508385158
            ],
            [
              99.68672891531111,
              20.25898736219833
            ],
            [
              99.68689952873353,
              20.259100077574544
            ],
            [
              99.68743815102827,
              20.259419943271045
            ],
            [
              99.68750809630217,
              20.259470389710874
            ],
            [
              99.68790674225833,
              20.259729685940588
            ],
            [
              99.68828685643855,
              20.260012683143632
            ],
            [
              99.68906662471319,
              20.260484112401716
            ],
            [
              99.68982912593012,
              20.26098006045556
            ],
            [
              99.69025279132815,
              20.26120122803767
            ],
            [
              99.6906604761192,
              20.26144769683437
            ],
            [
              99.69148546801797,
              20.261844717165694
            ],
            [
              99.69229582283415,
              20.262267735604986
            ],
            [
              99.6927404262784,
              20.262448643650522
            ],
            [
              99.69313082832389,
              20.26263651490565
            ],
            [
              99.69320460326772,
              20.26267820056505
            ],
            [
              99.69330340175897,
              20.262738357156454
            ],
            [
              99.69337144801959,
              20.26278275119305
            ],
            [
              99.69340626132414,
              20.262800986350854
            ],
            [
              99.69398509740857,
              20.263153426314016
            ],
            [
              99.69441323806512,
              20.263361117630946
            ],
            [
              99.69482626088964,
              20.263594485310318
            ],
            [
              99.69546366791548,
              20.26387863271464
            ],
            [
              99.69583621199324,
              20.26407376285453
            ],
            [
              99.69612832166108,
              20.264193089535922
            ],
            [
              99.69649223498651,
              20.264369617323727
            ],
            [
              99.69666425735898,
              20.264443228113524
            ],
            [
              99.6970695576013,
              20.264594501461755
            ],
            [
              99.69708924332426,
              20.264603276770995
            ],
            [
              99.69727723699187,
              20.264700804289507
            ],
            [
              99.69802291038815,
              20.26500202737104
            ],
            [
              99.69875462945026,
              20.265332323857557
            ],
            [
              99.69899826261546,
              20.265428738062365
            ],
            [
              99.69934181439217,
              20.26554634316093
            ],
            [
              99.69967539997091,
              20.265687199874925
            ],
            [
              99.70066622712677,
              20.26599970982394
            ],
            [
              99.70164831779663,
              20.266335886166512
            ],
            [
              99.70173921753143,
              20.266357771124664
            ],
            [
              99.70236609414889,
              20.266806848796957
            ],
            [
              99.7031386077663,
              20.26739443812644
            ],
            [
              99.70348820527165,
              20.267610686927725
            ],
            [
              99.70382115001222,
              20.26784919295448
            ],
            [
              99.70393975978345,
              20.267925803464276
            ],
            [
              99.70396251876687,
              20.267939004589195
            ],
            [
              99.70410495290297,
              20.268044146971793
            ],
            [
              99.7043785284878,
              20.268278130909952
            ],
            [
              99.70457443844916,
              20.268429850653007
            ],
            [
              99.70494397626094,
              20.268688474464827
            ],
            [
              99.70529458789237,
              20.2689695853451
            ],
            [
              99.70585696889931,
              20.269337432933195
            ],
            [
              99.7060345522654,
              20.269468517454772
            ],
            [
              99.70620130127892,
              20.26956841029382
            ],
            [
              99.70683875228869,
              20.27001452142362
            ],
            [
              99.70723338132159,
              20.27023771479227
            ],
            [
              99.70761151127118,
              20.270485037697014
            ],
            [
              99.70844176670657,
              20.270921140906715
            ],
            [
              99.70925680769297,
              20.271382095124977
            ],
            [
              99.70967272638809,
              20.27156770765966
            ],
            [
              99.70990923293289,
              20.271691932085336
            ],
            [
              99.7103320021933,
              20.27207684100706
            ],
            [
              99.71086792653364,
              20.27260964877917
            ],
            [
              99.71134579075688,
              20.27299982935743
            ],
            [
              99.71180055863827,
              20.27341386024777
            ],
            [
              99.71201756692606,
              20.2735928830367
            ],
            [
              99.71207199378145,
              20.273633514664926
            ],
            [
              99.71212216998578,
              20.273678756582388
            ],
            [
              99.71270422532606,
              20.27410898559103
            ],
            [
              99.71299978586295,
              20.27435030598314
            ],
            [
              99.71330263126256,
              20.274552219932662
            ],
            [
              99.71372645042355,
              20.274868608169378
            ],
            [
              99.71373729470088,
              20.274877452279966
            ],
            [
              99.71374658572584,
              20.274883639457407
            ],
            [
              99.71422849766066,
              20.27524339194394
            ],
            [
              99.71428688413106,
              20.275278793196616
            ],
            [
              99.71434151934467,
              20.27531917572741
            ],
            [
              99.71484945866462,
              20.27565802183316
            ],
            [
              99.7154546909547,
              20.276021101859953
            ],
            [
              99.71604066164804,
              20.276411303975465
            ],
            [
              99.71664353176374,
              20.276734278546567
            ],
            [
              99.7172285734248,
              20.277085235190246
            ],
            [
              99.71786861687139,
              20.27739058058459
            ],
            [
              99.71849230905735,
              20.27772469916911
            ],
            [
              99.71885995341509,
              20.277899724531867
            ],
            [
              99.7192648322345,
              20.278069498514196
            ],
            [
              99.7196566861193,
              20.27826459599502
            ],
            [
              99.72055231912941,
              20.27860935933827
            ],
            [
              99.72072906663165,
              20.27868347093223
            ],
            [
              99.72086602892078,
              20.2787460674161
            ],
            [
              99.72093801191097,
              20.278771082977414
            ],
            [
              99.7214362682673,
              20.278980003519052
            ],
            [
              99.72185683802805,
              20.279111507404114
            ],
            [
              99.72226707643054,
              20.279269417635714
            ],
            [
              99.72257232139525,
              20.279370732600867
            ],
            [
              99.72304692145583,
              20.27950395527911
            ],
            [
              99.72351156894281,
              20.279665421667747
            ],
            [
              99.72405662774631,
              20.27979931805171
            ],
            [
              99.72411242373599,
              20.279816763401506
            ],
            [
              99.72422617818506,
              20.279840968557167
            ],
            [
              99.72439729332304,
              20.279883003244418
            ],
            [
              99.72527455081917,
              20.280129241870053
            ],
            [
              99.72576070810268,
              20.280217921263276
            ],
            [
              99.72623989501601,
              20.280335628946222
            ],
            [
              99.72714396201089,
              20.280470231038453
            ],
            [
              99.72804257982288,
              20.28063413536373
            ],
            [
              99.72853561007514,
              20.280677417054505
            ],
            [
              99.7290247193353,
              20.28075023197417
            ],
            [
              99.72993841792604,
              20.280800557725183
            ],
            [
              99.73061703313614,
              20.28086012351668
            ],
            [
              99.73075364160704,
              20.280903082680222
            ],
            [
              99.7319458872395,
              20.28129098500411
            ],
            [
              99.73209066599603,
              20.281323528785986
            ],
            [
              99.73223186167922,
              20.281367929016007
            ],
            [
              99.7334616262952,
              20.281631690492805
            ],
            [
              99.73468843554217,
              20.28190744000098
            ],
            [
              99.73483589862028,
              20.281926434805964
            ],
            [
              99.73498102771889,
              20.281957560379613
            ],
            [
              99.73623227640947,
              20.282106296628843
            ],
            [
              99.73748182863073,
              20.282267236602916
            ],
            [
              99.73763055516471,
              20.28227249942001
            ],
            [
              99.7377782193103,
              20.282290050461835
            ],
            [
              99.73903889574045,
              20.282322328484305
            ],
            [
              99.7402991508905,
              20.28236690843868
            ],
            [
              99.74044770781963,
              20.282358388570668
            ],
            [
              99.74059648419087,
              20.282362196001532
            ],
            [
              99.74185444104944,
              20.282277704926834
            ],
            [
              99.74311325586795,
              20.28220549556079
            ],
            [
              99.74326021176641,
              20.282183275113205
            ],
            [
              99.74340866681989,
              20.282173302280448
            ],
            [
              99.74465178304845,
              20.281972856362525
            ],
            [
              99.74589702824937,
              20.28178455369247
            ],
            [
              99.74604096713995,
              20.281748846781014
            ],
            [
              99.74618767044487,
              20.281725189810622
            ],
            [
              99.74740396821105,
              20.28141072056548
            ],
            [
              99.74862364553331,
              20.281108139197787
            ],
            [
              99.74876318055165,
              20.281059289881835
            ],
            [
              99.74890671859353,
              20.28102217674933
            ],
            [
              99.75008447887211,
              20.280596714311752
            ],
            [
              99.75126683685654,
              20.280182769921552
            ],
            [
              99.75140062363263,
              20.280121248883823
            ],
            [
              99.75153961345251,
              20.280071037212913
            ],
            [
              99.75174970598749,
              20.27997187457355
            ],
            [
              99.75179539279776,
              20.279971957227094
            ],
            [
              99.75241160894325,
              20.280004894628586
            ],
            [
              99.75244559504968,
              20.28004111810607
            ],
            [
              99.75266931367489,
              20.28029321067602
            ],
            [
              99.75286936431829,
              20.280525767116877
            ],
            [
              99.75291060296227,
              20.280565101099548
            ],
            [
              99.75309714030382,
              20.280775294841977
            ],
            [
              99.75337952883919,
              20.28103652511554
            ],
            [
              99.75364166746155,
              20.281315914902297
            ],
            [
              99.75432497841506,
              20.281914133354874
            ],
            [
              99.75485211431018,
              20.28241690677969
            ],
            [
              99.7549798254464,
              20.28251689195952
            ],
            [
              99.75511031468234,
              20.282637600107094
            ],
            [
              99.75517831707948,
              20.282694607321133
            ],
            [
              99.75546483153522,
              20.282912024338643
            ],
            [
              99.7557083925105,
              20.283125248509737
            ],
            [
              99.75628450431786,
              20.283538313391702
            ],
            [
              99.75702181537602,
              20.28411553716037
            ],
            [
              99.75720396813945,
              20.284231717343726
            ],
            [
              99.75737530226705,
              20.28436172704543
            ],
            [
              99.75778881326275,
              20.284616864181025
            ],
            [
              99.75795316632605,
              20.28473469936981
            ],
            [
              99.75839237459869,
              20.284989694448306
            ],
            [
              99.75935756904391,
              20.28560529317352
            ],
            [
              99.75955091693857,
              20.285704065042925
            ],
            [
              99.75973493506604,
              20.285817600504288
            ],
            [
              99.76028418199638,
              20.28608801543455
            ],
            [
              99.76035436627687,
              20.286128761408463
            ],
            [
              99.76054447154002,
              20.28621616482511
            ],
            [
              99.76070090727207,
              20.286293183161263
            ],
            [
              99.76078084548512,
              20.286340066647448
            ],
            [
              99.76094916825794,
              20.286418352171193
            ],
            [
              99.76183687503324,
              20.28687182175096
            ],
            [
              99.76230993454605,
              20.287085852849057
            ],
            [
              99.76281664766731,
              20.287286884932943
            ],
            [
              99.76330969281796,
              20.287516186785997
            ],
            [
              99.76411539159176,
              20.287802136120913
            ],
            [
              99.76490891417133,
              20.288116944134426
            ],
            [
              99.76543407698928,
              20.28827013836411
            ],
            [
              99.76594857475088,
              20.288452730428734
            ],
            [
              99.76678010737616,
              20.288662777622203
            ],
            [
              99.76760252055898,
              20.288902670754972
            ],
            [
              99.76814107320344,
              20.289006551112884
            ],
            [
              99.76867206648191,
              20.289140674176142
            ],
            [
              99.76952142110923,
              20.289272795442706
            ],
            [
              99.76983967889605,
              20.289334179971004
            ],
            [
              99.77027247087943,
              20.289419815458704
            ],
            [
              99.77029646626332,
              20.289422282531287
            ],
            [
              99.77036480088874,
              20.289435462414946
            ],
            [
              99.77087178660001,
              20.289485132033473
            ],
            [
              99.77097743972945,
              20.289503658151396
            ],
            [
              99.77103617664747,
              20.289508412229342
            ],
            [
              99.7714539268342,
              20.289573389877756
            ],
            [
              99.77150563571386,
              20.289578990541166
            ],
            [
              99.77229194633139,
              20.28962743492208
            ],
            [
              99.77307529579687,
              20.289707963547738
            ],
            [
              99.7731543315603,
              20.289708735348032
            ],
            [
              99.77316913972355,
              20.289710185889888
            ],
            [
              99.77344188515943,
              20.289711543066165
            ],
            [
              99.77356039998779,
              20.289712700125907
            ],
            [
              99.77378653942291,
              20.28973100000675
            ],
            [
              99.77394290495931,
              20.28972913841379
            ],
            [
              99.77431906046114,
              20.289752308403266
            ],
            [
              99.77510661722323,
              20.289727788483113
            ],
            [
              99.77589456039001,
              20.289735472165713
            ],
            [
              99.77613546023422,
              20.289715454675104
            ],
            [
              99.77613880564003,
              20.289715471744614
            ],
            [
              99.77620180675468,
              20.289709941574607
            ],
            [
              99.77631015424048,
              20.289700938326135
            ],
            [
              99.77660572950329,
              20.289697415009705
            ],
            [
              99.77682662777426,
              20.28967422506568
            ],
            [
              99.77713694051651,
              20.289664559712893
            ],
            [
              99.77780981192491,
              20.28958079890466
            ],
            [
              99.77787466087902,
              20.28957752212347
            ],
            [
              99.77798258728959,
              20.289561957128345
            ],
            [
              99.77870309948146,
              20.289502076713195
            ],
            [
              99.77875540822899,
              20.289495275274454
            ],
            [
              99.77886127684313,
              20.28947647518396
            ],
            [
              99.77894609180437,
              20.2894690288751
            ],
            [
              99.7791698605727,
              20.289428214505392
            ],
            [
              99.77940784553462,
              20.289403227226725
            ],
            [
              99.77945845389365,
              20.28939552565244
            ],
            [
              99.7797224639043,
              20.289342692387912
            ],
            [
              99.7799321241064,
              20.289316590428278
            ],
            [
              99.78040288143833,
              20.28921288750797
            ],
            [
              99.78066169360075,
              20.289175557972836
            ],
            [
              99.78095933461536,
              20.289103889175472
            ],
            [
              99.78152615992794,
              20.289003224256266
            ],
            [
              99.78157771547284,
              20.28898901377609
            ],
            [
              99.78171424105129,
              20.288964109997405
            ],
            [
              99.78196280777289,
              20.2888943409744
            ],
            [
              99.7821554923228,
              20.288855778305603
            ],
            [
              99.78219319818214,
              20.288899669582612
            ],
            [
              99.78275206563623,
              20.28948861223417
            ],
            [
              99.78328562379566,
              20.290098094403533
            ],
            [
              99.7836918576906,
              20.290478964272992
            ],
            [
              99.78407387330272,
              20.290881526790837
            ],
            [
              99.78469124626778,
              20.291415941745626
            ],
            [
              99.78528556581068,
              20.291973138176065
            ],
            [
              99.78572942020394,
              20.292314600016677
            ],
            [
              99.78615142664529,
              20.29267989000134
            ],
            [
              99.78682135912136,
              20.293154628638423
            ],
            [
              99.7874707161093,
              20.293654171261977
            ],
            [
              99.78794791587536,
              20.293952935330413
            ],
            [
              99.78815639769272,
              20.294100669102047
            ],
            [
              99.78816387548972,
              20.294106156231962
            ],
            [
              99.78816553624515,
              20.294107144823784
            ],
            [
              99.78840584853644,
              20.294277433513486
            ],
            [
              99.78912188753684,
              20.294687922010898
            ],
            [
              99.7898200271793,
              20.295124998076776
            ],
            [
              99.78997644326299,
              20.295212810458594
            ],
            [
              99.79026867742381,
              20.295359050813072
            ],
            [
              99.79054844762636,
              20.295525582023878
            ],
            [
              99.79074641509972,
              20.295619206593816
            ],
            [
              99.79081542325727,
              20.295658765954084
            ],
            [
              99.79116655725102,
              20.29581790288985
            ],
            [
              99.7915135577139,
              20.295982007391196
            ],
            [
              99.79246728661563,
              20.296459257959842
            ],
            [
              99.79277331056846,
              20.2965777646552
            ],
            [
              99.79306903883038,
              20.29671761726881
            ],
            [
              99.7940769323624,
              20.29708257945985
            ],
            [
              99.79507566298895,
              20.297469319226195
            ],
            [
              99.7953925283851,
              20.29755895046386
            ],
            [
              99.79570136558793,
              20.29767077705104
            ],
            [
              99.79674233195988,
              20.29794075970301
            ],
            [
              99.79777644189805,
              20.298233262550394
            ],
            [
              99.7981010957728,
              20.298293154738417
            ],
            [
              99.79842006632917,
              20.29837587788997
            ],
            [
              99.79948407580127,
              20.298548279754133
            ],
            [
              99.80054360130252,
              20.298743727532088
            ],
            [
              99.80087291552974,
              20.298773303617704
            ],
            [
              99.80119894609071,
              20.29882612633781
            ],
            [
              99.80227574655919,
              20.29889928637705
            ],
            [
              99.80335047867742,
              20.298995796086626
            ],
            [
              99.8036812801544,
              20.298994771124
            ],
            [
              99.80401122926452,
              20.299017184517865
            ],
            [
              99.80509044519214,
              20.298990397932002
            ],
            [
              99.80617002829896,
              20.298987039887212
            ],
            [
              99.8064991295674,
              20.298955423786424
            ],
            [
              99.80682981798086,
              20.29894721196787
            ],
            [
              99.80790105052552,
              20.29882073699117
            ],
            [
              99.80897508224763,
              20.298717543780903
            ],
            [
              99.80929931225494,
              20.29865564121143
            ],
            [
              99.80962755361678,
              20.298616883382838
            ],
            [
              99.81068048098588,
              20.298391938787898
            ],
            [
              99.8107,
              20.29838821193457
            ],
            [
              99.8107,
              20.4651
            ],
            [
              100.0368,
              20.4651
            ],
            [
              100.0368,
              20.309697731606278
            ],
            [
              100.03914199043757,
              20.309611345243255
            ],
            [
              100.04136709109666,
              20.309321374094846
            ],
            [
              100.04136884981381,
              20.309321452699944
            ],
            [
              100.04266667486633,
              20.309259155600774
            ],
            [
              100.04381362624444,
              20.30921242786821
            ],
            [
              100.04386955585701,
              20.309210785794477
            ],
            [
              100.04387732972216,
              20.30920983231585
            ],
            [
              100.0439649677542,
              20.309206261529337
            ],
            [
              100.04407439920995,
              20.309191572291493
            ],
            [
              100.04418478997819,
              20.309186272070818
            ],
            [
              100.04443433233595,
              20.309162666183504
            ],
            [
              100.04554842459754,
              20.30900486126243
            ],
            [
              100.04666559880147,
              20.308867823161645
            ],
            [
              100.04718598350186,
              20.308779304491804
            ],
            [
              100.04724089827167,
              20.308767311951776
            ],
            [
              100.04729676569337,
              20.308760248425184
            ],
            [
              100.04861423446053,
              20.308467390329383
            ],
            [
              100.04993290442683,
              20.308179396085016
            ],
            [
              100.04998630821743,
              20.308162382568202
            ],
            [
              100.05004117226453,
              20.30815018621365
            ],
            [
              100.05049453972639,
              20.308026962922213
            ],
            [
              100.05068559558856,
              20.307965306986397
            ],
            [
              100.05088146746645,
              20.30791901497278
            ],
            [
              100.05196248211992,
              20.30755407627902
            ],
            [
              100.0521991855007,
              20.30748940367525
            ],
            [
              100.05243103200432,
              20.30740202270475
            ],
            [
              100.05316231259353,
              20.307166018766427
            ],
            [
              100.05334604005917,
              20.30708699020987
            ],
            [
              100.05353615682058,
              20.30702280615615
            ],
            [
              100.05385809768232,
              20.30689698440203
            ],
            [
              100.05433134311443,
              20.306685796591548
            ],
            [
              100.05481749917406,
              20.306502560353774
            ],
            [
              100.05560500281459,
              20.306117411412878
            ],
            [
              100.05640684843006,
              20.30575957188058
            ],
            [
              100.0568558655752,
              20.305505633745657
            ],
            [
              100.05732063549299,
              20.30527831850932
            ],
            [
              100.05769616972606,
              20.30507198639114
            ],
            [
              100.05821963002602,
              20.304750929365753
            ],
            [
              100.05876091878395,
              20.304457363319596
            ],
            [
              100.05905594156941,
              20.304278636496775
            ],
            [
              100.05921265892904,
              20.304173103051887
            ],
            [
              100.05937828584771,
              20.30408046878196
            ],
            [
              100.05988510327519,
              20.30372941588398
            ],
            [
              100.06006000773823,
              20.303622137043735
            ],
            [
              100.06028399387073,
              20.303453117642547
            ],
            [
              100.06035975131856,
              20.303400642770427
            ],
            [
              100.061350769713,
              20.302733271870615
            ],
            [
              100.06149576477765,
              20.302613752914443
            ],
            [
              100.06165096672466,
              20.302506247004114
            ],
            [
              100.06195947770125,
              20.302269715008286
            ],
            [
              100.06294610542994,
              20.301434184092393
            ],
            [
              100.06393788501443,
              20.300604105943638
            ],
            [
              100.06428928283307,
              20.300279566230568
            ],
            [
              100.06522436998856,
              20.29932677814926
            ],
            [
              100.06616179196813,
              20.29837603982377
            ],
            [
              100.06618206277285,
              20.298350939728664
            ],
            [
              100.06620478662418,
              20.29832778511665
            ],
            [
              100.06691092703448,
              20.297449176701114
            ],
            [
              100.06790209012516,
              20.29780680936783
            ],
            [
              100.07062148251504,
              20.29850885039389
            ],
            [
              100.07340073212657,
              20.2989559897994
            ],
            [
              100.07621305972317,
              20.299143919816117
            ],
            [
              100.07903136697956,
              20.299070830282588
            ],
            [
              100.08182849799559,
              20.298737426088454
            ],
            [
              100.08215451996253,
              20.298667396686643
            ],
            [
              100.08285271795711,
              20.29859349755389
            ],
            [
              100.08350013610718,
              20.29846337298349
            ],
            [
              100.08415385779004,
              20.298365234366745
            ],
            [
              100.08487804349637,
              20.298186418767205
            ],
            [
              100.08561018787302,
              20.29803925572348
            ],
            [
              100.08624096353263,
              20.297849878042012
            ],
            [
              100.08688133572112,
              20.297691749220704
            ],
            [
              100.08758344895386,
              20.297446814859278
            ],
            [
              100.08829677117312,
              20.297232644487092
            ],
            [
              100.08890482693867,
              20.296985838493175
            ],
            [
              100.08952567975392,
              20.296769243247066
            ],
            [
              100.09019895595753,
              20.29646055021479
            ],
            [
              100.09088658346637,
              20.29618143626252
            ],
            [
              100.09146606117163,
              20.29587958003766
            ],
            [
              100.09206141313524,
              20.295606605432987
            ],
            [
              100.09269936600903,
              20.29523712807326
            ],
            [
              100.09335467423674,
              20.29489575995821
            ],
            [
              100.09389999145715,
              20.29454176191883
            ],
            [
              100.09446410718549,
              20.294215038164133
            ],
            [
              100.09506059123791,
              20.293788336372785
            ],
            [
              100.0956772674847,
              20.293388003225804
            ],
            [
              100.096183171366,
              20.29298527406121
            ],
            [
              100.09671061687494,
              20.29260794912555
            ],
            [
              100.09725988667196,
              20.29212813400499
            ],
            [
              100.09783199096962,
              20.291672692933076
            ],
            [
              100.09829360885975,
              20.29122511270191
            ],
            [
              100.09877930394484,
              20.290800821941772
            ],
            [
              100.09927606947839,
              20.290272516143034
            ],
            [
              100.09979809183545,
              20.289766355017555
            ],
            [
              100.10021097823092,
              20.289278235721277
            ],
            [
              100.10065024541572,
              20.28881106681121
            ],
            [
              100.10108972305844,
              20.288239359947944
            ],
            [
              100.1015566365362,
              20.287687355079733
            ],
            [
              100.1019168158894,
              20.287163399076512
            ],
            [
              100.10230542547082,
              20.286657852583044
            ],
            [
              100.10268338402568,
              20.28604825214947
            ],
            [
              100.10309069313381,
              20.28545572126095
            ],
            [
              100.10339469810964,
              20.284900975922344
            ],
            [
              100.1037289088659,
              20.284361921903496
            ],
            [
              100.10404171026795,
              20.283720300171833
            ],
            [
              100.10438549421427,
              20.283092951121443
            ],
            [
              100.10463039902886,
              20.282512760170647
            ],
            [
              100.10490699419907,
              20.28194539122133
            ],
            [
              100.10515162847919,
              20.28127792863231
            ],
            [
              100.10542857885895,
              20.28062180438767
            ],
            [
              100.10561202738118,
              20.280021756390497
            ],
            [
              100.10582834557229,
              20.279431537587573
            ],
            [
              100.10600245974926,
              20.278744663181303
            ],
            [
              100.10620991231329,
              20.278066083573222
            ],
            [
              100.10633014066175,
              20.277451958079094
            ],
            [
              100.10648410138785,
              20.276844574310555
            ],
            [
              100.10658602201394,
              20.27614490377352
            ],
            [
              100.10672198221374,
              20.275450404593595
            ],
            [
              100.1067778356349,
              20.274828116447107
            ],
            [
              100.10686795924643,
              20.274209417633628
            ],
            [
              100.10689670839396,
              20.273503689559746
            ],
            [
              100.10695987046199,
              20.27279995958952
            ],
            [
              100.10695081433134,
              20.272175501949675
            ],
            [
              100.10697623614654,
              20.27155144668762
            ],
            [
              100.10693154068642,
              20.270846457668107
            ],
            [
              100.10692130007268,
              20.270140274247513
            ],
            [
              100.10690666008767,
              20.26992047844719
            ],
            [
              100.10684051709461,
              20.2693648204215
            ],
            [
              100.10680798662395,
              20.268806511185932
            ],
            [
              100.10668328791162,
              20.26804394040485
            ],
            [
              100.10659201746292,
              20.267277166033267
            ],
            [
              100.10646847954712,
              20.2667303008268
            ],
            [
              100.1063781167819,
              20.266177688331744
            ],
            [
              100.10617481586976,
              20.265430322297505
            ],
            [
              100.10600434586148,
              20.264675681085883
            ],
            [
              100.10582460545557,
              20.264142874688957
            ],
            [
              100.10567728337665,
              20.263601280282224
            ],
            [
              100.10556983306013,
              20.26327389920187
            ],
            [
              100.10537570750719,
              20.26277117094482
            ],
            [
              100.10521317533812,
              20.262258559909707
            ],
            [
              100.10489347053702,
              20.261522302459614
            ],
            [
              100.10460480148998,
              20.26077471359985
            ],
            [
              100.10435940098871,
              20.26029236020373
            ],
            [
              100.10414441516667,
              20.259797249508587
            ],
            [
              100.10374978894107,
              20.25909410592834
            ],
            [
              100.10338487235846,
              20.25837681494514
            ],
            [
              100.10309056200069,
              20.25791948067654
            ],
            [
              100.10282519479314,
              20.257446637442587
            ],
            [
              100.10195346570084,
              20.256062164622787
            ],
            [
              100.1015627822008,
              20.25550578715293
            ],
            [
              100.10140141140042,
              20.255235177564
            ],
            [
              100.10126247380477,
              20.25504788005391
            ],
            [
              100.10105866794719,
              20.254730784992397
            ],
            [
              100.10088925071216,
              20.254494208493394
            ],
            [
              100.10084181401314,
              20.254434506243335
            ],
            [
              100.100759091571,
              20.254295756394896
            ],
            [
              100.1004564381771,
              20.253887680315945
            ],
            [
              100.10018090607437,
              20.25346283697185
            ],
            [
              100.09970483562054,
              20.25286864449023
            ],
            [
              100.09944973284696,
              20.252504862110346
            ],
            [
              100.09931445751776,
              20.252347890606178
            ],
            [
              100.09914289686927,
              20.25211656336624
            ],
            [
              100.09899898864201,
              20.251941482139102
            ],
            [
              100.09868615808402,
              20.251597193469742
            ],
            [
              100.09848100514684,
              20.251341130746077
            ],
            [
              100.09819456948536,
              20.251048372147785
            ],
            [
              100.09767136904205,
              20.250441239873375
            ],
            [
              100.09743486543108,
              20.250192768502163
            ],
            [
              100.09725105781693,
              20.250017752369917
            ],
            [
              100.0971642953758,
              20.249922261995952
            ],
            [
              100.09706665554936,
              20.24983401198589
            ],
            [
              100.09683812423859,
              20.249584784370786
            ],
            [
              100.09613407714222,
              20.248954183596137
            ],
            [
              100.09545079225984,
              20.24830356104296
            ],
            [
              100.09511244327406,
              20.248039112154213
            ],
            [
              100.09479379514588,
              20.24775369736353
            ],
            [
              100.09427901844153,
              20.247335950593182
            ],
            [
              100.09358474684241,
              20.24682625621319
            ],
            [
              100.09291088865473,
              20.24629271903885
            ],
            [
              100.09269580346745,
              20.246138739389995
            ],
            [
              100.09231707624744,
              20.245894276517063
            ],
            [
              100.09195632556671,
              20.24562669032599
            ],
            [
              100.09115452672437,
              20.245143857649563
            ],
            [
              100.0903694774069,
              20.244637104254682
            ],
            [
              100.0899671917427,
              20.244428847642396
            ],
            [
              100.08958039480059,
              20.24419591630247
            ],
            [
              100.08941231327407,
              20.244105328942982
            ],
            [
              100.0885499820121,
              20.243692146149893
            ],
            [
              100.08817296449175,
              20.243485474817184
            ],
            [
              100.08800637003829,
              20.243413741100124
            ],
            [
              100.08789844087465,
              20.24335786572459
            ],
            [
              100.08764173641032,
              20.24325441933951
            ],
            [
              100.08699859796076,
              20.242943351785566
            ],
            [
              100.08681272264087,
              20.24286406304493
            ],
            [
              100.08620406651032,
              20.242637674630505
            ],
            [
              100.08560887254204,
              20.24238138001594
            ],
            [
              100.08489382153871,
              20.24215032209717
            ],
            [
              100.0841906613229,
              20.241888772553942
            ],
            [
              100.08356143102027,
              20.241719770490036
            ],
            [
              100.08294249250545,
              20.241519761014274
            ],
            [
              100.08275222248487,
              20.24146796818056
            ],
            [
              100.0821260191693,
              20.24132852016882
            ],
            [
              100.08150859218134,
              20.241157734931463
            ],
            [
              100.08075533943243,
              20.24102327736282
            ],
            [
              100.08000922304464,
              20.24085711630297
            ],
            [
              100.07967150380726,
              20.240814293386503
            ],
            [
              100.0795037466608,
              20.240778819325513
            ],
            [
              100.0791675054191,
              20.240739833414082
            ],
            [
              100.07873936955465,
              20.24066340430107
            ],
            [
              100.07855380127567,
              20.240639106986947
            ],
            [
              100.07777232571655,
              20.240573464315634
            ],
            [
              100.07721600610834,
              20.24050291503543
            ],
            [
              100.07708714971086,
              20.240498609116415
            ],
            [
              100.07670646362111,
              20.240454464505817
            ],
            [
              100.07655468994275,
              20.240443965107822
            ],
            [
              100.0761106026862,
              20.240433870486456
            ],
            [
              100.07574658491149,
              20.240403288856577
            ],
            [
              100.07505683528798,
              20.24040940390849
            ],
            [
              100.07439793138526,
              20.240392077564422
            ],
            [
              100.07396712496478,
              20.240376545948333
            ],
            [
              100.07391649391316,
              20.240379416256246
            ],
            [
              100.07384527564469,
              20.24037754317684
            ],
            [
              100.07367070586831,
              20.240381041210235
            ],
            [
              100.07299644024087,
              20.240425860742903
            ],
            [
              100.07270350162361,
              20.240425721997276
            ],
            [
              100.07207617510596,
              20.240483735188004
            ],
            [
              100.07115387763568,
              20.240536008556294
            ],
            [
              100.0709720083157,
              20.240554803968486
            ],
            [
              100.07090529225863,
              20.240564846157362
            ],
            [
              100.07085935158177,
              20.24056789926264
            ],
            [
              100.07047344806449,
              20.24062984727443
            ],
            [
              100.07043739893278,
              20.24063527333364
            ],
            [
              100.0698986127131,
              20.240685091670894
            ],
            [
              100.06904661477444,
              20.240844606098527
            ],
            [
              100.06818885222535,
              20.24097370580563
            ],
            [
              100.06771483208583,
              20.24109095262672
            ],
            [
              100.06736698333405,
              20.241150926843456
            ],
            [
              100.0672690146301,
              20.241177401185713
            ],
            [
              100.06713414793732,
              20.241202649594435
            ],
            [
              100.06694467709312,
              20.241247340849903
            ],
            [
              100.0660567785678,
              20.241501053619196
            ],
            [
              100.06546257821017,
              20.241648018139184
            ],
            [
              100.06538889760525,
              20.24167375491888
            ],
            [
              100.06518985348815,
              20.241722196692884
            ],
            [
              100.06496217931863,
              20.241800765204953
            ],
            [
              100.06465750966058,
              20.241883091880688
            ],
            [
              100.06446663638103,
              20.24194438073444
            ],
            [
              100.06434120244029,
              20.241991256430662
            ],
            [
              100.06424724518186,
              20.242018102887315
            ],
            [
              100.0641960345998,
              20.242038091674615
            ],
            [
              100.0641794137775,
              20.24203935792978
            ],
            [
              100.06343258157713,
              20.242166688957298
            ],
            [
              100.06317149669563,
              20.242193637323656
            ],
            [
              100.06308049749849,
              20.24221168323976
            ],
            [
              100.06266835413656,
              20.242264045495972
            ],
            [
              100.06204065200549,
              20.242403996780578
            ],
            [
              100.06140594379661,
              20.24251220328174
            ],
            [
              100.0612048752268,
              20.24255619452875
            ],
            [
              100.06081252632478,
              20.24266142479653
            ],
            [
              100.06052610136359,
              20.242718220979523
            ],
            [
              100.05923197123148,
              20.24273253605922
            ],
            [
              100.05751467613447,
              20.242749981392855
            ],
            [
              100.05751089110872,
              20.24275019543449
            ],
            [
              100.05750710204171,
              20.24275005924069
            ],
            [
              100.05735342869049,
              20.24275165777987
            ],
            [
              100.05695405529355,
              20.242774341129458
            ],
            [
              100.05655398021543,
              20.242770480480107
            ],
            [
              100.05625433193302,
              20.242781476295225
            ],
            [
              100.05523417784444,
              20.242866370330084
            ],
            [
              100.05482685569356,
              20.242878418832497
            ],
            [
              100.05457392745356,
              20.242909507135025
            ],
            [
              100.05454014455871,
              20.242911425411485
            ],
            [
              100.05445954630393,
              20.24292356600265
            ],
            [
              100.0543321475827,
              20.24293922480166
            ],
            [
              100.05356141580053,
              20.243000404492566
            ],
            [
              100.05332545516866,
              20.243030197682657
            ],
            [
              100.05268143662475,
              20.243142107963273
            ],
            [
              100.05203207521105,
              20.243221914346822
            ],
            [
              100.05129636863556,
              20.243382780972716
            ],
            [
              100.05055365693703,
              20.24351183171278
            ],
            [
              100.04992435627673,
              20.243682770607336
            ],
            [
              100.04928640465846,
              20.243822254315976
            ],
            [
              100.04909133374072,
              20.243874544406825
            ],
            [
              100.04904703499902,
              20.243888669985864
            ],
            [
              100.04900151712266,
              20.243898769327892
            ],
            [
              100.04831727121366,
              20.244119296310586
            ],
            [
              100.04784519983829,
              20.24424751983243
            ],
            [
              100.04741259794847,
              20.244409834892288
            ],
            [
              100.04642120100074,
              20.244725947763172
            ],
            [
              100.046378582002,
              20.244744102686614
            ],
            [
              100.04633433165124,
              20.24475836351334
            ],
            [
              100.0453511068928,
              20.245180833638138
            ],
            [
              100.04493198189142,
              20.245336402527993
            ],
            [
              100.04451135356227,
              20.245539494179102
            ],
            [
              100.04385231194158,
              20.2458202224535
            ],
            [
              100.04381178297501,
              20.245842231966105
            ],
            [
              100.04376922613442,
              20.245860517014176
            ],
            [
              100.04357394678755,
              20.245955601620686
            ],
            [
              100.04300662829802,
              20.24626600714362
            ],
            [
              100.0425187812053,
              20.24650154581601
            ],
            [
              100.0422461598316,
              20.246572519563266
            ],
            [
              100.04194420269503,
              20.24666640239353
            ],
            [
              100.04187663785387,
              20.246690938923788
            ],
            [
              100.04180694789383,
              20.246709438554596
            ],
            [
              100.04056298938023,
              20.247167982953666
            ],
            [
              100.0401994773777,
              20.24729135048674
            ],
            [
              100.040097814144,
              20.247336916215687
            ],
            [
              100.03931374861325,
              20.24762164117141
            ],
            [
              100.03924905643515,
              20.247652308795
            ],
            [
              100.03918162247695,
              20.24767716513155
            ],
            [
              100.03812405572694,
              20.248184814386754
            ],
            [
              100.03792890808191,
              20.248264391648227
            ],
            [
              100.03764835149498,
              20.248411119062286
            ],
            [
              100.036795130262,
              20.24881557766957
            ],
            [
              100.03673393355143,
              20.24885208118279
            ],
            [
              100.03666940477898,
              20.248883054972588
            ],
            [
              100.03633973556134,
              20.24906102714568
            ],
            [
              100.03590985788755,
              20.24932031253704
            ],
            [
              100.0354636178142,
              20.24955368175773
            ],
            [
              100.03472305552478,
              20.250036135530404
            ],
            [
              100.03469488894444,
              20.250053124104117
            ],
            [
              100.03451449113288,
              20.250154249649423
            ],
            [
              100.03443007417071,
              20.250212845807827
            ],
            [
              100.03396480598565,
              20.25049346825559
            ],
            [
              100.03356391877756,
              20.25079126579241
            ],
            [
              100.03314405651491,
              20.251064785294318
            ],
            [
              100.03291966712726,
              20.25122686277144
            ],
            [
              100.03259090297813,
              20.251489445051778
            ],
            [
              100.03224394138712,
              20.25173027243927
            ],
            [
              100.03185110080588,
              20.252063603483382
            ],
            [
              100.03175003665378,
              20.252138676123987
            ],
            [
              100.03156426367796,
              20.252306987608343
            ],
            [
              100.03151570393416,
              20.252348190909974
            ],
            [
              100.03076816430712,
              20.252945230711255
            ],
            [
              100.0304682475424,
              20.25323695703468
            ],
            [
              100.03014796156843,
              20.25350871629972
            ],
            [
              100.02989355917212,
              20.253746887426296
            ],
            [
              100.02974679879718,
              20.25389847552913
            ],
            [
              100.02958722124487,
              20.254038053570515
            ],
            [
              100.0289810131428,
              20.254683553394795
            ],
            [
              100.02880544306947,
              20.254854323555875
            ],
            [
              100.02869792090465,
              20.25498184475955
            ],
            [
              100.02799232777213,
              20.255710628968878
            ],
            [
              100.02786201458423,
              20.255875061481788
            ],
            [
              100.02771769851746,
              20.256028727231865
            ],
            [
              100.02744297852297,
              20.25635189344715
            ],
            [
              100.02687364792598,
              20.25709342229308
            ],
            [
              100.02681732449247,
              20.257162245850708
            ],
            [
              100.02588752624767,
              20.257466252890886
            ],
            [
              100.02534984140031,
              20.2577
            ],
            [
              99.88470292387407,
              20.2577
            ],
            [
              99.88462740847214,
              20.256034858998312
            ],
            [
              99.88456882439185,
              20.25543467990268
            ],
            [
              99.88457483779908,
              20.25463383479221
            ],
            [
              99.88457472576884,
              20.25463131905281
            ],
            [
              99.88457487507246,
              20.254628805038212
            ],
            [
              99.88457585052431,
              20.254495405778503
            ],
            [
              99.88456979334812,
              20.254359985076437
            ],
            [
              99.88457639726447,
              20.254224587137607
            ],
            [
              99.88457441071768,
              20.253617896048002
            ],
            [
              99.88459907257871,
              20.25198121093279
            ],
            [
              99.88460266343928,
              20.25175513838919
            ],
            [
              99.88460115419002,
              20.251713382812742
            ],
            [
              99.88460385287814,
              20.251671680650162
            ],
            [
              99.88461489190962,
              20.250796984756906
            ],
            [
              99.884614168752,
              20.250778635764497
            ],
            [
              99.88461532850464,
              20.250760306734712
            ],
            [
              99.88462280551406,
              20.250091910027397
            ],
            [
              99.88461616047574,
              20.24992922812783
            ],
            [
              99.88462437608024,
              20.249766610129974
            ],
            [
              99.88462258275575,
              20.248594413532363
            ],
            [
              99.8846278350349,
              20.2481327799487
            ],
            [
              99.88463082212779,
              20.24795865376631
            ],
            [
              99.88462753705211,
              20.247864448159238
            ],
            [
              99.88463335918901,
              20.247770351844743
            ],
            [
              99.88463700866699,
              20.24739766444003
            ],
            [
              99.88463947041885,
              20.247216251023474
            ],
            [
              99.88468195123684,
              20.24497063095526
            ],
            [
              99.88467620219325,
              20.24479697818073
            ],
            [
              99.8846861622345,
              20.24462349514399
            ],
            [
              99.88469353125528,
              20.243244901284786
            ],
            [
              99.88470308306218,
              20.24202888411516
            ],
            [
              99.88470608771857,
              20.241675493517164
            ],
            [
              99.88470796844582,
              20.241467183495008
            ],
            [
              99.8847408737461,
              20.237886567004068
            ],
            [
              99.88477722214893,
              20.236443125014986
            ],
            [
              99.8847701084266,
              20.236178051974637
            ],
            [
              99.88478507547424,
              20.235913270475063
            ],
            [
              99.8847887252352,
              20.23509577538917
            ],
            [
              99.88478869151189,
              20.235095066544098
            ],
            [
              99.88478873152413,
              20.235094357990484
            ],
            [
              99.88480409145309,
              20.231611078960736
            ],
            [
              99.88480406946246,
              20.231610617250286
            ],
            [
              99.88480409550787,
              20.23161015572778
            ],
            [
              99.88480879798126,
              20.23053506220656
            ],
            [
              99.88480508208146,
              20.230457102131922
            ],
            [
              99.88481521943986,
              20.229727836121548
            ],
            [
              99.88482611798202,
              20.229176790180873
            ],
            [
              99.88482338322336,
              20.22909196512942
            ],
            [
              99.88482890903023,
              20.229007261240767
            ],
            [
              99.88486003915926,
              20.22663988255217
            ],
            [
              99.88488533313502,
              20.22523819076561
            ],
            [
              99.88491980636906,
              20.225140938215674
            ],
            [
              99.88502090005075,
              20.224801165914357
            ],
            [
              99.88514767957138,
              20.224469156541424
            ],
            [
              99.88538687170981,
              20.223576633294403
            ],
            [
              99.88539858536356,
              20.223540305531944
            ],
            [
              99.88540485754048,
              20.223510685246374
            ],
            [
              99.88542426580983,
              20.223445453526413
            ],
            [
              99.88543825003359,
              20.22340568378333
            ],
            [
              99.8854471226196,
              20.223368631100705
            ],
            [
              99.88568178710979,
              20.222579912441994
            ],
            [
              99.88574710901833,
              20.22223242283333
            ],
            [
              99.88583879893,
              20.221890282228376
            ],
            [
              99.88591375348803,
              20.221538865137017
            ],
            [
              99.8859139293454,
              20.22153821042875
            ],
            [
              99.8859212233642,
              20.221504109496195
            ],
            [
              99.8859771375191,
              20.221155213269068
            ],
            [
              99.88605955283036,
              20.220811029869832
            ],
            [
              99.88616671026142,
              20.220000258134498
            ],
            [
              99.88617414283115,
              20.219960718359232
            ],
            [
              99.8861777731107,
              20.219916554285994
            ],
            [
              99.8861877933245,
              20.219840739171307
            ],
            [
              99.88626173824807,
              20.2193793245695
            ],
            [
              99.88632976422839,
              20.218960339696487
            ],
            [
              99.88633025266229,
              20.218951794066964
            ],
            [
              99.88634273145942,
              20.21887392604827
            ],
            [
              99.88636214631752,
              20.218521536481568
            ],
            [
              99.88640842380845,
              20.218171385064462
            ],
            [
              99.8864788194471,
              20.21728737089276
            ],
            [
              99.88652085533245,
              20.216847322309963
            ],
            [
              99.88652666884195,
              20.216713030788956
            ],
            [
              99.88654500070041,
              20.21657974583122
            ],
            [
              99.88655088802673,
              20.216510445351393
            ],
            [
              99.88655432397668,
              20.216405630748174
            ],
            [
              99.88656777495368,
              20.216301537514585
            ],
            [
              99.8865943328105,
              20.2159553597681
            ],
            [
              99.88671686186673,
              20.21435987502408
            ],
            [
              99.88672088811683,
              20.214196647338
            ],
            [
              99.88673977576141,
              20.21403435182906
            ],
            [
              99.88679521692222,
              20.21316794875303
            ],
            [
              99.88679652958183,
              20.213057755668327
            ],
            [
              99.88680833467467,
              20.212948120514774
            ],
            [
              99.88681076922052,
              20.21290414202692
            ],
            [
              99.88683075149768,
              20.212726207189476
            ],
            [
              99.88683076043593,
              20.212726058086712
            ],
            [
              99.88683078481124,
              20.21272591052869
            ],
            [
              99.88689602305502,
              20.21214492461434
            ],
            [
              99.88695091669095,
              20.211721831751035
            ],
            [
              99.88695381501195,
              20.211684306750342
            ],
            [
              99.8869677737612,
              20.21160697298463
            ],
            [
              99.88705065587304,
              20.210956364065602
            ],
            [
              99.88705074444162,
              20.21095518168938
            ],
            [
              99.88705095524418,
              20.2109540131843
            ],
            [
              99.88711576299649,
              20.21044490621336
            ],
            [
              99.88718217137165,
              20.209557253177927
            ],
            [
              99.88727911245988,
              20.20867210721527
            ],
            [
              99.88741649029843,
              20.206269883833627
            ],
            [
              99.88744714930405,
              20.2058251421827
            ],
            [
              99.88747991157042,
              20.205376743043995
            ],
            [
              99.88762724799543,
              20.20336354831935
            ],
            [
              99.88767908973895,
              20.202694260104288
            ],
            [
              99.88768361893392,
              20.20266026236568
            ],
            [
              99.88772123369239,
              20.202194059466034
            ],
            [
              99.88772128349405,
              20.20219231435932
            ],
            [
              99.88772151400761,
              20.202190582236064
            ],
            [
              99.88773207202182,
              20.202059501582237
            ],
            [
              99.88774067865958,
              20.202001193322914
            ],
            [
              99.88774718728938,
              20.201932621982056
            ],
            [
              99.88791548517248,
              20.20016073613802
            ],
            [
              99.88795716349095,
              20.199185926327665
            ],
            [
              99.88802585914166,
              20.19821248061848
            ],
            [
              99.88803486964389,
              20.197724682466607
            ],
            [
              99.8880281744866,
              20.19752504318389
            ],
            [
              99.8880291260128,
              20.197502787720932
            ],
            [
              99.88802537920627,
              20.197441691980885
            ],
            [
              99.88799416355975,
              20.19651087683257
            ],
            [
              99.88796444306374,
              20.19529678700774
            ],
            [
              99.88794959094879,
              20.19518174075658
            ],
            [
              99.88794570632547,
              20.19506590121062
            ],
            [
              99.88777918045874,
              20.193861706514987
            ],
            [
              99.88776844077395,
              20.19377851385636
            ],
            [
              99.88776709102899,
              20.19375683117254
            ],
            [
              99.88776077532131,
              20.193719135012127
            ],
            [
              99.88762355953935,
              20.192656212324113
            ],
            [
              99.88751805946036,
              20.192077232750165
            ],
            [
              99.88740676315372,
              20.19160613187572
            ],
            [
              99.88732689006964,
              20.19112938191906
            ],
            [
              99.88710025131844,
              20.190308695912766
            ],
            [
              99.88690469557332,
              20.189480914058493
            ],
            [
              99.88674503067683,
              20.189022380069318
            ],
            [
              99.88661605103188,
              20.188555316424406
            ],
            [
              99.88467435548846,
              20.18271434754922
            ],
            [
              99.88466753250775,
              20.182696873570034
            ],
            [
              99.88466253021775,
              20.182678858766323
            ],
            [
              99.88462228666236,
              20.182558372711036
            ],
            [
              99.8843807393604,
              20.18183292424661
            ],
            [
              99.88438027892086,
              20.18183174674719
            ],
            [
              99.88437994281857,
              20.181830532335557
            ],
            [
              99.8841268264041,
              20.181070575467896
            ],
            [
              99.88407835561135,
              20.180946653179692
            ],
            [
              99.88407706950021,
              20.180941903984486
            ],
            [
              99.88406876558523,
              20.180916505405065
            ],
            [
              99.88406688633779,
              20.18091162184442
            ],
            [
              99.88406552106952,
              20.18090658837598
            ],
            [
              99.88371564592644,
              20.179837894333577
            ],
            [
              99.88358802964503,
              20.1794447046715
            ],
            [
              99.8832895038273,
              20.17852482269296
            ],
            [
              99.88289449617062,
              20.177307538284513
            ],
            [
              99.88286158150966,
              20.177221437369855
            ],
            [
              99.88283712995732,
              20.17713285860884
            ],
            [
              99.88266823924025,
              20.17662465197075
            ],
            [
              99.88247339622862,
              20.17603821079552
            ],
            [
              99.88244236314324,
              20.175923501139287
            ],
            [
              99.88222916940619,
              20.17527086000527
            ],
            [
              99.8824054012292,
              20.174993529096422
            ],
            [
              99.88287837005542,
              20.174309389174446
            ],
            [
              99.88313632379035,
              20.173892955082067
            ],
            [
              99.8832458305742,
              20.173694413226936
            ],
            [
              99.88337212609153,
              20.17350496849947
            ],
            [
              99.88389625895495,
              20.172515139247587
            ],
            [
              99.88443761296826,
              20.171533610212336
            ],
            [
              99.88452173421332,
              20.171335868176705
            ],
            [
              99.88452684628498,
              20.171324251902355
            ],
            [
              99.88463199803982,
              20.17112566704205
            ],
            [
              99.88479814785245,
              20.170769144445416
            ],
            [
              99.88511237236693,
              20.169993736108935
            ],
            [
              99.88557907103578,
              20.168933220098253
            ],
            [
              99.88577207574279,
              20.16842567788425
            ],
            [
              99.88592430779751,
              20.168074869314353
            ],
            [
              99.88611765788184,
              20.167631884989294
            ],
            [
              99.88643463588791,
              20.166906597129714
            ],
            [
              99.88652134536294,
              20.16667681672389
            ],
            [
              99.88662726889861,
              20.166454333446175
            ],
            [
              99.88672523363029,
              20.166218220088854
            ],
            [
              99.88675865339415,
              20.166124351196636
            ],
            [
              99.88680095660985,
              20.16603373347253
            ],
            [
              99.88707844435898,
              20.16523507134683
            ],
            [
              99.88722623204298,
              20.164882208155564
            ],
            [
              99.88733854984523,
              20.16451118867537
            ],
            [
              99.88738020522865,
              20.16440079844942
            ],
            [
              99.88740288350931,
              20.164314826130575
            ],
            [
              99.88762292183826,
              20.16369676898196
            ],
            [
              99.88764643604114,
              20.16360025882404
            ],
            [
              99.88767912827055,
              20.16350616193163
            ],
            [
              99.88772800022126,
              20.163338055394316
            ],
            [
              99.88784825458846,
              20.162827459135116
            ],
            [
              99.88800050025931,
              20.16232453265298
            ],
            [
              99.88804806723567,
              20.162132126429704
            ],
            [
              99.88817545767091,
              20.16147201242902
            ],
            [
              99.888336710659,
              20.16081853351737
            ],
            [
              99.88842782260332,
              20.160164288417533
            ],
            [
              99.88855310146207,
              20.159515101409507
            ],
            [
              99.88859856092941,
              20.158993262209904
            ],
            [
              99.88865469162225,
              20.158653670256808
            ],
            [
              99.88866720534493,
              20.158445336736882
            ],
            [
              99.88870400040042,
              20.158181117136866
            ],
            [
              99.88871936809738,
              20.15800381587047
            ],
            [
              99.88874207970629,
              20.15734576119302
            ],
            [
              99.88878405283974,
              20.156863932250452
            ],
            [
              99.88877922014876,
              20.15658045274987
            ],
            [
              99.88881421612808,
              20.155997814488494
            ],
            [
              99.88881656260124,
              20.155705216091636
            ],
            [
              99.88880655337105,
              20.155477665118873
            ],
            [
              99.88881112847814,
              20.155345102733918
            ],
            [
              99.88878282435886,
              20.15493820313866
            ],
            [
              99.88875863636774,
              20.15438830091534
            ],
            [
              99.88870194899795,
              20.153071337469925
            ],
            [
              99.88868261259331,
              20.152868341911095
            ],
            [
              99.88852716590223,
              20.15181752556758
            ],
            [
              99.88849417039332,
              20.15144872067335
            ],
            [
              99.88840614265766,
              20.150998186351284
            ],
            [
              99.88829448987694,
              20.150241748562028
            ],
            [
              99.88824554836998,
              20.14999825782256
            ],
            [
              99.88815795116633,
              20.149655278574865
            ],
            [
              99.8881374829995,
              20.14952487733219
            ],
            [
              99.8880645012623,
              20.14924960534488
            ],
            [
              99.88798305671278,
              20.148832751215842
            ],
            [
              99.88792241669627,
              20.14858986217816
            ],
            [
              99.88769836893024,
              20.147855796593163
            ],
            [
              99.88758509898355,
              20.147412284011285
            ],
            [
              99.88755759806557,
              20.14733764159163
            ],
            [
              99.88745334352963,
              20.146944402437022
            ],
            [
              99.88728264851918,
              20.146493718161775
            ],
            [
              99.88714227715676,
              20.146033795348888
            ],
            [
              99.88680858956101,
              20.14524204977958
            ],
            [
              99.8866404280091,
              20.14479804366115
            ],
            [
              99.88702915726184,
              20.143874022769484
            ],
            [
              99.88708619710201,
              20.1436866913887
            ],
            [
              99.88715964065993,
              20.14350452666645
            ],
            [
              99.88747529045439,
              20.142408811618555
            ],
            [
              99.88780757426336,
              20.141317492533332
            ],
            [
              99.88784489548983,
              20.141125782969652
            ],
            [
              99.88789907745901,
              20.140937696657158
            ],
            [
              99.88809947972163,
              20.139818037696482
            ],
            [
              99.88831689347043,
              20.138701213578518
            ],
            [
              99.88833413761667,
              20.138506972261176
            ],
            [
              99.8883685371213,
              20.138314775912946
            ],
            [
              99.88845176753493,
              20.137181956767822
            ],
            [
              99.88855222312603,
              20.136050383916324
            ],
            [
              99.88854922513235,
              20.13585548156557
            ],
            [
              99.88856351188078,
              20.135661026228718
            ],
            [
              99.8885287748167,
              20.13452595683135
            ],
            [
              99.88851131075148,
              20.13339053304565
            ],
            [
              99.88848810051576,
              20.13319684665433
            ],
            [
              99.88848213794321,
              20.133002005038268
            ],
            [
              99.88832977389565,
              20.13187561644749
            ],
            [
              99.88819456430554,
              20.13074727606943
            ],
            [
              99.88815136635584,
              20.13055667082776
            ],
            [
              99.88812521290019,
              20.13036331926882
            ],
            [
              99.88785669497821,
              20.129256458410104
            ],
            [
              99.88760504771949,
              20.12814606703549
            ],
            [
              99.88754227901336,
              20.127960378373086
            ],
            [
              99.88749618751338,
              20.127770378767778
            ],
            [
              99.8871141070329,
              20.126693704004094
            ],
            [
              99.88674845087189,
              20.12561195387645
            ],
            [
              99.88666671674481,
              20.125432969794232
            ],
            [
              99.88660113196802,
              20.125248151675102
            ],
            [
              99.88610917329116,
              20.12421203021281
            ],
            [
              99.88563303431201,
              20.123169337305537
            ],
            [
              99.88553312261557,
              20.12299878116755
            ],
            [
              99.88544867694118,
              20.1228209240937
            ],
            [
              99.88485158181292,
              20.121835332209585
            ],
            [
              99.88426954928256,
              20.12084173598559
            ],
            [
              99.8841524227699,
              20.120681249935807
            ],
            [
              99.88404993006942,
              20.12051206636772
            ],
            [
              99.88335345180232,
              20.11958649341549
            ],
            [
              99.88267113382834,
              20.118651560226674
            ],
            [
              99.88253382506669,
              20.118481878056063
            ],
            [
              99.88246113681235,
              20.118400645831866
            ],
            [
              99.88241836863712,
              20.118343808212785
            ],
            [
              99.88213605909296,
              20.118037356172994
            ],
            [
              99.88071588100944,
              20.116450212619196
            ],
            [
              99.87869591423417,
              20.114596618509488
            ],
            [
              99.87649337716407,
              20.112938940400667
            ],
            [
              99.87412947777764,
              20.11149313645141
            ],
            [
              99.87162697550559,
              20.11027312485645
            ],
            [
              99.86900996228387,
              20.10929065002448
            ],
            [
              99.86630363086284,
              20.108555169663138
            ],
            [
              99.86353403259082,
              20.108073763851415
            ],
            [
              99.86072782698946,
              20.10785106696918
            ],
            [
              99.85791202551505,
              20.10788922313509
            ],
            [
              99.85511373195357,
              20.108187865579414
            ],
            [
              99.85235988193021,
              20.108744120149527
            ],
            [
              99.84967698402077,
              20.109552632915445
            ],
            [
              99.84709086493906,
              20.110605621612283
            ],
            [
              99.8446264212357,
              20.111892950428775
            ],
            [
              99.84230737988334,
              20.113402227427628
            ],
            [
              99.84015607004066,
              20.115118923666852
            ],
            [
              99.83819320818286,
              20.11702651288327
            ],
            [
              99.83776733372244,
              20.11753114150584
            ],
            [
              99.8376798321763,
              20.11761204650343
            ],
            [
              99.83683824773814,
              20.11836347210175
            ],
            [
              99.83656904236724,
              20.11862864111949
            ],
            [
              99.83650477157862,
              20.11869850983833
            ],
            [
              99.83650146571652,
              20.118701566413304
            ],
            [
              99.83643328316776,
              20.118763285679524
            ],
            [
              99.83558097303612,
              20.119702761190833
            ],
            [
              99.83472185040166,
              20.120636688550956
            ],
            [
              99.83466482687568,
              20.12071258447041
            ],
            [
              99.83460071374229,
              20.12078325260437
            ],
            [
              99.83440729815943,
              20.12101892863698
            ],
            [
              99.83395186525316,
              20.121633980028392
            ],
            [
              99.83366848522729,
              20.121971842865975
            ],
            [
              99.8333584763807,
              20.122426860283383
            ],
            [
              99.83293724230033,
              20.12298452061051
            ],
            [
              99.83285883100761,
              20.12309991042786
            ],
            [
              99.83282419037435,
              20.123156853218646
            ],
            [
              99.8327931165011,
              20.123198816552264
            ],
            [
              99.8326607365863,
              20.123421220381083
            ],
            [
              99.83263501802945,
              20.123455623984103
            ],
            [
              99.83246527839161,
              20.123737839908355
            ],
            [
              99.8321443761553,
              20.12420883368452
            ],
            [
              99.83210606908345,
              20.124271628612533
            ],
            [
              99.8320914976071,
              20.124298480465544
            ],
            [
              99.83207426955322,
              20.124323890239992
            ],
            [
              99.83203110951284,
              20.124395005385953
            ],
            [
              99.83196464511532,
              20.124504517458703
            ],
            [
              99.83188674844844,
              20.124648849733802
            ],
            [
              99.83188265760188,
              20.12465489589631
            ],
            [
              99.83165007756627,
              20.12508684983679
            ],
            [
              99.83145566246395,
              20.12540642255508
            ],
            [
              99.83143254277321,
              20.125454882942552
            ],
            [
              99.83124384458387,
              20.1257686110564
            ],
            [
              99.83117542823855,
              20.125896601842783
            ],
            [
              99.83091630745496,
              20.126446924951765
            ],
            [
              99.83068552985706,
              20.12687451309534
            ],
            [
              99.83067887107839,
              20.126890572826685
            ],
            [
              99.83060592856205,
              20.12702603971628
            ],
            [
              99.83051085611777,
              20.12722636786218
            ],
            [
              99.83047360718899,
              20.127304706648324
            ],
            [
              99.83028646267506,
              20.12775638413087
            ],
            [
              99.83006985816236,
              20.12819615886415
            ],
            [
              99.82977354506403,
              20.128994308584236
            ],
            [
              99.82944719681765,
              20.129781938220592
            ],
            [
              99.82930782177942,
              20.130248765465165
            ],
            [
              99.82928145222343,
              20.130319793026388
            ],
            [
              99.82917040933975,
              20.130608657556593
            ],
            [
              99.82916021505542,
              20.130646349847076
            ],
            [
              99.82913789319916,
              20.130706474447596
            ],
            [
              99.82907886241914,
              20.13089456646831
            ],
            [
              99.82888236542198,
              20.13165597870071
            ],
            [
              99.8288173949815,
              20.131846593010113
            ],
            [
              99.82877311537433,
              20.13203970319493
            ],
            [
              99.8286827821825,
              20.132342259914928
            ],
            [
              99.82863925358814,
              20.132572526705054
            ],
            [
              99.82847331169803,
              20.133186062391808
            ],
            [
              99.82841316310788,
              20.133464854674227
            ],
            [
              99.8283473217659,
              20.13387100759571
            ],
            [
              99.82830115733289,
              20.134049316912403
            ],
            [
              99.82827965643224,
              20.134191723370588
            ],
            [
              99.82822123734256,
              20.134446490758684
            ],
            [
              99.82816668214171,
              20.13475748409845
            ],
            [
              99.82805280887379,
              20.135687734777385
            ],
            [
              99.8279868859041,
              20.13609438092405
            ],
            [
              99.82798355361368,
              20.136152871623928
            ],
            [
              99.82790353483702,
              20.136682844562067
            ],
            [
              99.82788697200994,
              20.137042468387815
            ],
            [
              99.82784319895771,
              20.137400050369063
            ],
            [
              99.827825800281,
              20.138370663977266
            ],
            [
              99.82778113289804,
              20.139340499516724
            ],
            [
              99.82778190907239,
              20.13947100049484
            ],
            [
              99.82778202518823,
              20.13947300315234
            ],
            [
              99.82778193321487,
              20.139475006928294
            ],
            [
              99.82778348675038,
              20.13972950884217
            ],
            [
              99.82779721092426,
              20.13996557030412
            ],
            [
              99.8277955211562,
              20.14005983700649
            ],
            [
              99.82781753769332,
              20.140315197371688
            ],
            [
              99.82785090042563,
              20.14088904271214
            ],
            [
              99.82790300099573,
              20.14204928011351
            ],
            [
              99.82794881650614,
              20.14252099046425
            ],
            [
              99.82795366619817,
              20.14255336056227
            ],
            [
              99.82795521629986,
              20.14258602028776
            ],
            [
              99.8279888559167,
              20.14292342782745
            ],
            [
              99.82799833103249,
              20.14298559070577
            ],
            [
              99.82800393655138,
              20.143093058634662
            ],
            [
              99.82823593959967,
              20.14531460992318
            ],
            [
              99.82825301532382,
              20.14542322325149
            ],
            [
              99.82829196517257,
              20.145845673556217
            ],
            [
              99.82833166381775,
              20.146276738874832
            ],
            [
              99.82839250709131,
              20.14669712194732
            ],
            [
              99.82842346330398,
              20.147120405394507
            ],
            [
              99.82856036228665,
              20.14821053308528
            ],
            [
              99.82864527809566,
              20.14892080085257
            ],
            [
              99.82866110523048,
              20.14901253493192
            ],
            [
              99.82866800775604,
              20.14910524984595
            ],
            [
              99.8287887391873,
              20.150056575137036
            ],
            [
              99.82893614907425,
              20.15087555914193
            ],
            [
              99.82899787010926,
              20.151316295685366
            ],
            [
              99.82884214689531,
              20.151552361821782
            ],
            [
              99.8286484689224,
              20.15192249734734
            ],
            [
              99.82842870815062,
              20.152279405599838
            ],
            [
              99.82815924655647,
              20.152771069349736
            ],
            [
              99.82808299938415,
              20.1529286889534
            ],
            [
              99.82799279318503,
              20.153079592325337
            ],
            [
              99.82749791296833,
              20.15413817950698
            ],
            [
              99.8269887478477,
              20.155190709435793
            ],
            [
              99.82692922557933,
              20.155354627343755
            ],
            [
              99.8268551142405,
              20.1555131533561
            ],
            [
              99.82647247844423,
              20.15661244822467
            ],
            [
              99.82643227223834,
              20.15672316979782
            ],
            [
              99.8264162994275,
              20.156760378478168
            ],
            [
              99.82640110722224,
              20.15680899324674
            ],
            [
              99.82607499906403,
              20.157707037069592
            ],
            [
              99.82603277564705,
              20.157875674919755
            ],
            [
              99.82597547356971,
              20.158040297150144
            ],
            [
              99.82583909555117,
              20.158508378803063
            ],
            [
              99.82574341011532,
              20.158913583101082
            ],
            [
              99.82561897452582,
              20.15931176300408
            ],
            [
              99.82543700797824,
              20.16021110750566
            ],
            [
              99.82522597234022,
              20.1611047705694
            ],
            [
              99.82517280442168,
              20.16151688005526
            ],
            [
              99.82509029541725,
              20.16192465996763
            ],
            [
              99.82504033519852,
              20.162260154163356
            ],
            [
              99.82503213032051,
              20.162345420924648
            ],
            [
              99.82501567663061,
              20.16242961740293
            ],
            [
              99.82487620007319,
              20.163411101478633
            ],
            [
              99.82487610497408,
              20.16341216411759
            ],
            [
              99.82487590011822,
              20.16341321285284
            ],
            [
              99.82482593683046,
              20.163765007149227
            ],
            [
              99.82482399955221,
              20.16378667451162
            ],
            [
              99.8248198588171,
              20.163808064525714
            ],
            [
              99.82474456221284,
              20.16434475597069
            ],
            [
              99.82474444495251,
              20.164346093005246
            ],
            [
              99.82474418960993,
              20.16434741277234
            ],
            [
              99.82468671814615,
              20.16475736112516
            ],
            [
              99.82457387441106,
              20.16556161380877
            ],
            [
              99.82452988363976,
              20.165821333230802
            ],
            [
              99.82449958933445,
              20.166081509768553
            ],
            [
              99.82444767837599,
              20.166338623304878
            ],
            [
              99.82428948706783,
              20.1674040049344
            ],
            [
              99.82425204718422,
              20.167794826728656
            ],
            [
              99.82418606267206,
              20.16818226627236
            ],
            [
              99.82412520895815,
              20.169118834742502
            ],
            [
              99.82403568272913,
              20.17005334850453
            ],
            [
              99.82403899127938,
              20.17044575349845
            ],
            [
              99.82401354128027,
              20.170837434410913
            ],
            [
              99.82400207866988,
              20.17172533835521
            ],
            [
              99.82402095494035,
              20.172208167338745
            ],
            [
              99.82400783462381,
              20.17269116630969
            ]
          ]
        ]
      }
    }
  ]
}
