# floodguard_export,modelled_road_inundation_by_hour.csv
# header_lines,37,"The first 37 lines are provenance and the column header is on line 38. A spreadsheet shows them as rows; in QGIS discard 37 header lines, in pandas use skiprows=37.",37 บรรทัดแรกเป็นข้อมูลกำกับ และหัวคอลัมน์อยู่ที่บรรทัด 38 โปรแกรมตารางคำนวณจะแสดงเป็นแถว ใน QGIS ให้ข้าม 37 บรรทัดแรก
# title,"Modelled road inundation by hour, one row per OpenStreetMap way (modelled, not observed)"
# title_th,ถนนที่น้ำท่วมตามแบบจำลองรายชั่วโมง หนึ่งแถวต่อหนึ่งเส้นทางใน OpenStreetMap (ค่าจากแบบจำลอง ไม่ใช่ค่าที่สังเกตได้)
# tier,"T1 scenario (model) replay of a reconstructed 2024 event for preparedness planning and exercises; illustrative stage keyframes; not a forecast, not an observed closure record, not an official warning; non_operational; accepted_* null"
# tier_th,การย้อนดูสถานการณ์จำลองระดับ T1 (แบบจำลอง) ของเหตุการณ์ปี 2567 (2024) ที่จำลองขึ้นใหม่ เพื่อการวางแผนเตรียมความพร้อมและการฝึกซ้อม ใช้จุดกำหนดระดับน้ำเพื่อการอธิบาย ไม่ใช่การพยากรณ์ ไม่ใช่บันทึกการปิดถนนที่สังเกตได้จริง ไม่ใช่การเตือนภัยอย่างเป็นทางการ ไม่ใช้ในการปฏิบัติการ และไม่มีคะแนนหรือระดับการดำเนินการที่ยอมรับ (accepted_* เป็น null)
# operational_status,non_operational
# confidence_class,low
# confidence_reason,"The tables come from a terrain-model reconstruction with illustrative stages, WorldPop 2020 residents, OpenStreetMap roads and sites, and unverified capacity estimates; nothing was checked on the ground."
# confidence_reason_th,ตารางมาจากการจำลองด้วยแบบจำลองภูมิประเทศและระดับน้ำสมมุติ ผู้อยู่อาศัยตาม WorldPop 2020 ถนนและสถานที่จาก OpenStreetMap และค่าประมาณความจุที่ยังไม่ได้ตรวจสอบ ยังไม่มีการตรวจสอบในพื้นที่
# lanes,SCN
# source_timestamp,OpenStreetMap extract 2026-07-09 (roads); illustrative stage keyframes for 2024-09-09/2024-09-19 ICT on the Copernicus DEM (2011-2015 acquisitions)
# generated_at,2026-10-02T14:33:00+07:00
# generated_by,scripts/build_mae_sai_flood_timeline.py
# study,mae-sai-2024-flood-timeline r4
# accepted,accepted_fpps=null; accepted_action_class=null (no priority score and no action class is computed)
# licence,"ODbL 1.0 (https://opendatacommons.org/licenses/odbl/1-0/): OpenStreetMap-derived, attribution and share-alike"
# licence_th,ODbL 1.0: ดัดแปลงจาก OpenStreetMap ต้องแสดงที่มาและเผยแพร่งานดัดแปลงภายใต้สัญญาอนุญาตเดียวกัน
# attribution,"© OpenStreetMap contributors; © DLR e.V. 2010-2014 and © Airbus Defence and Space GmbH 2014-2018, provided under COPERNICUS by the European Union and ESA; OCHA / HDX Thailand COD-AB"
# licence_inputs,"OpenStreetMap roads and candidate facilities (Geofabrik extract): ODbL 1.0; Copernicus DEM GLO-30 (tiles N20 E099 and N20 E100): Copernicus DEM licence (free, attribution); HDX Thailand COD-AB subdistrict boundaries v01: CC BY-IGO"
# not_included,"No HII rain values (CC BY-NC), nothing from a source without a stated licence and nothing from UNOSAT/GISTDA product 4009 is in this file."
# not_included_th,ไฟล์นี้ไม่มีค่าปริมาณฝนของ สสน. (CC BY-NC) ไม่มีข้อมูลจากแหล่งที่ไม่ระบุสัญญาอนุญาต และไม่มีข้อมูลใดจากผลิตภัณฑ์ 4009 ของ UNOSAT/GISTDA
# assumption_1,"The water is a HAND terrain-model reconstruction driven by illustrative stage keyframes (no gauge record was used): modelled, not observed."
# assumption_1_th,น้ำเป็นการจำลองจากแบบจำลองภูมิประเทศ HAND ด้วยจุดกำหนดระดับน้ำเพื่อการอธิบาย (ไม่ได้ใช้ข้อมูลจากสถานีวัดน้ำ) เป็นค่าจากแบบจำลอง ไม่ใช่ค่าที่สังเกตได้
# assumption_2,Hours are replay hours on an hourly grid: hour 0 is 9 Sep 2024 00:00 ICT (UTC+7) and hour 263 is 19 Sep 2024 23:00; the assumed stage is sampled at the start of each hour.
# assumption_2_th,ชั่วโมงคือชั่วโมงของการย้อนดูแบบรายชั่วโมง ชั่วโมง 0 คือ 9 ก.ย. 2567 (2024) 00:00 น. เวลาประเทศไทย (UTC+7) และชั่วโมง 263 คือ 19 ก.ย. 2567 (2024) 23:00 น. ใช้ระดับน้ำสมมุติ ณ ต้นชั่วโมง
# assumption_3,"One row per OpenStreetMap way of the classes the replay models (trunk, primary, secondary, tertiary, unclassified, residential); service roads and tracks are not modelled and not listed."
# assumption_3_th,"หนึ่งแถวต่อหนึ่งเส้นทางใน OpenStreetMap เฉพาะประเภทถนนที่การย้อนดูจำลอง (trunk, primary, secondary, tertiary, unclassified, residential) ถนนบริการและทางลำลองไม่ได้จำลองและไม่อยู่ในตาราง"
# assumption_4,A way is impassable when the modelled depth reaches 0.3 m at any 10 m sample along it; river-channel samples on bridges are ignored. The passable-again hour is the first hour after the last impassable hour.
# assumption_4_th,เส้นทางสัญจรไม่ได้เมื่อความลึกตามแบบจำลองถึง 0.3 ม. ที่จุดตัวอย่างใดก็ตามซึ่งห่างกันทุก 10 ม. ไม่นับจุดตัวอย่างในร่องน้ำใต้สะพาน ชั่วโมงที่กลับมาสัญจรได้คือชั่วโมงแรกหลังชั่วโมงสุดท้ายที่สัญจรไม่ได้
# assumption_5,"Not an observed closure record: no closure, reopening or traffic report was used. Flow velocity, debris, mud and damage are not modelled, so a real road can stay shut after the water falls."
# assumption_5_th,ไม่ใช่บันทึกการปิดถนนที่สังเกตได้จริง ไม่ได้ใช้รายงานการปิดถนน การเปิดถนน หรือการจราจร ไม่ได้จำลองความเร็วกระแสน้ำ เศษวัสดุ โคลน และความเสียหาย ถนนจริงจึงอาจยังใช้ไม่ได้หลังน้ำลด
# assumption_6,"The candidate columns of the source road file (an earlier Sentinel-1 change heuristic, now superseded) are not carried."
# assumption_6_th,ไม่ได้นำคอลัมน์ความเสี่ยงเบื้องต้นของไฟล์ถนนต้นทาง (วิธีประมาณจากการเปลี่ยนแปลงของ Sentinel-1 รุ่นก่อน ซึ่งเลิกใช้แล้ว) มาใส่ในตารางนี้
# input_receipt,docs/mae_sai_timeline_r4_input_receipt.json lists every input file of the bake with its SHA-256 (also timeline.json input_sha256); input_set_sha256=1ae21d84263d6b75e150c89b2f8029d551ac4d9a3155d6e8da10214170c6df89
# input_sha256,repo:outputs/mae_sai_road_risk.geojson=cd8648f8fbaabab14fdf45e9e98fff36d90902580831513be39a5dfe0af4439c; external:open_context/copernicus_dem_glo30/Copernicus_DSM_COG_10_N20_00_E099_00_DEM.tif=8965f85514b577b4b606c658412bfe3d713c0abf478d237539af309d8edb3757; external:open_context/copernicus_dem_glo30/Copernicus_DSM_COG_10_N20_00_E100_00_DEM.tif=353574d52c8d93f0e650207acf4c9045bcebe02bb956b30ca1596cb2dafa17bf
# git_commit,null: a file cannot hold the hash of the commit that adds it; git log -1 --format=%H -- apps/web/public/studies/mae-sai-2024-timeline/r4/exports/modelled_road_inundation_by_hour.csv
road_id (รหัสทาง OSM),road_name (ชื่อถนน),road_class (ประเภทถนน),bridge_flag (เป็นสะพาน),tambon_id (รหัสตำบล),tambon_name_th (ชื่อตำบล),tambon_name_en (ชื่อตำบลภาษาอังกฤษ),length_m (ความยาว ม.),in_model_area (อยู่ในพื้นที่แบบจำลอง),modelled_first_impassable_hour (ชั่วโมงแรกที่สัญจรไม่ได้ตามแบบจำลอง),modelled_first_impassable_local_time (เวลาท้องถิ่นของชั่วโมงแรกที่สัญจรไม่ได้),modelled_passable_again_hour (ชั่วโมงที่กลับมาสัญจรได้ตามแบบจำลอง),modelled_passable_again_local_time (เวลาท้องถิ่นของชั่วโมงที่กลับมาสัญจรได้),modelled_impassable_hours (จำนวนชั่วโมงที่สัญจรไม่ได้ตามแบบจำลอง)
32226492,,residential,no,TH570906,เวียงพางคำ,Wiang Phang Kham,166,yes,,,,,0
40188627,,secondary,no,TH570905,ศรีเมืองชุม,Si Mueang Chum,839,yes,44,2024-09-10T20:00:00+07:00,148,2024-09-15T04:00:00+07:00,104
40188638,ถนนเหมืองแดง,tertiary,no,TH570901,แม่สาย,Mae Sai,179,yes,,,,,0
40188646,,primary,no,TH570901,แม่สาย,Mae Sai,16,yes,,,,,0
40190836,,unclassified,no,TH570901,แม่สาย,Mae Sai,397,yes,44,2024-09-10T20:00:00+07:00,144,2024-09-15T00:00:00+07:00,100
40190837,ถนนตลาดพลอย,unclassified,no,TH570901,แม่สาย,Mae Sai,1368,yes,44,2024-09-10T20:00:00+07:00,153,2024-09-15T09:00:00+07:00,109
40190838,,residential,no,TH570901,แม่สาย,Mae Sai,331,yes,,,,,0
40191374,ถนนเทศบาล 21,residential,no,TH570906,เวียงพางคำ,Wiang Phang Kham,481,yes,44,2024-09-10T20:00:00+07:00,153,2024-09-15T09:00:00+07:00,109
40191377,ถนนเทศบาล 15,residential,no,TH570906,เวียงพางคำ,Wiang Phang Kham,506,yes,,,,,0
40191378,ถนนเทศบาล 3,unclassified,no,TH570906,เวียงพางคำ,Wiang Phang Kham,1197,yes,,,,,0
40191385,,residential,no,TH570906,เวียงพางคำ,Wiang Phang Kham,252,yes,,,,,0
40191389,,residential,no,TH570906,เวียงพางคำ,Wiang Phang Kham,54,yes,,,,,0
40191391,ถนนห้วยไคร้ - ห้วยน้ำริน,secondary,no,TH570906,เวียงพางคำ,Wiang Phang Kham,19212,yes,,,,,0
62210995,ถ้ําเสาหินพญานาค,residential,no,TH570909,โป่งงาม,Pong Ngam,1799,yes,,,,,0
62211012,ถ้ำปลา ซอย8,residential,no,TH570909,โป่งงาม,Pong Ngam,717,yes,,,,,0
62211021,บ้านถ้ำปลา,residential,no,TH570909,โป่งงาม,Pong Ngam,709,yes,,,,,0
62211118,ถนนป่ายาง,tertiary,no,TH570901,แม่สาย,Mae Sai,385,yes,,,,,0
72370051,,unclassified,no,TH570906,เวียงพางคำ,Wiang Phang Kham,155,yes,44,2024-09-10T20:00:00+07:00,153,2024-09-15T09:00:00+07:00,109
80255921,,unclassified,no,TH570906,เวียงพางคำ,Wiang Phang Kham,1434,yes,,,,,0
80255925,,unclassified,no,TH570906,เวียงพางคำ,Wiang Phang Kham,140,yes,,,,,0
87471348,,residential,no,TH570901,แม่สาย,Mae Sai,346,yes,45,2024-09-10T21:00:00+07:00,136,2024-09-14T16:00:00+07:00,91
87471349,ป่ายาง ซอย 11,residential,no,TH570901,แม่สาย,Mae Sai,113,yes,,,,,0
87471350,ป่ายาง ซอย 21,residential,no,TH570901,แม่สาย,Mae Sai,92,yes,,,,,0
87471351,,unclassified,no,TH570906,เวียงพางคำ,Wiang Phang Kham,374,yes,,,,,0
87471352,,residential,no,TH570901,แม่สาย,Mae Sai,203,yes,44,2024-09-10T20:00:00+07:00,153,2024-09-15T09:00:00+07:00,109
87471353,,residential,no,TH570901,แม่สาย,Mae Sai,456,yes,45,2024-09-10T21:00:00+07:00,142,2024-09-14T22:00:00+07:00,97
87471354,,residential,no,TH570901,แม่สาย,Mae Sai,209,yes,44,2024-09-10T20:00:00+07:00,153,2024-09-15T09:00:00+07:00,109
87471355,,residential,no,TH570901,แม่สาย,Mae Sai,42,yes,,,,,0
87471356,ถนนคูเมือง,residential,no,TH570906,เวียงพางคำ,Wiang Phang Kham,682,yes,,,,,0
87471357,,residential,no,TH570901,แม่สาย,Mae Sai,136,yes,49,2024-09-11T01:00:00+07:00,105,2024-09-13T09:00:00+07:00,56
87471361,ถนนปิยะพร 2,residential,no,TH570901,แม่สาย,Mae Sai,426,yes,,,,,0
87471362,,residential,no,TH570901,แม่สาย,Mae Sai,264,yes,,,,,0
87471363,,residential,no,TH570901,แม่สาย,Mae Sai,105,yes,,,,,0
87471364,ป่ายาง ซอย 15,residential,no,TH570901,แม่สาย,Mae Sai,108,yes,,,,,0
87471365,ถนนเทศบาล 8,residential,no,TH570901,แม่สาย,Mae Sai,145,yes,69,2024-09-11T21:00:00+07:00,87,2024-09-12T15:00:00+07:00,18
87471366,เหมืองแดงใต้ ซอย2,residential,no,TH570901,แม่สาย,Mae Sai,518,yes,46,2024-09-10T22:00:00+07:00,127,2024-09-14T07:00:00+07:00,81
87471367,ป่ายาง ซอย 18,residential,no,TH570901,แม่สาย,Mae Sai,91,yes,,,,,0
87471368,ถนนเทศบาล 22,residential,no,TH570901,แม่สาย,Mae Sai,648,yes,,,,,0
87471369,,residential,no,TH570901,แม่สาย,Mae Sai,63,yes,47,2024-09-10T23:00:00+07:00,118,2024-09-13T22:00:00+07:00,71
87471370,,residential,no,TH570901,แม่สาย,Mae Sai,74,yes,,,,,0
87471371,ป่ายาง ซอย 12,residential,no,TH570901,แม่สาย,Mae Sai,206,yes,,,,,0
87471372,,residential,no,TH570901,แม่สาย,Mae Sai,205,yes,44,2024-09-10T20:00:00+07:00,153,2024-09-15T09:00:00+07:00,109
87471373,,residential,no,TH570901,แม่สาย,Mae Sai,170,yes,,,,,0
87471374,ถนนปิยะพร 4,residential,no,TH570901,แม่สาย,Mae Sai,724,yes,46,2024-09-10T22:00:00+07:00,127,2024-09-14T07:00:00+07:00,81
87471375,ป่ายาง ซอย 5,residential,no,TH570901,แม่สาย,Mae Sai,203,yes,,,,,0
87471376,,residential,no,TH570901,แม่สาย,Mae Sai,230,yes,45,2024-09-10T21:00:00+07:00,136,2024-09-14T16:00:00+07:00,91
87471377,,residential,no,TH570901,แม่สาย,Mae Sai,781,yes,,,,,0
87471378,,residential,no,TH570901,แม่สาย,Mae Sai,185,yes,44,2024-09-10T20:00:00+07:00,153,2024-09-15T09:00:00+07:00,109
87471379,ถนนเทศบาล 14,residential,no,TH570906,เวียงพางคำ,Wiang Phang Kham,76,yes,,,,,0
87471380,,secondary,no,TH570901,แม่สาย,Mae Sai,2380,yes,,,,,0
87471381,ป่ายาง ซอย 9,residential,no,TH570901,แม่สาย,Mae Sai,113,yes,,,,,0
87471382,,residential,no,TH570901,แม่สาย,Mae Sai,54,yes,73,2024-09-12T01:00:00+07:00,87,2024-09-12T15:00:00+07:00,14
87471383,,residential,no,TH570901,แม่สาย,Mae Sai,60,yes,47,2024-09-10T23:00:00+07:00,117,2024-09-13T21:00:00+07:00,70
87471384,ป่ายาง ซอย 16,residential,no,TH570901,แม่สาย,Mae Sai,183,yes,,,,,0
87471385,ถนนปิยะพร4 ซอย5,residential,no,TH570901,แม่สาย,Mae Sai,155,yes,49,2024-09-11T01:00:00+07:00,106,2024-09-13T10:00:00+07:00,57
87471386,,residential,no,TH570901,แม่สาย,Mae Sai,132,yes,49,2024-09-11T01:00:00+07:00,104,2024-09-13T08:00:00+07:00,55
87471387,ถนนเทศบาล 16,residential,no,TH570901,แม่สาย,Mae Sai,1265,yes,,,,,0
87471388,ถนนปิยะพร 1,residential,no,TH570901,แม่สาย,Mae Sai,281,yes,,,,,0
87471389,ป่ายาง ซอย 7,residential,no,TH570901,แม่สาย,Mae Sai,170,yes,,,,,0
87471390,,residential,no,TH570901,แม่สาย,Mae Sai,549,yes,,,,,0
87471391,,residential,no,TH570901,แม่สาย,Mae Sai,183,yes,45,2024-09-10T21:00:00+07:00,136,2024-09-14T16:00:00+07:00,91
87471393,,residential,no,TH570901,แม่สาย,Mae Sai,192,yes,44,2024-09-10T20:00:00+07:00,147,2024-09-15T03:00:00+07:00,103
87471394,ป่ายาง ซอย 17,residential,no,TH570901,แม่สาย,Mae Sai,94,yes,,,,,0
87471395,,unclassified,no,TH570901,แม่สาย,Mae Sai,414,yes,44,2024-09-10T20:00:00+07:00,153,2024-09-15T09:00:00+07:00,109
87471396,ถนนเทศบาล 28,residential,no,TH570901,แม่สาย,Mae Sai,914,yes,,,,,0
87471397,,residential,no,TH570901,แม่สาย,Mae Sai,148,yes,47,2024-09-10T23:00:00+07:00,120,2024-09-14T00:00:00+07:00,73
87471399,,residential,no,TH570901,แม่สาย,Mae Sai,209,yes,45,2024-09-10T21:00:00+07:00,140,2024-09-14T20:00:00+07:00,95
87471400,,residential,no,TH570906,เวียงพางคำ,Wiang Phang Kham,173,yes,45,2024-09-10T21:00:00+07:00,136,2024-09-14T16:00:00+07:00,91
87471401,,unclassified,no,TH570901,แม่สาย,Mae Sai,719,yes,,,,,0
87471402,,residential,no,TH570901,แม่สาย,Mae Sai,119,yes,45,2024-09-10T21:00:00+07:00,140,2024-09-14T20:00:00+07:00,95
87471403,ถนนปิยะพร4 ซอย14,residential,no,TH570901,แม่สาย,Mae Sai,745,yes,45,2024-09-10T21:00:00+07:00,140,2024-09-14T20:00:00+07:00,95
87471404,เหมืองแดงใต้ ซอย5,residential,no,TH570901,แม่สาย,Mae Sai,284,yes,45,2024-09-10T21:00:00+07:00,131,2024-09-14T11:00:00+07:00,86
87471407,,residential,no,TH570901,แม่สาย,Mae Sai,158,yes,49,2024-09-11T01:00:00+07:00,105,2024-09-13T09:00:00+07:00,56
87471408,ถนนปิยะพร 3,residential,no,TH570901,แม่สาย,Mae Sai,456,yes,,,,,0
87471409,,residential,no,TH570901,แม่สาย,Mae Sai,139,yes,,,,,0
87471410,,residential,no,TH570901,แม่สาย,Mae Sai,149,yes,44,2024-09-10T20:00:00+07:00,153,2024-09-15T09:00:00+07:00,109
87471411,,residential,no,TH570901,แม่สาย,Mae Sai,259,yes,,,,,0
87471412,ป่ายาง ซอย 6,residential,no,TH570901,แม่สาย,Mae Sai,133,yes,,,,,0
87471413,เหมืองแดง ซอย6,residential,no,TH570901,แม่สาย,Mae Sai,411,yes,45,2024-09-10T21:00:00+07:00,138,2024-09-14T18:00:00+07:00,93
87471414,,unclassified,no,TH570901,แม่สาย,Mae Sai,1306,yes,44,2024-09-10T20:00:00+07:00,153,2024-09-15T09:00:00+07:00,109
87471415,,residential,no,TH570901,แม่สาย,Mae Sai,162,yes,44,2024-09-10T20:00:00+07:00,153,2024-09-15T09:00:00+07:00,109
87471417,เหมืองแดงใต้ ซอย3,residential,no,TH570901,แม่สาย,Mae Sai,371,yes,,,,,0
87471419,,residential,no,TH570901,แม่สาย,Mae Sai,386,yes,44,2024-09-10T20:00:00+07:00,153,2024-09-15T09:00:00+07:00,109
87471421,,residential,no,TH570901,แม่สาย,Mae Sai,296,yes,,,,,0
87471422,,residential,no,TH570901,แม่สาย,Mae Sai,243,yes,45,2024-09-10T21:00:00+07:00,133,2024-09-14T13:00:00+07:00,88
87471423,,residential,no,TH570901,แม่สาย,Mae Sai,72,yes,44,2024-09-10T20:00:00+07:00,145,2024-09-15T01:00:00+07:00,101
87471424,,residential,no,TH570901,แม่สาย,Mae Sai,229,yes,49,2024-09-11T01:00:00+07:00,104,2024-09-13T08:00:00+07:00,55
87471425,,residential,no,TH570901,แม่สาย,Mae Sai,54,yes,47,2024-09-10T23:00:00+07:00,115,2024-09-13T19:00:00+07:00,68
87471426,,residential,no,TH570901,แม่สาย,Mae Sai,134,yes,49,2024-09-11T01:00:00+07:00,107,2024-09-13T11:00:00+07:00,58
87471427,ถนนเทศบาล 6,unclassified,no,TH570901,แม่สาย,Mae Sai,89,yes,,,,,0
87471428,,residential,no,TH570901,แม่สาย,Mae Sai,769,yes,44,2024-09-10T20:00:00+07:00,153,2024-09-15T09:00:00+07:00,109
87471429,ถนนเทศบาล 26,residential,no,TH570901,แม่สาย,Mae Sai,204,yes,,,,,0
87471430,ถนนปิยะพร 5,residential,no,TH570901,แม่สาย,Mae Sai,235,yes,58,2024-09-11T10:00:00+07:00,91,2024-09-12T19:00:00+07:00,33
87471431,,residential,no,TH570901,แม่สาย,Mae Sai,311,yes,44,2024-09-10T20:00:00+07:00,144,2024-09-15T00:00:00+07:00,100
87471433,,residential,no,TH570906,เวียงพางคำ,Wiang Phang Kham,184,yes,,,,,0
87471434,เหมืองแดง ซอย12,residential,no,TH570901,แม่สาย,Mae Sai,179,yes,44,2024-09-10T20:00:00+07:00,153,2024-09-15T09:00:00+07:00,109
87471435,,residential,no,TH570901,แม่สาย,Mae Sai,10,yes,,,,,0
87471436,,residential,no,TH570901,แม่สาย,Mae Sai,109,yes,44,2024-09-10T20:00:00+07:00,153,2024-09-15T09:00:00+07:00,109
87471437,ซอยเทศบาล 16/1,residential,no,TH570906,เวียงพางคำ,Wiang Phang Kham,212,yes,,,,,0
87471438,,residential,no,TH570901,แม่สาย,Mae Sai,137,yes,44,2024-09-10T20:00:00+07:00,153,2024-09-15T09:00:00+07:00,109
87471439,เหมืองแดงใต้ ซอย1,residential,no,TH570901,แม่สาย,Mae Sai,311,yes,47,2024-09-10T23:00:00+07:00,116,2024-09-13T20:00:00+07:00,69
87471440,ถนนเลียลคลองชลประทาน,unclassified,no,TH570901,แม่สาย,Mae Sai,1135,yes,44,2024-09-10T20:00:00+07:00,153,2024-09-15T09:00:00+07:00,109
87471441,ป่ายาง ซอย 14,residential,no,TH570901,แม่สาย,Mae Sai,214,yes,,,,,0
87471442,,residential,no,TH570901,แม่สาย,Mae Sai,177,yes,44,2024-09-10T20:00:00+07:00,153,2024-09-15T09:00:00+07:00,109
87471443,เหมืองแดง ซอย8,unclassified,no,TH570901,แม่สาย,Mae Sai,432,yes,44,2024-09-10T20:00:00+07:00,153,2024-09-15T09:00:00+07:00,109
87471444,,residential,no,TH570901,แม่สาย,Mae Sai,593,yes,44,2024-09-10T20:00:00+07:00,153,2024-09-15T09:00:00+07:00,109
87471445,,residential,no,TH570901,แม่สาย,Mae Sai,113,yes,,,,,0
87471446,,residential,no,TH570901,แม่สาย,Mae Sai,61,yes,44,2024-09-10T20:00:00+07:00,153,2024-09-15T09:00:00+07:00,109
87471448,,residential,no,TH570901,แม่สาย,Mae Sai,56,yes,,,,,0
87471449,,residential,no,TH570901,แม่สาย,Mae Sai,201,yes,,,,,0
87471450,,residential,no,TH570901,แม่สาย,Mae Sai,403,yes,,,,,0
87471451,เหมืองแดงใต้ ซอย7,residential,no,TH570901,แม่สาย,Mae Sai,316,yes,49,2024-09-11T01:00:00+07:00,104,2024-09-13T08:00:00+07:00,55
87471452,,residential,no,TH570901,แม่สาย,Mae Sai,91,yes,,,,,0
87471453,,residential,no,TH570901,แม่สาย,Mae Sai,928,yes,45,2024-09-10T21:00:00+07:00,140,2024-09-14T20:00:00+07:00,95
87471454,,residential,no,TH570901,แม่สาย,Mae Sai,173,yes,49,2024-09-11T01:00:00+07:00,105,2024-09-13T09:00:00+07:00,56
87471455,,unclassified,no,TH570901,แม่สาย,Mae Sai,385,yes,44,2024-09-10T20:00:00+07:00,153,2024-09-15T09:00:00+07:00,109
87471456,ป่ายาง ซอย 10,residential,no,TH570901,แม่สาย,Mae Sai,276,yes,,,,,0
87471457,,residential,no,TH570901,แม่สาย,Mae Sai,122,yes,,,,,0
87471458,ป่ายาง ซอย 19,residential,no,TH570901,แม่สาย,Mae Sai,93,yes,,,,,0
87471459,เหมืองแดงใต้ ซอย4,residential,no,TH570901,แม่สาย,Mae Sai,222,yes,47,2024-09-10T23:00:00+07:00,115,2024-09-13T19:00:00+07:00,68
87471460,เหมืองแดง ซอย10,residential,no,TH570901,แม่สาย,Mae Sai,131,yes,44,2024-09-10T20:00:00+07:00,153,2024-09-15T09:00:00+07:00,109
87471461,,residential,no,TH570901,แม่สาย,Mae Sai,149,yes,47,2024-09-10T23:00:00+07:00,115,2024-09-13T19:00:00+07:00,68
87471462,,residential,no,TH570901,แม่สาย,Mae Sai,129,yes,,,,,0
87471463,ถนนไม้ลุงขน,unclassified,no,TH570901,แม่สาย,Mae Sai,406,yes,49,2024-09-11T01:00:00+07:00,104,2024-09-13T08:00:00+07:00,55
87471464,,residential,no,TH570901,แม่สาย,Mae Sai,314,yes,46,2024-09-10T22:00:00+07:00,130,2024-09-14T10:00:00+07:00,84
87471465,,residential,no,TH570901,แม่สาย,Mae Sai,308,yes,44,2024-09-10T20:00:00+07:00,147,2024-09-15T03:00:00+07:00,103
87471466,,residential,no,TH570906,เวียงพางคำ,Wiang Phang Kham,86,yes,,,,,0
93014940,ซอยพิทักษ์ 4,residential,no,TH570906,เวียงพางคำ,Wiang Phang Kham,411,yes,,,,,0
93014941,ถนน ณ ป้อมเพชร,residential,no,TH570906,เวียงพางคำ,Wiang Phang Kham,1001,yes,,,,,0
93014942,ซอยพิทักษ์ 4/5,residential,no,TH570906,เวียงพางคำ,Wiang Phang Kham,138,yes,,,,,0
93014943,,residential,no,TH570906,เวียงพางคำ,Wiang Phang Kham,215,yes,,,,,0
93014944,,residential,no,TH570906,เวียงพางคำ,Wiang Phang Kham,61,yes,,,,,0
93014945,ซอยพิทักษ์ 5,residential,no,TH570906,เวียงพางคำ,Wiang Phang Kham,131,yes,,,,,0
93014946,,residential,no,TH570906,เวียงพางคำ,Wiang Phang Kham,95,yes,,,,,0
93014947,,residential,no,TH570906,เวียงพางคำ,Wiang Phang Kham,65,yes,,,,,0
93014948,เทศบาล13/5,residential,no,TH570906,เวียงพางคำ,Wiang Phang Kham,343,yes,,,,,0
93014950,,residential,no,TH570906,เวียงพางคำ,Wiang Phang Kham,107,yes,,,,,0
93014951,,residential,no,TH570906,เวียงพางคำ,Wiang Phang Kham,124,yes,,,,,0
93014952,,residential,no,TH570906,เวียงพางคำ,Wiang Phang Kham,335,yes,,,,,0
93014953,,residential,no,TH570906,เวียงพางคำ,Wiang Phang Kham,134,yes,,,,,0
93014954,ซอยพิทักษ์ 6,residential,no,TH570906,เวียงพางคำ,Wiang Phang Kham,265,yes,,,,,0
93014955,ซอยเทศบาล 17/3,residential,no,TH570906,เวียงพางคำ,Wiang Phang Kham,196,yes,,,,,0
93014956,ถนนเทศบาล 9,residential,no,TH570906,เวียงพางคำ,Wiang Phang Kham,464,yes,,,,,0
93014958,,residential,no,TH570906,เวียงพางคำ,Wiang Phang Kham,217,yes,,,,,0
93014960,,residential,no,TH570906,เวียงพางคำ,Wiang Phang Kham,290,yes,,,,,0
93014961,,residential,no,TH570906,เวียงพางคำ,Wiang Phang Kham,99,yes,,,,,0
93014962,ถนนดอยงาม,residential,no,TH570906,เวียงพางคำ,Wiang Phang Kham,385,yes,,,,,0
93014963,,residential,no,TH570906,เวียงพางคำ,Wiang Phang Kham,232,yes,,,,,0
93014964,,residential,no,TH570906,เวียงพางคำ,Wiang Phang Kham,74,yes,,,,,0
93014966,ถนนเทศบาล 17,residential,no,TH570906,เวียงพางคำ,Wiang Phang Kham,814,yes,,,,,0
93014967,,residential,no,TH570906,เวียงพางคำ,Wiang Phang Kham,117,yes,,,,,0
93014968,,residential,no,TH570906,เวียงพางคำ,Wiang Phang Kham,509,yes,,,,,0
93014969,,residential,no,TH570906,เวียงพางคำ,Wiang Phang Kham,1063,yes,,,,,0
93014970,,residential,no,TH570906,เวียงพางคำ,Wiang Phang Kham,135,yes,,,,,0
93014971,,residential,no,TH570906,เวียงพางคำ,Wiang Phang Kham,295,yes,,,,,0
93014972,,residential,no,TH570906,เวียงพางคำ,Wiang Phang Kham,170,yes,,,,,0
93014973,เทศบาล13/4,residential,no,TH570906,เวียงพางคำ,Wiang Phang Kham,132,yes,,,,,0
93014975,,residential,no,TH570906,เวียงพางคำ,Wiang Phang Kham,63,yes,,,,,0
93014976,ซอยเทศบาล 17/1,residential,no,TH570906,เวียงพางคำ,Wiang Phang Kham,92,yes,,,,,0
93014978,,residential,no,TH570906,เวียงพางคำ,Wiang Phang Kham,53,yes,,,,,0
93014979,,residential,no,TH570906,เวียงพางคำ,Wiang Phang Kham,248,yes,,,,,0
93014980,,residential,no,TH570906,เวียงพางคำ,Wiang Phang Kham,103,yes,,,,,0
93014981,ซอย3 ถนนเทศบาล13,residential,no,TH570906,เวียงพางคำ,Wiang Phang Kham,377,yes,,,,,0
93014982,,residential,no,TH570906,เวียงพางคำ,Wiang Phang Kham,84,yes,,,,,0
93014983,,residential,no,TH570906,เวียงพางคำ,Wiang Phang Kham,168,yes,,,,,0
93014984,,residential,no,TH570906,เวียงพางคำ,Wiang Phang Kham,166,yes,,,,,0
93014985,,residential,no,TH570906,เวียงพางคำ,Wiang Phang Kham,147,yes,,,,,0
93014986,,unclassified,no,TH570906,เวียงพางคำ,Wiang Phang Kham,92,yes,,,,,0
93014987,,residential,no,TH570906,เวียงพางคำ,Wiang Phang Kham,110,yes,,,,,0
93014989,,residential,no,TH570906,เวียงพางคำ,Wiang Phang Kham,471,yes,,,,,0
93014990,,residential,no,TH570906,เวียงพางคำ,Wiang Phang Kham,473,yes,,,,,0
93014991,,residential,no,TH570906,เวียงพางคำ,Wiang Phang Kham,214,yes,,,,,0
93014992,,residential,no,TH570906,เวียงพางคำ,Wiang Phang Kham,946,yes,,,,,0
93015402,,residential,no,TH570901,แม่สาย,Mae Sai,224,yes,44,2024-09-10T20:00:00+07:00,153,2024-09-15T09:00:00+07:00,109
93015403,,residential,no,TH570901,แม่สาย,Mae Sai,80,yes,57,2024-09-11T09:00:00+07:00,92,2024-09-12T20:00:00+07:00,35
93015405,,residential,no,TH570906,เวียงพางคำ,Wiang Phang Kham,143,yes,,,,,0
93015406,,residential,no,TH570901,แม่สาย,Mae Sai,69,yes,44,2024-09-10T20:00:00+07:00,151,2024-09-15T07:00:00+07:00,107
93015407,,residential,no,TH570901,แม่สาย,Mae Sai,46,yes,55,2024-09-11T07:00:00+07:00,94,2024-09-12T22:00:00+07:00,39
93015408,เกาะทราย ซอย 10,residential,no,TH570901,แม่สาย,Mae Sai,44,yes,49,2024-09-11T01:00:00+07:00,107,2024-09-13T11:00:00+07:00,58
93015409,,residential,no,TH570901,แม่สาย,Mae Sai,56,yes,47,2024-09-10T23:00:00+07:00,118,2024-09-13T22:00:00+07:00,71
93015410,,residential,no,TH570901,แม่สาย,Mae Sai,181,yes,47,2024-09-10T23:00:00+07:00,116,2024-09-13T20:00:00+07:00,69
93015411,,residential,no,TH570901,แม่สาย,Mae Sai,196,yes,49,2024-09-11T01:00:00+07:00,106,2024-09-13T10:00:00+07:00,57
93015413,,residential,no,TH570906,เวียงพางคำ,Wiang Phang Kham,215,yes,,,,,0
93015414,,residential,no,TH570901,แม่สาย,Mae Sai,44,yes,46,2024-09-10T22:00:00+07:00,130,2024-09-14T10:00:00+07:00,84
93015415,,residential,no,TH570906,เวียงพางคำ,Wiang Phang Kham,396,yes,,,,,0
93015416,,residential,no,TH570906,เวียงพางคำ,Wiang Phang Kham,112,yes,,,,,0
93015417,,residential,no,TH570906,เวียงพางคำ,Wiang Phang Kham,68,yes,,,,,0
93026756,,residential,no,TH570906,เวียงพางคำ,Wiang Phang Kham,343,yes,,,,,0
93026762,ถนนเทศบาล 4,residential,no,TH570901,แม่สาย,Mae Sai,123,yes,,,,,0
93026766,,residential,no,TH570901,แม่สาย,Mae Sai,132,yes,49,2024-09-11T01:00:00+07:00,105,2024-09-13T09:00:00+07:00,56
93026773,เกาะทราย ซอย 3,residential,no,TH570901,แม่สาย,Mae Sai,149,yes,46,2024-09-10T22:00:00+07:00,123,2024-09-14T03:00:00+07:00,77
93026777,ถนนเทศบาล 2,residential,no,TH570901,แม่สาย,Mae Sai,205,yes,46,2024-09-10T22:00:00+07:00,124,2024-09-14T04:00:00+07:00,78
93026780,เหมืองแดง ซอย2,residential,no,TH570901,แม่สาย,Mae Sai,167,yes,49,2024-09-11T01:00:00+07:00,105,2024-09-13T09:00:00+07:00,56
93031377,,residential,no,TH570901,แม่สาย,Mae Sai,86,yes,,,,,0
93031383,,residential,no,TH570901,แม่สาย,Mae Sai,129,yes,,,,,0
93035263,,residential,no,TH570906,เวียงพางคำ,Wiang Phang Kham,274,yes,,,,,0
93035266,,residential,no,TH570906,เวียงพางคำ,Wiang Phang Kham,900,yes,,,,,0
93035268,ป่าเหมือด ซอย5,residential,no,TH570906,เวียงพางคำ,Wiang Phang Kham,950,yes,,,,,0
93035269,,residential,no,TH570906,เวียงพางคำ,Wiang Phang Kham,336,yes,,,,,0
93035270,,residential,no,TH570906,เวียงพางคำ,Wiang Phang Kham,181,yes,,,,,0
93035271,,residential,no,TH570906,เวียงพางคำ,Wiang Phang Kham,564,yes,,,,,0
93035272,ป่าเหมือด ซอย2,residential,no,TH570906,เวียงพางคำ,Wiang Phang Kham,798,yes,,,,,0
93035274,,residential,no,TH570906,เวียงพางคำ,Wiang Phang Kham,257,yes,,,,,0
93035276,ป่าเหมือด ซอย1,residential,no,TH570906,เวียงพางคำ,Wiang Phang Kham,827,yes,,,,,0
93035279,,residential,no,TH570906,เวียงพางคำ,Wiang Phang Kham,155,yes,,,,,0
93035280,,residential,no,TH570906,เวียงพางคำ,Wiang Phang Kham,253,yes,,,,,0
93035282,,residential,no,TH570906,เวียงพางคำ,Wiang Phang Kham,284,yes,,,,,0
93035283,,unclassified,no,TH570906,เวียงพางคำ,Wiang Phang Kham,329,yes,,,,,0
93035285,ป่ายางใหม่ ซอย1,residential,no,TH570906,เวียงพางคำ,Wiang Phang Kham,610,yes,,,,,0
93035286,ป่ายางใหม่ ซอย2,residential,no,TH570906,เวียงพางคำ,Wiang Phang Kham,499,yes,,,,,0
93035289,,residential,no,TH570906,เวียงพางคำ,Wiang Phang Kham,129,yes,,,,,0
93035291,,residential,no,TH570906,เวียงพางคำ,Wiang Phang Kham,333,yes,,,,,0
93035293,,residential,no,TH570906,เวียงพางคำ,Wiang Phang Kham,129,yes,,,,,0
93035295,,residential,no,TH570906,เวียงพางคำ,Wiang Phang Kham,887,yes,,,,,0
93035298,,residential,yes,TH570906,เวียงพางคำ,Wiang Phang Kham,15,yes,,,,,0
93035301,ป่าเหมือด ซอย6,residential,no,TH570906,เวียงพางคำ,Wiang Phang Kham,917,yes,,,,,0
93035302,ป่าเหมือด ซอย3,residential,no,TH570906,เวียงพางคำ,Wiang Phang Kham,673,yes,,,,,0
93035306,ป่ายางใหม่ ซอย1/1,residential,no,TH570906,เวียงพางคำ,Wiang Phang Kham,181,yes,,,,,0
93035307,,residential,no,TH570906,เวียงพางคำ,Wiang Phang Kham,158,yes,,,,,0
93035308,,residential,no,TH570906,เวียงพางคำ,Wiang Phang Kham,323,yes,,,,,0
93035311,,residential,no,TH570906,เวียงพางคำ,Wiang Phang Kham,702,yes,,,,,0
93038640,,residential,no,TH570904,โป่งผา,Pong Pha,169,yes,,,,,0
93038641,ซอย 1,residential,no,TH570904,โป่งผา,Pong Pha,536,yes,,,,,0
93038642,,residential,no,TH570904,โป่งผา,Pong Pha,239,yes,,,,,0
93038645,,residential,no,TH570904,โป่งผา,Pong Pha,37,yes,,,,,0
93038646,,residential,no,TH570904,โป่งผา,Pong Pha,116,yes,,,,,0
93038647,,residential,no,TH570904,โป่งผา,Pong Pha,456,yes,,,,,0
93038648,,tertiary,no,TH570908,บ้านด้าย,Ban Dai,5654,yes,44,2024-09-10T20:00:00+07:00,146,2024-09-15T02:00:00+07:00,102
93038649,,residential,no,TH570904,โป่งผา,Pong Pha,2637,yes,,,,,0
93038650,,residential,no,TH570904,โป่งผา,Pong Pha,242,yes,,,,,0
93038651,,residential,no,TH570904,โป่งผา,Pong Pha,53,yes,,,,,0
93038652,,residential,no,TH570904,โป่งผา,Pong Pha,185,yes,,,,,0
93038653,,unclassified,no,TH570904,โป่งผา,Pong Pha,2240,yes,,,,,0
93038654,,residential,no,TH570904,โป่งผา,Pong Pha,503,yes,,,,,0
93038655,,residential,no,TH570904,โป่งผา,Pong Pha,409,yes,,,,,0
93038656,,residential,no,TH570904,โป่งผา,Pong Pha,547,yes,,,,,0
93038657,,residential,no,TH570904,โป่งผา,Pong Pha,306,yes,,,,,0
93038658,,residential,no,TH570904,โป่งผา,Pong Pha,1556,yes,,,,,0
93038659,ถนนบ้านน้ำจำ-บ้านสันโค้ง,unclassified,no,TH570904,โป่งผา,Pong Pha,4437,yes,48,2024-09-11T00:00:00+07:00,112,2024-09-13T16:00:00+07:00,64
93038660,,residential,no,TH570904,โป่งผา,Pong Pha,825,yes,,,,,0
93038662,,residential,no,TH570904,โป่งผา,Pong Pha,168,yes,,,,,0
93038663,,unclassified,no,TH570904,โป่งผา,Pong Pha,145,yes,,,,,0
93038666,,residential,no,TH570904,โป่งผา,Pong Pha,222,yes,,,,,0
93038668,,residential,no,TH570904,โป่งผา,Pong Pha,835,yes,,,,,0
93038669,,residential,no,TH570904,โป่งผา,Pong Pha,271,yes,,,,,0
93038671,,residential,no,TH570904,โป่งผา,Pong Pha,669,yes,,,,,0
93038672,,residential,no,TH570904,โป่งผา,Pong Pha,63,yes,,,,,0
93038673,,residential,no,TH570904,โป่งผา,Pong Pha,179,yes,,,,,0
93038674,,unclassified,no,TH570905,ศรีเมืองชุม,Si Mueang Chum,7152,yes,45,2024-09-10T21:00:00+07:00,135,2024-09-14T15:00:00+07:00,90
93038675,,residential,no,TH570904,โป่งผา,Pong Pha,32,yes,,,,,0
93038676,,residential,no,TH570904,โป่งผา,Pong Pha,120,yes,,,,,0
93039863,,unclassified,no,TH570909,โป่งงาม,Pong Ngam,3773,yes,45,2024-09-10T21:00:00+07:00,132,2024-09-14T12:00:00+07:00,87
93041881,,unclassified,no,TH570909,โป่งงาม,Pong Ngam,948,yes,,,,,0
93041882,,residential,no,TH570909,โป่งงาม,Pong Ngam,2197,yes,,,,,0
93041883,,residential,no,TH570909,โป่งงาม,Pong Ngam,245,yes,,,,,0
93041887,,tertiary,no,TH570905,ศรีเมืองชุม,Si Mueang Chum,2213,yes,44,2024-09-10T20:00:00+07:00,147,2024-09-15T03:00:00+07:00,103
93041888,,tertiary,yes,TH570905,ศรีเมืองชุม,Si Mueang Chum,25,yes,44,2024-09-10T20:00:00+07:00,147,2024-09-15T03:00:00+07:00,103
93041889,,unclassified,no,TH570909,โป่งงาม,Pong Ngam,1490,yes,,,,,0
93041890,,tertiary,no,TH570908,บ้านด้าย,Ban Dai,9670,yes,45,2024-09-10T21:00:00+07:00,134,2024-09-14T14:00:00+07:00,89
93180129,,residential,no,TH570904,โป่งผา,Pong Pha,324,yes,,,,,0
93180130,,residential,no,TH570904,โป่งผา,Pong Pha,543,yes,48,2024-09-11T00:00:00+07:00,111,2024-09-13T15:00:00+07:00,63
93180131,,residential,no,TH570904,โป่งผา,Pong Pha,937,yes,,,,,0
93181186,,residential,no,TH570904,โป่งผา,Pong Pha,284,yes,,,,,0
93181192,,tertiary,yes,TH570909,โป่งงาม,Pong Ngam,21,yes,44,2024-09-10T20:00:00+07:00,143,2024-09-14T23:00:00+07:00,99
93181195,,residential,no,TH570904,โป่งผา,Pong Pha,144,yes,,,,,0
93181198,,tertiary,no,TH570904,โป่งผา,Pong Pha,5174,yes,44,2024-09-10T20:00:00+07:00,144,2024-09-15T00:00:00+07:00,100
93181201,,residential,no,TH570904,โป่งผา,Pong Pha,536,yes,,,,,0
93293194,,unclassified,yes,TH570904,โป่งผา,Pong Pha,34,yes,49,2024-09-11T01:00:00+07:00,106,2024-09-13T10:00:00+07:00,57
93293197,,secondary,no,TH570905,ศรีเมืองชุม,Si Mueang Chum,17,yes,,,,,0
93293199,,unclassified,no,TH570904,โป่งผา,Pong Pha,649,yes,47,2024-09-10T23:00:00+07:00,119,2024-09-13T23:00:00+07:00,72
93294654,,residential,no,TH570905,ศรีเมืองชุม,Si Mueang Chum,435,yes,,,,,0
93294655,,residential,no,TH570905,ศรีเมืองชุม,Si Mueang Chum,2095,yes,45,2024-09-10T21:00:00+07:00,134,2024-09-14T14:00:00+07:00,89
93294657,,residential,no,TH570905,ศรีเมืองชุม,Si Mueang Chum,3352,yes,68,2024-09-11T20:00:00+07:00,87,2024-09-12T15:00:00+07:00,19
93294659,,residential,no,TH570905,ศรีเมืองชุม,Si Mueang Chum,168,yes,,,,,0
93297103,,residential,no,TH570908,บ้านด้าย,Ban Dai,281,yes,44,2024-09-10T20:00:00+07:00,152,2024-09-15T08:00:00+07:00,108
93297108,,residential,no,TH570908,บ้านด้าย,Ban Dai,905,yes,44,2024-09-10T20:00:00+07:00,152,2024-09-15T08:00:00+07:00,108
93303032,,residential,no,TH570908,บ้านด้าย,Ban Dai,276,yes,,,,,0
93303035,,residential,no,TH570908,บ้านด้าย,Ban Dai,296,yes,,,,,0
93303036,,residential,no,TH570908,บ้านด้าย,Ban Dai,256,yes,,,,,0
93303041,,unclassified,no,TH570902,ห้วยไคร้,Huai Khrai,9227,yes,47,2024-09-10T23:00:00+07:00,122,2024-09-14T02:00:00+07:00,75
93303042,,unclassified,no,TH570908,บ้านด้าย,Ban Dai,2145,yes,45,2024-09-10T21:00:00+07:00,133,2024-09-14T13:00:00+07:00,88
93303047,,residential,no,TH570908,บ้านด้าย,Ban Dai,212,yes,,,,,0
93303051,,unclassified,no,TH570908,บ้านด้าย,Ban Dai,1195,yes,,,,,0
93478889,,residential,no,TH570902,ห้วยไคร้,Huai Khrai,259,yes,,,,,0
93478890,,unclassified,no,TH570902,ห้วยไคร้,Huai Khrai,5365,yes,,,,,0
93478897,,unclassified,yes,TH570908,บ้านด้าย,Ban Dai,13,yes,,,,,0
93478903,,residential,no,TH570908,บ้านด้าย,Ban Dai,99,yes,,,,,0
93478905,,residential,no,TH570902,ห้วยไคร้,Huai Khrai,178,yes,,,,,0
102931525,,residential,no,TH570906,เวียงพางคำ,Wiang Phang Kham,523,yes,,,,,0
105193034,,residential,no,TH570908,บ้านด้าย,Ban Dai,425,yes,47,2024-09-10T23:00:00+07:00,120,2024-09-14T00:00:00+07:00,73
105249687,,residential,no,TH570906,เวียงพางคำ,Wiang Phang Kham,490,yes,,,,,0
105249688,,residential,no,TH570904,โป่งผา,Pong Pha,253,yes,,,,,0
105249981,,residential,no,TH570909,โป่งงาม,Pong Ngam,450,yes,,,,,0
105249982,,residential,no,TH570909,โป่งงาม,Pong Ngam,137,yes,,,,,0
105249983,,residential,no,TH570909,โป่งงาม,Pong Ngam,119,yes,,,,,0
105249984,,residential,no,TH570909,โป่งงาม,Pong Ngam,1001,yes,,,,,0
105249985,,residential,no,TH570909,โป่งงาม,Pong Ngam,140,yes,,,,,0
105249986,,residential,no,TH570902,ห้วยไคร้,Huai Khrai,864,yes,,,,,0
105249987,ถนนฤทธิประศาสน์,secondary,no,TH570902,ห้วยไคร้,Huai Khrai,2934,yes,,,,,0
105249988,,residential,no,TH570909,โป่งงาม,Pong Ngam,184,yes,,,,,0
105249989,,residential,no,TH570909,โป่งงาม,Pong Ngam,135,yes,,,,,0
105249990,,residential,no,TH570909,โป่งงาม,Pong Ngam,312,yes,,,,,0
105249991,บ้านถ้ำ ม.12 ซอย1,residential,no,TH570909,โป่งงาม,Pong Ngam,299,yes,,,,,0
105249993,บ้านถ้ำ ม.12 ซอย3,residential,no,TH570909,โป่งงาม,Pong Ngam,92,yes,,,,,0
105251150,,residential,no,TH570902,ห้วยไคร้,Huai Khrai,995,yes,,,,,0
105251154,,residential,no,TH570902,ห้วยไคร้,Huai Khrai,339,yes,,,,,0
105431629,ป่ายาง ซอย 2,residential,no,TH570901,แม่สาย,Mae Sai,225,yes,,,,,0
105431630,ถนนพหลโยธิน,primary,no,TH570901,แม่สาย,Mae Sai,2884,yes,,,,,0
105431633,,residential,no,TH570906,เวียงพางคำ,Wiang Phang Kham,220,yes,,,,,0
105431859,,residential,no,TH570906,เวียงพางคำ,Wiang Phang Kham,340,yes,,,,,0
105431861,,residential,no,TH570906,เวียงพางคำ,Wiang Phang Kham,348,yes,,,,,0
105431862,,residential,no,TH570906,เวียงพางคำ,Wiang Phang Kham,111,yes,,,,,0
105431863,,residential,no,TH570906,เวียงพางคำ,Wiang Phang Kham,79,yes,,,,,0
105431864,,residential,no,TH570906,เวียงพางคำ,Wiang Phang Kham,666,yes,,,,,0
105431866,,residential,no,TH570906,เวียงพางคำ,Wiang Phang Kham,879,yes,,,,,0
105431867,,residential,no,TH570906,เวียงพางคำ,Wiang Phang Kham,124,yes,,,,,0
105431868,,residential,no,TH570906,เวียงพางคำ,Wiang Phang Kham,906,yes,,,,,0
105431869,,residential,no,TH570906,เวียงพางคำ,Wiang Phang Kham,200,yes,,,,,0
105431873,,residential,no,TH570906,เวียงพางคำ,Wiang Phang Kham,456,yes,,,,,0
105431877,,residential,no,TH570906,เวียงพางคำ,Wiang Phang Kham,131,yes,,,,,0
105431878,,residential,no,TH570906,เวียงพางคำ,Wiang Phang Kham,111,yes,,,,,0
105431879,,residential,no,TH570906,เวียงพางคำ,Wiang Phang Kham,301,yes,,,,,0
105431880,,residential,no,TH570906,เวียงพางคำ,Wiang Phang Kham,128,yes,,,,,0
105431881,,residential,no,TH570906,เวียงพางคำ,Wiang Phang Kham,246,yes,,,,,0
105432056,ถนนบ้านผาแตก,residential,no,TH570906,เวียงพางคำ,Wiang Phang Kham,256,yes,,,,,0
105432963,,secondary,no,TH570902,ห้วยไคร้,Huai Khrai,1069,yes,,,,,0
105433971,ถนนห้วยไคร้ - ห้วยน้ำริน,secondary,no,TH570902,ห้วยไคร้,Huai Khrai,170,yes,,,,,0
105433972,ถนนห้วยไคร้ - ห้วยน้ำริน,secondary,no,TH570902,ห้วยไคร้,Huai Khrai,170,yes,,,,,0
105433973,,trunk,no,TH570902,ห้วยไคร้,Huai Khrai,55,yes,,,,,0
105433974,,trunk,no,TH570902,ห้วยไคร้,Huai Khrai,50,yes,,,,,0
105435171,,residential,no,TH570902,ห้วยไคร้,Huai Khrai,313,yes,,,,,0
105435174,,residential,no,TH570902,ห้วยไคร้,Huai Khrai,264,yes,,,,,0
105435176,,residential,no,TH570902,ห้วยไคร้,Huai Khrai,405,yes,,,,,0
105435177,,residential,no,TH570902,ห้วยไคร้,Huai Khrai,121,yes,,,,,0
105435178,,residential,no,TH570902,ห้วยไคร้,Huai Khrai,345,yes,,,,,0
105435179,,residential,no,TH570902,ห้วยไคร้,Huai Khrai,1165,yes,,,,,0
105435181,,residential,no,TH570902,ห้วยไคร้,Huai Khrai,1191,yes,,,,,0
105435183,,residential,no,TH570902,ห้วยไคร้,Huai Khrai,584,yes,,,,,0
105435185,,residential,no,TH570902,ห้วยไคร้,Huai Khrai,217,yes,,,,,0
105435187,,residential,no,TH570902,ห้วยไคร้,Huai Khrai,593,yes,,,,,0
105435188,ซอย3 ห้วยไคร้พัฒนา หมู่ที่10,residential,no,TH570902,ห้วยไคร้,Huai Khrai,267,yes,,,,,0
105435190,,residential,no,TH570902,ห้วยไคร้,Huai Khrai,1229,yes,,,,,0
105437026,,residential,no,TH570902,ห้วยไคร้,Huai Khrai,71,yes,,,,,0
105437027,,residential,no,TH570902,ห้วยไคร้,Huai Khrai,125,yes,,,,,0
105437028,,residential,no,TH570902,ห้วยไคร้,Huai Khrai,396,yes,,,,,0
105437030,,residential,no,TH570902,ห้วยไคร้,Huai Khrai,324,yes,,,,,0
105437032,,residential,no,TH570902,ห้วยไคร้,Huai Khrai,413,yes,,,,,0
105437034,,residential,no,TH570902,ห้วยไคร้,Huai Khrai,123,yes,,,,,0
105437035,ซอย3/2 ห้วยไคร้ใหม่ หมู่ที่2,residential,no,TH570902,ห้วยไคร้,Huai Khrai,252,yes,,,,,0
105437036,,residential,no,TH570902,ห้วยไคร้,Huai Khrai,314,yes,,,,,0
105437037,,residential,no,TH570902,ห้วยไคร้,Huai Khrai,133,yes,,,,,0
105437038,,residential,no,TH570902,ห้วยไคร้,Huai Khrai,158,yes,,,,,0
105437040,,residential,no,TH570902,ห้วยไคร้,Huai Khrai,160,yes,,,,,0
105437041,,residential,no,TH570902,ห้วยไคร้,Huai Khrai,4187,yes,,,,,0
105437042,,residential,no,TH570902,ห้วยไคร้,Huai Khrai,1287,yes,,,,,0
105437044,,residential,no,TH570902,ห้วยไคร้,Huai Khrai,429,yes,,,,,0
105437046,,residential,no,TH570902,ห้วยไคร้,Huai Khrai,336,yes,,,,,0
105437047,,residential,no,TH570902,ห้วยไคร้,Huai Khrai,365,yes,,,,,0
105437048,,residential,no,TH570902,ห้วยไคร้,Huai Khrai,283,yes,,,,,0
105437049,,residential,no,TH570902,ห้วยไคร้,Huai Khrai,79,yes,,,,,0
105437050,,residential,no,TH570902,ห้วยไคร้,Huai Khrai,111,yes,,,,,0
113150977,,residential,no,TH570909,โป่งงาม,Pong Ngam,208,yes,,,,,0
113150979,,unclassified,no,TH570909,โป่งงาม,Pong Ngam,1770,yes,,,,,0
113150986,,residential,no,TH570904,โป่งผา,Pong Pha,238,yes,,,,,0
113150988,,residential,no,TH570904,โป่งผา,Pong Pha,641,yes,49,2024-09-11T01:00:00+07:00,107,2024-09-13T11:00:00+07:00,58
133805249,,residential,no,TH570906,เวียงพางคำ,Wiang Phang Kham,97,yes,,,,,0
133805250,,residential,no,TH570906,เวียงพางคำ,Wiang Phang Kham,116,yes,,,,,0
133805251,,residential,no,TH570906,เวียงพางคำ,Wiang Phang Kham,112,yes,,,,,0
133805252,,residential,no,TH570906,เวียงพางคำ,Wiang Phang Kham,102,yes,,,,,0
133805253,,residential,no,TH570906,เวียงพางคำ,Wiang Phang Kham,61,yes,,,,,0
133805254,,residential,no,TH570906,เวียงพางคำ,Wiang Phang Kham,51,yes,,,,,0
133805255,,residential,no,TH570906,เวียงพางคำ,Wiang Phang Kham,106,yes,,,,,0
133805256,,residential,no,TH570906,เวียงพางคำ,Wiang Phang Kham,152,yes,,,,,0
133805257,,residential,no,TH570906,เวียงพางคำ,Wiang Phang Kham,156,yes,,,,,0
133805259,ตลาดพลอย2,residential,no,TH570901,แม่สาย,Mae Sai,271,yes,49,2024-09-11T01:00:00+07:00,105,2024-09-13T09:00:00+07:00,56
134993580,,unclassified,no,TH570904,โป่งผา,Pong Pha,1057,yes,,,,,0
134993583,,residential,no,TH570909,โป่งงาม,Pong Ngam,1098,yes,,,,,0
135175179,,residential,no,TH570901,แม่สาย,Mae Sai,143,yes,52,2024-09-11T04:00:00+07:00,97,2024-09-13T01:00:00+07:00,45
135175180,,residential,no,TH570901,แม่สาย,Mae Sai,413,yes,45,2024-09-10T21:00:00+07:00,141,2024-09-14T21:00:00+07:00,96
135175181,,residential,no,TH570901,แม่สาย,Mae Sai,218,yes,45,2024-09-10T21:00:00+07:00,136,2024-09-14T16:00:00+07:00,91
135175182,,residential,no,TH570901,แม่สาย,Mae Sai,167,yes,45,2024-09-10T21:00:00+07:00,141,2024-09-14T21:00:00+07:00,96
135175183,,residential,no,TH570901,แม่สาย,Mae Sai,163,yes,60,2024-09-11T12:00:00+07:00,89,2024-09-12T17:00:00+07:00,29
135240116,,residential,no,TH570906,เวียงพางคำ,Wiang Phang Kham,130,yes,,,,,0
135240117,,residential,no,TH570906,เวียงพางคำ,Wiang Phang Kham,138,yes,,,,,0
135240118,,residential,no,TH570906,เวียงพางคำ,Wiang Phang Kham,135,yes,,,,,0
135240257,,residential,no,TH570906,เวียงพางคำ,Wiang Phang Kham,46,yes,,,,,0
135240623,,residential,no,TH570906,เวียงพางคำ,Wiang Phang Kham,448,yes,,,,,0
135241973,,unclassified,no,TH570909,โป่งงาม,Pong Ngam,973,yes,,,,,0
135243134,,residential,no,TH570909,โป่งงาม,Pong Ngam,989,yes,,,,,0
135356021,ถนนเทศบาล 5,unclassified,no,TH570906,เวียงพางคำ,Wiang Phang Kham,1601,yes,,,,,0
135363006,,unclassified,no,TH570906,เวียงพางคำ,Wiang Phang Kham,548,yes,,,,,0
135393893,,residential,no,TH570906,เวียงพางคำ,Wiang Phang Kham,304,yes,,,,,0
135393895,,residential,no,TH570906,เวียงพางคำ,Wiang Phang Kham,765,yes,,,,,0
135394323,,residential,no,TH570906,เวียงพางคำ,Wiang Phang Kham,151,yes,,,,,0
135394327,,residential,no,TH570906,เวียงพางคำ,Wiang Phang Kham,233,yes,,,,,0
135727920,,unclassified,no,TH570904,โป่งผา,Pong Pha,623,yes,,,,,0
135727921,,unclassified,no,TH570904,โป่งผา,Pong Pha,209,yes,,,,,0
136470173,,unclassified,no,TH570904,โป่งผา,Pong Pha,1995,yes,,,,,0
136470176,,residential,no,TH570909,โป่งงาม,Pong Ngam,3768,yes,,,,,0
184723966,,residential,no,TH570904,โป่งผา,Pong Pha,1486,yes,,,,,0
184723967,,residential,no,TH570904,โป่งผา,Pong Pha,333,yes,,,,,0
184724036,,residential,no,TH570904,โป่งผา,Pong Pha,159,yes,,,,,0
184724037,,residential,no,TH570904,โป่งผา,Pong Pha,145,yes,,,,,0
184724038,,residential,no,TH570904,โป่งผา,Pong Pha,190,yes,,,,,0
184724099,,residential,no,TH570904,โป่งผา,Pong Pha,117,yes,,,,,0
184724100,,residential,no,TH570904,โป่งผา,Pong Pha,130,yes,,,,,0
184724101,,residential,no,TH570904,โป่งผา,Pong Pha,204,yes,,,,,0
184724102,,residential,no,TH570904,โป่งผา,Pong Pha,1700,yes,,,,,0
184724103,,residential,no,TH570904,โป่งผา,Pong Pha,205,yes,,,,,0
184724104,,residential,no,TH570904,โป่งผา,Pong Pha,219,yes,,,,,0
196553188,ถนนเลี่ยงเมืองแม่สาย,trunk,no,TH570904,โป่งผา,Pong Pha,19,yes,,,,,0
197599476,,primary,no,TH570906,เวียงพางคำ,Wiang Phang Kham,15,yes,,,,,0
197599477,,primary,no,TH570906,เวียงพางคำ,Wiang Phang Kham,20,yes,,,,,0
197599478,,primary,no,TH570901,แม่สาย,Mae Sai,16,yes,,,,,0
197599479,,trunk,no,TH570906,เวียงพางคำ,Wiang Phang Kham,20,yes,,,,,0
197665356,,secondary,no,TH570905,ศรีเมืองชุม,Si Mueang Chum,604,yes,45,2024-09-10T21:00:00+07:00,133,2024-09-14T13:00:00+07:00,88
197665358,,secondary,no,TH570905,ศรีเมืองชุม,Si Mueang Chum,604,yes,46,2024-09-10T22:00:00+07:00,125,2024-09-14T05:00:00+07:00,79
198288292,ถนนเทศบาล 12,residential,no,TH570901,แม่สาย,Mae Sai,162,yes,,,,,0
204126257,,secondary,no,TH570905,ศรีเมืองชุม,Si Mueang Chum,221,yes,45,2024-09-10T21:00:00+07:00,141,2024-09-14T21:00:00+07:00,96
206803546,,residential,no,TH570903,เกาะช้าง,Ko Chang,677,yes,,,,,0
206803548,,tertiary,no,TH570903,เกาะช้าง,Ko Chang,4385,yes,44,2024-09-10T20:00:00+07:00,153,2024-09-15T09:00:00+07:00,109
206803550,,residential,no,TH570905,ศรีเมืองชุม,Si Mueang Chum,592,yes,47,2024-09-10T23:00:00+07:00,118,2024-09-13T22:00:00+07:00,71
206803551,,residential,no,TH570905,ศรีเมืองชุม,Si Mueang Chum,413,yes,54,2024-09-11T06:00:00+07:00,95,2024-09-12T23:00:00+07:00,41
206803552,,unclassified,no,TH570905,ศรีเมืองชุม,Si Mueang Chum,9957,yes,45,2024-09-10T21:00:00+07:00,131,2024-09-14T11:00:00+07:00,86
206803553,,residential,no,TH570903,เกาะช้าง,Ko Chang,1480,yes,46,2024-09-10T22:00:00+07:00,123,2024-09-14T03:00:00+07:00,77
206803554,ซอยบ้านสันนา 1,unclassified,no,TH570903,เกาะช้าง,Ko Chang,175,yes,,,,,0
206803555,,residential,no,TH570905,ศรีเมืองชุม,Si Mueang Chum,757,yes,56,2024-09-11T08:00:00+07:00,93,2024-09-12T21:00:00+07:00,37
206803556,,residential,no,TH570901,แม่สาย,Mae Sai,300,yes,52,2024-09-11T04:00:00+07:00,97,2024-09-13T01:00:00+07:00,45
206803557,,residential,no,TH570905,ศรีเมืองชุม,Si Mueang Chum,342,yes,,,,,0
206803558,,residential,no,TH570905,ศรีเมืองชุม,Si Mueang Chum,399,yes,,,,,0
206803559,,residential,no,TH570903,เกาะช้าง,Ko Chang,678,yes,55,2024-09-11T07:00:00+07:00,94,2024-09-12T22:00:00+07:00,39
206803560,,residential,no,TH570905,ศรีเมืองชุม,Si Mueang Chum,192,yes,57,2024-09-11T09:00:00+07:00,92,2024-09-12T20:00:00+07:00,35
206803561,,residential,no,TH570905,ศรีเมืองชุม,Si Mueang Chum,346,yes,76,2024-09-12T04:00:00+07:00,86,2024-09-12T14:00:00+07:00,10
206803562,,unclassified,no,TH570905,ศรีเมืองชุม,Si Mueang Chum,1332,yes,44,2024-09-10T20:00:00+07:00,153,2024-09-15T09:00:00+07:00,109
206803563,ซอยบ้านสันนา 5,unclassified,no,TH570903,เกาะช้าง,Ko Chang,409,yes,,,,,0
206803564,,residential,no,TH570901,แม่สาย,Mae Sai,175,yes,68,2024-09-11T20:00:00+07:00,87,2024-09-12T15:00:00+07:00,19
206803565,,residential,no,TH570905,ศรีเมืองชุม,Si Mueang Chum,153,yes,59,2024-09-11T11:00:00+07:00,90,2024-09-12T18:00:00+07:00,31
206803567,,tertiary,no,TH570905,ศรีเมืองชุม,Si Mueang Chum,5519,yes,46,2024-09-10T22:00:00+07:00,127,2024-09-14T07:00:00+07:00,81
206803568,,residential,no,TH570905,ศรีเมืองชุม,Si Mueang Chum,729,yes,48,2024-09-11T00:00:00+07:00,107,2024-09-13T11:00:00+07:00,59
206803569,ซอยบ้านสันนา 6,residential,no,TH570903,เกาะช้าง,Ko Chang,694,yes,,,,,0
206803570,,residential,no,TH570903,เกาะช้าง,Ko Chang,370,yes,49,2024-09-11T01:00:00+07:00,104,2024-09-13T08:00:00+07:00,55
206803572,ถนนพหลโยธิน,unclassified,no,TH570905,ศรีเมืองชุม,Si Mueang Chum,1757,yes,45,2024-09-10T21:00:00+07:00,142,2024-09-14T22:00:00+07:00,97
206803573,,tertiary,no,TH570903,เกาะช้าง,Ko Chang,5666,yes,,,,,0
206803575,,unclassified,no,TH570905,ศรีเมืองชุม,Si Mueang Chum,480,yes,,,,,0
206803576,,unclassified,no,TH570903,เกาะช้าง,Ko Chang,441,yes,46,2024-09-10T22:00:00+07:00,129,2024-09-14T09:00:00+07:00,83
206803577,,residential,no,TH570903,เกาะช้าง,Ko Chang,748,yes,,,,,0
206805320,,unclassified,no,TH570903,เกาะช้าง,Ko Chang,265,yes,,,,,0
206805321,,residential,no,TH570903,เกาะช้าง,Ko Chang,343,yes,,,,,0
206805322,,residential,no,TH570903,เกาะช้าง,Ko Chang,258,yes,,,,,0
206805325,,residential,no,TH570903,เกาะช้าง,Ko Chang,856,yes,,,,,0
206805327,,residential,no,TH570903,เกาะช้าง,Ko Chang,217,yes,,,,,0
206805329,,tertiary,no,TH570903,เกาะช้าง,Ko Chang,2116,yes,,,,,0
206805330,,residential,no,TH570903,เกาะช้าง,Ko Chang,1141,yes,,,,,0
206805333,,residential,no,TH570903,เกาะช้าง,Ko Chang,569,yes,,,,,0
206805335,,residential,no,TH570903,เกาะช้าง,Ko Chang,633,yes,,,,,0
206805337,,residential,no,TH570903,เกาะช้าง,Ko Chang,594,yes,,,,,0
206805338,,residential,no,TH570903,เกาะช้าง,Ko Chang,1579,yes,47,2024-09-10T23:00:00+07:00,117,2024-09-13T21:00:00+07:00,70
206805339,,residential,no,TH570903,เกาะช้าง,Ko Chang,241,yes,,,,,0
206805342,,residential,no,TH570903,เกาะช้าง,Ko Chang,349,yes,,,,,0
206805344,,residential,no,TH570903,เกาะช้าง,Ko Chang,872,yes,,,,,0
206807103,,residential,no,TH570903,เกาะช้าง,Ko Chang,129,yes,,,,,0
206807106,,residential,no,TH570903,เกาะช้าง,Ko Chang,249,yes,,,,,0
209108847,,trunk,no,TH570904,โป่งผา,Pong Pha,18,yes,,,,,0
209113233,,primary,no,TH570906,เวียงพางคำ,Wiang Phang Kham,17,yes,,,,,0
209116195,,secondary,no,TH570906,เวียงพางคำ,Wiang Phang Kham,52,yes,,,,,0
209116196,,secondary,no,TH570906,เวียงพางคำ,Wiang Phang Kham,57,yes,,,,,0
209116197,,secondary,no,TH570906,เวียงพางคำ,Wiang Phang Kham,90,yes,,,,,0
209116198,,secondary,no,TH570906,เวียงพางคำ,Wiang Phang Kham,75,yes,,,,,0
209188407,ถนนเทศบาล 3,residential,no,TH570906,เวียงพางคำ,Wiang Phang Kham,102,yes,,,,,0
210657660,ถนนเทศบาล 3,unclassified,no,TH570906,เวียงพางคำ,Wiang Phang Kham,282,yes,,,,,0
210666519,,residential,no,TH570906,เวียงพางคำ,Wiang Phang Kham,685,yes,,,,,0
210666520,,residential,no,TH570906,เวียงพางคำ,Wiang Phang Kham,416,yes,,,,,0
210666521,,residential,no,TH570906,เวียงพางคำ,Wiang Phang Kham,439,yes,,,,,0
210666522,,residential,no,TH570906,เวียงพางคำ,Wiang Phang Kham,394,yes,,,,,0
210666523,,secondary,no,TH570906,เวียงพางคำ,Wiang Phang Kham,5216,yes,,,,,0
210666524,,secondary,no,TH570905,ศรีเมืองชุม,Si Mueang Chum,9518,yes,48,2024-09-11T00:00:00+07:00,109,2024-09-13T13:00:00+07:00,61
222735509,,tertiary,no,TH570902,ห้วยไคร้,Huai Khrai,1250,yes,,,,,0
222997535,,residential,no,TH570901,แม่สาย,Mae Sai,195,yes,,,,,0
223015485,เกาะทราย ซอย 9,residential,no,TH570901,แม่สาย,Mae Sai,266,yes,44,2024-09-10T20:00:00+07:00,144,2024-09-15T00:00:00+07:00,100
223015935,,residential,no,TH570901,แม่สาย,Mae Sai,9,yes,48,2024-09-11T00:00:00+07:00,110,2024-09-13T14:00:00+07:00,62
223016536,ถนนเทศบาล 6,unclassified,no,TH570901,แม่สาย,Mae Sai,433,yes,47,2024-09-10T23:00:00+07:00,119,2024-09-13T23:00:00+07:00,72
223016542,เกาะทราย ซอย 1,residential,no,TH570901,แม่สาย,Mae Sai,399,yes,44,2024-09-10T20:00:00+07:00,147,2024-09-15T03:00:00+07:00,103
223017500,,residential,no,TH570901,แม่สาย,Mae Sai,147,yes,,,,,0
223086425,,residential,no,TH570901,แม่สาย,Mae Sai,25,yes,,,,,0
223086426,,residential,no,TH570901,แม่สาย,Mae Sai,222,yes,,,,,0
223086427,,residential,no,TH570901,แม่สาย,Mae Sai,141,yes,,,,,0
223087300,ถนนเทศบาล 6,unclassified,no,TH570901,แม่สาย,Mae Sai,66,yes,,,,,0
223087301,ถนนเทศบาล 6,unclassified,yes,TH570901,แม่สาย,Mae Sai,13,yes,,,,,0
237610479,,residential,no,TH570906,เวียงพางคำ,Wiang Phang Kham,112,yes,,,,,0
237610481,,residential,no,TH570906,เวียงพางคำ,Wiang Phang Kham,113,yes,,,,,0
237610483,,residential,no,TH570906,เวียงพางคำ,Wiang Phang Kham,115,yes,,,,,0
237610485,,residential,no,TH570906,เวียงพางคำ,Wiang Phang Kham,314,yes,,,,,0
237610486,,residential,no,TH570906,เวียงพางคำ,Wiang Phang Kham,128,yes,,,,,0
237610488,,residential,no,TH570906,เวียงพางคำ,Wiang Phang Kham,340,yes,,,,,0
237610492,ซอยผาเจริญ,residential,no,TH570906,เวียงพางคำ,Wiang Phang Kham,318,yes,,,,,0
237610493,ซอยเชื่อมซอย 1,residential,no,TH570904,โป่งผา,Pong Pha,517,yes,,,,,0
237916682,,unclassified,no,TH570909,โป่งงาม,Pong Ngam,546,yes,,,,,0
237916683,,residential,no,TH570902,ห้วยไคร้,Huai Khrai,283,yes,,,,,0
237916684,,residential,no,TH570902,ห้วยไคร้,Huai Khrai,696,yes,,,,,0
237916685,,residential,no,TH570902,ห้วยไคร้,Huai Khrai,224,yes,,,,,0
237916686,,residential,no,TH570909,โป่งงาม,Pong Ngam,745,yes,72,2024-09-12T00:00:00+07:00,87,2024-09-12T15:00:00+07:00,15
237916687,,residential,no,TH570909,โป่งงาม,Pong Ngam,888,yes,,,,,0
237916688,,residential,no,TH570909,โป่งงาม,Pong Ngam,1142,yes,,,,,0
237916689,,residential,no,TH570902,ห้วยไคร้,Huai Khrai,573,yes,,,,,0
237916690,,residential,no,TH570902,ห้วยไคร้,Huai Khrai,74,yes,,,,,0
237916691,ถ้ำปลา ซอย5,residential,no,TH570909,โป่งงาม,Pong Ngam,208,yes,,,,,0
237916692,ถ้ำปลา ซอย3,residential,no,TH570909,โป่งงาม,Pong Ngam,231,yes,,,,,0
237916693,,residential,no,TH570909,โป่งงาม,Pong Ngam,115,yes,,,,,0
237916694,,residential,no,TH570909,โป่งงาม,Pong Ngam,99,yes,,,,,0
237916695,ถ้ำปลา ซอย4,residential,no,TH570909,โป่งงาม,Pong Ngam,206,yes,,,,,0
237916696,,residential,no,TH570902,ห้วยไคร้,Huai Khrai,347,yes,,,,,0
237916697,,unclassified,no,TH570909,โป่งงาม,Pong Ngam,1412,yes,,,,,0
237916698,,residential,no,TH570909,โป่งงาม,Pong Ngam,184,yes,,,,,0
237916699,,residential,no,TH570909,โป่งงาม,Pong Ngam,124,yes,,,,,0
237916700,,residential,no,TH570902,ห้วยไคร้,Huai Khrai,95,yes,,,,,0
237916701,,residential,no,TH570909,โป่งงาม,Pong Ngam,247,yes,,,,,0
237916702,,residential,no,TH570902,ห้วยไคร้,Huai Khrai,1125,yes,,,,,0
237916703,,residential,no,TH570902,ห้วยไคร้,Huai Khrai,1308,yes,,,,,0
237916704,,residential,no,TH570909,โป่งงาม,Pong Ngam,2900,yes,,,,,0
237916705,,residential,no,TH570909,โป่งงาม,Pong Ngam,171,yes,,,,,0
237916706,,residential,no,TH570909,โป่งงาม,Pong Ngam,114,yes,,,,,0
237916707,,residential,no,TH570909,โป่งงาม,Pong Ngam,215,yes,,,,,0
237916708,,residential,no,TH570909,โป่งงาม,Pong Ngam,134,yes,,,,,0
237916709,,residential,no,TH570909,โป่งงาม,Pong Ngam,293,yes,,,,,0
237916710,,residential,no,TH570909,โป่งงาม,Pong Ngam,255,yes,,,,,0
237916711,,residential,no,TH570902,ห้วยไคร้,Huai Khrai,188,yes,,,,,0
237916712,,residential,no,TH570909,โป่งงาม,Pong Ngam,248,yes,,,,,0
237916713,,residential,no,TH570902,ห้วยไคร้,Huai Khrai,265,yes,,,,,0
237916714,,residential,no,TH570902,ห้วยไคร้,Huai Khrai,2358,yes,,,,,0
237916715,,residential,no,TH570909,โป่งงาม,Pong Ngam,560,yes,,,,,0
237916716,,residential,no,TH570909,โป่งงาม,Pong Ngam,428,yes,,,,,0
237916717,ถ้ำปลา ซอย7,residential,no,TH570909,โป่งงาม,Pong Ngam,262,yes,,,,,0
237916718,,residential,no,TH570909,โป่งงาม,Pong Ngam,348,yes,,,,,0
237916719,,residential,no,TH570909,โป่งงาม,Pong Ngam,539,yes,,,,,0
237916720,,residential,no,TH570909,โป่งงาม,Pong Ngam,302,yes,,,,,0
243180189,,primary,no,TH570906,เวียงพางคำ,Wiang Phang Kham,19,yes,,,,,0
274953446,,secondary,no,TH570906,เวียงพางคำ,Wiang Phang Kham,37,yes,,,,,0
296779580,,unclassified,no,TH570905,ศรีเมืองชุม,Si Mueang Chum,3474,yes,,,,,0
315462470,,unclassified,no,TH570904,โป่งผา,Pong Pha,1572,yes,,,,,0
315462471,,residential,no,TH570904,โป่งผา,Pong Pha,514,yes,,,,,0
315462472,,residential,no,TH570904,โป่งผา,Pong Pha,549,yes,,,,,0
315462473,,unclassified,no,TH570904,โป่งผา,Pong Pha,3464,yes,,,,,0
315739380,,residential,no,TH570906,เวียงพางคำ,Wiang Phang Kham,4252,yes,,,,,0
315740167,,residential,no,TH570906,เวียงพางคำ,Wiang Phang Kham,173,yes,,,,,0
315741341,ถนนพหลโยธิน,trunk,no,TH570904,โป่งผา,Pong Pha,5275,yes,,,,,0
315741342,ถนนพหลโยธิน,trunk,yes,TH570909,โป่งงาม,Pong Ngam,25,yes,,,,,0
315741343,ถนนพหลโยธิน,trunk,yes,TH570909,โป่งงาม,Pong Ngam,24,yes,,,,,0
315741345,,residential,no,TH570909,โป่งงาม,Pong Ngam,250,yes,,,,,0
315741346,,trunk,no,TH570902,ห้วยไคร้,Huai Khrai,19,yes,,,,,0
315741347,,trunk,no,TH570902,ห้วยไคร้,Huai Khrai,17,yes,,,,,0
315741348,,residential,no,TH570909,โป่งงาม,Pong Ngam,14,yes,,,,,0
315741349,,residential,yes,TH570909,โป่งงาม,Pong Ngam,13,yes,,,,,0
345929304,,unclassified,no,TH570901,แม่สาย,Mae Sai,5216,yes,45,2024-09-10T21:00:00+07:00,142,2024-09-14T22:00:00+07:00,97
346396266,,residential,no,TH570904,โป่งผา,Pong Pha,102,yes,,,,,0
369055225,,residential,no,TH570906,เวียงพางคำ,Wiang Phang Kham,152,yes,,,,,0
369209370,ถนนเทศบาล 18,unclassified,no,TH570906,เวียงพางคำ,Wiang Phang Kham,427,yes,,,,,0
369209371,ป่ายาง ซอย 4,residential,no,TH570901,แม่สาย,Mae Sai,230,yes,,,,,0
369450559,ถนนเทศบาล 10,residential,no,TH570901,แม่สาย,Mae Sai,72,yes,,,,,0
369632583,,residential,no,TH570901,แม่สาย,Mae Sai,367,yes,45,2024-09-10T21:00:00+07:00,140,2024-09-14T20:00:00+07:00,95
370172415,,residential,no,TH570906,เวียงพางคำ,Wiang Phang Kham,174,yes,,,,,0
371059473,,residential,no,TH570906,เวียงพางคำ,Wiang Phang Kham,186,yes,,,,,0
371059474,,residential,no,TH570906,เวียงพางคำ,Wiang Phang Kham,200,yes,,,,,0
371063625,,residential,no,TH570906,เวียงพางคำ,Wiang Phang Kham,493,yes,,,,,0
371132732,,residential,no,TH570906,เวียงพางคำ,Wiang Phang Kham,165,yes,,,,,0
371309130,,residential,no,TH570906,เวียงพางคำ,Wiang Phang Kham,59,yes,,,,,0
371309131,ซอยเทศบาล 17/2,residential,no,TH570906,เวียงพางคำ,Wiang Phang Kham,197,yes,,,,,0
371309132,ซอยเหมืองแดง 7,unclassified,no,TH570901,แม่สาย,Mae Sai,364,yes,47,2024-09-10T23:00:00+07:00,120,2024-09-14T00:00:00+07:00,73
371309133,,residential,no,TH570901,แม่สาย,Mae Sai,65,yes,,,,,0
371456202,ซอยเทศบาล 17/4,residential,no,TH570906,เวียงพางคำ,Wiang Phang Kham,102,yes,,,,,0
372571236,,unclassified,no,TH570909,โป่งงาม,Pong Ngam,164,yes,,,,,0
372574447,,unclassified,no,TH570904,โป่งผา,Pong Pha,555,yes,,,,,0
372574448,,unclassified,no,TH570904,โป่งผา,Pong Pha,36,yes,,,,,0
372574449,,unclassified,no,TH570904,โป่งผา,Pong Pha,37,yes,,,,,0
372574450,,unclassified,no,TH570904,โป่งผา,Pong Pha,40,yes,,,,,0
373447092,ป่ายาง ซอย 13,residential,no,TH570901,แม่สาย,Mae Sai,134,yes,,,,,0
373447095,ป่ายาง ซอย 1,residential,no,TH570901,แม่สาย,Mae Sai,185,yes,,,,,0
373447097,ป่ายาง ซอย 3,residential,no,TH570901,แม่สาย,Mae Sai,372,yes,,,,,0
373447100,ป่ายาง ซอย 8,residential,no,TH570901,แม่สาย,Mae Sai,245,yes,,,,,0
373447102,ป่ายาง ซอย 20,residential,no,TH570901,แม่สาย,Mae Sai,129,yes,,,,,0
373744724,,unclassified,no,TH570909,โป่งงาม,Pong Ngam,531,yes,,,,,0
374133853,,residential,no,TH570906,เวียงพางคำ,Wiang Phang Kham,747,yes,,,,,0
374663410,,residential,no,TH570901,แม่สาย,Mae Sai,382,yes,,,,,0
374663411,,residential,no,TH570901,แม่สาย,Mae Sai,255,yes,,,,,0
374663412,,residential,no,TH570901,แม่สาย,Mae Sai,21,yes,,,,,0
374663413,,residential,no,TH570901,แม่สาย,Mae Sai,327,yes,,,,,0
374663414,,residential,no,TH570901,แม่สาย,Mae Sai,279,yes,,,,,0
374663415,,residential,no,TH570901,แม่สาย,Mae Sai,579,yes,,,,,0
374663416,,residential,no,TH570901,แม่สาย,Mae Sai,563,yes,,,,,0
374663417,,residential,no,TH570901,แม่สาย,Mae Sai,150,yes,,,,,0
375411978,,residential,no,TH570906,เวียงพางคำ,Wiang Phang Kham,49,yes,,,,,0
375411979,,residential,no,TH570906,เวียงพางคำ,Wiang Phang Kham,256,yes,,,,,0
375411980,,unclassified,no,TH570906,เวียงพางคำ,Wiang Phang Kham,432,yes,,,,,0
375492798,ถนนเทศบาล 18,unclassified,no,TH570901,แม่สาย,Mae Sai,270,yes,,,,,0
375492799,ถนนเทศบาล 18,unclassified,yes,TH570901,แม่สาย,Mae Sai,8,yes,,,,,0
375492800,,residential,no,TH570901,แม่สาย,Mae Sai,102,yes,,,,,0
375697239,,residential,yes,TH570906,เวียงพางคำ,Wiang Phang Kham,12,yes,,,,,0
375697242,,unclassified,no,TH570906,เวียงพางคำ,Wiang Phang Kham,49,yes,48,2024-09-11T00:00:00+07:00,112,2024-09-13T16:00:00+07:00,64
375697245,,unclassified,yes,TH570906,เวียงพางคำ,Wiang Phang Kham,10,yes,,,,,0
375697247,ถนนเทศบาล 4,residential,no,TH570901,แม่สาย,Mae Sai,62,yes,,,,,0
375697250,ถนนเทศบาล 4,residential,yes,TH570901,แม่สาย,Mae Sai,11,yes,,,,,0
375697253,,residential,no,TH570906,เวียงพางคำ,Wiang Phang Kham,29,yes,,,,,0
375697254,,residential,yes,TH570906,เวียงพางคำ,Wiang Phang Kham,4,yes,,,,,0
375697257,ถนนเทศบาล 8,residential,no,TH570901,แม่สาย,Mae Sai,239,yes,51,2024-09-11T03:00:00+07:00,98,2024-09-13T02:00:00+07:00,47
375697258,ถนนเทศบาล 8,residential,yes,TH570901,แม่สาย,Mae Sai,9,yes,61,2024-09-11T13:00:00+07:00,89,2024-09-12T17:00:00+07:00,28
375697259,ถนนเหมืองแดง,tertiary,no,TH570901,แม่สาย,Mae Sai,947,yes,50,2024-09-11T02:00:00+07:00,103,2024-09-13T07:00:00+07:00,53
375697262,ถนนเหมืองแดง,tertiary,yes,TH570901,แม่สาย,Mae Sai,18,yes,,,,,0
375697263,ถนนเทศบาล 10,residential,no,TH570901,แม่สาย,Mae Sai,185,yes,,,,,0
375697264,ถนนเทศบาล 10,residential,yes,TH570901,แม่สาย,Mae Sai,7,yes,,,,,0
375697265,ถนนนามล,unclassified,yes,TH570901,แม่สาย,Mae Sai,13,yes,,,,,0
375697266,ถนนนามล,unclassified,no,TH570901,แม่สาย,Mae Sai,234,yes,,,,,0
375697267,,residential,no,TH570901,แม่สาย,Mae Sai,406,yes,,,,,0
375697268,,residential,yes,TH570901,แม่สาย,Mae Sai,14,yes,,,,,0
375697270,ถนนนามล,unclassified,no,TH570901,แม่สาย,Mae Sai,70,yes,,,,,0
375697271,ถนนนามล,unclassified,yes,TH570901,แม่สาย,Mae Sai,5,yes,,,,,0
375697272,,residential,yes,TH570901,แม่สาย,Mae Sai,7,yes,,,,,0
375697273,,residential,no,TH570901,แม่สาย,Mae Sai,24,yes,,,,,0
375697274,ถนนเทศบาล 18,unclassified,yes,TH570901,แม่สาย,Mae Sai,9,yes,,,,,0
375697275,ถนนเทศบาล 18,unclassified,no,TH570901,แม่สาย,Mae Sai,203,yes,,,,,0
375697279,ถนนนามล,unclassified,no,TH570906,เวียงพางคำ,Wiang Phang Kham,264,yes,,,,,0
375697280,ถนนนามล,unclassified,yes,TH570906,เวียงพางคำ,Wiang Phang Kham,8,yes,,,,,0
375697282,ถนนเทศบาล 18,unclassified,yes,TH570901,แม่สาย,Mae Sai,11,yes,,,,,0
375697285,ถนนเทศบาล 18,unclassified,no,TH570901,แม่สาย,Mae Sai,284,yes,,,,,0
375697286,,residential,yes,TH570901,แม่สาย,Mae Sai,6,yes,,,,,0
375697287,,residential,no,TH570906,เวียงพางคำ,Wiang Phang Kham,10,yes,,,,,0
375697288,,residential,no,TH570901,แม่สาย,Mae Sai,146,yes,,,,,0
375697289,,residential,yes,TH570901,แม่สาย,Mae Sai,8,yes,,,,,0
375697290,,residential,no,TH570901,แม่สาย,Mae Sai,66,yes,,,,,0
375697291,,residential,yes,TH570901,แม่สาย,Mae Sai,11,yes,,,,,0
375697292,ถนนเทศบาล 16,residential,yes,TH570901,แม่สาย,Mae Sai,6,yes,,,,,0
375697293,ถนนเทศบาล 16,residential,no,TH570901,แม่สาย,Mae Sai,53,yes,,,,,0
375697294,ป่ายาง ซอย 20,residential,yes,TH570901,แม่สาย,Mae Sai,8,yes,,,,,0
375697295,ป่ายาง ซอย 20,residential,no,TH570901,แม่สาย,Mae Sai,49,yes,,,,,0
375697296,,residential,yes,TH570901,แม่สาย,Mae Sai,15,yes,,,,,0
375697297,,residential,no,TH570901,แม่สาย,Mae Sai,12,yes,,,,,0
375708782,ถนนพหลโยธิน,primary,no,TH570906,เวียงพางคำ,Wiang Phang Kham,1960,yes,,,,,0
378145583,,residential,yes,TH570906,เวียงพางคำ,Wiang Phang Kham,7,yes,,,,,0
378145584,,residential,no,TH570906,เวียงพางคำ,Wiang Phang Kham,565,yes,,,,,0
378145585,,residential,yes,TH570906,เวียงพางคำ,Wiang Phang Kham,4,yes,,,,,0
378145586,,residential,no,TH570906,เวียงพางคำ,Wiang Phang Kham,79,yes,,,,,0
391455727,ถนนห้วยไคร้ - ห้วยน้ำริน,secondary,no,TH570906,เวียงพางคำ,Wiang Phang Kham,36,yes,,,,,0
391455729,ถนนพหลโยธิน,primary,no,TH570906,เวียงพางคำ,Wiang Phang Kham,87,yes,44,2024-09-10T20:00:00+07:00,151,2024-09-15T07:00:00+07:00,107
393433752,,residential,no,TH570902,ห้วยไคร้,Huai Khrai,279,yes,,,,,0
393433755,,residential,no,TH570902,ห้วยไคร้,Huai Khrai,380,yes,,,,,0
393470734,,residential,no,TH570909,โป่งงาม,Pong Ngam,307,yes,,,,,0
396361295,,unclassified,no,TH570904,โป่งผา,Pong Pha,447,yes,,,,,0
396361297,,unclassified,no,TH570904,โป่งผา,Pong Pha,285,yes,,,,,0
405974253,,residential,yes,TH570901,แม่สาย,Mae Sai,13,yes,,,,,0
405974254,,residential,no,TH570901,แม่สาย,Mae Sai,1497,yes,,,,,0
405974259,ถนนเหมืองแดง,tertiary,yes,TH570901,แม่สาย,Mae Sai,11,yes,46,2024-09-10T22:00:00+07:00,128,2024-09-14T08:00:00+07:00,82
405974262,,residential,yes,TH570901,แม่สาย,Mae Sai,8,yes,,,,,0
405974263,,residential,no,TH570901,แม่สาย,Mae Sai,5,yes,,,,,0
405974266,,residential,yes,TH570901,แม่สาย,Mae Sai,7,yes,,,,,0
405974267,,residential,no,TH570901,แม่สาย,Mae Sai,150,yes,,,,,0
405974270,ถนนป่ายาง,tertiary,no,TH570901,แม่สาย,Mae Sai,1357,yes,,,,,0
405974271,ถนนป่ายาง,tertiary,yes,TH570901,แม่สาย,Mae Sai,7,yes,,,,,0
405975193,,unclassified,no,TH570906,เวียงพางคำ,Wiang Phang Kham,3632,yes,,,,,0
405975194,,residential,yes,TH570905,ศรีเมืองชุม,Si Mueang Chum,12,yes,,,,,0
405975910,,residential,yes,TH570901,แม่สาย,Mae Sai,10,yes,44,2024-09-10T20:00:00+07:00,145,2024-09-15T01:00:00+07:00,101
405975911,,residential,no,TH570901,แม่สาย,Mae Sai,4,yes,,,,,0
406008393,,residential,no,TH570906,เวียงพางคำ,Wiang Phang Kham,684,yes,,,,,0
406008396,,residential,no,TH570906,เวียงพางคำ,Wiang Phang Kham,47,yes,,,,,0
406008983,The 2nd Friendship Bridge,trunk,yes,TH570901,แม่สาย,Mae Sai,63,yes,,,,,0
407494049,ถนนเทศบาล 26,residential,no,TH570901,แม่สาย,Mae Sai,56,yes,,,,,0
417028639,ซอย1 ห้วยไคร้ใหม่ หมู่ที่2,residential,no,TH570902,ห้วยไคร้,Huai Khrai,152,yes,,,,,0
417028643,ซอย1/1 ห้วยไคร้ใหม่ หมู่ที่2,residential,no,TH570902,ห้วยไคร้,Huai Khrai,147,yes,,,,,0
423682160,,unclassified,no,TH570903,เกาะช้าง,Ko Chang,347,yes,,,,,0
423682161,,unclassified,yes,TH570903,เกาะช้าง,Ko Chang,14,yes,,,,,0
423682162,,unclassified,no,TH570903,เกาะช้าง,Ko Chang,225,yes,,,,,0
423682199,,unclassified,yes,TH570903,เกาะช้าง,Ko Chang,12,yes,,,,,0
423682200,,unclassified,no,TH570903,เกาะช้าง,Ko Chang,351,yes,,,,,0
423682246,,unclassified,yes,TH570903,เกาะช้าง,Ko Chang,8,yes,,,,,0
423682603,,residential,no,TH570903,เกาะช้าง,Ko Chang,129,yes,,,,,0
423682604,,residential,no,TH570903,เกาะช้าง,Ko Chang,167,yes,,,,,0
425085583,ถนนเทศบาล 13,residential,no,TH570906,เวียงพางคำ,Wiang Phang Kham,477,yes,,,,,0
426531311,ซอยพิทักษ์ 6,residential,no,TH570906,เวียงพางคำ,Wiang Phang Kham,468,yes,,,,,0
426703538,,residential,no,TH570906,เวียงพางคำ,Wiang Phang Kham,22,yes,,,,,0
426896851,,residential,no,TH570905,ศรีเมืองชุม,Si Mueang Chum,24,yes,,,,,0
426896852,,secondary,no,TH570906,เวียงพางคำ,Wiang Phang Kham,10,yes,,,,,0
426896853,,secondary,no,TH570901,แม่สาย,Mae Sai,10,yes,,,,,0
426896854,,secondary,no,TH570905,ศรีเมืองชุม,Si Mueang Chum,14,yes,,,,,0
426896855,,secondary,no,TH570906,เวียงพางคำ,Wiang Phang Kham,11,yes,,,,,0
429498007,,trunk,no,TH570901,แม่สาย,Mae Sai,70,yes,,,,,0
429498638,,residential,no,TH570901,แม่สาย,Mae Sai,298,yes,45,2024-09-10T21:00:00+07:00,140,2024-09-14T20:00:00+07:00,95
442529735,,residential,no,TH570905,ศรีเมืองชุม,Si Mueang Chum,706,yes,50,2024-09-11T02:00:00+07:00,103,2024-09-13T07:00:00+07:00,53
442529737,,secondary,no,TH570905,ศรีเมืองชุม,Si Mueang Chum,262,yes,45,2024-09-10T21:00:00+07:00,141,2024-09-14T21:00:00+07:00,96
442529738,,residential,no,TH570905,ศรีเมืองชุม,Si Mueang Chum,370,yes,,,,,0
449292209,,residential,no,TH570901,แม่สาย,Mae Sai,458,yes,,,,,0
449292210,ถนนเลี่ยงเมืองแม่สาย,trunk,no,TH570901,แม่สาย,Mae Sai,610,yes,,,,,0
449292212,ถนนเลี่ยงเมืองแม่สาย,trunk,no,TH570906,เวียงพางคำ,Wiang Phang Kham,11,yes,,,,,0
449292213,ถนนเลี่ยงเมืองแม่สาย,trunk,no,TH570906,เวียงพางคำ,Wiang Phang Kham,412,yes,,,,,0
449292214,ถนนเลี่ยงเมืองแม่สาย,trunk,no,TH570901,แม่สาย,Mae Sai,380,yes,,,,,0
449292215,ถนนเลี่ยงเมืองแม่สาย,trunk,no,TH570901,แม่สาย,Mae Sai,10,yes,,,,,0
449292216,ถนนเลี่ยงเมืองแม่สาย,trunk,no,TH570906,เวียงพางคำ,Wiang Phang Kham,408,yes,,,,,0
449292217,ถนนเลี่ยงเมืองแม่สาย,trunk,no,TH570901,แม่สาย,Mae Sai,375,yes,,,,,0
449292349,,residential,no,TH570906,เวียงพางคำ,Wiang Phang Kham,108,yes,,,,,0
449292351,,residential,no,TH570906,เวียงพางคำ,Wiang Phang Kham,135,yes,,,,,0
449292352,,residential,no,TH570906,เวียงพางคำ,Wiang Phang Kham,123,yes,,,,,0
449292353,,residential,no,TH570906,เวียงพางคำ,Wiang Phang Kham,190,yes,,,,,0
449292354,,residential,no,TH570906,เวียงพางคำ,Wiang Phang Kham,98,yes,,,,,0
449292355,,residential,no,TH570906,เวียงพางคำ,Wiang Phang Kham,113,yes,,,,,0
449292356,,residential,no,TH570906,เวียงพางคำ,Wiang Phang Kham,695,yes,,,,,0
449292357,,unclassified,no,TH570906,เวียงพางคำ,Wiang Phang Kham,4153,yes,,,,,0
449292358,,residential,no,TH570906,เวียงพางคำ,Wiang Phang Kham,142,yes,,,,,0
449292359,,residential,no,TH570906,เวียงพางคำ,Wiang Phang Kham,276,yes,,,,,0
449292360,,residential,no,TH570906,เวียงพางคำ,Wiang Phang Kham,114,yes,,,,,0
449292361,,residential,no,TH570906,เวียงพางคำ,Wiang Phang Kham,141,yes,,,,,0
449292362,,residential,no,TH570906,เวียงพางคำ,Wiang Phang Kham,136,yes,,,,,0
449292363,,residential,no,TH570906,เวียงพางคำ,Wiang Phang Kham,126,yes,,,,,0
449292364,,residential,no,TH570906,เวียงพางคำ,Wiang Phang Kham,115,yes,,,,,0
449292365,,residential,no,TH570906,เวียงพางคำ,Wiang Phang Kham,203,yes,,,,,0
449292950,,residential,no,TH570906,เวียงพางคำ,Wiang Phang Kham,167,yes,,,,,0
449292951,,residential,yes,TH570906,เวียงพางคำ,Wiang Phang Kham,11,yes,,,,,0
449292952,,residential,no,TH570906,เวียงพางคำ,Wiang Phang Kham,395,yes,,,,,0
449292954,,residential,no,TH570906,เวียงพางคำ,Wiang Phang Kham,82,yes,,,,,0
449292955,,residential,yes,TH570906,เวียงพางคำ,Wiang Phang Kham,15,yes,,,,,0
449292956,,residential,no,TH570906,เวียงพางคำ,Wiang Phang Kham,144,yes,,,,,0
449292958,,unclassified,yes,TH570904,โป่งผา,Pong Pha,18,yes,,,,,0
449292959,ซอย 5,unclassified,no,TH570904,โป่งผา,Pong Pha,962,yes,,,,,0
449292961,,residential,yes,TH570906,เวียงพางคำ,Wiang Phang Kham,14,yes,,,,,0
449292962,,residential,no,TH570906,เวียงพางคำ,Wiang Phang Kham,51,yes,,,,,0
449292963,,residential,yes,TH570906,เวียงพางคำ,Wiang Phang Kham,11,yes,,,,,0
449292964,,residential,no,TH570906,เวียงพางคำ,Wiang Phang Kham,100,yes,,,,,0
449292966,ป่าเหมือด ซอย4,residential,no,TH570906,เวียงพางคำ,Wiang Phang Kham,938,yes,,,,,0
449292967,,residential,no,TH570906,เวียงพางคำ,Wiang Phang Kham,76,yes,,,,,0
449292968,,residential,yes,TH570906,เวียงพางคำ,Wiang Phang Kham,14,yes,,,,,0
449292972,,residential,no,TH570906,เวียงพางคำ,Wiang Phang Kham,194,yes,,,,,0
449292974,,residential,no,TH570906,เวียงพางคำ,Wiang Phang Kham,203,yes,,,,,0
449292976,,residential,no,TH570906,เวียงพางคำ,Wiang Phang Kham,211,yes,,,,,0
449292979,,residential,yes,TH570906,เวียงพางคำ,Wiang Phang Kham,4,yes,,,,,0
449293163,,residential,no,TH570906,เวียงพางคำ,Wiang Phang Kham,250,yes,,,,,0
449293164,,residential,no,TH570906,เวียงพางคำ,Wiang Phang Kham,294,yes,,,,,0
449293165,,residential,no,TH570906,เวียงพางคำ,Wiang Phang Kham,485,yes,,,,,0
449293166,,residential,no,TH570906,เวียงพางคำ,Wiang Phang Kham,109,yes,,,,,0
449293167,,residential,no,TH570906,เวียงพางคำ,Wiang Phang Kham,292,yes,,,,,0
449293168,,unclassified,no,TH570906,เวียงพางคำ,Wiang Phang Kham,1249,yes,,,,,0
449293169,,residential,no,TH570906,เวียงพางคำ,Wiang Phang Kham,172,yes,,,,,0
449293170,,residential,no,TH570906,เวียงพางคำ,Wiang Phang Kham,100,yes,,,,,0
449293171,,residential,no,TH570906,เวียงพางคำ,Wiang Phang Kham,205,yes,,,,,0
449293172,,residential,no,TH570906,เวียงพางคำ,Wiang Phang Kham,49,yes,,,,,0
449293174,,residential,no,TH570906,เวียงพางคำ,Wiang Phang Kham,205,yes,,,,,0
449293175,,residential,no,TH570906,เวียงพางคำ,Wiang Phang Kham,178,yes,,,,,0
449293176,,residential,no,TH570906,เวียงพางคำ,Wiang Phang Kham,29,yes,,,,,0
449293177,,residential,no,TH570906,เวียงพางคำ,Wiang Phang Kham,37,yes,,,,,0
449293178,,residential,no,TH570906,เวียงพางคำ,Wiang Phang Kham,812,yes,,,,,0
449293179,,residential,no,TH570906,เวียงพางคำ,Wiang Phang Kham,447,yes,,,,,0
449293180,,residential,no,TH570906,เวียงพางคำ,Wiang Phang Kham,37,yes,,,,,0
449293181,,residential,no,TH570906,เวียงพางคำ,Wiang Phang Kham,38,yes,,,,,0
449293183,,residential,no,TH570906,เวียงพางคำ,Wiang Phang Kham,43,yes,,,,,0
449293184,,residential,no,TH570906,เวียงพางคำ,Wiang Phang Kham,73,yes,,,,,0
449293185,,residential,no,TH570906,เวียงพางคำ,Wiang Phang Kham,209,yes,,,,,0
449293186,,residential,no,TH570906,เวียงพางคำ,Wiang Phang Kham,27,yes,,,,,0
449293188,,residential,no,TH570906,เวียงพางคำ,Wiang Phang Kham,37,yes,,,,,0
449293189,,residential,no,TH570906,เวียงพางคำ,Wiang Phang Kham,57,yes,,,,,0
449293445,,unclassified,no,TH570901,แม่สาย,Mae Sai,333,yes,,,,,0
449293446,,residential,no,TH570901,แม่สาย,Mae Sai,64,yes,,,,,0
449293447,,residential,no,TH570901,แม่สาย,Mae Sai,206,yes,,,,,0
449293448,,residential,no,TH570901,แม่สาย,Mae Sai,74,yes,,,,,0
449293449,,residential,no,TH570901,แม่สาย,Mae Sai,25,yes,,,,,0
449293450,,residential,no,TH570901,แม่สาย,Mae Sai,134,yes,,,,,0
449293451,,residential,no,TH570901,แม่สาย,Mae Sai,165,yes,,,,,0
449293452,,residential,no,TH570901,แม่สาย,Mae Sai,193,yes,,,,,0
449293453,,residential,no,TH570901,แม่สาย,Mae Sai,129,yes,,,,,0
449293454,,residential,no,TH570901,แม่สาย,Mae Sai,102,yes,,,,,0
449293455,,residential,no,TH570901,แม่สาย,Mae Sai,95,yes,,,,,0
449293456,,residential,no,TH570901,แม่สาย,Mae Sai,100,yes,,,,,0
449293457,,unclassified,no,TH570901,แม่สาย,Mae Sai,396,yes,,,,,0
449293458,,residential,no,TH570901,แม่สาย,Mae Sai,200,yes,,,,,0
449293459,,residential,no,TH570901,แม่สาย,Mae Sai,239,yes,,,,,0
449293460,,residential,no,TH570901,แม่สาย,Mae Sai,103,yes,,,,,0
449293461,,secondary,no,TH570901,แม่สาย,Mae Sai,5227,yes,,,,,0
449293462,,residential,no,TH570901,แม่สาย,Mae Sai,22,yes,,,,,0
449293463,,residential,no,TH570901,แม่สาย,Mae Sai,7,yes,,,,,0
449293464,,residential,no,TH570901,แม่สาย,Mae Sai,317,yes,,,,,0
449293465,,residential,no,TH570901,แม่สาย,Mae Sai,122,yes,,,,,0
449293466,,unclassified,no,TH570901,แม่สาย,Mae Sai,327,yes,,,,,0
449293467,,residential,no,TH570901,แม่สาย,Mae Sai,118,yes,,,,,0
449293468,,residential,no,TH570901,แม่สาย,Mae Sai,619,yes,,,,,0
449293469,,residential,no,TH570901,แม่สาย,Mae Sai,358,yes,,,,,0
449293470,,residential,no,TH570901,แม่สาย,Mae Sai,206,yes,,,,,0
449293471,,residential,no,TH570901,แม่สาย,Mae Sai,62,yes,,,,,0
449293472,,residential,no,TH570901,แม่สาย,Mae Sai,122,yes,,,,,0
449293473,,unclassified,no,TH570901,แม่สาย,Mae Sai,328,yes,,,,,0
449293474,,residential,no,TH570901,แม่สาย,Mae Sai,276,yes,,,,,0
449293475,,residential,no,TH570901,แม่สาย,Mae Sai,196,yes,,,,,0
449293476,,residential,no,TH570901,แม่สาย,Mae Sai,186,yes,,,,,0
449293477,,residential,no,TH570901,แม่สาย,Mae Sai,166,yes,,,,,0
449293478,,residential,no,TH570901,แม่สาย,Mae Sai,404,yes,,,,,0
449293479,,residential,no,TH570901,แม่สาย,Mae Sai,167,yes,,,,,0
449293480,,residential,no,TH570901,แม่สาย,Mae Sai,97,yes,,,,,0
449293481,,residential,no,TH570901,แม่สาย,Mae Sai,344,yes,,,,,0
449293482,,residential,no,TH570901,แม่สาย,Mae Sai,197,yes,,,,,0
449293575,,unclassified,no,TH570906,เวียงพางคำ,Wiang Phang Kham,1953,yes,,,,,0
449294031,,trunk,no,TH570904,โป่งผา,Pong Pha,137,yes,,,,,0
449294032,,trunk,no,TH570904,โป่งผา,Pong Pha,129,yes,,,,,0
449294033,ถนนเลี่ยงเมืองแม่สาย,trunk,no,TH570904,โป่งผา,Pong Pha,2536,yes,49,2024-09-11T01:00:00+07:00,107,2024-09-13T11:00:00+07:00,58
449294235,,residential,no,TH570904,โป่งผา,Pong Pha,55,yes,,,,,0
449294236,,residential,no,TH570904,โป่งผา,Pong Pha,273,yes,,,,,0
449294237,,residential,no,TH570904,โป่งผา,Pong Pha,72,yes,,,,,0
449294238,,residential,no,TH570904,โป่งผา,Pong Pha,247,yes,,,,,0
449294239,,residential,no,TH570904,โป่งผา,Pong Pha,129,yes,,,,,0
449294240,,residential,no,TH570904,โป่งผา,Pong Pha,255,yes,,,,,0
449294241,,residential,no,TH570904,โป่งผา,Pong Pha,63,yes,,,,,0
449294242,,residential,no,TH570904,โป่งผา,Pong Pha,68,yes,,,,,0
449294243,,residential,no,TH570904,โป่งผา,Pong Pha,497,yes,,,,,0
449294244,,residential,no,TH570904,โป่งผา,Pong Pha,506,yes,,,,,0
449294583,,residential,no,TH570909,โป่งงาม,Pong Ngam,71,yes,,,,,0
449294586,,trunk,no,TH570909,โป่งงาม,Pong Ngam,14,yes,,,,,0
449294587,,residential,no,TH570909,โป่งงาม,Pong Ngam,212,yes,,,,,0
449294590,บ้านถ้ำปลา,unclassified,yes,TH570909,โป่งงาม,Pong Ngam,16,yes,,,,,0
449294592,บ้านถ้ำปลา,unclassified,no,TH570909,โป่งงาม,Pong Ngam,1215,yes,,,,,0
449294593,,residential,no,TH570909,โป่งงาม,Pong Ngam,301,yes,,,,,0
449294594,,residential,no,TH570909,โป่งงาม,Pong Ngam,168,yes,,,,,0
449294862,,residential,no,TH570909,โป่งงาม,Pong Ngam,91,yes,,,,,0
449294863,,residential,no,TH570909,โป่งงาม,Pong Ngam,75,yes,,,,,0
449294864,,residential,no,TH570909,โป่งงาม,Pong Ngam,8,yes,,,,,0
449294867,,residential,no,TH570909,โป่งงาม,Pong Ngam,400,yes,,,,,0
449297008,,unclassified,no,TH570909,โป่งงาม,Pong Ngam,1689,yes,,,,,0
449297009,,residential,no,TH570909,โป่งงาม,Pong Ngam,126,yes,,,,,0
449297010,,residential,no,TH570909,โป่งงาม,Pong Ngam,300,yes,,,,,0
449297012,,residential,no,TH570904,โป่งผา,Pong Pha,410,yes,,,,,0
449297014,,residential,no,TH570904,โป่งผา,Pong Pha,219,yes,,,,,0
449297016,,residential,no,TH570909,โป่งงาม,Pong Ngam,158,yes,,,,,0
449297017,,unclassified,no,TH570909,โป่งงาม,Pong Ngam,1035,yes,,,,,0
449297018,,residential,no,TH570909,โป่งงาม,Pong Ngam,228,yes,,,,,0
449297019,,residential,no,TH570904,โป่งผา,Pong Pha,133,yes,,,,,0
449297020,,residential,no,TH570904,โป่งผา,Pong Pha,271,yes,,,,,0
449297092,,residential,no,TH570904,โป่งผา,Pong Pha,187,yes,,,,,0
449297093,,residential,no,TH570904,โป่งผา,Pong Pha,121,yes,,,,,0
449297094,,residential,no,TH570909,โป่งงาม,Pong Ngam,133,yes,,,,,0
449297095,,residential,no,TH570904,โป่งผา,Pong Pha,237,yes,,,,,0
449297096,,residential,no,TH570904,โป่งผา,Pong Pha,109,yes,,,,,0
449297099,,residential,no,TH570904,โป่งผา,Pong Pha,281,yes,,,,,0
449297100,,residential,no,TH570904,โป่งผา,Pong Pha,465,yes,,,,,0
449297101,,residential,no,TH570909,โป่งงาม,Pong Ngam,344,yes,,,,,0
449297102,,residential,no,TH570909,โป่งงาม,Pong Ngam,371,yes,,,,,0
449297103,,unclassified,no,TH570904,โป่งผา,Pong Pha,674,yes,,,,,0
449297170,,residential,no,TH570909,โป่งงาม,Pong Ngam,93,yes,,,,,0
449297175,ถ้ำปลา ซอย6,residential,no,TH570909,โป่งงาม,Pong Ngam,222,yes,,,,,0
449297331,,residential,no,TH570909,โป่งงาม,Pong Ngam,224,yes,,,,,0
449297332,,residential,no,TH570909,โป่งงาม,Pong Ngam,62,yes,,,,,0
449297333,,residential,no,TH570909,โป่งงาม,Pong Ngam,117,yes,,,,,0
449452004,,residential,no,TH570906,เวียงพางคำ,Wiang Phang Kham,110,yes,,,,,0
456458116,,residential,no,TH570902,ห้วยไคร้,Huai Khrai,100,yes,,,,,0
456458117,,trunk,no,TH570901,แม่สาย,Mae Sai,123,yes,,,,,0
456458118,,trunk,no,TH570901,แม่สาย,Mae Sai,132,yes,,,,,0
456536811,,trunk,no,TH570906,เวียงพางคำ,Wiang Phang Kham,120,yes,,,,,0
456536812,,trunk,no,TH570906,เวียงพางคำ,Wiang Phang Kham,141,yes,,,,,0
456738557,ถนนเทศบาล 7,residential,no,TH570906,เวียงพางคำ,Wiang Phang Kham,81,yes,,,,,0
456741232,บ้านน้ำ รีสอร์ท,residential,no,TH570909,โป่งงาม,Pong Ngam,136,yes,,,,,0
456831357,,residential,no,TH570909,โป่งงาม,Pong Ngam,135,yes,,,,,0
456831359,ถ้ำปลา ซอย6 1/2,residential,no,TH570909,โป่งงาม,Pong Ngam,115,yes,,,,,0
486365589,,residential,no,TH570901,แม่สาย,Mae Sai,200,yes,47,2024-09-10T23:00:00+07:00,119,2024-09-13T23:00:00+07:00,72
486365590,,trunk,no,TH570901,แม่สาย,Mae Sai,118,yes,,,,,0
486365591,ถนนเลี่ยงเมืองแม่สาย,trunk,no,TH570901,แม่สาย,Mae Sai,204,yes,,,,,0
486365592,ถนนเลี่ยงเมืองแม่สาย,trunk,no,TH570901,แม่สาย,Mae Sai,203,yes,,,,,0
486365593,,trunk,no,TH570901,แม่สาย,Mae Sai,517,yes,50,2024-09-11T02:00:00+07:00,100,2024-09-13T04:00:00+07:00,50
486365594,,trunk,no,TH570901,แม่สาย,Mae Sai,21,yes,,,,,0
486365595,,trunk,no,TH570901,แม่สาย,Mae Sai,117,yes,,,,,0
486365596,,unclassified,no,TH570901,แม่สาย,Mae Sai,1984,yes,45,2024-09-10T21:00:00+07:00,141,2024-09-14T21:00:00+07:00,96
486365597,,trunk,no,TH570901,แม่สาย,Mae Sai,526,yes,51,2024-09-11T03:00:00+07:00,98,2024-09-13T02:00:00+07:00,47
486365598,,trunk,no,TH570901,แม่สาย,Mae Sai,18,yes,,,,,0
544162158,,unclassified,no,TH570909,โป่งงาม,Pong Ngam,148,yes,,,,,0
544162159,,unclassified,no,TH570909,โป่งงาม,Pong Ngam,32,yes,,,,,0
544162534,,residential,no,TH570909,โป่งงาม,Pong Ngam,66,yes,,,,,0
546447050,,residential,no,TH570903,เกาะช้าง,Ko Chang,224,yes,,,,,0
546447053,,residential,no,TH570903,เกาะช้าง,Ko Chang,1048,yes,,,,,0
546447056,,residential,no,TH570903,เกาะช้าง,Ko Chang,430,yes,,,,,0
546447060,,unclassified,no,TH570903,เกาะช้าง,Ko Chang,3857,yes,,,,,0
546447068,,residential,no,TH570903,เกาะช้าง,Ko Chang,104,yes,,,,,0
546447071,,residential,no,TH570903,เกาะช้าง,Ko Chang,104,yes,,,,,0
546447073,,residential,no,TH570903,เกาะช้าง,Ko Chang,249,yes,,,,,0
546447084,,residential,no,TH570903,เกาะช้าง,Ko Chang,509,yes,,,,,0
546447088,,residential,no,TH570903,เกาะช้าง,Ko Chang,1027,yes,,,,,0
546447091,,residential,no,TH570903,เกาะช้าง,Ko Chang,272,yes,,,,,0
546447100,,residential,no,TH570901,แม่สาย,Mae Sai,137,yes,,,,,0
546447103,,residential,no,TH570903,เกาะช้าง,Ko Chang,369,yes,,,,,0
546447106,,residential,no,TH570903,เกาะช้าง,Ko Chang,103,yes,,,,,0
546447108,,residential,no,TH570903,เกาะช้าง,Ko Chang,179,yes,,,,,0
546447111,,residential,no,TH570903,เกาะช้าง,Ko Chang,326,yes,,,,,0
546447123,,unclassified,no,TH570903,เกาะช้าง,Ko Chang,4129,yes,,,,,0
546447124,,residential,no,TH570903,เกาะช้าง,Ko Chang,150,yes,,,,,0
546447127,,residential,no,TH570903,เกาะช้าง,Ko Chang,47,yes,,,,,0
546447129,,residential,no,TH570901,แม่สาย,Mae Sai,78,yes,,,,,0
546447130,,residential,no,TH570901,แม่สาย,Mae Sai,49,yes,,,,,0
546447132,,residential,no,TH570903,เกาะช้าง,Ko Chang,705,yes,,,,,0
546447133,,residential,no,TH570903,เกาะช้าง,Ko Chang,95,yes,,,,,0
546447137,,unclassified,no,TH570903,เกาะช้าง,Ko Chang,756,yes,,,,,0
546447139,,residential,no,TH570903,เกาะช้าง,Ko Chang,62,yes,,,,,0
546447140,,residential,no,TH570903,เกาะช้าง,Ko Chang,156,yes,,,,,0
546447142,,residential,no,TH570901,แม่สาย,Mae Sai,48,yes,,,,,0
546447143,,residential,no,TH570901,แม่สาย,Mae Sai,70,yes,,,,,0
546447144,,residential,no,TH570903,เกาะช้าง,Ko Chang,212,yes,,,,,0
546447147,,residential,no,TH570903,เกาะช้าง,Ko Chang,174,yes,,,,,0
546447148,,residential,no,TH570903,เกาะช้าง,Ko Chang,463,yes,,,,,0
546447149,,residential,no,TH570903,เกาะช้าง,Ko Chang,131,yes,,,,,0
546447151,,residential,no,TH570903,เกาะช้าง,Ko Chang,196,yes,,,,,0
546447154,,residential,no,TH570903,เกาะช้าง,Ko Chang,67,yes,,,,,0
546447155,,residential,no,TH570903,เกาะช้าง,Ko Chang,71,yes,,,,,0
546447156,,residential,no,TH570903,เกาะช้าง,Ko Chang,237,yes,,,,,0
546447157,,residential,no,TH570903,เกาะช้าง,Ko Chang,67,yes,,,,,0
546447158,,residential,no,TH570903,เกาะช้าง,Ko Chang,92,yes,,,,,0
546447161,,residential,no,TH570903,เกาะช้าง,Ko Chang,334,yes,,,,,0
546447166,,residential,no,TH570903,เกาะช้าง,Ko Chang,70,yes,,,,,0
546458767,,residential,no,TH570906,เวียงพางคำ,Wiang Phang Kham,128,yes,,,,,0
546458768,,residential,no,TH570904,โป่งผา,Pong Pha,392,yes,,,,,0
546458771,ซอย 6,residential,no,TH570904,โป่งผา,Pong Pha,683,yes,,,,,0
546458774,,residential,no,TH570906,เวียงพางคำ,Wiang Phang Kham,220,yes,,,,,0
546458775,,residential,no,TH570906,เวียงพางคำ,Wiang Phang Kham,94,yes,,,,,0
546458777,,residential,no,TH570906,เวียงพางคำ,Wiang Phang Kham,152,yes,,,,,0
546458779,,residential,no,TH570906,เวียงพางคำ,Wiang Phang Kham,218,yes,,,,,0
546458780,,residential,no,TH570906,เวียงพางคำ,Wiang Phang Kham,107,yes,,,,,0
546458781,,residential,no,TH570906,เวียงพางคำ,Wiang Phang Kham,128,yes,,,,,0
546458782,,residential,no,TH570906,เวียงพางคำ,Wiang Phang Kham,39,yes,,,,,0
546458783,,residential,no,TH570906,เวียงพางคำ,Wiang Phang Kham,593,yes,,,,,0
546458785,,residential,no,TH570906,เวียงพางคำ,Wiang Phang Kham,156,yes,,,,,0
546458788,,residential,no,TH570906,เวียงพางคำ,Wiang Phang Kham,279,yes,,,,,0
546458792,,residential,no,TH570906,เวียงพางคำ,Wiang Phang Kham,33,yes,,,,,0
546458793,,residential,no,TH570906,เวียงพางคำ,Wiang Phang Kham,162,yes,,,,,0
546458795,,residential,no,TH570901,แม่สาย,Mae Sai,69,yes,,,,,0
546458797,,residential,no,TH570906,เวียงพางคำ,Wiang Phang Kham,166,yes,,,,,0
546458798,,residential,no,TH570906,เวียงพางคำ,Wiang Phang Kham,350,yes,,,,,0
546458801,,residential,no,TH570906,เวียงพางคำ,Wiang Phang Kham,129,yes,,,,,0
546458803,,residential,no,TH570906,เวียงพางคำ,Wiang Phang Kham,237,yes,,,,,0
546458804,,residential,no,TH570906,เวียงพางคำ,Wiang Phang Kham,230,yes,,,,,0
546458806,,residential,no,TH570906,เวียงพางคำ,Wiang Phang Kham,226,yes,,,,,0
546458808,,residential,no,TH570906,เวียงพางคำ,Wiang Phang Kham,87,yes,,,,,0
546458809,,residential,no,TH570906,เวียงพางคำ,Wiang Phang Kham,437,yes,,,,,0
546458810,,residential,no,TH570906,เวียงพางคำ,Wiang Phang Kham,107,yes,,,,,0
546458811,,residential,no,TH570906,เวียงพางคำ,Wiang Phang Kham,101,yes,,,,,0
546458812,,unclassified,no,TH570906,เวียงพางคำ,Wiang Phang Kham,881,yes,,,,,0
546458813,,residential,no,TH570906,เวียงพางคำ,Wiang Phang Kham,94,yes,,,,,0
546458816,,residential,no,TH570906,เวียงพางคำ,Wiang Phang Kham,43,yes,,,,,0
546458817,,residential,no,TH570906,เวียงพางคำ,Wiang Phang Kham,46,yes,,,,,0
546458818,,residential,no,TH570906,เวียงพางคำ,Wiang Phang Kham,156,yes,,,,,0
546458823,,residential,no,TH570906,เวียงพางคำ,Wiang Phang Kham,68,yes,,,,,0
546458824,,residential,no,TH570906,เวียงพางคำ,Wiang Phang Kham,99,yes,,,,,0
546458825,,residential,no,TH570906,เวียงพางคำ,Wiang Phang Kham,70,yes,,,,,0
546458826,,residential,no,TH570906,เวียงพางคำ,Wiang Phang Kham,228,yes,,,,,0
546458828,,residential,no,TH570906,เวียงพางคำ,Wiang Phang Kham,169,yes,,,,,0
546458832,,residential,no,TH570906,เวียงพางคำ,Wiang Phang Kham,99,yes,,,,,0
546458833,,residential,no,TH570906,เวียงพางคำ,Wiang Phang Kham,48,yes,,,,,0
546458834,,residential,no,TH570906,เวียงพางคำ,Wiang Phang Kham,35,yes,,,,,0
546458835,,residential,no,TH570906,เวียงพางคำ,Wiang Phang Kham,58,yes,,,,,0
546458837,,residential,no,TH570906,เวียงพางคำ,Wiang Phang Kham,39,yes,,,,,0
546458838,,residential,no,TH570906,เวียงพางคำ,Wiang Phang Kham,424,yes,,,,,0
546458839,,residential,no,TH570906,เวียงพางคำ,Wiang Phang Kham,212,yes,,,,,0
546458843,,residential,no,TH570906,เวียงพางคำ,Wiang Phang Kham,53,yes,,,,,0
546458844,,residential,no,TH570906,เวียงพางคำ,Wiang Phang Kham,50,yes,,,,,0
546458845,,residential,no,TH570906,เวียงพางคำ,Wiang Phang Kham,311,yes,,,,,0
546458846,,residential,no,TH570906,เวียงพางคำ,Wiang Phang Kham,62,yes,,,,,0
546458847,,residential,no,TH570906,เวียงพางคำ,Wiang Phang Kham,126,yes,,,,,0
546458849,,residential,no,TH570906,เวียงพางคำ,Wiang Phang Kham,47,yes,,,,,0
546458850,,residential,no,TH570906,เวียงพางคำ,Wiang Phang Kham,37,yes,,,,,0
546458851,,residential,no,TH570906,เวียงพางคำ,Wiang Phang Kham,60,yes,,,,,0
546458852,,residential,no,TH570906,เวียงพางคำ,Wiang Phang Kham,58,yes,,,,,0
546458853,,residential,no,TH570906,เวียงพางคำ,Wiang Phang Kham,44,yes,,,,,0
546458854,,residential,no,TH570906,เวียงพางคำ,Wiang Phang Kham,118,yes,,,,,0
546458855,,residential,no,TH570906,เวียงพางคำ,Wiang Phang Kham,103,yes,,,,,0
546458856,,residential,no,TH570906,เวียงพางคำ,Wiang Phang Kham,243,yes,,,,,0
546458858,,residential,no,TH570906,เวียงพางคำ,Wiang Phang Kham,116,yes,,,,,0
546458859,,residential,no,TH570906,เวียงพางคำ,Wiang Phang Kham,845,yes,,,,,0
546458860,,residential,no,TH570906,เวียงพางคำ,Wiang Phang Kham,109,yes,,,,,0
546458861,,residential,no,TH570906,เวียงพางคำ,Wiang Phang Kham,128,yes,,,,,0
546458862,,residential,no,TH570906,เวียงพางคำ,Wiang Phang Kham,37,yes,,,,,0
546458863,,residential,no,TH570906,เวียงพางคำ,Wiang Phang Kham,194,yes,,,,,0
546458864,,residential,no,TH570906,เวียงพางคำ,Wiang Phang Kham,431,yes,,,,,0
546458865,,residential,no,TH570906,เวียงพางคำ,Wiang Phang Kham,771,yes,,,,,0
546458866,,residential,no,TH570906,เวียงพางคำ,Wiang Phang Kham,91,yes,,,,,0
546458867,,residential,no,TH570906,เวียงพางคำ,Wiang Phang Kham,183,yes,,,,,0
546458868,,residential,no,TH570906,เวียงพางคำ,Wiang Phang Kham,66,yes,,,,,0
546458869,,residential,no,TH570906,เวียงพางคำ,Wiang Phang Kham,109,yes,,,,,0
546458870,,residential,no,TH570906,เวียงพางคำ,Wiang Phang Kham,68,yes,,,,,0
546458871,,residential,no,TH570906,เวียงพางคำ,Wiang Phang Kham,33,yes,,,,,0
546458872,,residential,no,TH570906,เวียงพางคำ,Wiang Phang Kham,231,yes,,,,,0
546458876,,residential,no,TH570906,เวียงพางคำ,Wiang Phang Kham,60,yes,,,,,0
546458877,,residential,no,TH570906,เวียงพางคำ,Wiang Phang Kham,113,yes,,,,,0
546458878,,residential,no,TH570906,เวียงพางคำ,Wiang Phang Kham,377,yes,,,,,0
546458879,,residential,no,TH570906,เวียงพางคำ,Wiang Phang Kham,41,yes,,,,,0
546458880,,residential,no,TH570906,เวียงพางคำ,Wiang Phang Kham,136,yes,,,,,0
546458883,,residential,no,TH570906,เวียงพางคำ,Wiang Phang Kham,50,yes,,,,,0
546458884,,residential,no,TH570906,เวียงพางคำ,Wiang Phang Kham,143,yes,,,,,0
546458885,,residential,no,TH570906,เวียงพางคำ,Wiang Phang Kham,97,yes,,,,,0
546458886,,residential,no,TH570906,เวียงพางคำ,Wiang Phang Kham,68,yes,,,,,0
546458887,,residential,no,TH570906,เวียงพางคำ,Wiang Phang Kham,32,yes,,,,,0
546458888,,residential,no,TH570906,เวียงพางคำ,Wiang Phang Kham,226,yes,,,,,0
546458889,,residential,no,TH570906,เวียงพางคำ,Wiang Phang Kham,91,yes,,,,,0
546458891,,residential,no,TH570901,แม่สาย,Mae Sai,54,yes,,,,,0
546458894,,residential,no,TH570906,เวียงพางคำ,Wiang Phang Kham,163,yes,,,,,0
546458895,,residential,no,TH570906,เวียงพางคำ,Wiang Phang Kham,46,yes,,,,,0
546458896,,residential,no,TH570906,เวียงพางคำ,Wiang Phang Kham,102,yes,,,,,0
546458897,,residential,no,TH570906,เวียงพางคำ,Wiang Phang Kham,226,yes,,,,,0
546458898,,residential,no,TH570906,เวียงพางคำ,Wiang Phang Kham,37,yes,,,,,0
546458899,,residential,no,TH570906,เวียงพางคำ,Wiang Phang Kham,178,yes,,,,,0
546458900,,residential,no,TH570906,เวียงพางคำ,Wiang Phang Kham,166,yes,,,,,0
546458901,,residential,no,TH570906,เวียงพางคำ,Wiang Phang Kham,50,yes,,,,,0
546458902,,residential,no,TH570906,เวียงพางคำ,Wiang Phang Kham,61,yes,,,,,0
546458904,,residential,no,TH570906,เวียงพางคำ,Wiang Phang Kham,57,yes,,,,,0
546458905,,residential,no,TH570906,เวียงพางคำ,Wiang Phang Kham,53,yes,,,,,0
546458906,,residential,no,TH570906,เวียงพางคำ,Wiang Phang Kham,148,yes,,,,,0
546458907,,residential,no,TH570906,เวียงพางคำ,Wiang Phang Kham,60,yes,,,,,0
546458908,,residential,no,TH570906,เวียงพางคำ,Wiang Phang Kham,93,yes,,,,,0
546458909,,residential,no,TH570906,เวียงพางคำ,Wiang Phang Kham,103,yes,,,,,0
546458910,,residential,no,TH570906,เวียงพางคำ,Wiang Phang Kham,40,yes,,,,,0
546458912,,residential,no,TH570906,เวียงพางคำ,Wiang Phang Kham,79,yes,,,,,0
546458913,,residential,no,TH570906,เวียงพางคำ,Wiang Phang Kham,123,yes,,,,,0
546458914,,residential,no,TH570901,แม่สาย,Mae Sai,144,yes,,,,,0
546458915,,residential,no,TH570906,เวียงพางคำ,Wiang Phang Kham,31,yes,,,,,0
546458916,,residential,no,TH570906,เวียงพางคำ,Wiang Phang Kham,98,yes,,,,,0
546458917,,residential,no,TH570906,เวียงพางคำ,Wiang Phang Kham,57,yes,,,,,0
546458918,,residential,no,TH570906,เวียงพางคำ,Wiang Phang Kham,32,yes,,,,,0
546458919,,residential,no,TH570906,เวียงพางคำ,Wiang Phang Kham,77,yes,,,,,0
546458920,,residential,no,TH570906,เวียงพางคำ,Wiang Phang Kham,121,yes,,,,,0
546458921,,residential,no,TH570906,เวียงพางคำ,Wiang Phang Kham,154,yes,,,,,0
546680752,,residential,no,TH570901,แม่สาย,Mae Sai,51,yes,,,,,0
546680754,,residential,no,TH570901,แม่สาย,Mae Sai,367,yes,,,,,0
546680756,,residential,no,TH570901,แม่สาย,Mae Sai,56,yes,,,,,0
546680760,,residential,no,TH570901,แม่สาย,Mae Sai,40,yes,,,,,0
546680762,,residential,no,TH570901,แม่สาย,Mae Sai,118,yes,,,,,0
546680770,,unclassified,no,TH570901,แม่สาย,Mae Sai,1081,yes,44,2024-09-10T20:00:00+07:00,153,2024-09-15T09:00:00+07:00,109
546680775,,residential,no,TH570901,แม่สาย,Mae Sai,47,yes,,,,,0
546680778,,residential,no,TH570901,แม่สาย,Mae Sai,127,yes,,,,,0
546680781,,residential,no,TH570901,แม่สาย,Mae Sai,319,yes,45,2024-09-10T21:00:00+07:00,140,2024-09-14T20:00:00+07:00,95
546680785,,residential,no,TH570901,แม่สาย,Mae Sai,336,yes,45,2024-09-10T21:00:00+07:00,140,2024-09-14T20:00:00+07:00,95
546680787,,residential,no,TH570901,แม่สาย,Mae Sai,109,yes,45,2024-09-10T21:00:00+07:00,140,2024-09-14T20:00:00+07:00,95
546680790,ถนนปิยะพร4 ซอย13,residential,no,TH570901,แม่สาย,Mae Sai,109,yes,48,2024-09-11T00:00:00+07:00,108,2024-09-13T12:00:00+07:00,60
546680792,,residential,no,TH570901,แม่สาย,Mae Sai,159,yes,,,,,0
546680793,,residential,no,TH570906,เวียงพางคำ,Wiang Phang Kham,55,yes,,,,,0
546680794,,residential,no,TH570906,เวียงพางคำ,Wiang Phang Kham,97,yes,,,,,0
546680797,,residential,no,TH570906,เวียงพางคำ,Wiang Phang Kham,45,yes,,,,,0
546680798,,residential,no,TH570906,เวียงพางคำ,Wiang Phang Kham,53,yes,,,,,0
546680799,,residential,no,TH570906,เวียงพางคำ,Wiang Phang Kham,884,yes,,,,,0
546680800,,residential,no,TH570906,เวียงพางคำ,Wiang Phang Kham,146,yes,,,,,0
546680801,,residential,no,TH570901,แม่สาย,Mae Sai,139,yes,,,,,0
546680802,,residential,no,TH570906,เวียงพางคำ,Wiang Phang Kham,60,yes,,,,,0
546680804,,residential,no,TH570901,แม่สาย,Mae Sai,95,yes,,,,,0
546680805,ถนนปิยะพร4 ซอย15,residential,no,TH570901,แม่สาย,Mae Sai,108,yes,46,2024-09-10T22:00:00+07:00,125,2024-09-14T05:00:00+07:00,79
546680806,,residential,no,TH570906,เวียงพางคำ,Wiang Phang Kham,68,yes,,,,,0
546680807,,residential,no,TH570906,เวียงพางคำ,Wiang Phang Kham,363,yes,,,,,0
546680809,,residential,no,TH570901,แม่สาย,Mae Sai,74,yes,,,,,0
546680810,,residential,no,TH570901,แม่สาย,Mae Sai,60,yes,,,,,0
546680812,,residential,no,TH570906,เวียงพางคำ,Wiang Phang Kham,157,yes,,,,,0
546680815,,residential,no,TH570901,แม่สาย,Mae Sai,52,yes,,,,,0
546680817,,residential,no,TH570906,เวียงพางคำ,Wiang Phang Kham,197,yes,,,,,0
546680820,,residential,no,TH570901,แม่สาย,Mae Sai,196,yes,,,,,0
546680823,,residential,no,TH570906,เวียงพางคำ,Wiang Phang Kham,231,yes,,,,,0
546680828,,residential,no,TH570906,เวียงพางคำ,Wiang Phang Kham,150,yes,,,,,0
546680830,,residential,no,TH570906,เวียงพางคำ,Wiang Phang Kham,137,yes,,,,,0
546680835,,residential,no,TH570906,เวียงพางคำ,Wiang Phang Kham,9,yes,,,,,0
546680838,,residential,no,TH570901,แม่สาย,Mae Sai,53,yes,,,,,0
546680842,,residential,no,TH570901,แม่สาย,Mae Sai,306,yes,45,2024-09-10T21:00:00+07:00,138,2024-09-14T18:00:00+07:00,93
546680850,,residential,no,TH570906,เวียงพางคำ,Wiang Phang Kham,230,yes,,,,,0
546680852,,residential,no,TH570901,แม่สาย,Mae Sai,52,yes,,,,,0
546680857,,residential,no,TH570901,แม่สาย,Mae Sai,272,yes,,,,,0
546680860,,residential,no,TH570901,แม่สาย,Mae Sai,91,yes,,,,,0
546680862,,residential,no,TH570901,แม่สาย,Mae Sai,119,yes,,,,,0
546680865,,residential,no,TH570906,เวียงพางคำ,Wiang Phang Kham,130,yes,,,,,0
546680867,,residential,no,TH570901,แม่สาย,Mae Sai,174,yes,,,,,0
546680868,,residential,no,TH570901,แม่สาย,Mae Sai,100,yes,,,,,0
546680869,,residential,no,TH570901,แม่สาย,Mae Sai,35,yes,,,,,0
546680878,,residential,no,TH570906,เวียงพางคำ,Wiang Phang Kham,30,yes,,,,,0
546680881,,residential,no,TH570901,แม่สาย,Mae Sai,100,yes,,,,,0
546680883,,residential,no,TH570901,แม่สาย,Mae Sai,36,yes,,,,,0
546680885,,residential,no,TH570901,แม่สาย,Mae Sai,605,yes,,,,,0
546680890,,residential,yes,TH570901,แม่สาย,Mae Sai,5,yes,,,,,0
546680893,,residential,no,TH570901,แม่สาย,Mae Sai,106,yes,,,,,0
546680896,,residential,no,TH570905,ศรีเมืองชุม,Si Mueang Chum,8,yes,,,,,0
546680898,,residential,yes,TH570905,ศรีเมืองชุม,Si Mueang Chum,9,yes,,,,,0
546680900,,residential,no,TH570905,ศรีเมืองชุม,Si Mueang Chum,6,yes,,,,,0
546680903,,residential,yes,TH570901,แม่สาย,Mae Sai,12,yes,,,,,0
546680906,,residential,no,TH570901,แม่สาย,Mae Sai,80,yes,,,,,0
546680908,,unclassified,no,TH570906,เวียงพางคำ,Wiang Phang Kham,76,yes,,,,,0
546680911,,residential,yes,TH570901,แม่สาย,Mae Sai,15,yes,,,,,0
546680914,,residential,no,TH570901,แม่สาย,Mae Sai,6,yes,,,,,0
546680916,,unclassified,no,TH570901,แม่สาย,Mae Sai,4024,yes,52,2024-09-11T04:00:00+07:00,97,2024-09-13T01:00:00+07:00,45
546680920,,residential,yes,TH570901,แม่สาย,Mae Sai,9,yes,45,2024-09-10T21:00:00+07:00,138,2024-09-14T18:00:00+07:00,93
546680927,,residential,yes,TH570901,แม่สาย,Mae Sai,11,yes,,,,,0
546680930,,residential,no,TH570901,แม่สาย,Mae Sai,89,yes,,,,,0
546680932,,residential,no,TH570906,เวียงพางคำ,Wiang Phang Kham,149,yes,,,,,0
546680935,,residential,no,TH570906,เวียงพางคำ,Wiang Phang Kham,354,yes,,,,,0
546680940,,residential,no,TH570906,เวียงพางคำ,Wiang Phang Kham,122,yes,,,,,0
546680942,ร่มโพธิ์ทอง ซอย3,residential,no,TH570906,เวียงพางคำ,Wiang Phang Kham,289,yes,,,,,0
546680945,,residential,no,TH570901,แม่สาย,Mae Sai,206,yes,,,,,0
546680947,ถนนปิยะพร4 ซอย11,residential,no,TH570901,แม่สาย,Mae Sai,143,yes,46,2024-09-10T22:00:00+07:00,130,2024-09-14T10:00:00+07:00,84
546680949,,residential,no,TH570901,แม่สาย,Mae Sai,110,yes,,,,,0
546680952,,residential,no,TH570901,แม่สาย,Mae Sai,185,yes,,,,,0
546680954,,residential,no,TH570901,แม่สาย,Mae Sai,208,yes,,,,,0
546680959,,residential,no,TH570906,เวียงพางคำ,Wiang Phang Kham,456,yes,,,,,0
546680962,,residential,no,TH570901,แม่สาย,Mae Sai,47,yes,,,,,0
546680964,,residential,no,TH570901,แม่สาย,Mae Sai,121,yes,,,,,0
546680966,,residential,no,TH570901,แม่สาย,Mae Sai,176,yes,,,,,0
546680970,,residential,no,TH570901,แม่สาย,Mae Sai,90,yes,,,,,0
546680973,,residential,no,TH570906,เวียงพางคำ,Wiang Phang Kham,140,yes,,,,,0
546680975,,residential,no,TH570906,เวียงพางคำ,Wiang Phang Kham,98,yes,,,,,0
546680978,,residential,no,TH570906,เวียงพางคำ,Wiang Phang Kham,208,yes,,,,,0
546680980,,residential,no,TH570906,เวียงพางคำ,Wiang Phang Kham,300,yes,,,,,0
546680982,,residential,no,TH570906,เวียงพางคำ,Wiang Phang Kham,301,yes,,,,,0
546680985,,residential,no,TH570906,เวียงพางคำ,Wiang Phang Kham,233,yes,,,,,0
546680987,,residential,no,TH570906,เวียงพางคำ,Wiang Phang Kham,94,yes,,,,,0
546680990,,residential,no,TH570906,เวียงพางคำ,Wiang Phang Kham,334,yes,,,,,0
546680992,,residential,no,TH570906,เวียงพางคำ,Wiang Phang Kham,378,yes,,,,,0
546680994,,residential,no,TH570906,เวียงพางคำ,Wiang Phang Kham,194,yes,,,,,0
546680997,,residential,no,TH570906,เวียงพางคำ,Wiang Phang Kham,140,yes,,,,,0
546680999,,residential,no,TH570906,เวียงพางคำ,Wiang Phang Kham,89,yes,,,,,0
546681001,,residential,no,TH570906,เวียงพางคำ,Wiang Phang Kham,57,yes,,,,,0
546681004,,residential,no,TH570906,เวียงพางคำ,Wiang Phang Kham,152,yes,,,,,0
546681006,,residential,no,TH570906,เวียงพางคำ,Wiang Phang Kham,153,yes,,,,,0
546681008,,residential,no,TH570906,เวียงพางคำ,Wiang Phang Kham,79,yes,,,,,0
546681010,,residential,no,TH570906,เวียงพางคำ,Wiang Phang Kham,79,yes,,,,,0
546681013,,residential,no,TH570906,เวียงพางคำ,Wiang Phang Kham,155,yes,,,,,0
546681015,,residential,no,TH570906,เวียงพางคำ,Wiang Phang Kham,149,yes,,,,,0
546681017,ร่มโพธิ์ทอง ซอย2,residential,no,TH570906,เวียงพางคำ,Wiang Phang Kham,280,yes,,,,,0
546681020,,residential,no,TH570906,เวียงพางคำ,Wiang Phang Kham,71,yes,,,,,0
546681022,,residential,no,TH570906,เวียงพางคำ,Wiang Phang Kham,73,yes,,,,,0
546681024,ร่มโพธิ์ทอง ซอย1,residential,no,TH570906,เวียงพางคำ,Wiang Phang Kham,81,yes,,,,,0
546681026,,residential,no,TH570906,เวียงพางคำ,Wiang Phang Kham,85,yes,,,,,0
546681029,ร่มโพธิ์ทอง ซอย5,residential,no,TH570906,เวียงพางคำ,Wiang Phang Kham,101,yes,,,,,0
546681031,ร่มโพธิ์ทอง ซอย4,residential,no,TH570906,เวียงพางคำ,Wiang Phang Kham,92,yes,,,,,0
546681033,ร่มโพธิ์ทอง ซอย6,residential,no,TH570906,เวียงพางคำ,Wiang Phang Kham,419,yes,,,,,0
546681036,ร่มโพธิ์ทอง ซอย7,residential,no,TH570906,เวียงพางคำ,Wiang Phang Kham,621,yes,,,,,0
546681039,,residential,no,TH570906,เวียงพางคำ,Wiang Phang Kham,37,yes,,,,,0
546681041,,residential,no,TH570906,เวียงพางคำ,Wiang Phang Kham,79,yes,,,,,0
546681044,,residential,no,TH570906,เวียงพางคำ,Wiang Phang Kham,108,yes,,,,,0
546681046,,residential,no,TH570906,เวียงพางคำ,Wiang Phang Kham,73,yes,,,,,0
546681049,,residential,no,TH570906,เวียงพางคำ,Wiang Phang Kham,332,yes,,,,,0
546681051,,residential,no,TH570906,เวียงพางคำ,Wiang Phang Kham,265,yes,,,,,0
546681053,,residential,no,TH570906,เวียงพางคำ,Wiang Phang Kham,180,yes,,,,,0
546681054,,residential,no,TH570906,เวียงพางคำ,Wiang Phang Kham,178,yes,,,,,0
546681055,,residential,no,TH570906,เวียงพางคำ,Wiang Phang Kham,182,yes,,,,,0
546681056,,residential,no,TH570906,เวียงพางคำ,Wiang Phang Kham,186,yes,,,,,0
546681057,,residential,no,TH570906,เวียงพางคำ,Wiang Phang Kham,217,yes,,,,,0
546681058,,residential,no,TH570906,เวียงพางคำ,Wiang Phang Kham,145,yes,,,,,0
546681059,,residential,no,TH570906,เวียงพางคำ,Wiang Phang Kham,232,yes,,,,,0
546681060,,residential,no,TH570906,เวียงพางคำ,Wiang Phang Kham,232,yes,,,,,0
546681061,,residential,no,TH570906,เวียงพางคำ,Wiang Phang Kham,50,yes,,,,,0
546681062,,residential,no,TH570906,เวียงพางคำ,Wiang Phang Kham,290,yes,,,,,0
546681063,,residential,no,TH570906,เวียงพางคำ,Wiang Phang Kham,51,yes,,,,,0
546681064,,residential,no,TH570906,เวียงพางคำ,Wiang Phang Kham,52,yes,,,,,0
546681065,,residential,no,TH570906,เวียงพางคำ,Wiang Phang Kham,283,yes,,,,,0
546681066,,residential,no,TH570906,เวียงพางคำ,Wiang Phang Kham,300,yes,,,,,0
546681067,,residential,no,TH570901,แม่สาย,Mae Sai,104,yes,,,,,0
546681068,,residential,no,TH570901,แม่สาย,Mae Sai,123,yes,,,,,0
546681069,,residential,no,TH570901,แม่สาย,Mae Sai,105,yes,,,,,0
546681070,,residential,no,TH570901,แม่สาย,Mae Sai,47,yes,,,,,0
546681071,,residential,no,TH570901,แม่สาย,Mae Sai,189,yes,,,,,0
546681072,,residential,no,TH570901,แม่สาย,Mae Sai,56,yes,,,,,0
546681073,,residential,no,TH570901,แม่สาย,Mae Sai,63,yes,,,,,0
546681074,,residential,no,TH570901,แม่สาย,Mae Sai,102,yes,,,,,0
546681075,,residential,no,TH570901,แม่สาย,Mae Sai,343,yes,,,,,0
546681076,,residential,no,TH570901,แม่สาย,Mae Sai,51,yes,,,,,0
546681077,,residential,yes,TH570906,เวียงพางคำ,Wiang Phang Kham,9,yes,,,,,0
546681078,,residential,no,TH570901,แม่สาย,Mae Sai,240,yes,,,,,0
546681079,,residential,no,TH570906,เวียงพางคำ,Wiang Phang Kham,184,yes,,,,,0
546681080,,residential,no,TH570906,เวียงพางคำ,Wiang Phang Kham,134,yes,,,,,0
546681081,,residential,no,TH570906,เวียงพางคำ,Wiang Phang Kham,194,yes,,,,,0
546681082,,residential,no,TH570906,เวียงพางคำ,Wiang Phang Kham,259,yes,,,,,0
546681083,,residential,no,TH570906,เวียงพางคำ,Wiang Phang Kham,3,yes,,,,,0
546681084,,residential,no,TH570906,เวียงพางคำ,Wiang Phang Kham,68,yes,,,,,0
546681085,,residential,no,TH570906,เวียงพางคำ,Wiang Phang Kham,132,yes,,,,,0
546681086,,residential,no,TH570906,เวียงพางคำ,Wiang Phang Kham,33,yes,,,,,0
546681087,,residential,no,TH570901,แม่สาย,Mae Sai,42,yes,,,,,0
546681088,,residential,no,TH570901,แม่สาย,Mae Sai,32,yes,,,,,0
546681089,,residential,no,TH570901,แม่สาย,Mae Sai,108,yes,,,,,0
546681090,,residential,no,TH570901,แม่สาย,Mae Sai,56,yes,,,,,0
546681091,,residential,no,TH570906,เวียงพางคำ,Wiang Phang Kham,82,yes,,,,,0
546681092,,residential,no,TH570901,แม่สาย,Mae Sai,117,yes,,,,,0
546681093,,residential,no,TH570901,แม่สาย,Mae Sai,75,yes,,,,,0
546681094,,residential,no,TH570906,เวียงพางคำ,Wiang Phang Kham,32,yes,,,,,0
546681095,,residential,no,TH570901,แม่สาย,Mae Sai,59,yes,,,,,0
546681096,,residential,no,TH570901,แม่สาย,Mae Sai,64,yes,,,,,0
546681097,,residential,no,TH570901,แม่สาย,Mae Sai,56,yes,,,,,0
546681098,,residential,no,TH570901,แม่สาย,Mae Sai,64,yes,,,,,0
546681099,,residential,no,TH570906,เวียงพางคำ,Wiang Phang Kham,62,yes,,,,,0
546681100,,residential,no,TH570901,แม่สาย,Mae Sai,43,yes,,,,,0
546681101,,residential,no,TH570901,แม่สาย,Mae Sai,33,yes,,,,,0
546681102,,residential,no,TH570906,เวียงพางคำ,Wiang Phang Kham,34,yes,,,,,0
546681103,,residential,no,TH570906,เวียงพางคำ,Wiang Phang Kham,52,yes,,,,,0
546681104,,residential,no,TH570901,แม่สาย,Mae Sai,49,yes,,,,,0
546681105,,residential,no,TH570901,แม่สาย,Mae Sai,54,yes,,,,,0
546681106,,residential,no,TH570906,เวียงพางคำ,Wiang Phang Kham,76,yes,,,,,0
546681107,,residential,no,TH570906,เวียงพางคำ,Wiang Phang Kham,76,yes,,,,,0
546681108,,residential,no,TH570901,แม่สาย,Mae Sai,36,yes,,,,,0
546681109,,residential,no,TH570906,เวียงพางคำ,Wiang Phang Kham,141,yes,,,,,0
546681110,ถนนปิยะพร4 ซอย12,residential,no,TH570901,แม่สาย,Mae Sai,105,yes,,,,,0
546681113,,residential,no,TH570906,เวียงพางคำ,Wiang Phang Kham,92,yes,,,,,0
546681115,,residential,no,TH570901,แม่สาย,Mae Sai,128,yes,,,,,0
546681116,,residential,no,TH570901,แม่สาย,Mae Sai,68,yes,,,,,0
546681117,,residential,no,TH570906,เวียงพางคำ,Wiang Phang Kham,36,yes,,,,,0
546681118,,residential,no,TH570901,แม่สาย,Mae Sai,45,yes,,,,,0
546681120,,residential,no,TH570901,แม่สาย,Mae Sai,66,yes,45,2024-09-10T21:00:00+07:00,140,2024-09-14T20:00:00+07:00,95
546681121,,residential,no,TH570901,แม่สาย,Mae Sai,59,yes,,,,,0
546688048,,residential,no,TH570903,เกาะช้าง,Ko Chang,93,yes,,,,,0
546688053,,residential,no,TH570903,เกาะช้าง,Ko Chang,195,yes,60,2024-09-11T12:00:00+07:00,89,2024-09-12T17:00:00+07:00,29
546688054,,residential,no,TH570903,เกาะช้าง,Ko Chang,66,yes,,,,,0
546688055,,residential,no,TH570903,เกาะช้าง,Ko Chang,440,yes,,,,,0
546688057,,residential,no,TH570903,เกาะช้าง,Ko Chang,304,yes,,,,,0
546688060,,residential,no,TH570903,เกาะช้าง,Ko Chang,185,yes,,,,,0
546688063,,residential,no,TH570903,เกาะช้าง,Ko Chang,74,yes,,,,,0
546688066,ซอยบ้านสันนา 4,residential,no,TH570903,เกาะช้าง,Ko Chang,145,yes,64,2024-09-11T16:00:00+07:00,88,2024-09-12T16:00:00+07:00,24
546688068,,residential,no,TH570903,เกาะช้าง,Ko Chang,30,yes,,,,,0
546688069,,residential,no,TH570903,เกาะช้าง,Ko Chang,53,yes,,,,,0
546688076,,residential,no,TH570903,เกาะช้าง,Ko Chang,93,yes,72,2024-09-12T00:00:00+07:00,87,2024-09-12T15:00:00+07:00,15
546688078,,residential,no,TH570903,เกาะช้าง,Ko Chang,59,yes,,,,,0
546688080,,residential,no,TH570903,เกาะช้าง,Ko Chang,113,yes,,,,,0
546688081,,residential,no,TH570903,เกาะช้าง,Ko Chang,58,yes,,,,,0
546688082,,residential,no,TH570903,เกาะช้าง,Ko Chang,338,yes,,,,,0
546688083,,residential,no,TH570903,เกาะช้าง,Ko Chang,353,yes,,,,,0
546688085,,residential,no,TH570903,เกาะช้าง,Ko Chang,72,yes,,,,,0
546688086,,residential,no,TH570903,เกาะช้าง,Ko Chang,190,yes,60,2024-09-11T12:00:00+07:00,89,2024-09-12T17:00:00+07:00,29
546688087,,residential,no,TH570903,เกาะช้าง,Ko Chang,273,yes,,,,,0
546688088,,residential,no,TH570903,เกาะช้าง,Ko Chang,114,yes,,,,,0
546688089,,residential,no,TH570903,เกาะช้าง,Ko Chang,63,yes,,,,,0
546688090,,residential,no,TH570903,เกาะช้าง,Ko Chang,261,yes,,,,,0
546688091,,residential,no,TH570903,เกาะช้าง,Ko Chang,90,yes,,,,,0
546688092,,residential,no,TH570903,เกาะช้าง,Ko Chang,89,yes,,,,,0
546688093,,residential,no,TH570903,เกาะช้าง,Ko Chang,107,yes,,,,,0
546688094,,residential,no,TH570903,เกาะช้าง,Ko Chang,379,yes,60,2024-09-11T12:00:00+07:00,89,2024-09-12T17:00:00+07:00,29
546688095,,residential,no,TH570903,เกาะช้าง,Ko Chang,252,yes,,,,,0
546688096,,residential,no,TH570903,เกาะช้าง,Ko Chang,96,yes,,,,,0
546688100,,residential,no,TH570903,เกาะช้าง,Ko Chang,168,yes,,,,,0
546688101,,residential,no,TH570903,เกาะช้าง,Ko Chang,153,yes,,,,,0
546688102,,residential,no,TH570903,เกาะช้าง,Ko Chang,102,yes,,,,,0
546688106,,residential,no,TH570903,เกาะช้าง,Ko Chang,128,yes,,,,,0
546688107,,residential,no,TH570903,เกาะช้าง,Ko Chang,141,yes,,,,,0
546688108,,residential,no,TH570903,เกาะช้าง,Ko Chang,105,yes,,,,,0
546688109,,residential,no,TH570903,เกาะช้าง,Ko Chang,230,yes,,,,,0
546688110,,residential,no,TH570903,เกาะช้าง,Ko Chang,73,yes,,,,,0
546688112,,residential,no,TH570903,เกาะช้าง,Ko Chang,139,yes,,,,,0
546688113,,residential,no,TH570903,เกาะช้าง,Ko Chang,234,yes,,,,,0
546688114,,residential,no,TH570903,เกาะช้าง,Ko Chang,76,yes,,,,,0
546688119,,residential,no,TH570903,เกาะช้าง,Ko Chang,214,yes,,,,,0
546688123,,residential,no,TH570903,เกาะช้าง,Ko Chang,209,yes,,,,,0
546688125,,residential,no,TH570903,เกาะช้าง,Ko Chang,223,yes,,,,,0
546688127,,residential,no,TH570903,เกาะช้าง,Ko Chang,240,yes,48,2024-09-11T00:00:00+07:00,108,2024-09-13T12:00:00+07:00,60
546688129,,residential,no,TH570903,เกาะช้าง,Ko Chang,108,yes,,,,,0
546688130,,residential,no,TH570903,เกาะช้าง,Ko Chang,268,yes,,,,,0
546688131,,residential,no,TH570903,เกาะช้าง,Ko Chang,252,yes,,,,,0
546688133,,residential,no,TH570903,เกาะช้าง,Ko Chang,322,yes,,,,,0
546688136,,residential,no,TH570903,เกาะช้าง,Ko Chang,113,yes,,,,,0
546688137,,residential,no,TH570903,เกาะช้าง,Ko Chang,70,yes,,,,,0
546688138,,residential,no,TH570903,เกาะช้าง,Ko Chang,100,yes,,,,,0
546688141,,residential,no,TH570903,เกาะช้าง,Ko Chang,166,yes,,,,,0
546688142,,residential,no,TH570903,เกาะช้าง,Ko Chang,290,yes,,,,,0
546688147,,residential,no,TH570903,เกาะช้าง,Ko Chang,80,yes,,,,,0
546688148,,residential,no,TH570903,เกาะช้าง,Ko Chang,106,yes,52,2024-09-11T04:00:00+07:00,97,2024-09-13T01:00:00+07:00,45
546688149,,residential,no,TH570903,เกาะช้าง,Ko Chang,128,yes,,,,,0
546688151,,residential,no,TH570903,เกาะช้าง,Ko Chang,157,yes,,,,,0
546688154,,residential,no,TH570903,เกาะช้าง,Ko Chang,89,yes,,,,,0
546688156,,residential,no,TH570903,เกาะช้าง,Ko Chang,44,yes,,,,,0
546688159,,residential,no,TH570903,เกาะช้าง,Ko Chang,49,yes,,,,,0
546697970,ซอย 3,residential,no,TH570904,โป่งผา,Pong Pha,704,yes,,,,,0
546697971,,residential,no,TH570904,โป่งผา,Pong Pha,108,yes,,,,,0
546697976,,residential,no,TH570904,โป่งผา,Pong Pha,48,yes,,,,,0
546697977,,residential,no,TH570904,โป่งผา,Pong Pha,241,yes,,,,,0
546697978,,residential,no,TH570904,โป่งผา,Pong Pha,129,yes,,,,,0
546697979,,residential,no,TH570904,โป่งผา,Pong Pha,131,yes,,,,,0
546697984,,residential,no,TH570904,โป่งผา,Pong Pha,1652,yes,,,,,0
546697985,,residential,no,TH570904,โป่งผา,Pong Pha,373,yes,,,,,0
546697986,,residential,no,TH570904,โป่งผา,Pong Pha,150,yes,,,,,0
546697988,,residential,no,TH570904,โป่งผา,Pong Pha,457,yes,,,,,0
546697989,,residential,no,TH570904,โป่งผา,Pong Pha,440,yes,50,2024-09-11T02:00:00+07:00,100,2024-09-13T04:00:00+07:00,50
546697990,,residential,no,TH570904,โป่งผา,Pong Pha,195,yes,,,,,0
546697991,,residential,no,TH570904,โป่งผา,Pong Pha,165,yes,,,,,0
546697996,,residential,no,TH570904,โป่งผา,Pong Pha,523,yes,,,,,0
546698000,,residential,no,TH570909,โป่งงาม,Pong Ngam,134,yes,,,,,0
546698004,,residential,no,TH570904,โป่งผา,Pong Pha,79,yes,,,,,0
546698011,,residential,no,TH570904,โป่งผา,Pong Pha,125,yes,,,,,0
546698015,,residential,no,TH570904,โป่งผา,Pong Pha,169,yes,,,,,0
546698016,,residential,no,TH570904,โป่งผา,Pong Pha,133,yes,,,,,0
546698018,,residential,no,TH570904,โป่งผา,Pong Pha,72,yes,,,,,0
546698021,,residential,no,TH570904,โป่งผา,Pong Pha,301,yes,,,,,0
546698024,,residential,no,TH570904,โป่งผา,Pong Pha,75,yes,,,,,0
546698026,,residential,no,TH570904,โป่งผา,Pong Pha,457,yes,,,,,0
546698027,,residential,no,TH570904,โป่งผา,Pong Pha,68,yes,,,,,0
546698028,,residential,no,TH570904,โป่งผา,Pong Pha,331,yes,,,,,0
546698029,,residential,no,TH570904,โป่งผา,Pong Pha,144,yes,,,,,0
546698039,,residential,no,TH570904,โป่งผา,Pong Pha,135,yes,49,2024-09-11T01:00:00+07:00,103,2024-09-13T07:00:00+07:00,54
546698048,,residential,no,TH570904,โป่งผา,Pong Pha,87,yes,,,,,0
546698050,,residential,no,TH570904,โป่งผา,Pong Pha,144,yes,,,,,0
546698057,,residential,no,TH570904,โป่งผา,Pong Pha,45,yes,,,,,0
546698058,,residential,no,TH570904,โป่งผา,Pong Pha,42,yes,,,,,0
546698061,,residential,no,TH570904,โป่งผา,Pong Pha,275,yes,,,,,0
546698063,,residential,no,TH570904,โป่งผา,Pong Pha,67,yes,,,,,0
546698065,,residential,no,TH570904,โป่งผา,Pong Pha,37,yes,,,,,0
546698066,,residential,no,TH570904,โป่งผา,Pong Pha,363,yes,,,,,0
546698067,,residential,no,TH570904,โป่งผา,Pong Pha,383,yes,,,,,0
546698068,,residential,no,TH570904,โป่งผา,Pong Pha,324,yes,,,,,0
546698069,,residential,no,TH570904,โป่งผา,Pong Pha,976,yes,,,,,0
546698070,,residential,no,TH570909,โป่งงาม,Pong Ngam,26,yes,,,,,0
546698074,,residential,no,TH570904,โป่งผา,Pong Pha,46,yes,,,,,0
546698075,,residential,no,TH570904,โป่งผา,Pong Pha,74,yes,,,,,0
546698079,,residential,no,TH570904,โป่งผา,Pong Pha,308,yes,,,,,0
546698081,,residential,no,TH570904,โป่งผา,Pong Pha,50,yes,,,,,0
546698085,,residential,no,TH570904,โป่งผา,Pong Pha,209,yes,47,2024-09-10T23:00:00+07:00,120,2024-09-14T00:00:00+07:00,73
546698088,,residential,no,TH570904,โป่งผา,Pong Pha,53,yes,,,,,0
546698089,,residential,no,TH570904,โป่งผา,Pong Pha,124,yes,,,,,0
546698090,,residential,no,TH570904,โป่งผา,Pong Pha,79,yes,,,,,0
546698091,,residential,no,TH570904,โป่งผา,Pong Pha,139,yes,,,,,0
546698093,,residential,no,TH570904,โป่งผา,Pong Pha,123,yes,,,,,0
546698101,,residential,no,TH570904,โป่งผา,Pong Pha,139,yes,,,,,0
546698104,,residential,no,TH570904,โป่งผา,Pong Pha,115,yes,,,,,0
546698111,,residential,no,TH570904,โป่งผา,Pong Pha,124,yes,,,,,0
546698112,,residential,no,TH570904,โป่งผา,Pong Pha,378,yes,,,,,0
546698115,,residential,no,TH570904,โป่งผา,Pong Pha,176,yes,,,,,0
546698116,,residential,no,TH570904,โป่งผา,Pong Pha,35,yes,,,,,0
546698117,,residential,no,TH570904,โป่งผา,Pong Pha,143,yes,,,,,0
546698118,,residential,no,TH570904,โป่งผา,Pong Pha,66,yes,,,,,0
546698120,,residential,no,TH570904,โป่งผา,Pong Pha,121,yes,,,,,0
546698121,,residential,no,TH570904,โป่งผา,Pong Pha,90,yes,,,,,0
546698122,,residential,no,TH570904,โป่งผา,Pong Pha,100,yes,,,,,0
546698123,,residential,no,TH570904,โป่งผา,Pong Pha,200,yes,,,,,0
546698124,,residential,no,TH570904,โป่งผา,Pong Pha,126,yes,,,,,0
546698125,,residential,no,TH570904,โป่งผา,Pong Pha,194,yes,,,,,0
546698127,,residential,no,TH570904,โป่งผา,Pong Pha,82,yes,,,,,0
546698128,,residential,no,TH570904,โป่งผา,Pong Pha,60,yes,,,,,0
546698129,,residential,no,TH570904,โป่งผา,Pong Pha,103,yes,,,,,0
546698130,,residential,no,TH570904,โป่งผา,Pong Pha,94,yes,,,,,0
546698131,,residential,no,TH570904,โป่งผา,Pong Pha,135,yes,,,,,0
546698132,,residential,no,TH570904,โป่งผา,Pong Pha,142,yes,,,,,0
546698133,,residential,no,TH570904,โป่งผา,Pong Pha,51,yes,,,,,0
546698134,,residential,no,TH570904,โป่งผา,Pong Pha,140,yes,,,,,0
546698135,,residential,no,TH570904,โป่งผา,Pong Pha,122,yes,,,,,0
546698136,,residential,no,TH570904,โป่งผา,Pong Pha,211,yes,,,,,0
546698137,,residential,no,TH570904,โป่งผา,Pong Pha,86,yes,,,,,0
546698138,,residential,no,TH570904,โป่งผา,Pong Pha,73,yes,,,,,0
546698139,,residential,no,TH570904,โป่งผา,Pong Pha,54,yes,,,,,0
546698140,,residential,no,TH570904,โป่งผา,Pong Pha,103,yes,,,,,0
546698141,,residential,no,TH570904,โป่งผา,Pong Pha,61,yes,,,,,0
546698142,,residential,no,TH570904,โป่งผา,Pong Pha,38,yes,,,,,0
546698143,,residential,no,TH570904,โป่งผา,Pong Pha,104,yes,,,,,0
546698144,,residential,no,TH570904,โป่งผา,Pong Pha,162,yes,,,,,0
546698145,,residential,no,TH570904,โป่งผา,Pong Pha,82,yes,,,,,0
546698146,,residential,no,TH570904,โป่งผา,Pong Pha,84,yes,,,,,0
546698147,,residential,no,TH570904,โป่งผา,Pong Pha,65,yes,,,,,0
546698148,,residential,no,TH570904,โป่งผา,Pong Pha,96,yes,,,,,0
546698149,,residential,no,TH570904,โป่งผา,Pong Pha,58,yes,,,,,0
546698150,,residential,no,TH570904,โป่งผา,Pong Pha,78,yes,,,,,0
546698151,,residential,no,TH570904,โป่งผา,Pong Pha,208,yes,,,,,0
546698152,,residential,no,TH570904,โป่งผา,Pong Pha,110,yes,,,,,0
546877374,,residential,no,TH570904,โป่งผา,Pong Pha,318,yes,,,,,0
546877377,,residential,no,TH570904,โป่งผา,Pong Pha,484,yes,,,,,0
546877379,,residential,no,TH570904,โป่งผา,Pong Pha,141,yes,,,,,0
546877382,,residential,no,TH570909,โป่งงาม,Pong Ngam,90,yes,,,,,0
546877385,,residential,no,TH570909,โป่งงาม,Pong Ngam,1600,yes,,,,,0
546877387,,residential,no,TH570909,โป่งงาม,Pong Ngam,902,yes,,,,,0
546877390,,residential,no,TH570909,โป่งงาม,Pong Ngam,557,yes,,,,,0
546877393,,residential,no,TH570909,โป่งงาม,Pong Ngam,266,yes,,,,,0
546877398,,residential,no,TH570909,โป่งงาม,Pong Ngam,274,yes,,,,,0
546877402,,residential,no,TH570909,โป่งงาม,Pong Ngam,241,yes,,,,,0
546877403,,residential,no,TH570909,โป่งงาม,Pong Ngam,52,yes,,,,,0
546877404,,residential,no,TH570909,โป่งงาม,Pong Ngam,342,yes,,,,,0
546877405,,residential,no,TH570909,โป่งงาม,Pong Ngam,309,yes,,,,,0
546877406,,residential,no,TH570909,โป่งงาม,Pong Ngam,83,yes,,,,,0
546877407,,residential,no,TH570909,โป่งงาม,Pong Ngam,120,yes,,,,,0
546877408,,residential,no,TH570909,โป่งงาม,Pong Ngam,589,yes,,,,,0
546877409,,residential,no,TH570909,โป่งงาม,Pong Ngam,284,yes,,,,,0
546877411,,residential,no,TH570909,โป่งงาม,Pong Ngam,336,yes,,,,,0
546877412,,residential,no,TH570909,โป่งงาม,Pong Ngam,161,yes,,,,,0
546877413,,residential,no,TH570909,โป่งงาม,Pong Ngam,345,yes,,,,,0
546877414,,residential,no,TH570909,โป่งงาม,Pong Ngam,171,yes,,,,,0
546877415,,residential,no,TH570909,โป่งงาม,Pong Ngam,241,yes,,,,,0
546877416,,residential,no,TH570909,โป่งงาม,Pong Ngam,209,yes,,,,,0
546877417,,residential,no,TH570909,โป่งงาม,Pong Ngam,195,yes,,,,,0
546877418,,residential,no,TH570909,โป่งงาม,Pong Ngam,153,yes,,,,,0
546877419,,residential,no,TH570909,โป่งงาม,Pong Ngam,211,yes,,,,,0
546877424,,residential,no,TH570909,โป่งงาม,Pong Ngam,288,yes,,,,,0
546877426,,residential,no,TH570904,โป่งผา,Pong Pha,88,yes,,,,,0
546877427,,residential,no,TH570909,โป่งงาม,Pong Ngam,186,yes,,,,,0
546877428,,residential,no,TH570909,โป่งงาม,Pong Ngam,261,yes,,,,,0
546877429,,residential,no,TH570909,โป่งงาม,Pong Ngam,72,yes,,,,,0
546877430,,residential,no,TH570909,โป่งงาม,Pong Ngam,144,yes,,,,,0
546877431,,residential,no,TH570909,โป่งงาม,Pong Ngam,95,yes,,,,,0
546877432,,residential,no,TH570909,โป่งงาม,Pong Ngam,77,yes,,,,,0
546877436,,residential,no,TH570909,โป่งงาม,Pong Ngam,194,yes,,,,,0
546877437,,residential,no,TH570909,โป่งงาม,Pong Ngam,89,yes,,,,,0
546877438,,residential,no,TH570909,โป่งงาม,Pong Ngam,187,yes,,,,,0
546877439,,residential,no,TH570909,โป่งงาม,Pong Ngam,52,yes,,,,,0
546877440,,residential,no,TH570909,โป่งงาม,Pong Ngam,408,yes,,,,,0
546877441,,residential,no,TH570909,โป่งงาม,Pong Ngam,174,yes,,,,,0
546877443,,residential,no,TH570909,โป่งงาม,Pong Ngam,204,yes,,,,,0
546877446,,residential,no,TH570909,โป่งงาม,Pong Ngam,93,yes,,,,,0
546877448,,residential,no,TH570909,โป่งงาม,Pong Ngam,74,yes,,,,,0
546877449,,residential,no,TH570904,โป่งผา,Pong Pha,77,yes,,,,,0
546877450,,residential,no,TH570909,โป่งงาม,Pong Ngam,316,yes,,,,,0
546877453,,residential,no,TH570909,โป่งงาม,Pong Ngam,42,yes,,,,,0
546877454,,residential,no,TH570909,โป่งงาม,Pong Ngam,257,yes,,,,,0
546877455,,residential,no,TH570909,โป่งงาม,Pong Ngam,39,yes,,,,,0
546877456,,residential,no,TH570909,โป่งงาม,Pong Ngam,85,yes,,,,,0
546877457,,residential,no,TH570909,โป่งงาม,Pong Ngam,519,yes,,,,,0
546877458,,residential,no,TH570904,โป่งผา,Pong Pha,40,yes,,,,,0
546877465,,residential,no,TH570909,โป่งงาม,Pong Ngam,358,yes,,,,,0
546877470,,residential,no,TH570904,โป่งผา,Pong Pha,93,yes,,,,,0
546877472,,residential,no,TH570904,โป่งผา,Pong Pha,95,yes,,,,,0
546877477,,residential,no,TH570909,โป่งงาม,Pong Ngam,48,yes,,,,,0
546877480,,residential,no,TH570909,โป่งงาม,Pong Ngam,164,yes,,,,,0
546877484,,residential,no,TH570909,โป่งงาม,Pong Ngam,86,yes,,,,,0
546877486,,residential,no,TH570909,โป่งงาม,Pong Ngam,110,yes,,,,,0
546877492,,residential,no,TH570909,โป่งงาม,Pong Ngam,298,yes,,,,,0
546877495,,residential,no,TH570909,โป่งงาม,Pong Ngam,68,yes,,,,,0
546877498,,residential,no,TH570909,โป่งงาม,Pong Ngam,85,yes,,,,,0
546877500,,residential,no,TH570909,โป่งงาม,Pong Ngam,85,yes,,,,,0
546877503,,residential,no,TH570909,โป่งงาม,Pong Ngam,109,yes,,,,,0
546877505,,residential,no,TH570909,โป่งงาม,Pong Ngam,70,yes,,,,,0
546877510,,residential,no,TH570909,โป่งงาม,Pong Ngam,99,yes,,,,,0
546877512,,residential,no,TH570904,โป่งผา,Pong Pha,357,yes,,,,,0
546877514,,residential,no,TH570909,โป่งงาม,Pong Ngam,167,yes,,,,,0
546877523,,residential,no,TH570909,โป่งงาม,Pong Ngam,76,yes,,,,,0
546877526,,residential,no,TH570909,โป่งงาม,Pong Ngam,36,yes,,,,,0
546877529,,residential,no,TH570909,โป่งงาม,Pong Ngam,101,yes,,,,,0
546877532,,residential,no,TH570909,โป่งงาม,Pong Ngam,80,yes,,,,,0
546877534,,residential,no,TH570904,โป่งผา,Pong Pha,215,yes,,,,,0
546877537,,residential,no,TH570909,โป่งงาม,Pong Ngam,66,yes,,,,,0
546877539,,residential,no,TH570909,โป่งงาม,Pong Ngam,117,yes,,,,,0
546877542,,residential,no,TH570909,โป่งงาม,Pong Ngam,84,yes,,,,,0
546877544,,residential,no,TH570909,โป่งงาม,Pong Ngam,143,yes,,,,,0
546877547,,residential,no,TH570909,โป่งงาม,Pong Ngam,293,yes,,,,,0
546877549,,residential,no,TH570909,โป่งงาม,Pong Ngam,85,yes,,,,,0
546877552,,residential,no,TH570909,โป่งงาม,Pong Ngam,79,yes,,,,,0
546877554,,residential,no,TH570909,โป่งงาม,Pong Ngam,161,yes,,,,,0
546877556,,residential,no,TH570904,โป่งผา,Pong Pha,54,yes,,,,,0
546877558,,residential,no,TH570909,โป่งงาม,Pong Ngam,56,yes,,,,,0
546877561,,residential,no,TH570909,โป่งงาม,Pong Ngam,86,yes,,,,,0
546877564,,residential,no,TH570909,โป่งงาม,Pong Ngam,53,yes,,,,,0
546877566,,residential,no,TH570909,โป่งงาม,Pong Ngam,39,yes,,,,,0
546877568,,residential,no,TH570909,โป่งงาม,Pong Ngam,40,yes,,,,,0
546877571,,residential,no,TH570909,โป่งงาม,Pong Ngam,85,yes,,,,,0
546877573,,residential,no,TH570909,โป่งงาม,Pong Ngam,149,yes,,,,,0
546877576,,residential,no,TH570909,โป่งงาม,Pong Ngam,310,yes,,,,,0
546877579,,residential,no,TH570909,โป่งงาม,Pong Ngam,35,yes,,,,,0
546877580,,residential,no,TH570909,โป่งงาม,Pong Ngam,148,yes,,,,,0
546877581,,residential,no,TH570909,โป่งงาม,Pong Ngam,39,yes,,,,,0
546877584,,residential,no,TH570909,โป่งงาม,Pong Ngam,161,yes,,,,,0
546877586,,residential,no,TH570909,โป่งงาม,Pong Ngam,69,yes,,,,,0
546877589,,residential,no,TH570909,โป่งงาม,Pong Ngam,95,yes,,,,,0
546877591,,residential,no,TH570909,โป่งงาม,Pong Ngam,88,yes,,,,,0
546877594,,residential,no,TH570909,โป่งงาม,Pong Ngam,89,yes,,,,,0
546877596,,residential,no,TH570909,โป่งงาม,Pong Ngam,61,yes,,,,,0
546877599,,residential,no,TH570904,โป่งผา,Pong Pha,84,yes,,,,,0
546877601,,residential,no,TH570909,โป่งงาม,Pong Ngam,107,yes,,,,,0
546877604,,residential,no,TH570909,โป่งงาม,Pong Ngam,75,yes,,,,,0
546877606,,residential,no,TH570909,โป่งงาม,Pong Ngam,36,yes,,,,,0
546877608,,residential,no,TH570909,โป่งงาม,Pong Ngam,207,yes,,,,,0
546877611,,residential,no,TH570909,โป่งงาม,Pong Ngam,44,yes,,,,,0
546877613,,residential,no,TH570909,โป่งงาม,Pong Ngam,99,yes,,,,,0
546877616,,residential,no,TH570909,โป่งงาม,Pong Ngam,75,yes,,,,,0
546877618,,residential,no,TH570909,โป่งงาม,Pong Ngam,73,yes,,,,,0
546877621,,residential,no,TH570909,โป่งงาม,Pong Ngam,53,yes,,,,,0
546877623,,residential,no,TH570909,โป่งงาม,Pong Ngam,128,yes,,,,,0
546877626,,residential,no,TH570909,โป่งงาม,Pong Ngam,99,yes,,,,,0
546877628,,residential,no,TH570909,โป่งงาม,Pong Ngam,40,yes,,,,,0
546877630,,residential,no,TH570904,โป่งผา,Pong Pha,214,yes,,,,,0
546880003,,residential,no,TH570909,โป่งงาม,Pong Ngam,682,yes,,,,,0
546880007,,residential,no,TH570909,โป่งงาม,Pong Ngam,136,yes,,,,,0
546880009,,residential,no,TH570908,บ้านด้าย,Ban Dai,106,yes,,,,,0
546880010,,residential,no,TH570908,บ้านด้าย,Ban Dai,175,yes,,,,,0
546880011,,residential,no,TH570908,บ้านด้าย,Ban Dai,205,yes,,,,,0
546880012,,residential,no,TH570908,บ้านด้าย,Ban Dai,130,yes,,,,,0
546880014,,residential,no,TH570909,โป่งงาม,Pong Ngam,304,yes,,,,,0
546880016,,residential,no,TH570904,โป่งผา,Pong Pha,66,yes,49,2024-09-11T01:00:00+07:00,104,2024-09-13T08:00:00+07:00,55
546880017,,residential,no,TH570904,โป่งผา,Pong Pha,129,yes,48,2024-09-11T00:00:00+07:00,112,2024-09-13T16:00:00+07:00,64
546880018,,residential,no,TH570909,โป่งงาม,Pong Ngam,1138,yes,,,,,0
546880019,,residential,no,TH570909,โป่งงาม,Pong Ngam,236,yes,,,,,0
546880020,,residential,no,TH570904,โป่งผา,Pong Pha,73,yes,,,,,0
546880024,,residential,no,TH570909,โป่งงาม,Pong Ngam,61,yes,,,,,0
546880025,,unclassified,no,TH570908,บ้านด้าย,Ban Dai,623,yes,,,,,0
546880026,,residential,no,TH570909,โป่งงาม,Pong Ngam,1087,yes,,,,,0
546880030,,residential,no,TH570908,บ้านด้าย,Ban Dai,101,yes,,,,,0
546880031,,residential,no,TH570909,โป่งงาม,Pong Ngam,203,yes,,,,,0
546880032,,residential,no,TH570908,บ้านด้าย,Ban Dai,88,yes,,,,,0
546880034,,residential,no,TH570909,โป่งงาม,Pong Ngam,59,yes,,,,,0
546880035,,residential,no,TH570904,โป่งผา,Pong Pha,63,yes,52,2024-09-11T04:00:00+07:00,97,2024-09-13T01:00:00+07:00,45
546880039,,residential,no,TH570909,โป่งงาม,Pong Ngam,28,yes,,,,,0
546880040,,residential,yes,TH570909,โป่งงาม,Pong Ngam,18,yes,,,,,0
546880041,,residential,no,TH570909,โป่งงาม,Pong Ngam,70,yes,,,,,0
546880046,,residential,no,TH570909,โป่งงาม,Pong Ngam,103,yes,,,,,0
546880048,,residential,no,TH570904,โป่งผา,Pong Pha,65,yes,52,2024-09-11T04:00:00+07:00,98,2024-09-13T02:00:00+07:00,46
546880049,,residential,no,TH570904,โป่งผา,Pong Pha,62,yes,48,2024-09-11T00:00:00+07:00,112,2024-09-13T16:00:00+07:00,64
546880050,,residential,no,TH570904,โป่งผา,Pong Pha,197,yes,48,2024-09-11T00:00:00+07:00,114,2024-09-13T18:00:00+07:00,66
546880051,,residential,no,TH570904,โป่งผา,Pong Pha,231,yes,47,2024-09-10T23:00:00+07:00,117,2024-09-13T21:00:00+07:00,70
546880052,,residential,no,TH570904,โป่งผา,Pong Pha,64,yes,51,2024-09-11T03:00:00+07:00,98,2024-09-13T02:00:00+07:00,47
546880053,,residential,no,TH570904,โป่งผา,Pong Pha,67,yes,,,,,0
546880054,,residential,no,TH570904,โป่งผา,Pong Pha,53,yes,54,2024-09-11T06:00:00+07:00,95,2024-09-12T23:00:00+07:00,41
546880060,,residential,no,TH570908,บ้านด้าย,Ban Dai,104,yes,,,,,0
546880063,,residential,no,TH570908,บ้านด้าย,Ban Dai,683,yes,,,,,0
546880066,,residential,no,TH570908,บ้านด้าย,Ban Dai,144,yes,,,,,0
546880071,,residential,no,TH570909,โป่งงาม,Pong Ngam,531,yes,,,,,0
546880076,,residential,no,TH570909,โป่งงาม,Pong Ngam,149,yes,,,,,0
546886700,,residential,no,TH570908,บ้านด้าย,Ban Dai,211,yes,,,,,0
546886720,,residential,no,TH570908,บ้านด้าย,Ban Dai,756,yes,53,2024-09-11T05:00:00+07:00,96,2024-09-13T00:00:00+07:00,43
546886724,,residential,no,TH570908,บ้านด้าย,Ban Dai,262,yes,44,2024-09-10T20:00:00+07:00,152,2024-09-15T08:00:00+07:00,108
546886737,,residential,no,TH570908,บ้านด้าย,Ban Dai,46,yes,,,,,0
546886738,,residential,no,TH570908,บ้านด้าย,Ban Dai,679,yes,47,2024-09-10T23:00:00+07:00,121,2024-09-14T01:00:00+07:00,74
546886739,,residential,no,TH570908,บ้านด้าย,Ban Dai,130,yes,47,2024-09-10T23:00:00+07:00,121,2024-09-14T01:00:00+07:00,74
546886740,,residential,no,TH570908,บ้านด้าย,Ban Dai,326,yes,55,2024-09-11T07:00:00+07:00,94,2024-09-12T22:00:00+07:00,39
546886741,,unclassified,no,TH570908,บ้านด้าย,Ban Dai,2132,yes,44,2024-09-10T20:00:00+07:00,146,2024-09-15T02:00:00+07:00,102
546886749,,residential,no,TH570908,บ้านด้าย,Ban Dai,60,yes,,,,,0
546886750,,residential,no,TH570908,บ้านด้าย,Ban Dai,1699,yes,48,2024-09-11T00:00:00+07:00,114,2024-09-13T18:00:00+07:00,66
546886755,,residential,no,TH570908,บ้านด้าย,Ban Dai,192,yes,,,,,0
546886756,,residential,no,TH570908,บ้านด้าย,Ban Dai,135,yes,52,2024-09-11T04:00:00+07:00,97,2024-09-13T01:00:00+07:00,45
546886763,,residential,no,TH570908,บ้านด้าย,Ban Dai,154,yes,,,,,0
546886774,,residential,no,TH570908,บ้านด้าย,Ban Dai,136,yes,45,2024-09-10T21:00:00+07:00,137,2024-09-14T17:00:00+07:00,92
546886775,,residential,no,TH570908,บ้านด้าย,Ban Dai,87,yes,49,2024-09-11T01:00:00+07:00,104,2024-09-13T08:00:00+07:00,55
546886785,,residential,no,TH570908,บ้านด้าย,Ban Dai,52,yes,,,,,0
546886786,,residential,no,TH570908,บ้านด้าย,Ban Dai,167,yes,,,,,0
546886787,,residential,no,TH570908,บ้านด้าย,Ban Dai,59,yes,,,,,0
546886791,,residential,no,TH570908,บ้านด้าย,Ban Dai,98,yes,,,,,0
546886794,,residential,no,TH570908,บ้านด้าย,Ban Dai,229,yes,49,2024-09-11T01:00:00+07:00,103,2024-09-13T07:00:00+07:00,54
546886795,,residential,no,TH570908,บ้านด้าย,Ban Dai,142,yes,,,,,0
546886797,,residential,no,TH570908,บ้านด้าย,Ban Dai,54,yes,,,,,0
546886800,,residential,no,TH570908,บ้านด้าย,Ban Dai,145,yes,,,,,0
546921559,,residential,no,TH570906,เวียงพางคำ,Wiang Phang Kham,112,yes,,,,,0
546921560,,residential,no,TH570906,เวียงพางคำ,Wiang Phang Kham,36,yes,,,,,0
546921561,,residential,no,TH570906,เวียงพางคำ,Wiang Phang Kham,79,yes,,,,,0
546921562,,residential,no,TH570906,เวียงพางคำ,Wiang Phang Kham,84,yes,,,,,0
546921574,,residential,no,TH570906,เวียงพางคำ,Wiang Phang Kham,86,yes,,,,,0
546921578,,residential,no,TH570901,แม่สาย,Mae Sai,128,yes,53,2024-09-11T05:00:00+07:00,96,2024-09-13T00:00:00+07:00,43
546921588,,residential,no,TH570906,เวียงพางคำ,Wiang Phang Kham,140,yes,,,,,0
546921593,,residential,no,TH570901,แม่สาย,Mae Sai,48,yes,50,2024-09-11T02:00:00+07:00,103,2024-09-13T07:00:00+07:00,53
546921605,,residential,no,TH570901,แม่สาย,Mae Sai,41,yes,49,2024-09-11T01:00:00+07:00,105,2024-09-13T09:00:00+07:00,56
546921606,,residential,no,TH570901,แม่สาย,Mae Sai,67,yes,46,2024-09-10T22:00:00+07:00,127,2024-09-14T07:00:00+07:00,81
546921607,,residential,no,TH570901,แม่สาย,Mae Sai,44,yes,44,2024-09-10T20:00:00+07:00,153,2024-09-15T09:00:00+07:00,109
546921616,,residential,no,TH570901,แม่สาย,Mae Sai,67,yes,46,2024-09-10T22:00:00+07:00,126,2024-09-14T06:00:00+07:00,80
546921619,,residential,no,TH570906,เวียงพางคำ,Wiang Phang Kham,60,yes,,,,,0
546922670,,residential,no,TH570901,แม่สาย,Mae Sai,100,yes,,,,,0
546922671,,unclassified,no,TH570901,แม่สาย,Mae Sai,2350,yes,49,2024-09-11T01:00:00+07:00,106,2024-09-13T10:00:00+07:00,57
546922672,,unclassified,no,TH570901,แม่สาย,Mae Sai,485,yes,64,2024-09-11T16:00:00+07:00,88,2024-09-12T16:00:00+07:00,24
546922673,,residential,no,TH570901,แม่สาย,Mae Sai,221,yes,,,,,0
546922674,,residential,no,TH570901,แม่สาย,Mae Sai,129,yes,,,,,0
546922676,,residential,no,TH570901,แม่สาย,Mae Sai,53,yes,,,,,0
546922677,,residential,no,TH570901,แม่สาย,Mae Sai,119,yes,,,,,0
546922678,,residential,no,TH570901,แม่สาย,Mae Sai,248,yes,81,2024-09-12T09:00:00+07:00,85,2024-09-12T13:00:00+07:00,4
546922679,,residential,no,TH570901,แม่สาย,Mae Sai,87,yes,,,,,0
546922680,,residential,no,TH570901,แม่สาย,Mae Sai,105,yes,,,,,0
546922681,,residential,no,TH570901,แม่สาย,Mae Sai,58,yes,,,,,0
546922683,,residential,no,TH570901,แม่สาย,Mae Sai,113,yes,44,2024-09-10T20:00:00+07:00,153,2024-09-15T09:00:00+07:00,109
546922684,,residential,no,TH570901,แม่สาย,Mae Sai,57,yes,,,,,0
546922690,,residential,no,TH570901,แม่สาย,Mae Sai,173,yes,,,,,0
546922691,,residential,no,TH570901,แม่สาย,Mae Sai,35,yes,,,,,0
546922693,,residential,no,TH570901,แม่สาย,Mae Sai,298,yes,,,,,0
546922705,,residential,no,TH570901,แม่สาย,Mae Sai,1583,yes,58,2024-09-11T10:00:00+07:00,91,2024-09-12T19:00:00+07:00,33
546922706,,residential,no,TH570901,แม่สาย,Mae Sai,153,yes,,,,,0
546922707,,residential,no,TH570901,แม่สาย,Mae Sai,99,yes,65,2024-09-11T17:00:00+07:00,88,2024-09-12T16:00:00+07:00,23
546922708,,residential,no,TH570901,แม่สาย,Mae Sai,25,yes,44,2024-09-10T20:00:00+07:00,144,2024-09-15T00:00:00+07:00,100
546922710,,residential,no,TH570901,แม่สาย,Mae Sai,193,yes,48,2024-09-11T00:00:00+07:00,108,2024-09-13T12:00:00+07:00,60
546922712,,residential,no,TH570901,แม่สาย,Mae Sai,363,yes,49,2024-09-11T01:00:00+07:00,103,2024-09-13T07:00:00+07:00,54
546922715,,residential,no,TH570901,แม่สาย,Mae Sai,218,yes,47,2024-09-10T23:00:00+07:00,122,2024-09-14T02:00:00+07:00,75
546922716,,residential,no,TH570901,แม่สาย,Mae Sai,533,yes,45,2024-09-10T21:00:00+07:00,138,2024-09-14T18:00:00+07:00,93
546922718,,residential,no,TH570901,แม่สาย,Mae Sai,245,yes,,,,,0
546922720,,residential,no,TH570901,แม่สาย,Mae Sai,148,yes,,,,,0
546922726,,residential,no,TH570901,แม่สาย,Mae Sai,112,yes,,,,,0
546922738,,residential,no,TH570901,แม่สาย,Mae Sai,279,yes,,,,,0
546922743,,residential,no,TH570901,แม่สาย,Mae Sai,47,yes,56,2024-09-11T08:00:00+07:00,93,2024-09-12T21:00:00+07:00,37
546922746,,residential,no,TH570901,แม่สาย,Mae Sai,78,yes,,,,,0
546922747,,residential,no,TH570901,แม่สาย,Mae Sai,125,yes,,,,,0
546922753,,residential,no,TH570901,แม่สาย,Mae Sai,73,yes,,,,,0
546922757,,residential,no,TH570901,แม่สาย,Mae Sai,237,yes,,,,,0
546922764,,residential,no,TH570901,แม่สาย,Mae Sai,193,yes,,,,,0
546922774,,residential,no,TH570901,แม่สาย,Mae Sai,121,yes,,,,,0
546922780,,residential,no,TH570901,แม่สาย,Mae Sai,391,yes,46,2024-09-10T22:00:00+07:00,127,2024-09-14T07:00:00+07:00,81
546922784,,residential,no,TH570901,แม่สาย,Mae Sai,821,yes,72,2024-09-12T00:00:00+07:00,87,2024-09-12T15:00:00+07:00,15
546922787,,residential,no,TH570901,แม่สาย,Mae Sai,64,yes,44,2024-09-10T20:00:00+07:00,153,2024-09-15T09:00:00+07:00,109
546922795,,residential,no,TH570901,แม่สาย,Mae Sai,409,yes,49,2024-09-11T01:00:00+07:00,106,2024-09-13T10:00:00+07:00,57
546922800,,residential,no,TH570901,แม่สาย,Mae Sai,263,yes,,,,,0
546922803,,residential,no,TH570901,แม่สาย,Mae Sai,114,yes,47,2024-09-10T23:00:00+07:00,118,2024-09-13T22:00:00+07:00,71
546922804,,residential,no,TH570901,แม่สาย,Mae Sai,50,yes,47,2024-09-10T23:00:00+07:00,118,2024-09-13T22:00:00+07:00,71
546922817,,residential,no,TH570901,แม่สาย,Mae Sai,249,yes,73,2024-09-12T01:00:00+07:00,87,2024-09-12T15:00:00+07:00,14
546922822,,residential,no,TH570901,แม่สาย,Mae Sai,173,yes,69,2024-09-11T21:00:00+07:00,87,2024-09-12T15:00:00+07:00,18
546922827,,residential,no,TH570901,แม่สาย,Mae Sai,90,yes,45,2024-09-10T21:00:00+07:00,138,2024-09-14T18:00:00+07:00,93
546922855,,residential,no,TH570901,แม่สาย,Mae Sai,95,yes,,,,,0
546922857,,residential,no,TH570901,แม่สาย,Mae Sai,36,yes,45,2024-09-10T21:00:00+07:00,136,2024-09-14T16:00:00+07:00,91
546922862,,residential,no,TH570901,แม่สาย,Mae Sai,157,yes,,,,,0
546922863,,residential,yes,TH570901,แม่สาย,Mae Sai,13,yes,,,,,0
546922865,,residential,no,TH570901,แม่สาย,Mae Sai,239,yes,,,,,0
546922866,,residential,yes,TH570901,แม่สาย,Mae Sai,12,yes,,,,,0
546922869,,residential,no,TH570901,แม่สาย,Mae Sai,168,yes,,,,,0
546922870,,residential,yes,TH570901,แม่สาย,Mae Sai,11,yes,,,,,0
546922871,,residential,no,TH570901,แม่สาย,Mae Sai,292,yes,,,,,0
546922872,,residential,no,TH570901,แม่สาย,Mae Sai,254,yes,,,,,0
546922873,,residential,yes,TH570901,แม่สาย,Mae Sai,8,yes,,,,,0
546922875,,residential,yes,TH570901,แม่สาย,Mae Sai,13,yes,,,,,0
546922876,,residential,no,TH570901,แม่สาย,Mae Sai,71,yes,,,,,0
546922884,,unclassified,no,TH570901,แม่สาย,Mae Sai,105,yes,,,,,0
546922886,,residential,yes,TH570901,แม่สาย,Mae Sai,11,yes,,,,,0
546922887,,residential,no,TH570901,แม่สาย,Mae Sai,180,yes,,,,,0
546922898,,residential,no,TH570901,แม่สาย,Mae Sai,792,yes,45,2024-09-10T21:00:00+07:00,141,2024-09-14T21:00:00+07:00,96
546922899,,residential,no,TH570901,แม่สาย,Mae Sai,66,yes,47,2024-09-10T23:00:00+07:00,116,2024-09-13T20:00:00+07:00,69
546922906,,residential,no,TH570901,แม่สาย,Mae Sai,362,yes,,,,,0
546922907,,residential,no,TH570901,แม่สาย,Mae Sai,90,yes,,,,,0
546922908,,residential,no,TH570901,แม่สาย,Mae Sai,116,yes,60,2024-09-11T12:00:00+07:00,89,2024-09-12T17:00:00+07:00,29
546922909,,residential,no,TH570901,แม่สาย,Mae Sai,312,yes,,,,,0
546922910,,residential,no,TH570901,แม่สาย,Mae Sai,196,yes,61,2024-09-11T13:00:00+07:00,89,2024-09-12T17:00:00+07:00,28
546922911,,residential,no,TH570901,แม่สาย,Mae Sai,119,yes,81,2024-09-12T09:00:00+07:00,85,2024-09-12T13:00:00+07:00,4
546922931,,residential,no,TH570901,แม่สาย,Mae Sai,107,yes,44,2024-09-10T20:00:00+07:00,153,2024-09-15T09:00:00+07:00,109
546922951,,residential,no,TH570901,แม่สาย,Mae Sai,54,yes,,,,,0
546922952,,residential,no,TH570901,แม่สาย,Mae Sai,98,yes,80,2024-09-12T08:00:00+07:00,85,2024-09-12T13:00:00+07:00,5
546922953,,residential,no,TH570901,แม่สาย,Mae Sai,85,yes,,,,,0
546922954,,residential,no,TH570901,แม่สาย,Mae Sai,339,yes,46,2024-09-10T22:00:00+07:00,129,2024-09-14T09:00:00+07:00,83
546922955,,residential,no,TH570901,แม่สาย,Mae Sai,258,yes,45,2024-09-10T21:00:00+07:00,134,2024-09-14T14:00:00+07:00,89
546922960,,residential,no,TH570901,แม่สาย,Mae Sai,438,yes,45,2024-09-10T21:00:00+07:00,140,2024-09-14T20:00:00+07:00,95
546922962,,residential,no,TH570901,แม่สาย,Mae Sai,52,yes,60,2024-09-11T12:00:00+07:00,89,2024-09-12T17:00:00+07:00,29
546922963,,residential,no,TH570901,แม่สาย,Mae Sai,103,yes,48,2024-09-11T00:00:00+07:00,110,2024-09-13T14:00:00+07:00,62
546922964,,residential,no,TH570901,แม่สาย,Mae Sai,180,yes,47,2024-09-10T23:00:00+07:00,118,2024-09-13T22:00:00+07:00,71
546922965,,residential,no,TH570901,แม่สาย,Mae Sai,147,yes,,,,,0
546922966,,residential,no,TH570901,แม่สาย,Mae Sai,171,yes,,,,,0
546922967,,residential,no,TH570901,แม่สาย,Mae Sai,113,yes,,,,,0
546922968,,residential,no,TH570901,แม่สาย,Mae Sai,177,yes,,,,,0
546922969,ถนนปิยะพร4 ซอย8,residential,no,TH570901,แม่สาย,Mae Sai,111,yes,46,2024-09-10T22:00:00+07:00,125,2024-09-14T05:00:00+07:00,79
546922970,,residential,no,TH570901,แม่สาย,Mae Sai,37,yes,,,,,0
546922972,,residential,no,TH570901,แม่สาย,Mae Sai,70,yes,,,,,0
546922973,,residential,no,TH570901,แม่สาย,Mae Sai,213,yes,49,2024-09-11T01:00:00+07:00,104,2024-09-13T08:00:00+07:00,55
546922974,,residential,yes,TH570901,แม่สาย,Mae Sai,11,yes,,,,,0
546922978,,residential,no,TH570901,แม่สาย,Mae Sai,56,yes,,,,,0
546922983,,residential,no,TH570901,แม่สาย,Mae Sai,257,yes,44,2024-09-10T20:00:00+07:00,151,2024-09-15T07:00:00+07:00,107
546922991,,residential,no,TH570901,แม่สาย,Mae Sai,122,yes,,,,,0
546922992,,residential,no,TH570901,แม่สาย,Mae Sai,147,yes,,,,,0
546922994,,residential,no,TH570901,แม่สาย,Mae Sai,55,yes,,,,,0
546922996,,residential,no,TH570901,แม่สาย,Mae Sai,72,yes,,,,,0
546922997,,residential,no,TH570901,แม่สาย,Mae Sai,211,yes,44,2024-09-10T20:00:00+07:00,153,2024-09-15T09:00:00+07:00,109
546923000,,residential,no,TH570901,แม่สาย,Mae Sai,157,yes,59,2024-09-11T11:00:00+07:00,90,2024-09-12T18:00:00+07:00,31
546923003,,residential,no,TH570901,แม่สาย,Mae Sai,133,yes,44,2024-09-10T20:00:00+07:00,153,2024-09-15T09:00:00+07:00,109
546923005,,residential,no,TH570901,แม่สาย,Mae Sai,48,yes,44,2024-09-10T20:00:00+07:00,149,2024-09-15T05:00:00+07:00,105
546923006,,residential,no,TH570901,แม่สาย,Mae Sai,86,yes,61,2024-09-11T13:00:00+07:00,89,2024-09-12T17:00:00+07:00,28
546923007,,residential,no,TH570901,แม่สาย,Mae Sai,49,yes,47,2024-09-10T23:00:00+07:00,122,2024-09-14T02:00:00+07:00,75
546923008,,residential,no,TH570901,แม่สาย,Mae Sai,95,yes,49,2024-09-11T01:00:00+07:00,106,2024-09-13T10:00:00+07:00,57
546923010,,residential,no,TH570901,แม่สาย,Mae Sai,68,yes,,,,,0
546923011,,residential,no,TH570901,แม่สาย,Mae Sai,82,yes,,,,,0
546923012,,residential,no,TH570901,แม่สาย,Mae Sai,109,yes,69,2024-09-11T21:00:00+07:00,87,2024-09-12T15:00:00+07:00,18
546923013,ถนนปิยะพร4 ซอย9,residential,no,TH570901,แม่สาย,Mae Sai,158,yes,48,2024-09-11T00:00:00+07:00,108,2024-09-13T12:00:00+07:00,60
546923014,,secondary,no,TH570901,แม่สาย,Mae Sai,28,yes,49,2024-09-11T01:00:00+07:00,107,2024-09-13T11:00:00+07:00,58
546923017,,residential,no,TH570901,แม่สาย,Mae Sai,50,yes,65,2024-09-11T17:00:00+07:00,88,2024-09-12T16:00:00+07:00,23
546923018,,residential,no,TH570901,แม่สาย,Mae Sai,48,yes,,,,,0
546923022,,residential,no,TH570901,แม่สาย,Mae Sai,124,yes,,,,,0
546923024,,residential,no,TH570901,แม่สาย,Mae Sai,73,yes,,,,,0
546923025,,residential,no,TH570901,แม่สาย,Mae Sai,43,yes,,,,,0
546923026,ถนนปิยะพร4 ซอย10,residential,no,TH570901,แม่สาย,Mae Sai,152,yes,47,2024-09-10T23:00:00+07:00,121,2024-09-14T01:00:00+07:00,74
546923030,,residential,no,TH570901,แม่สาย,Mae Sai,262,yes,73,2024-09-12T01:00:00+07:00,86,2024-09-12T14:00:00+07:00,13
546923031,เหมืองแดงใต้ ซอย6,residential,no,TH570901,แม่สาย,Mae Sai,118,yes,47,2024-09-10T23:00:00+07:00,115,2024-09-13T19:00:00+07:00,68
546923033,,residential,no,TH570901,แม่สาย,Mae Sai,143,yes,,,,,0
546923034,,residential,no,TH570901,แม่สาย,Mae Sai,45,yes,47,2024-09-10T23:00:00+07:00,122,2024-09-14T02:00:00+07:00,75
546923036,,residential,no,TH570901,แม่สาย,Mae Sai,67,yes,,,,,0
546923039,,residential,no,TH570901,แม่สาย,Mae Sai,49,yes,,,,,0
546923040,,residential,no,TH570901,แม่สาย,Mae Sai,113,yes,46,2024-09-10T22:00:00+07:00,131,2024-09-14T11:00:00+07:00,85
546923041,,residential,no,TH570901,แม่สาย,Mae Sai,127,yes,47,2024-09-10T23:00:00+07:00,120,2024-09-14T00:00:00+07:00,73
546927123,,residential,no,TH570903,เกาะช้าง,Ko Chang,185,yes,,,,,0
546927130,,residential,no,TH570905,ศรีเมืองชุม,Si Mueang Chum,123,yes,51,2024-09-11T03:00:00+07:00,98,2024-09-13T02:00:00+07:00,47
546927131,,residential,no,TH570905,ศรีเมืองชุม,Si Mueang Chum,176,yes,,,,,0
546927132,,residential,no,TH570905,ศรีเมืองชุม,Si Mueang Chum,224,yes,,,,,0
546927134,,residential,no,TH570905,ศรีเมืองชุม,Si Mueang Chum,388,yes,47,2024-09-10T23:00:00+07:00,122,2024-09-14T02:00:00+07:00,75
546927142,,residential,no,TH570903,เกาะช้าง,Ko Chang,122,yes,45,2024-09-10T21:00:00+07:00,138,2024-09-14T18:00:00+07:00,93
546927143,,residential,no,TH570903,เกาะช้าง,Ko Chang,88,yes,,,,,0
546927144,,residential,no,TH570905,ศรีเมืองชุม,Si Mueang Chum,234,yes,47,2024-09-10T23:00:00+07:00,118,2024-09-13T22:00:00+07:00,71
546927146,,residential,no,TH570905,ศรีเมืองชุม,Si Mueang Chum,327,yes,44,2024-09-10T20:00:00+07:00,153,2024-09-15T09:00:00+07:00,109
546927148,,residential,no,TH570903,เกาะช้าง,Ko Chang,136,yes,,,,,0
546927151,,unclassified,no,TH570903,เกาะช้าง,Ko Chang,1728,yes,44,2024-09-10T20:00:00+07:00,145,2024-09-15T01:00:00+07:00,101
546927159,,residential,no,TH570903,เกาะช้าง,Ko Chang,81,yes,53,2024-09-11T05:00:00+07:00,97,2024-09-13T01:00:00+07:00,44
546927161,,residential,no,TH570903,เกาะช้าง,Ko Chang,267,yes,,,,,0
546927163,,residential,no,TH570903,เกาะช้าง,Ko Chang,206,yes,,,,,0
546927164,,residential,no,TH570903,เกาะช้าง,Ko Chang,45,yes,,,,,0
546927165,,tertiary,no,TH570903,เกาะช้าง,Ko Chang,383,yes,48,2024-09-11T00:00:00+07:00,114,2024-09-13T18:00:00+07:00,66
546927166,,residential,no,TH570903,เกาะช้าง,Ko Chang,131,yes,,,,,0
546927167,,residential,no,TH570903,เกาะช้าง,Ko Chang,81,yes,,,,,0
546927169,,residential,no,TH570903,เกาะช้าง,Ko Chang,66,yes,,,,,0
546927172,,unclassified,no,TH570903,เกาะช้าง,Ko Chang,184,yes,45,2024-09-10T21:00:00+07:00,140,2024-09-14T20:00:00+07:00,95
546927173,,residential,no,TH570903,เกาะช้าง,Ko Chang,126,yes,,,,,0
546927176,,residential,no,TH570903,เกาะช้าง,Ko Chang,91,yes,,,,,0
546927177,,residential,no,TH570903,เกาะช้าง,Ko Chang,72,yes,,,,,0
546927178,,residential,no,TH570903,เกาะช้าง,Ko Chang,47,yes,,,,,0
546927179,,residential,no,TH570903,เกาะช้าง,Ko Chang,300,yes,,,,,0
546927180,,residential,no,TH570903,เกาะช้าง,Ko Chang,95,yes,,,,,0
546927183,,residential,no,TH570903,เกาะช้าง,Ko Chang,255,yes,,,,,0
546927185,,residential,no,TH570903,เกาะช้าง,Ko Chang,315,yes,,,,,0
546927186,,residential,no,TH570903,เกาะช้าง,Ko Chang,91,yes,,,,,0
546927187,,residential,no,TH570903,เกาะช้าง,Ko Chang,107,yes,72,2024-09-12T00:00:00+07:00,87,2024-09-12T15:00:00+07:00,15
546927189,,unclassified,no,TH570903,เกาะช้าง,Ko Chang,266,yes,45,2024-09-10T21:00:00+07:00,142,2024-09-14T22:00:00+07:00,97
546927191,,residential,no,TH570903,เกาะช้าง,Ko Chang,98,yes,,,,,0
546927192,,residential,no,TH570903,เกาะช้าง,Ko Chang,68,yes,58,2024-09-11T10:00:00+07:00,92,2024-09-12T20:00:00+07:00,34
546927193,,residential,no,TH570903,เกาะช้าง,Ko Chang,89,yes,,,,,0
546927194,,residential,no,TH570903,เกาะช้าง,Ko Chang,163,yes,64,2024-09-11T16:00:00+07:00,88,2024-09-12T16:00:00+07:00,24
546927195,,residential,no,TH570903,เกาะช้าง,Ko Chang,122,yes,,,,,0
546927196,,residential,no,TH570903,เกาะช้าง,Ko Chang,84,yes,,,,,0
546927197,,residential,no,TH570903,เกาะช้าง,Ko Chang,199,yes,,,,,0
546927198,,residential,no,TH570903,เกาะช้าง,Ko Chang,135,yes,,,,,0
546927199,,residential,no,TH570903,เกาะช้าง,Ko Chang,133,yes,,,,,0
546927200,,residential,no,TH570903,เกาะช้าง,Ko Chang,195,yes,44,2024-09-10T20:00:00+07:00,144,2024-09-15T00:00:00+07:00,100
546927201,,residential,no,TH570903,เกาะช้าง,Ko Chang,54,yes,,,,,0
546927202,,residential,no,TH570905,ศรีเมืองชุม,Si Mueang Chum,103,yes,,,,,0
546927203,,residential,no,TH570905,ศรีเมืองชุม,Si Mueang Chum,119,yes,,,,,0
546927204,,residential,no,TH570903,เกาะช้าง,Ko Chang,76,yes,,,,,0
546927205,,residential,no,TH570905,ศรีเมืองชุม,Si Mueang Chum,145,yes,,,,,0
546927206,,residential,no,TH570903,เกาะช้าง,Ko Chang,79,yes,47,2024-09-10T23:00:00+07:00,115,2024-09-13T19:00:00+07:00,68
546927207,,residential,no,TH570903,เกาะช้าง,Ko Chang,77,yes,,,,,0
546927208,,residential,no,TH570903,เกาะช้าง,Ko Chang,124,yes,55,2024-09-11T07:00:00+07:00,94,2024-09-12T22:00:00+07:00,39
546927209,,residential,no,TH570903,เกาะช้าง,Ko Chang,47,yes,,,,,0
546927210,,residential,no,TH570903,เกาะช้าง,Ko Chang,158,yes,,,,,0
546927211,,residential,no,TH570905,ศรีเมืองชุม,Si Mueang Chum,375,yes,45,2024-09-10T21:00:00+07:00,131,2024-09-14T11:00:00+07:00,86
546927212,,residential,no,TH570905,ศรีเมืองชุม,Si Mueang Chum,39,yes,52,2024-09-11T04:00:00+07:00,97,2024-09-13T01:00:00+07:00,45
546927213,,residential,no,TH570905,ศรีเมืองชุม,Si Mueang Chum,57,yes,,,,,0
546927214,,residential,no,TH570903,เกาะช้าง,Ko Chang,59,yes,,,,,0
546927215,,residential,no,TH570903,เกาะช้าง,Ko Chang,88,yes,53,2024-09-11T05:00:00+07:00,97,2024-09-13T01:00:00+07:00,44
546927216,,residential,no,TH570903,เกาะช้าง,Ko Chang,118,yes,,,,,0
546927217,,residential,no,TH570905,ศรีเมืองชุม,Si Mueang Chum,630,yes,,,,,0
546927218,,unclassified,no,TH570903,เกาะช้าง,Ko Chang,554,yes,45,2024-09-10T21:00:00+07:00,134,2024-09-14T14:00:00+07:00,89
546927219,,residential,no,TH570903,เกาะช้าง,Ko Chang,76,yes,80,2024-09-12T08:00:00+07:00,85,2024-09-12T13:00:00+07:00,5
546927220,,residential,no,TH570903,เกาะช้าง,Ko Chang,90,yes,,,,,0
546927221,,residential,no,TH570903,เกาะช้าง,Ko Chang,43,yes,,,,,0
546927222,,residential,no,TH570903,เกาะช้าง,Ko Chang,90,yes,,,,,0
546927223,,residential,no,TH570903,เกาะช้าง,Ko Chang,184,yes,47,2024-09-10T23:00:00+07:00,122,2024-09-14T02:00:00+07:00,75
546927224,,residential,no,TH570905,ศรีเมืองชุม,Si Mueang Chum,38,yes,84,2024-09-12T12:00:00+07:00,85,2024-09-12T13:00:00+07:00,1
546927225,,residential,no,TH570903,เกาะช้าง,Ko Chang,91,yes,,,,,0
546927226,,residential,no,TH570903,เกาะช้าง,Ko Chang,54,yes,,,,,0
546927227,,residential,no,TH570905,ศรีเมืองชุม,Si Mueang Chum,92,yes,45,2024-09-10T21:00:00+07:00,142,2024-09-14T22:00:00+07:00,97
546927228,,residential,no,TH570905,ศรีเมืองชุม,Si Mueang Chum,311,yes,46,2024-09-10T22:00:00+07:00,123,2024-09-14T03:00:00+07:00,77
546927229,,residential,no,TH570903,เกาะช้าง,Ko Chang,76,yes,50,2024-09-11T02:00:00+07:00,101,2024-09-13T05:00:00+07:00,51
546927230,,residential,no,TH570903,เกาะช้าง,Ko Chang,42,yes,,,,,0
546927231,,residential,no,TH570903,เกาะช้าง,Ko Chang,75,yes,,,,,0
546927233,,residential,no,TH570903,เกาะช้าง,Ko Chang,76,yes,59,2024-09-11T11:00:00+07:00,90,2024-09-12T18:00:00+07:00,31
546927234,,residential,no,TH570903,เกาะช้าง,Ko Chang,52,yes,,,,,0
546927236,,residential,no,TH570903,เกาะช้าง,Ko Chang,169,yes,50,2024-09-11T02:00:00+07:00,101,2024-09-13T05:00:00+07:00,51
546930211,ซอยร่มโพธิ์,residential,no,TH570904,โป่งผา,Pong Pha,295,yes,,,,,0
546930212,,residential,no,TH570904,โป่งผา,Pong Pha,658,yes,46,2024-09-10T22:00:00+07:00,124,2024-09-14T04:00:00+07:00,78
546930213,,residential,no,TH570904,โป่งผา,Pong Pha,276,yes,,,,,0
546930214,,residential,no,TH570904,โป่งผา,Pong Pha,3992,yes,50,2024-09-11T02:00:00+07:00,102,2024-09-13T06:00:00+07:00,52
546930215,,residential,no,TH570904,โป่งผา,Pong Pha,844,yes,,,,,0
546930216,,residential,no,TH570904,โป่งผา,Pong Pha,44,yes,,,,,0
546930217,,residential,no,TH570904,โป่งผา,Pong Pha,71,yes,,,,,0
546930218,,residential,no,TH570904,โป่งผา,Pong Pha,249,yes,,,,,0
546930219,,residential,no,TH570904,โป่งผา,Pong Pha,54,yes,,,,,0
546930220,,residential,no,TH570904,โป่งผา,Pong Pha,113,yes,,,,,0
546930221,,residential,no,TH570904,โป่งผา,Pong Pha,59,yes,,,,,0
546930222,,residential,no,TH570904,โป่งผา,Pong Pha,35,yes,,,,,0
546930223,,residential,no,TH570904,โป่งผา,Pong Pha,90,yes,,,,,0
546930224,,residential,no,TH570904,โป่งผา,Pong Pha,74,yes,,,,,0
546930225,,residential,no,TH570905,ศรีเมืองชุม,Si Mueang Chum,33,yes,,,,,0
546930226,,residential,no,TH570904,โป่งผา,Pong Pha,99,yes,,,,,0
546930227,,residential,no,TH570904,โป่งผา,Pong Pha,100,yes,,,,,0
546930228,,residential,no,TH570904,โป่งผา,Pong Pha,58,yes,,,,,0
546930229,,residential,no,TH570904,โป่งผา,Pong Pha,124,yes,,,,,0
546930230,,residential,no,TH570904,โป่งผา,Pong Pha,66,yes,,,,,0
546930231,,residential,no,TH570905,ศรีเมืองชุม,Si Mueang Chum,78,yes,,,,,0
546930232,,residential,no,TH570904,โป่งผา,Pong Pha,85,yes,,,,,0
546930234,,residential,no,TH570904,โป่งผา,Pong Pha,43,yes,,,,,0
546930236,,residential,no,TH570904,โป่งผา,Pong Pha,200,yes,,,,,0
546930237,,residential,no,TH570904,โป่งผา,Pong Pha,231,yes,,,,,0
546930238,,residential,no,TH570904,โป่งผา,Pong Pha,121,yes,,,,,0
546930239,,residential,no,TH570904,โป่งผา,Pong Pha,37,yes,,,,,0
546930240,,residential,no,TH570904,โป่งผา,Pong Pha,46,yes,,,,,0
546930241,,residential,no,TH570904,โป่งผา,Pong Pha,56,yes,,,,,0
546930242,,residential,no,TH570904,โป่งผา,Pong Pha,106,yes,,,,,0
546930244,,residential,no,TH570904,โป่งผา,Pong Pha,30,yes,,,,,0
546930246,,residential,no,TH570904,โป่งผา,Pong Pha,47,yes,,,,,0
546930248,,residential,no,TH570905,ศรีเมืองชุม,Si Mueang Chum,179,yes,,,,,0
546930250,,residential,no,TH570905,ศรีเมืองชุม,Si Mueang Chum,157,yes,,,,,0
546930252,,residential,no,TH570904,โป่งผา,Pong Pha,58,yes,,,,,0
546930254,,residential,no,TH570905,ศรีเมืองชุม,Si Mueang Chum,63,yes,,,,,0
546930256,,residential,no,TH570904,โป่งผา,Pong Pha,206,yes,,,,,0
546930259,,residential,no,TH570904,โป่งผา,Pong Pha,41,yes,,,,,0
546930261,,residential,no,TH570904,โป่งผา,Pong Pha,58,yes,,,,,0
546930263,,residential,no,TH570904,โป่งผา,Pong Pha,59,yes,,,,,0
546930266,,residential,no,TH570904,โป่งผา,Pong Pha,44,yes,,,,,0
546930267,,residential,no,TH570905,ศรีเมืองชุม,Si Mueang Chum,40,yes,,,,,0
546930268,,residential,no,TH570904,โป่งผา,Pong Pha,91,yes,,,,,0
546930269,,residential,no,TH570904,โป่งผา,Pong Pha,50,yes,,,,,0
546930270,,residential,no,TH570904,โป่งผา,Pong Pha,50,yes,,,,,0
546930271,,residential,no,TH570904,โป่งผา,Pong Pha,111,yes,,,,,0
546930272,,residential,no,TH570904,โป่งผา,Pong Pha,77,yes,,,,,0
546930273,,residential,no,TH570904,โป่งผา,Pong Pha,142,yes,,,,,0
546930274,,residential,no,TH570904,โป่งผา,Pong Pha,43,yes,,,,,0
546930275,,residential,no,TH570904,โป่งผา,Pong Pha,134,yes,,,,,0
546930276,,residential,no,TH570904,โป่งผา,Pong Pha,221,yes,,,,,0
546930277,,residential,no,TH570904,โป่งผา,Pong Pha,66,yes,,,,,0
546930278,,residential,no,TH570904,โป่งผา,Pong Pha,67,yes,,,,,0
546930279,,residential,no,TH570904,โป่งผา,Pong Pha,101,yes,,,,,0
546930280,,residential,no,TH570904,โป่งผา,Pong Pha,100,yes,,,,,0
546930282,,residential,no,TH570904,โป่งผา,Pong Pha,71,yes,,,,,0
546930284,ซอย 4,residential,no,TH570904,โป่งผา,Pong Pha,695,yes,,,,,0
546930287,,residential,no,TH570904,โป่งผา,Pong Pha,405,yes,,,,,0
546930288,,residential,no,TH570904,โป่งผา,Pong Pha,86,yes,,,,,0
546930292,,residential,no,TH570904,โป่งผา,Pong Pha,114,yes,,,,,0
546930293,ซอยประปา,residential,no,TH570904,โป่งผา,Pong Pha,204,yes,,,,,0
546930295,,residential,no,TH570904,โป่งผา,Pong Pha,160,yes,,,,,0
546930296,ซอยเพิ่มทรัพย์,residential,no,TH570904,โป่งผา,Pong Pha,399,yes,,,,,0
546930298,ซอยเจริญผล,residential,no,TH570904,โป่งผา,Pong Pha,208,yes,,,,,0
546930299,,residential,no,TH570904,โป่งผา,Pong Pha,110,yes,,,,,0
546930300,,residential,no,TH570904,โป่งผา,Pong Pha,2,yes,,,,,0
546930301,,residential,yes,TH570904,โป่งผา,Pong Pha,7,yes,,,,,0
546930302,,residential,no,TH570904,โป่งผา,Pong Pha,2,yes,,,,,0
546930303,,residential,no,TH570904,โป่งผา,Pong Pha,483,yes,,,,,0
546930304,,residential,no,TH570904,โป่งผา,Pong Pha,237,yes,,,,,0
546930305,,residential,no,TH570904,โป่งผา,Pong Pha,72,yes,,,,,0
546930306,,residential,no,TH570904,โป่งผา,Pong Pha,237,yes,,,,,0
546930308,,residential,no,TH570904,โป่งผา,Pong Pha,137,yes,,,,,0
546930309,,residential,no,TH570904,โป่งผา,Pong Pha,396,yes,,,,,0
546930310,,residential,no,TH570904,โป่งผา,Pong Pha,52,yes,,,,,0
546930311,,residential,no,TH570904,โป่งผา,Pong Pha,245,yes,,,,,0
546930312,,residential,no,TH570904,โป่งผา,Pong Pha,292,yes,45,2024-09-10T21:00:00+07:00,136,2024-09-14T16:00:00+07:00,91
546930313,,residential,no,TH570904,โป่งผา,Pong Pha,91,yes,46,2024-09-10T22:00:00+07:00,124,2024-09-14T04:00:00+07:00,78
546930314,,tertiary,no,TH570904,โป่งผา,Pong Pha,2994,yes,45,2024-09-10T21:00:00+07:00,132,2024-09-14T12:00:00+07:00,87
546930315,,residential,no,TH570904,โป่งผา,Pong Pha,193,yes,,,,,0
546930316,,residential,no,TH570904,โป่งผา,Pong Pha,117,yes,,,,,0
546930317,,residential,no,TH570904,โป่งผา,Pong Pha,230,yes,67,2024-09-11T19:00:00+07:00,88,2024-09-12T16:00:00+07:00,21
546930318,,residential,no,TH570904,โป่งผา,Pong Pha,151,yes,,,,,0
546930319,,residential,no,TH570904,โป่งผา,Pong Pha,494,yes,81,2024-09-12T09:00:00+07:00,85,2024-09-12T13:00:00+07:00,4
546930320,,residential,no,TH570904,โป่งผา,Pong Pha,79,yes,,,,,0
546930321,,unclassified,no,TH570904,โป่งผา,Pong Pha,5012,yes,59,2024-09-11T11:00:00+07:00,91,2024-09-12T19:00:00+07:00,32
546930322,,residential,no,TH570904,โป่งผา,Pong Pha,71,yes,57,2024-09-11T09:00:00+07:00,92,2024-09-12T20:00:00+07:00,35
546930323,,residential,no,TH570904,โป่งผา,Pong Pha,250,yes,,,,,0
546930324,,residential,no,TH570904,โป่งผา,Pong Pha,378,yes,59,2024-09-11T11:00:00+07:00,90,2024-09-12T18:00:00+07:00,31
546930325,,residential,no,TH570904,โป่งผา,Pong Pha,205,yes,,,,,0
546930326,,residential,no,TH570904,โป่งผา,Pong Pha,70,yes,,,,,0
546930327,,residential,no,TH570904,โป่งผา,Pong Pha,1090,yes,58,2024-09-11T10:00:00+07:00,91,2024-09-12T19:00:00+07:00,33
546930328,,residential,no,TH570904,โป่งผา,Pong Pha,441,yes,,,,,0
546930329,,residential,no,TH570904,โป่งผา,Pong Pha,151,yes,,,,,0
546930332,,residential,no,TH570904,โป่งผา,Pong Pha,103,yes,,,,,0
546930334,,residential,no,TH570904,โป่งผา,Pong Pha,100,yes,,,,,0
546930335,,residential,no,TH570904,โป่งผา,Pong Pha,59,yes,,,,,0
546930336,,residential,no,TH570904,โป่งผา,Pong Pha,208,yes,,,,,0
546930337,,residential,no,TH570904,โป่งผา,Pong Pha,35,yes,,,,,0
546930338,,residential,no,TH570904,โป่งผา,Pong Pha,497,yes,55,2024-09-11T07:00:00+07:00,94,2024-09-12T22:00:00+07:00,39
546930339,,residential,no,TH570904,โป่งผา,Pong Pha,74,yes,,,,,0
546930340,,residential,no,TH570904,โป่งผา,Pong Pha,253,yes,,,,,0
546930341,,residential,no,TH570904,โป่งผา,Pong Pha,248,yes,,,,,0
546930343,,residential,no,TH570904,โป่งผา,Pong Pha,84,yes,,,,,0
546930344,,residential,no,TH570904,โป่งผา,Pong Pha,71,yes,,,,,0
546930346,,residential,no,TH570904,โป่งผา,Pong Pha,281,yes,,,,,0
546930347,,residential,no,TH570904,โป่งผา,Pong Pha,87,yes,,,,,0
546930348,,residential,no,TH570904,โป่งผา,Pong Pha,230,yes,,,,,0
546930349,,residential,no,TH570904,โป่งผา,Pong Pha,792,yes,47,2024-09-10T23:00:00+07:00,118,2024-09-13T22:00:00+07:00,71
546930350,,residential,no,TH570904,โป่งผา,Pong Pha,205,yes,,,,,0
546930351,,residential,no,TH570904,โป่งผา,Pong Pha,558,yes,,,,,0
546930352,,residential,no,TH570904,โป่งผา,Pong Pha,199,yes,,,,,0
546930353,,residential,no,TH570904,โป่งผา,Pong Pha,424,yes,,,,,0
546930354,,residential,no,TH570904,โป่งผา,Pong Pha,510,yes,,,,,0
546930355,,residential,no,TH570904,โป่งผา,Pong Pha,72,yes,,,,,0
546930356,,residential,no,TH570904,โป่งผา,Pong Pha,257,yes,,,,,0
546930357,,residential,no,TH570904,โป่งผา,Pong Pha,52,yes,,,,,0
546930358,,residential,no,TH570904,โป่งผา,Pong Pha,178,yes,,,,,0
546930359,,residential,no,TH570904,โป่งผา,Pong Pha,71,yes,,,,,0
546930360,,residential,no,TH570904,โป่งผา,Pong Pha,58,yes,,,,,0
546930361,,residential,no,TH570904,โป่งผา,Pong Pha,140,yes,,,,,0
546930362,,residential,no,TH570905,ศรีเมืองชุม,Si Mueang Chum,237,yes,49,2024-09-11T01:00:00+07:00,104,2024-09-13T08:00:00+07:00,55
546930364,,residential,no,TH570904,โป่งผา,Pong Pha,139,yes,,,,,0
546930365,,residential,no,TH570904,โป่งผา,Pong Pha,111,yes,,,,,0
546930366,,residential,no,TH570904,โป่งผา,Pong Pha,129,yes,,,,,0
546930367,,residential,no,TH570904,โป่งผา,Pong Pha,163,yes,,,,,0
546930369,,residential,no,TH570904,โป่งผา,Pong Pha,35,yes,57,2024-09-11T09:00:00+07:00,92,2024-09-12T20:00:00+07:00,35
546930370,,residential,no,TH570904,โป่งผา,Pong Pha,300,yes,,,,,0
546930371,,residential,no,TH570904,โป่งผา,Pong Pha,326,yes,,,,,0
546930372,,residential,no,TH570904,โป่งผา,Pong Pha,109,yes,,,,,0
546930373,,residential,no,TH570904,โป่งผา,Pong Pha,207,yes,,,,,0
546930374,,residential,no,TH570904,โป่งผา,Pong Pha,451,yes,,,,,0
546930376,,residential,no,TH570905,ศรีเมืองชุม,Si Mueang Chum,53,yes,,,,,0
546930377,,residential,no,TH570904,โป่งผา,Pong Pha,83,yes,79,2024-09-12T07:00:00+07:00,86,2024-09-12T14:00:00+07:00,7
546930378,,residential,no,TH570904,โป่งผา,Pong Pha,59,yes,,,,,0
546930379,,residential,no,TH570904,โป่งผา,Pong Pha,80,yes,,,,,0
546930380,,residential,no,TH570904,โป่งผา,Pong Pha,171,yes,,,,,0
546930381,,residential,no,TH570904,โป่งผา,Pong Pha,195,yes,,,,,0
546930382,,residential,no,TH570904,โป่งผา,Pong Pha,326,yes,,,,,0
546930383,,residential,no,TH570904,โป่งผา,Pong Pha,129,yes,,,,,0
546930384,,residential,no,TH570904,โป่งผา,Pong Pha,369,yes,,,,,0
546930385,,residential,no,TH570904,โป่งผา,Pong Pha,266,yes,,,,,0
546930386,,residential,no,TH570904,โป่งผา,Pong Pha,166,yes,,,,,0
546930389,,residential,no,TH570904,โป่งผา,Pong Pha,220,yes,,,,,0
546930390,,residential,no,TH570904,โป่งผา,Pong Pha,73,yes,,,,,0
546930391,,residential,no,TH570904,โป่งผา,Pong Pha,48,yes,,,,,0
546930392,,residential,no,TH570904,โป่งผา,Pong Pha,60,yes,,,,,0
546930393,,residential,no,TH570904,โป่งผา,Pong Pha,64,yes,,,,,0
546930394,,residential,no,TH570904,โป่งผา,Pong Pha,52,yes,,,,,0
546930395,,residential,no,TH570904,โป่งผา,Pong Pha,205,yes,,,,,0
546930397,,residential,no,TH570904,โป่งผา,Pong Pha,82,yes,,,,,0
546930398,,residential,no,TH570904,โป่งผา,Pong Pha,214,yes,,,,,0
546930399,,residential,no,TH570904,โป่งผา,Pong Pha,67,yes,,,,,0
546930400,,residential,no,TH570904,โป่งผา,Pong Pha,67,yes,,,,,0
546930401,,residential,no,TH570904,โป่งผา,Pong Pha,57,yes,,,,,0
546930403,,residential,no,TH570904,โป่งผา,Pong Pha,2203,yes,46,2024-09-10T22:00:00+07:00,131,2024-09-14T11:00:00+07:00,85
546930405,,residential,no,TH570904,โป่งผา,Pong Pha,158,yes,,,,,0
546930406,,residential,no,TH570904,โป่งผา,Pong Pha,45,yes,,,,,0
546930407,,residential,no,TH570904,โป่งผา,Pong Pha,169,yes,,,,,0
546930409,,residential,no,TH570904,โป่งผา,Pong Pha,69,yes,,,,,0
546930411,,residential,no,TH570904,โป่งผา,Pong Pha,60,yes,,,,,0
546930412,,residential,no,TH570904,โป่งผา,Pong Pha,57,yes,,,,,0
546930415,,residential,no,TH570904,โป่งผา,Pong Pha,145,yes,,,,,0
546930416,,residential,no,TH570904,โป่งผา,Pong Pha,103,yes,,,,,0
546930417,,residential,no,TH570904,โป่งผา,Pong Pha,100,yes,,,,,0
546930418,,residential,no,TH570904,โป่งผา,Pong Pha,72,yes,,,,,0
546930419,,residential,no,TH570904,โป่งผา,Pong Pha,204,yes,,,,,0
546930420,,residential,no,TH570904,โป่งผา,Pong Pha,77,yes,,,,,0
546930421,,residential,no,TH570904,โป่งผา,Pong Pha,186,yes,,,,,0
546930423,,residential,no,TH570904,โป่งผา,Pong Pha,109,yes,,,,,0
546930425,,residential,no,TH570904,โป่งผา,Pong Pha,554,yes,,,,,0
546930426,,residential,no,TH570904,โป่งผา,Pong Pha,38,yes,,,,,0
546930427,,residential,no,TH570904,โป่งผา,Pong Pha,85,yes,,,,,0
546930428,,residential,no,TH570904,โป่งผา,Pong Pha,124,yes,,,,,0
546930429,,residential,no,TH570904,โป่งผา,Pong Pha,192,yes,,,,,0
546930430,,residential,no,TH570904,โป่งผา,Pong Pha,227,yes,,,,,0
546930431,,residential,no,TH570904,โป่งผา,Pong Pha,71,yes,,,,,0
546930432,,residential,no,TH570904,โป่งผา,Pong Pha,152,yes,,,,,0
546930433,,residential,no,TH570904,โป่งผา,Pong Pha,64,yes,,,,,0
546930434,,residential,no,TH570904,โป่งผา,Pong Pha,92,yes,,,,,0
546930435,,residential,no,TH570905,ศรีเมืองชุม,Si Mueang Chum,339,yes,,,,,0
546930436,,residential,no,TH570905,ศรีเมืองชุม,Si Mueang Chum,66,yes,,,,,0
546930438,,residential,no,TH570905,ศรีเมืองชุม,Si Mueang Chum,118,yes,,,,,0
546930441,,residential,no,TH570904,โป่งผา,Pong Pha,488,yes,57,2024-09-11T09:00:00+07:00,92,2024-09-12T20:00:00+07:00,35
546930443,,residential,no,TH570904,โป่งผา,Pong Pha,53,yes,,,,,0
546930445,ซอยร่วมใจ,residential,no,TH570904,โป่งผา,Pong Pha,202,yes,,,,,0
546930448,,residential,no,TH570904,โป่งผา,Pong Pha,205,yes,,,,,0
546930451,,residential,no,TH570904,โป่งผา,Pong Pha,720,yes,60,2024-09-11T12:00:00+07:00,90,2024-09-12T18:00:00+07:00,30
546930455,,residential,no,TH570904,โป่งผา,Pong Pha,204,yes,55,2024-09-11T07:00:00+07:00,94,2024-09-12T22:00:00+07:00,39
546930457,,residential,no,TH570904,โป่งผา,Pong Pha,222,yes,,,,,0
546932691,,residential,no,TH570905,ศรีเมืองชุม,Si Mueang Chum,1009,yes,,,,,0
546932693,,residential,no,TH570905,ศรีเมืองชุม,Si Mueang Chum,138,yes,46,2024-09-10T22:00:00+07:00,130,2024-09-14T10:00:00+07:00,84
546932698,,residential,yes,TH570905,ศรีเมืองชุม,Si Mueang Chum,14,yes,,,,,0
546932699,,residential,no,TH570905,ศรีเมืองชุม,Si Mueang Chum,857,yes,50,2024-09-11T02:00:00+07:00,99,2024-09-13T03:00:00+07:00,49
546932700,,residential,no,TH570905,ศรีเมืองชุม,Si Mueang Chum,1119,yes,,,,,0
546932701,,residential,no,TH570905,ศรีเมืองชุม,Si Mueang Chum,44,yes,,,,,0
546932702,,residential,no,TH570905,ศรีเมืองชุม,Si Mueang Chum,133,yes,,,,,0
546932703,,residential,no,TH570905,ศรีเมืองชุม,Si Mueang Chum,87,yes,,,,,0
546932704,,residential,no,TH570905,ศรีเมืองชุม,Si Mueang Chum,137,yes,,,,,0
546932705,,residential,no,TH570905,ศรีเมืองชุม,Si Mueang Chum,221,yes,,,,,0
546932706,,residential,no,TH570905,ศรีเมืองชุม,Si Mueang Chum,244,yes,50,2024-09-11T02:00:00+07:00,101,2024-09-13T05:00:00+07:00,51
546932707,,residential,no,TH570905,ศรีเมืองชุม,Si Mueang Chum,783,yes,47,2024-09-10T23:00:00+07:00,122,2024-09-14T02:00:00+07:00,75
546932709,,residential,no,TH570905,ศรีเมืองชุม,Si Mueang Chum,971,yes,50,2024-09-11T02:00:00+07:00,99,2024-09-13T03:00:00+07:00,49
546932710,,residential,yes,TH570905,ศรีเมืองชุม,Si Mueang Chum,8,yes,,,,,0
546932711,,residential,no,TH570905,ศรีเมืองชุม,Si Mueang Chum,4,yes,,,,,0
546932712,,residential,no,TH570905,ศรีเมืองชุม,Si Mueang Chum,122,yes,,,,,0
546932713,,residential,no,TH570905,ศรีเมืองชุม,Si Mueang Chum,70,yes,,,,,0
546932714,,residential,no,TH570905,ศรีเมืองชุม,Si Mueang Chum,88,yes,,,,,0
546932715,,residential,no,TH570905,ศรีเมืองชุม,Si Mueang Chum,205,yes,,,,,0
546932716,,residential,no,TH570905,ศรีเมืองชุม,Si Mueang Chum,217,yes,,,,,0
546932717,,residential,no,TH570905,ศรีเมืองชุม,Si Mueang Chum,272,yes,,,,,0
546932718,,residential,no,TH570905,ศรีเมืองชุม,Si Mueang Chum,378,yes,,,,,0
546932719,,residential,no,TH570905,ศรีเมืองชุม,Si Mueang Chum,156,yes,,,,,0
546932720,,residential,no,TH570905,ศรีเมืองชุม,Si Mueang Chum,7,yes,,,,,0
546932721,,residential,no,TH570905,ศรีเมืองชุม,Si Mueang Chum,65,yes,,,,,0
546932722,,residential,no,TH570905,ศรีเมืองชุม,Si Mueang Chum,67,yes,,,,,0
546932723,,residential,no,TH570905,ศรีเมืองชุม,Si Mueang Chum,7,yes,,,,,0
546932724,,residential,no,TH570905,ศรีเมืองชุม,Si Mueang Chum,160,yes,,,,,0
546932725,,residential,no,TH570905,ศรีเมืองชุม,Si Mueang Chum,97,yes,,,,,0
546932726,,residential,no,TH570905,ศรีเมืองชุม,Si Mueang Chum,32,yes,,,,,0
546932728,,residential,no,TH570905,ศรีเมืองชุม,Si Mueang Chum,117,yes,,,,,0
546932729,,residential,no,TH570905,ศรีเมืองชุม,Si Mueang Chum,4,yes,,,,,0
546932731,,residential,no,TH570905,ศรีเมืองชุม,Si Mueang Chum,208,yes,49,2024-09-11T01:00:00+07:00,106,2024-09-13T10:00:00+07:00,57
546932732,,residential,no,TH570905,ศรีเมืองชุม,Si Mueang Chum,141,yes,49,2024-09-11T01:00:00+07:00,106,2024-09-13T10:00:00+07:00,57
546932733,,residential,no,TH570905,ศรีเมืองชุม,Si Mueang Chum,154,yes,,,,,0
546932734,,residential,no,TH570905,ศรีเมืองชุม,Si Mueang Chum,186,yes,,,,,0
546932736,,residential,no,TH570905,ศรีเมืองชุม,Si Mueang Chum,568,yes,,,,,0
546932737,,residential,no,TH570905,ศรีเมืองชุม,Si Mueang Chum,500,yes,,,,,0
546932738,,residential,no,TH570905,ศรีเมืองชุม,Si Mueang Chum,45,yes,,,,,0
546932739,,residential,no,TH570905,ศรีเมืองชุม,Si Mueang Chum,45,yes,,,,,0
546932740,,residential,no,TH570905,ศรีเมืองชุม,Si Mueang Chum,300,yes,,,,,0
546932741,,residential,no,TH570905,ศรีเมืองชุม,Si Mueang Chum,266,yes,,,,,0
546932742,,residential,no,TH570905,ศรีเมืองชุม,Si Mueang Chum,56,yes,,,,,0
546932749,,residential,no,TH570905,ศรีเมืองชุม,Si Mueang Chum,9,yes,,,,,0
546932750,,residential,no,TH570905,ศรีเมืองชุม,Si Mueang Chum,92,yes,,,,,0
546932752,,residential,no,TH570905,ศรีเมืองชุม,Si Mueang Chum,55,yes,,,,,0
546932756,,residential,no,TH570905,ศรีเมืองชุม,Si Mueang Chum,150,yes,,,,,0
546932757,,residential,no,TH570905,ศรีเมืองชุม,Si Mueang Chum,533,yes,,,,,0
546932759,,residential,no,TH570905,ศรีเมืองชุม,Si Mueang Chum,88,yes,,,,,0
546932760,,residential,no,TH570905,ศรีเมืองชุม,Si Mueang Chum,79,yes,,,,,0
546932761,,residential,no,TH570905,ศรีเมืองชุม,Si Mueang Chum,403,yes,,,,,0
546932762,,residential,no,TH570905,ศรีเมืองชุม,Si Mueang Chum,329,yes,53,2024-09-11T05:00:00+07:00,96,2024-09-13T00:00:00+07:00,43
546932767,,residential,no,TH570905,ศรีเมืองชุม,Si Mueang Chum,781,yes,,,,,0
546932768,,residential,no,TH570905,ศรีเมืองชุม,Si Mueang Chum,266,yes,,,,,0
546932776,,residential,no,TH570905,ศรีเมืองชุม,Si Mueang Chum,192,yes,,,,,0
546932777,,residential,no,TH570905,ศรีเมืองชุม,Si Mueang Chum,715,yes,51,2024-09-11T03:00:00+07:00,98,2024-09-13T02:00:00+07:00,47
546932778,,residential,no,TH570905,ศรีเมืองชุม,Si Mueang Chum,129,yes,,,,,0
546932782,,residential,yes,TH570905,ศรีเมืองชุม,Si Mueang Chum,12,yes,,,,,0
546932784,,residential,no,TH570905,ศรีเมืองชุม,Si Mueang Chum,54,yes,,,,,0
546932786,,residential,yes,TH570905,ศรีเมืองชุม,Si Mueang Chum,10,yes,,,,,0
546932788,,residential,no,TH570905,ศรีเมืองชุม,Si Mueang Chum,139,yes,,,,,0
546932790,,residential,yes,TH570905,ศรีเมืองชุม,Si Mueang Chum,11,yes,,,,,0
546932792,,residential,no,TH570905,ศรีเมืองชุม,Si Mueang Chum,68,yes,,,,,0
546932795,,residential,yes,TH570905,ศรีเมืองชุม,Si Mueang Chum,12,yes,,,,,0
546932797,,residential,no,TH570905,ศรีเมืองชุม,Si Mueang Chum,52,yes,,,,,0
546932799,,residential,yes,TH570905,ศรีเมืองชุม,Si Mueang Chum,11,yes,,,,,0
546932801,,residential,no,TH570905,ศรีเมืองชุม,Si Mueang Chum,4,yes,,,,,0
546932802,,residential,no,TH570905,ศรีเมืองชุม,Si Mueang Chum,89,yes,,,,,0
546932804,,residential,no,TH570905,ศรีเมืองชุม,Si Mueang Chum,55,yes,,,,,0
546932806,,residential,yes,TH570905,ศรีเมืองชุม,Si Mueang Chum,8,yes,,,,,0
546932808,,residential,no,TH570905,ศรีเมืองชุม,Si Mueang Chum,12,yes,,,,,0
546932810,,residential,yes,TH570905,ศรีเมืองชุม,Si Mueang Chum,9,yes,,,,,0
546932811,,residential,no,TH570905,ศรีเมืองชุม,Si Mueang Chum,310,yes,,,,,0
546932812,,residential,no,TH570905,ศรีเมืองชุม,Si Mueang Chum,70,yes,,,,,0
546932813,,residential,no,TH570905,ศรีเมืองชุม,Si Mueang Chum,58,yes,,,,,0
546932814,,residential,no,TH570905,ศรีเมืองชุม,Si Mueang Chum,200,yes,,,,,0
546932815,,residential,no,TH570905,ศรีเมืองชุม,Si Mueang Chum,77,yes,,,,,0
546932816,,residential,no,TH570905,ศรีเมืองชุม,Si Mueang Chum,425,yes,68,2024-09-11T20:00:00+07:00,87,2024-09-12T15:00:00+07:00,19
546932817,,residential,no,TH570905,ศรีเมืองชุม,Si Mueang Chum,32,yes,,,,,0
546932819,,residential,no,TH570905,ศรีเมืองชุม,Si Mueang Chum,330,yes,,,,,0
546932820,,residential,no,TH570905,ศรีเมืองชุม,Si Mueang Chum,50,yes,68,2024-09-11T20:00:00+07:00,87,2024-09-12T15:00:00+07:00,19
546932821,,residential,no,TH570905,ศรีเมืองชุม,Si Mueang Chum,94,yes,,,,,0
546932822,,residential,no,TH570905,ศรีเมืองชุม,Si Mueang Chum,204,yes,,,,,0
546932823,,residential,no,TH570905,ศรีเมืองชุม,Si Mueang Chum,76,yes,,,,,0
546932824,,residential,no,TH570905,ศรีเมืองชุม,Si Mueang Chum,69,yes,,,,,0
546932826,,residential,no,TH570905,ศรีเมืองชุม,Si Mueang Chum,118,yes,58,2024-09-11T10:00:00+07:00,91,2024-09-12T19:00:00+07:00,33
546932827,,residential,no,TH570905,ศรีเมืองชุม,Si Mueang Chum,161,yes,,,,,0
546932828,,residential,no,TH570905,ศรีเมืองชุม,Si Mueang Chum,199,yes,,,,,0
546932829,,residential,no,TH570905,ศรีเมืองชุม,Si Mueang Chum,95,yes,,,,,0
546932830,,residential,no,TH570905,ศรีเมืองชุม,Si Mueang Chum,32,yes,,,,,0
546932832,,residential,no,TH570905,ศรีเมืองชุม,Si Mueang Chum,54,yes,,,,,0
546932833,,residential,no,TH570905,ศรีเมืองชุม,Si Mueang Chum,46,yes,,,,,0
546932835,,residential,no,TH570905,ศรีเมืองชุม,Si Mueang Chum,159,yes,,,,,0
546932837,,residential,no,TH570905,ศรีเมืองชุม,Si Mueang Chum,206,yes,,,,,0
546932839,,residential,no,TH570905,ศรีเมืองชุม,Si Mueang Chum,155,yes,,,,,0
546932841,,residential,no,TH570905,ศรีเมืองชุม,Si Mueang Chum,158,yes,,,,,0
546933649,,residential,no,TH570905,ศรีเมืองชุม,Si Mueang Chum,626,yes,47,2024-09-10T23:00:00+07:00,122,2024-09-14T02:00:00+07:00,75
546934401,,unclassified,no,TH570905,ศรีเมืองชุม,Si Mueang Chum,4288,yes,44,2024-09-10T20:00:00+07:00,149,2024-09-15T05:00:00+07:00,105
546934407,,residential,no,TH570905,ศรีเมืองชุม,Si Mueang Chum,79,yes,64,2024-09-11T16:00:00+07:00,88,2024-09-12T16:00:00+07:00,24
546934409,,residential,yes,TH570905,ศรีเมืองชุม,Si Mueang Chum,13,yes,,,,,0
546934413,,residential,no,TH570905,ศรีเมืองชุม,Si Mueang Chum,118,yes,49,2024-09-11T01:00:00+07:00,105,2024-09-13T09:00:00+07:00,56
546934414,,residential,no,TH570905,ศรีเมืองชุม,Si Mueang Chum,79,yes,,,,,0
546934416,,residential,no,TH570905,ศรีเมืองชุม,Si Mueang Chum,77,yes,,,,,0
546934446,,residential,no,TH570905,ศรีเมืองชุม,Si Mueang Chum,59,yes,,,,,0
546934448,,residential,no,TH570905,ศรีเมืองชุม,Si Mueang Chum,136,yes,,,,,0
546934453,,residential,no,TH570905,ศรีเมืองชุม,Si Mueang Chum,83,yes,,,,,0
546934457,,residential,no,TH570905,ศรีเมืองชุม,Si Mueang Chum,32,yes,64,2024-09-11T16:00:00+07:00,88,2024-09-12T16:00:00+07:00,24
546934461,,residential,no,TH570905,ศรีเมืองชุม,Si Mueang Chum,343,yes,47,2024-09-10T23:00:00+07:00,122,2024-09-14T02:00:00+07:00,75
546934468,,residential,no,TH570905,ศรีเมืองชุม,Si Mueang Chum,56,yes,,,,,0
546934475,,residential,no,TH570905,ศรีเมืองชุม,Si Mueang Chum,45,yes,60,2024-09-11T12:00:00+07:00,89,2024-09-12T17:00:00+07:00,29
546934477,,residential,no,TH570905,ศรีเมืองชุม,Si Mueang Chum,166,yes,,,,,0
546934478,,residential,no,TH570905,ศรีเมืองชุม,Si Mueang Chum,19,yes,,,,,0
546934480,,residential,no,TH570905,ศรีเมืองชุม,Si Mueang Chum,179,yes,,,,,0
546934484,,residential,no,TH570905,ศรีเมืองชุม,Si Mueang Chum,69,yes,58,2024-09-11T10:00:00+07:00,91,2024-09-12T19:00:00+07:00,33
546934487,,residential,no,TH570905,ศรีเมืองชุม,Si Mueang Chum,87,yes,,,,,0
546934489,,residential,no,TH570905,ศรีเมืองชุม,Si Mueang Chum,78,yes,,,,,0
546934493,,residential,no,TH570905,ศรีเมืองชุม,Si Mueang Chum,478,yes,,,,,0
547100766,,residential,no,TH570902,ห้วยไคร้,Huai Khrai,725,yes,,,,,0
547100775,,residential,no,TH570902,ห้วยไคร้,Huai Khrai,119,yes,,,,,0
547100776,,residential,no,TH570902,ห้วยไคร้,Huai Khrai,89,yes,,,,,0
547100779,,residential,no,TH570902,ห้วยไคร้,Huai Khrai,89,yes,,,,,0
547100791,,residential,no,TH570902,ห้วยไคร้,Huai Khrai,201,yes,,,,,0
547100794,,residential,no,TH570902,ห้วยไคร้,Huai Khrai,34,yes,,,,,0
547100796,,residential,no,TH570902,ห้วยไคร้,Huai Khrai,103,yes,,,,,0
547100797,,residential,no,TH570902,ห้วยไคร้,Huai Khrai,293,yes,,,,,0
547100802,,residential,no,TH570902,ห้วยไคร้,Huai Khrai,146,yes,,,,,0
547100805,,residential,no,TH570902,ห้วยไคร้,Huai Khrai,80,yes,,,,,0
547110651,,unclassified,no,TH570908,บ้านด้าย,Ban Dai,2379,yes,46,2024-09-10T22:00:00+07:00,125,2024-09-14T05:00:00+07:00,79
547110655,,residential,no,TH570902,ห้วยไคร้,Huai Khrai,304,yes,,,,,0
547110658,,residential,no,TH570902,ห้วยไคร้,Huai Khrai,40,yes,,,,,0
547110659,,residential,no,TH570902,ห้วยไคร้,Huai Khrai,328,yes,,,,,0
547110661,,unclassified,no,TH570902,ห้วยไคร้,Huai Khrai,3384,yes,,,,,0
547110662,,residential,no,TH570902,ห้วยไคร้,Huai Khrai,107,yes,,,,,0
547110663,,unclassified,no,TH570902,ห้วยไคร้,Huai Khrai,328,yes,,,,,0
547110671,,residential,no,TH570902,ห้วยไคร้,Huai Khrai,95,yes,,,,,0
547110672,,residential,no,TH570908,บ้านด้าย,Ban Dai,223,yes,,,,,0
547110680,,residential,no,TH570902,ห้วยไคร้,Huai Khrai,147,yes,,,,,0
547110681,,residential,no,TH570908,บ้านด้าย,Ban Dai,66,yes,,,,,0
547110687,,residential,no,TH570902,ห้วยไคร้,Huai Khrai,431,yes,,,,,0
547110690,,residential,no,TH570908,บ้านด้าย,Ban Dai,87,yes,,,,,0
547110691,,residential,no,TH570908,บ้านด้าย,Ban Dai,77,yes,,,,,0
547112414,,residential,no,TH570908,บ้านด้าย,Ban Dai,462,yes,44,2024-09-10T20:00:00+07:00,152,2024-09-15T08:00:00+07:00,108
547112415,,residential,no,TH570908,บ้านด้าย,Ban Dai,341,yes,44,2024-09-10T20:00:00+07:00,152,2024-09-15T08:00:00+07:00,108
547112417,,residential,no,TH570908,บ้านด้าย,Ban Dai,139,yes,,,,,0
547112418,,residential,no,TH570908,บ้านด้าย,Ban Dai,460,yes,44,2024-09-10T20:00:00+07:00,152,2024-09-15T08:00:00+07:00,108
547112424,,residential,no,TH570908,บ้านด้าย,Ban Dai,1570,yes,52,2024-09-11T04:00:00+07:00,97,2024-09-13T01:00:00+07:00,45
547112425,,residential,no,TH570908,บ้านด้าย,Ban Dai,830,yes,44,2024-09-10T20:00:00+07:00,152,2024-09-15T08:00:00+07:00,108
547112427,,residential,no,TH570908,บ้านด้าย,Ban Dai,108,yes,45,2024-09-10T21:00:00+07:00,141,2024-09-14T21:00:00+07:00,96
547112432,,residential,no,TH570908,บ้านด้าย,Ban Dai,124,yes,,,,,0
547112455,,residential,no,TH570908,บ้านด้าย,Ban Dai,71,yes,45,2024-09-10T21:00:00+07:00,141,2024-09-14T21:00:00+07:00,96
547112456,,residential,no,TH570908,บ้านด้าย,Ban Dai,236,yes,,,,,0
547112464,,residential,no,TH570908,บ้านด้าย,Ban Dai,265,yes,,,,,0
547112465,,residential,no,TH570908,บ้านด้าย,Ban Dai,38,yes,,,,,0
547112468,,residential,no,TH570908,บ้านด้าย,Ban Dai,114,yes,,,,,0
547112469,,residential,no,TH570908,บ้านด้าย,Ban Dai,209,yes,,,,,0
547112481,,residential,no,TH570908,บ้านด้าย,Ban Dai,82,yes,,,,,0
547134444,,residential,no,TH570902,ห้วยไคร้,Huai Khrai,329,yes,,,,,0
547134445,,residential,no,TH570902,ห้วยไคร้,Huai Khrai,102,yes,,,,,0
547134446,,residential,no,TH570902,ห้วยไคร้,Huai Khrai,103,yes,,,,,0
547134447,,residential,no,TH570902,ห้วยไคร้,Huai Khrai,48,yes,,,,,0
547134448,,residential,no,TH570902,ห้วยไคร้,Huai Khrai,80,yes,,,,,0
547134456,,residential,no,TH570902,ห้วยไคร้,Huai Khrai,195,yes,,,,,0
547134457,,residential,no,TH570902,ห้วยไคร้,Huai Khrai,154,yes,,,,,0
547134459,,residential,no,TH570902,ห้วยไคร้,Huai Khrai,86,yes,,,,,0
547134461,,residential,no,TH570902,ห้วยไคร้,Huai Khrai,694,yes,,,,,0
547134462,,residential,no,TH570902,ห้วยไคร้,Huai Khrai,156,yes,,,,,0
547134463,,residential,no,TH570902,ห้วยไคร้,Huai Khrai,483,yes,,,,,0
547134464,,residential,no,TH570902,ห้วยไคร้,Huai Khrai,710,yes,,,,,0
547134466,,residential,no,TH570902,ห้วยไคร้,Huai Khrai,277,yes,,,,,0
547134469,,residential,no,TH570902,ห้วยไคร้,Huai Khrai,402,yes,,,,,0
547134470,,residential,no,TH570902,ห้วยไคร้,Huai Khrai,59,yes,,,,,0
547134472,,residential,no,TH570902,ห้วยไคร้,Huai Khrai,260,yes,,,,,0
547134474,,residential,no,TH570902,ห้วยไคร้,Huai Khrai,521,yes,,,,,0
547134477,,residential,no,TH570902,ห้วยไคร้,Huai Khrai,103,yes,,,,,0
547134478,,residential,no,TH570902,ห้วยไคร้,Huai Khrai,76,yes,,,,,0
547134479,,residential,no,TH570902,ห้วยไคร้,Huai Khrai,443,yes,,,,,0
547134480,,residential,no,TH570902,ห้วยไคร้,Huai Khrai,294,yes,,,,,0
547134484,,residential,no,TH570902,ห้วยไคร้,Huai Khrai,103,yes,,,,,0
547134486,,residential,no,TH570902,ห้วยไคร้,Huai Khrai,132,yes,,,,,0
547134488,,residential,no,TH570902,ห้วยไคร้,Huai Khrai,282,yes,,,,,0
547134493,,residential,no,TH570902,ห้วยไคร้,Huai Khrai,448,yes,,,,,0
547134496,,residential,no,TH570902,ห้วยไคร้,Huai Khrai,123,yes,,,,,0
547134503,,residential,no,TH570902,ห้วยไคร้,Huai Khrai,141,yes,,,,,0
547134505,,residential,no,TH570902,ห้วยไคร้,Huai Khrai,29,yes,,,,,0
547134507,,residential,no,TH570902,ห้วยไคร้,Huai Khrai,105,yes,,,,,0
547134509,,residential,no,TH570902,ห้วยไคร้,Huai Khrai,725,yes,,,,,0
547134511,,residential,no,TH570902,ห้วยไคร้,Huai Khrai,211,yes,,,,,0
547134518,,residential,no,TH570902,ห้วยไคร้,Huai Khrai,54,yes,,,,,0
547134521,,residential,no,TH570902,ห้วยไคร้,Huai Khrai,137,yes,,,,,0
547134522,,residential,no,TH570902,ห้วยไคร้,Huai Khrai,57,yes,,,,,0
547134523,,residential,no,TH570902,ห้วยไคร้,Huai Khrai,100,yes,,,,,0
547134525,,residential,no,TH570902,ห้วยไคร้,Huai Khrai,145,yes,,,,,0
547134526,,residential,no,TH570902,ห้วยไคร้,Huai Khrai,139,yes,,,,,0
547134529,,residential,no,TH570902,ห้วยไคร้,Huai Khrai,205,yes,,,,,0
547134530,,residential,no,TH570902,ห้วยไคร้,Huai Khrai,126,yes,,,,,0
547134531,,residential,no,TH570902,ห้วยไคร้,Huai Khrai,155,yes,,,,,0
547134533,,residential,no,TH570902,ห้วยไคร้,Huai Khrai,49,yes,,,,,0
547134534,,residential,no,TH570902,ห้วยไคร้,Huai Khrai,189,yes,,,,,0
547134535,,residential,no,TH570902,ห้วยไคร้,Huai Khrai,177,yes,,,,,0
547134536,,residential,no,TH570902,ห้วยไคร้,Huai Khrai,122,yes,,,,,0
547134538,,residential,no,TH570902,ห้วยไคร้,Huai Khrai,274,yes,,,,,0
547134543,,residential,no,TH570902,ห้วยไคร้,Huai Khrai,175,yes,,,,,0
547134544,,residential,no,TH570902,ห้วยไคร้,Huai Khrai,41,yes,,,,,0
547134548,,residential,no,TH570902,ห้วยไคร้,Huai Khrai,78,yes,,,,,0
547134550,,residential,no,TH570902,ห้วยไคร้,Huai Khrai,36,yes,,,,,0
547134551,,residential,no,TH570902,ห้วยไคร้,Huai Khrai,183,yes,,,,,0
547134552,,residential,no,TH570902,ห้วยไคร้,Huai Khrai,73,yes,,,,,0
547134553,,residential,no,TH570902,ห้วยไคร้,Huai Khrai,362,yes,,,,,0
547134555,,residential,no,TH570902,ห้วยไคร้,Huai Khrai,1168,yes,,,,,0
547134558,,residential,no,TH570902,ห้วยไคร้,Huai Khrai,96,yes,,,,,0
547134559,,residential,no,TH570902,ห้วยไคร้,Huai Khrai,199,yes,,,,,0
547134560,,residential,no,TH570902,ห้วยไคร้,Huai Khrai,175,yes,,,,,0
547134568,,residential,no,TH570902,ห้วยไคร้,Huai Khrai,161,yes,,,,,0
547134569,,residential,no,TH570902,ห้วยไคร้,Huai Khrai,135,yes,,,,,0
547134571,,residential,no,TH570902,ห้วยไคร้,Huai Khrai,255,yes,,,,,0
547134572,,residential,no,TH570902,ห้วยไคร้,Huai Khrai,113,yes,,,,,0
547134573,,residential,no,TH570902,ห้วยไคร้,Huai Khrai,279,yes,,,,,0
547134574,,residential,no,TH570902,ห้วยไคร้,Huai Khrai,231,yes,,,,,0
547134576,,residential,no,TH570902,ห้วยไคร้,Huai Khrai,42,yes,,,,,0
547134579,,residential,no,TH570902,ห้วยไคร้,Huai Khrai,56,yes,,,,,0
547134580,,residential,no,TH570902,ห้วยไคร้,Huai Khrai,75,yes,,,,,0
547134581,,residential,no,TH570902,ห้วยไคร้,Huai Khrai,50,yes,,,,,0
547134586,,residential,no,TH570902,ห้วยไคร้,Huai Khrai,43,yes,,,,,0
547134587,,residential,no,TH570902,ห้วยไคร้,Huai Khrai,39,yes,,,,,0
547134591,,residential,no,TH570902,ห้วยไคร้,Huai Khrai,546,yes,,,,,0
547134592,,residential,no,TH570902,ห้วยไคร้,Huai Khrai,65,yes,,,,,0
547134593,,residential,no,TH570902,ห้วยไคร้,Huai Khrai,32,yes,,,,,0
547134594,,residential,no,TH570902,ห้วยไคร้,Huai Khrai,57,yes,,,,,0
547134595,,residential,no,TH570902,ห้วยไคร้,Huai Khrai,392,yes,,,,,0
547134596,,residential,no,TH570902,ห้วยไคร้,Huai Khrai,69,yes,,,,,0
547134597,,residential,no,TH570902,ห้วยไคร้,Huai Khrai,68,yes,,,,,0
547134598,,residential,no,TH570902,ห้วยไคร้,Huai Khrai,456,yes,,,,,0
547134599,,residential,no,TH570902,ห้วยไคร้,Huai Khrai,71,yes,,,,,0
547134600,,residential,no,TH570902,ห้วยไคร้,Huai Khrai,69,yes,,,,,0
547134601,,residential,no,TH570902,ห้วยไคร้,Huai Khrai,49,yes,,,,,0
547134603,,residential,no,TH570902,ห้วยไคร้,Huai Khrai,236,yes,,,,,0
547134604,,residential,no,TH570902,ห้วยไคร้,Huai Khrai,184,yes,,,,,0
547134607,,residential,no,TH570902,ห้วยไคร้,Huai Khrai,48,yes,,,,,0
549456221,,residential,no,TH570902,ห้วยไคร้,Huai Khrai,119,yes,,,,,0
549456383,,residential,no,TH570902,ห้วยไคร้,Huai Khrai,72,yes,,,,,0
574145342,,residential,no,TH570903,เกาะช้าง,Ko Chang,437,yes,45,2024-09-10T21:00:00+07:00,134,2024-09-14T14:00:00+07:00,89
574155748,,residential,no,TH570906,เวียงพางคำ,Wiang Phang Kham,192,yes,,,,,0
574155752,,residential,yes,TH570901,แม่สาย,Mae Sai,19,yes,,,,,0
574176757,,residential,no,TH570906,เวียงพางคำ,Wiang Phang Kham,129,yes,,,,,0
574176759,,residential,no,TH570906,เวียงพางคำ,Wiang Phang Kham,234,yes,,,,,0
574183296,,residential,no,TH570906,เวียงพางคำ,Wiang Phang Kham,163,yes,,,,,0
574214110,,residential,no,TH570909,โป่งงาม,Pong Ngam,44,yes,,,,,0
578658346,,unclassified,no,TH570904,โป่งผา,Pong Pha,673,yes,,,,,0
579407898,,residential,yes,TH570901,แม่สาย,Mae Sai,18,yes,,,,,0
579407900,,residential,no,TH570901,แม่สาย,Mae Sai,27,yes,,,,,0
579407902,,residential,no,TH570909,โป่งงาม,Pong Ngam,32,yes,,,,,0
579407903,,residential,yes,TH570909,โป่งงาม,Pong Ngam,8,yes,,,,,0
585191261,,residential,no,TH570901,แม่สาย,Mae Sai,78,yes,46,2024-09-10T22:00:00+07:00,131,2024-09-14T11:00:00+07:00,85
585191263,,residential,no,TH570901,แม่สาย,Mae Sai,64,yes,44,2024-09-10T20:00:00+07:00,145,2024-09-15T01:00:00+07:00,101
585191264,,residential,no,TH570901,แม่สาย,Mae Sai,74,yes,45,2024-09-10T21:00:00+07:00,138,2024-09-14T18:00:00+07:00,93
585200655,,residential,no,TH570901,แม่สาย,Mae Sai,142,yes,,,,,0
585200657,,residential,no,TH570906,เวียงพางคำ,Wiang Phang Kham,28,yes,,,,,0
585200659,,residential,no,TH570906,เวียงพางคำ,Wiang Phang Kham,49,yes,,,,,0
585200661,,residential,no,TH570901,แม่สาย,Mae Sai,80,yes,,,,,0
585200663,,residential,no,TH570901,แม่สาย,Mae Sai,60,yes,,,,,0
585200665,,residential,no,TH570901,แม่สาย,Mae Sai,46,yes,,,,,0
585200667,,residential,no,TH570905,ศรีเมืองชุม,Si Mueang Chum,57,yes,,,,,0
585200669,,residential,no,TH570903,เกาะช้าง,Ko Chang,121,yes,,,,,0
585208895,,residential,no,TH570905,ศรีเมืองชุม,Si Mueang Chum,26,yes,46,2024-09-10T22:00:00+07:00,125,2024-09-14T05:00:00+07:00,79
585208898,,residential,no,TH570905,ศรีเมืองชุม,Si Mueang Chum,106,yes,46,2024-09-10T22:00:00+07:00,125,2024-09-14T05:00:00+07:00,79
585208900,,residential,yes,TH570905,ศรีเมืองชุม,Si Mueang Chum,4,yes,,,,,0
585208903,,residential,no,TH570905,ศรีเมืองชุม,Si Mueang Chum,3,yes,,,,,0
585208906,,residential,no,TH570904,โป่งผา,Pong Pha,221,yes,,,,,0
585211021,,residential,no,TH570908,บ้านด้าย,Ban Dai,105,yes,,,,,0
603181723,,residential,no,TH570904,โป่งผา,Pong Pha,219,yes,,,,,0
603181752,,residential,no,TH570904,โป่งผา,Pong Pha,251,yes,,,,,0
603181855,,residential,no,TH570904,โป่งผา,Pong Pha,179,yes,,,,,0
605767130,,residential,no,TH570909,โป่งงาม,Pong Ngam,223,yes,,,,,0
605767131,,residential,no,TH570909,โป่งงาม,Pong Ngam,219,yes,,,,,0
605767132,,residential,no,TH570909,โป่งงาม,Pong Ngam,257,yes,,,,,0
605768251,,unclassified,no,TH570904,โป่งผา,Pong Pha,272,yes,,,,,0
605769662,,residential,no,TH570909,โป่งงาม,Pong Ngam,276,yes,,,,,0
605769663,,residential,no,TH570909,โป่งงาม,Pong Ngam,121,yes,,,,,0
605769664,,residential,no,TH570909,โป่งงาม,Pong Ngam,200,yes,,,,,0
605769665,,residential,no,TH570909,โป่งงาม,Pong Ngam,51,yes,,,,,0
605769666,,residential,no,TH570909,โป่งงาม,Pong Ngam,345,yes,,,,,0
605769667,,residential,no,TH570909,โป่งงาม,Pong Ngam,234,yes,,,,,0
605769668,,residential,no,TH570909,โป่งงาม,Pong Ngam,271,yes,,,,,0
605769669,,residential,no,TH570909,โป่งงาม,Pong Ngam,53,yes,,,,,0
605769671,,residential,no,TH570909,โป่งงาม,Pong Ngam,54,yes,,,,,0
605769672,,residential,no,TH570909,โป่งงาม,Pong Ngam,95,yes,,,,,0
605769673,,residential,no,TH570904,โป่งผา,Pong Pha,283,yes,,,,,0
605769674,,residential,no,TH570904,โป่งผา,Pong Pha,8,yes,,,,,0
605772281,,residential,no,TH570906,เวียงพางคำ,Wiang Phang Kham,759,yes,44,2024-09-10T20:00:00+07:00,153,2024-09-15T09:00:00+07:00,109
605773004,,residential,no,TH570904,โป่งผา,Pong Pha,847,yes,,,,,0
606962163,,residential,no,TH570904,โป่งผา,Pong Pha,245,yes,,,,,0
606962164,,residential,no,TH570904,โป่งผา,Pong Pha,180,yes,,,,,0
606962165,,residential,no,TH570904,โป่งผา,Pong Pha,240,yes,,,,,0
606962166,,residential,no,TH570904,โป่งผา,Pong Pha,97,yes,,,,,0
606962167,,residential,no,TH570904,โป่งผา,Pong Pha,98,yes,,,,,0
606962168,,residential,no,TH570904,โป่งผา,Pong Pha,384,yes,,,,,0
606962169,,residential,no,TH570904,โป่งผา,Pong Pha,413,yes,,,,,0
606962170,,residential,no,TH570904,โป่งผา,Pong Pha,382,yes,,,,,0
606962171,,residential,no,TH570904,โป่งผา,Pong Pha,146,yes,,,,,0
606962172,,unclassified,no,TH570904,โป่งผา,Pong Pha,406,yes,,,,,0
607937579,,residential,no,TH570904,โป่งผา,Pong Pha,182,yes,,,,,0
610724074,,residential,no,TH570904,โป่งผา,Pong Pha,301,yes,,,,,0
610724075,,residential,no,TH570904,โป่งผา,Pong Pha,369,yes,,,,,0
610724078,,residential,no,TH570904,โป่งผา,Pong Pha,1394,yes,45,2024-09-10T21:00:00+07:00,132,2024-09-14T12:00:00+07:00,87
610724079,,residential,no,TH570904,โป่งผา,Pong Pha,776,yes,45,2024-09-10T21:00:00+07:00,132,2024-09-14T12:00:00+07:00,87
610724080,,residential,no,TH570904,โป่งผา,Pong Pha,149,yes,45,2024-09-10T21:00:00+07:00,132,2024-09-14T12:00:00+07:00,87
610724081,,residential,no,TH570904,โป่งผา,Pong Pha,465,yes,45,2024-09-10T21:00:00+07:00,132,2024-09-14T12:00:00+07:00,87
610724082,,residential,no,TH570904,โป่งผา,Pong Pha,172,yes,47,2024-09-10T23:00:00+07:00,119,2024-09-13T23:00:00+07:00,72
610724083,,residential,no,TH570904,โป่งผา,Pong Pha,587,yes,,,,,0
610724088,,residential,no,TH570904,โป่งผา,Pong Pha,647,yes,45,2024-09-10T21:00:00+07:00,132,2024-09-14T12:00:00+07:00,87
610724089,,residential,no,TH570904,โป่งผา,Pong Pha,372,yes,46,2024-09-10T22:00:00+07:00,130,2024-09-14T10:00:00+07:00,84
610724090,,residential,no,TH570904,โป่งผา,Pong Pha,208,yes,,,,,0
610724091,,residential,no,TH570904,โป่งผา,Pong Pha,78,yes,,,,,0
689754098,,residential,no,TH570903,เกาะช้าง,Ko Chang,578,yes,46,2024-09-10T22:00:00+07:00,125,2024-09-14T05:00:00+07:00,79
690234492,,residential,no,TH570906,เวียงพางคำ,Wiang Phang Kham,306,yes,,,,,0
703240633,,residential,no,TH570906,เวียงพางคำ,Wiang Phang Kham,100,yes,47,2024-09-10T23:00:00+07:00,116,2024-09-13T20:00:00+07:00,69
703241381,,residential,no,TH570906,เวียงพางคำ,Wiang Phang Kham,190,yes,,,,,0
878228412,,unclassified,no,TH570909,โป่งงาม,Pong Ngam,509,yes,,,,,0
934514741,,residential,no,TH570901,แม่สาย,Mae Sai,338,yes,,,,,0
934514742,,residential,no,TH570901,แม่สาย,Mae Sai,426,yes,,,,,0
934515634,,residential,no,TH570901,แม่สาย,Mae Sai,87,yes,,,,,0
934515635,,residential,no,TH570901,แม่สาย,Mae Sai,151,yes,,,,,0
934516243,,residential,no,TH570901,แม่สาย,Mae Sai,25,yes,,,,,0
934516244,,residential,no,TH570901,แม่สาย,Mae Sai,26,yes,,,,,0
934516245,,residential,no,TH570901,แม่สาย,Mae Sai,163,yes,,,,,0
934516246,,trunk,no,TH570901,แม่สาย,Mae Sai,56,yes,,,,,0
934516247,,trunk,no,TH570901,แม่สาย,Mae Sai,26,yes,59,2024-09-11T11:00:00+07:00,90,2024-09-12T18:00:00+07:00,31
934517087,,residential,no,TH570901,แม่สาย,Mae Sai,507,yes,,,,,0
934517088,,residential,no,TH570901,แม่สาย,Mae Sai,588,yes,45,2024-09-10T21:00:00+07:00,141,2024-09-14T21:00:00+07:00,96
934517089,,residential,yes,TH570901,แม่สาย,Mae Sai,14,yes,,,,,0
934517091,,residential,no,TH570901,แม่สาย,Mae Sai,289,yes,61,2024-09-11T13:00:00+07:00,89,2024-09-12T17:00:00+07:00,28
934517288,,residential,no,TH570901,แม่สาย,Mae Sai,117,yes,,,,,0
934517289,,residential,no,TH570901,แม่สาย,Mae Sai,44,yes,,,,,0
934517290,,residential,no,TH570901,แม่สาย,Mae Sai,128,yes,,,,,0
934518021,,residential,no,TH570901,แม่สาย,Mae Sai,513,yes,68,2024-09-11T20:00:00+07:00,87,2024-09-12T15:00:00+07:00,19
934518757,,residential,no,TH570901,แม่สาย,Mae Sai,162,yes,,,,,0
934518758,,residential,no,TH570901,แม่สาย,Mae Sai,167,yes,,,,,0
934520147,,residential,no,TH570901,แม่สาย,Mae Sai,195,yes,,,,,0
934520308,,residential,no,TH570901,แม่สาย,Mae Sai,44,yes,45,2024-09-10T21:00:00+07:00,136,2024-09-14T16:00:00+07:00,91
934520309,,residential,no,TH570901,แม่สาย,Mae Sai,122,yes,45,2024-09-10T21:00:00+07:00,136,2024-09-14T16:00:00+07:00,91
934521391,,residential,yes,TH570901,แม่สาย,Mae Sai,9,yes,,,,,0
934521392,,residential,no,TH570901,แม่สาย,Mae Sai,5,yes,,,,,0
934521899,,residential,no,TH570901,แม่สาย,Mae Sai,455,yes,45,2024-09-10T21:00:00+07:00,138,2024-09-14T18:00:00+07:00,93
934522561,,residential,no,TH570906,เวียงพางคำ,Wiang Phang Kham,274,yes,,,,,0
934524597,,residential,no,TH570906,เวียงพางคำ,Wiang Phang Kham,41,yes,,,,,0
934524916,,residential,no,TH570906,เวียงพางคำ,Wiang Phang Kham,36,yes,,,,,0
934524917,,residential,no,TH570906,เวียงพางคำ,Wiang Phang Kham,33,yes,,,,,0
934525285,,residential,no,TH570906,เวียงพางคำ,Wiang Phang Kham,75,yes,,,,,0
934525731,,residential,no,TH570901,แม่สาย,Mae Sai,115,yes,,,,,0
934526499,,residential,no,TH570901,แม่สาย,Mae Sai,121,yes,,,,,0
934526859,,residential,no,TH570906,เวียงพางคำ,Wiang Phang Kham,150,yes,,,,,0
934526860,,residential,no,TH570906,เวียงพางคำ,Wiang Phang Kham,323,yes,,,,,0
934526861,,residential,no,TH570906,เวียงพางคำ,Wiang Phang Kham,329,yes,,,,,0
934526862,,residential,no,TH570906,เวียงพางคำ,Wiang Phang Kham,133,yes,,,,,0
934526863,,unclassified,no,TH570906,เวียงพางคำ,Wiang Phang Kham,8,yes,,,,,0
934526870,,residential,no,TH570906,เวียงพางคำ,Wiang Phang Kham,124,yes,,,,,0
934526871,,unclassified,no,TH570906,เวียงพางคำ,Wiang Phang Kham,486,yes,,,,,0
934526872,,unclassified,no,TH570906,เวียงพางคำ,Wiang Phang Kham,483,yes,,,,,0
934527603,,residential,no,TH570906,เวียงพางคำ,Wiang Phang Kham,166,yes,,,,,0
934527604,,residential,no,TH570906,เวียงพางคำ,Wiang Phang Kham,83,yes,,,,,0
934527605,,residential,no,TH570906,เวียงพางคำ,Wiang Phang Kham,72,yes,,,,,0
934529191,,residential,no,TH570901,แม่สาย,Mae Sai,72,yes,77,2024-09-12T05:00:00+07:00,86,2024-09-12T14:00:00+07:00,9
934532228,,residential,no,TH570906,เวียงพางคำ,Wiang Phang Kham,129,yes,,,,,0
934533430,,residential,no,TH570906,เวียงพางคำ,Wiang Phang Kham,360,yes,,,,,0
934533869,,residential,no,TH570906,เวียงพางคำ,Wiang Phang Kham,54,yes,,,,,0
934535258,,residential,no,TH570904,โป่งผา,Pong Pha,71,yes,,,,,0
934535329,,residential,no,TH570906,เวียงพางคำ,Wiang Phang Kham,114,yes,,,,,0
934535520,,residential,no,TH570906,เวียงพางคำ,Wiang Phang Kham,67,yes,,,,,0
934536178,,residential,no,TH570904,โป่งผา,Pong Pha,749,yes,45,2024-09-10T21:00:00+07:00,132,2024-09-14T12:00:00+07:00,87
934538687,,residential,no,TH570901,แม่สาย,Mae Sai,11,yes,,,,,0
934538987,,residential,no,TH570906,เวียงพางคำ,Wiang Phang Kham,251,yes,,,,,0
934539638,,residential,no,TH570906,เวียงพางคำ,Wiang Phang Kham,118,yes,,,,,0
934540522,,unclassified,no,TH570906,เวียงพางคำ,Wiang Phang Kham,307,yes,,,,,0
934540695,,residential,no,TH570906,เวียงพางคำ,Wiang Phang Kham,87,yes,,,,,0
934540696,,residential,no,TH570906,เวียงพางคำ,Wiang Phang Kham,20,yes,,,,,0
934541730,,residential,no,TH570901,แม่สาย,Mae Sai,111,yes,,,,,0
934541804,,residential,no,TH570904,โป่งผา,Pong Pha,217,yes,,,,,0
934541805,,residential,no,TH570904,โป่งผา,Pong Pha,738,yes,,,,,0
934541806,,residential,no,TH570904,โป่งผา,Pong Pha,191,yes,,,,,0
934541920,,residential,no,TH570901,แม่สาย,Mae Sai,102,yes,,,,,0
934542664,,residential,no,TH570901,แม่สาย,Mae Sai,111,yes,,,,,0
934543700,,residential,no,TH570906,เวียงพางคำ,Wiang Phang Kham,126,yes,,,,,0
934543788,,residential,no,TH570906,เวียงพางคำ,Wiang Phang Kham,134,yes,,,,,0
934544606,,residential,no,TH570906,เวียงพางคำ,Wiang Phang Kham,51,yes,,,,,0
934544792,,residential,no,TH570906,เวียงพางคำ,Wiang Phang Kham,435,yes,,,,,0
934544793,,residential,no,TH570906,เวียงพางคำ,Wiang Phang Kham,147,yes,,,,,0
934544966,,residential,no,TH570906,เวียงพางคำ,Wiang Phang Kham,75,yes,44,2024-09-10T20:00:00+07:00,153,2024-09-15T09:00:00+07:00,109
934545087,,residential,no,TH570906,เวียงพางคำ,Wiang Phang Kham,2,yes,,,,,0
934545088,,residential,yes,TH570906,เวียงพางคำ,Wiang Phang Kham,10,yes,,,,,0
934545089,,residential,no,TH570906,เวียงพางคำ,Wiang Phang Kham,26,yes,,,,,0
934546359,,residential,no,TH570906,เวียงพางคำ,Wiang Phang Kham,95,yes,,,,,0
934546493,,residential,no,TH570904,โป่งผา,Pong Pha,101,yes,,,,,0
934549648,,unclassified,no,TH570906,เวียงพางคำ,Wiang Phang Kham,10,yes,,,,,0
934549649,,unclassified,no,TH570906,เวียงพางคำ,Wiang Phang Kham,328,yes,,,,,0
934549650,,residential,no,TH570906,เวียงพางคำ,Wiang Phang Kham,364,yes,,,,,0
934550416,,residential,no,TH570906,เวียงพางคำ,Wiang Phang Kham,4,yes,,,,,0
935356570,,residential,no,TH570904,โป่งผา,Pong Pha,483,yes,,,,,0
935360202,,residential,no,TH570904,โป่งผา,Pong Pha,41,yes,,,,,0
935362242,,residential,no,TH570904,โป่งผา,Pong Pha,106,yes,,,,,0
935362660,,residential,no,TH570904,โป่งผา,Pong Pha,515,yes,,,,,0
935365716,,residential,no,TH570904,โป่งผา,Pong Pha,150,yes,50,2024-09-11T02:00:00+07:00,101,2024-09-13T05:00:00+07:00,51
935367541,,residential,no,TH570904,โป่งผา,Pong Pha,113,yes,56,2024-09-11T08:00:00+07:00,93,2024-09-12T21:00:00+07:00,37
935368241,,residential,no,TH570905,ศรีเมืองชุม,Si Mueang Chum,250,yes,49,2024-09-11T01:00:00+07:00,104,2024-09-13T08:00:00+07:00,55
935653954,,residential,no,TH570906,เวียงพางคำ,Wiang Phang Kham,255,yes,,,,,0
935653955,,residential,no,TH570906,เวียงพางคำ,Wiang Phang Kham,235,yes,,,,,0
935653956,,residential,no,TH570906,เวียงพางคำ,Wiang Phang Kham,224,yes,,,,,0
935653957,,residential,no,TH570906,เวียงพางคำ,Wiang Phang Kham,342,yes,,,,,0
935653958,,residential,no,TH570906,เวียงพางคำ,Wiang Phang Kham,325,yes,,,,,0
935653959,,residential,no,TH570906,เวียงพางคำ,Wiang Phang Kham,421,yes,,,,,0
935653960,,residential,no,TH570906,เวียงพางคำ,Wiang Phang Kham,109,yes,,,,,0
935653961,,residential,no,TH570906,เวียงพางคำ,Wiang Phang Kham,162,yes,,,,,0
935653962,,residential,no,TH570906,เวียงพางคำ,Wiang Phang Kham,607,yes,,,,,0
935653963,,residential,no,TH570906,เวียงพางคำ,Wiang Phang Kham,151,yes,,,,,0
935653964,,residential,no,TH570906,เวียงพางคำ,Wiang Phang Kham,98,yes,,,,,0
935653965,,residential,no,TH570906,เวียงพางคำ,Wiang Phang Kham,377,yes,,,,,0
935653966,,residential,no,TH570906,เวียงพางคำ,Wiang Phang Kham,445,yes,,,,,0
935653967,,residential,no,TH570906,เวียงพางคำ,Wiang Phang Kham,521,yes,,,,,0
935653968,,residential,no,TH570906,เวียงพางคำ,Wiang Phang Kham,188,yes,,,,,0
935653969,,residential,no,TH570906,เวียงพางคำ,Wiang Phang Kham,850,yes,,,,,0
935653970,,residential,no,TH570906,เวียงพางคำ,Wiang Phang Kham,106,yes,,,,,0
935653971,,residential,no,TH570906,เวียงพางคำ,Wiang Phang Kham,85,yes,,,,,0
935653972,,residential,no,TH570906,เวียงพางคำ,Wiang Phang Kham,9,yes,,,,,0
935653973,,residential,no,TH570906,เวียงพางคำ,Wiang Phang Kham,85,yes,,,,,0
935653974,,residential,no,TH570906,เวียงพางคำ,Wiang Phang Kham,953,yes,,,,,0
935654006,,primary,no,TH570906,เวียงพางคำ,Wiang Phang Kham,19,yes,,,,,0
935654007,,primary,no,TH570906,เวียงพางคำ,Wiang Phang Kham,19,yes,,,,,0
935654908,,residential,no,TH570906,เวียงพางคำ,Wiang Phang Kham,564,yes,,,,,0
935656403,,residential,yes,TH570906,เวียงพางคำ,Wiang Phang Kham,7,yes,,,,,0
935656404,,unclassified,no,TH570906,เวียงพางคำ,Wiang Phang Kham,756,yes,47,2024-09-10T23:00:00+07:00,122,2024-09-14T02:00:00+07:00,75
935656405,,unclassified,no,TH570906,เวียงพางคำ,Wiang Phang Kham,983,yes,,,,,0
935657676,,residential,no,TH570903,เกาะช้าง,Ko Chang,64,yes,,,,,0
935659046,,residential,no,TH570901,แม่สาย,Mae Sai,45,yes,,,,,0
935659047,,residential,no,TH570901,แม่สาย,Mae Sai,640,yes,,,,,0
935659048,,residential,no,TH570901,แม่สาย,Mae Sai,275,yes,,,,,0
935659049,,residential,no,TH570901,แม่สาย,Mae Sai,293,yes,,,,,0
935659279,,residential,no,TH570901,แม่สาย,Mae Sai,51,yes,,,,,0
935661200,,residential,no,TH570906,เวียงพางคำ,Wiang Phang Kham,60,yes,,,,,0
935661202,,residential,no,TH570903,เกาะช้าง,Ko Chang,129,yes,,,,,0
935662333,,residential,no,TH570903,เกาะช้าง,Ko Chang,909,yes,,,,,0
935663503,,unclassified,yes,TH570905,ศรีเมืองชุม,Si Mueang Chum,15,yes,,,,,0
935663504,,unclassified,no,TH570905,ศรีเมืองชุม,Si Mueang Chum,11,yes,,,,,0
935666324,ถนนเหมืองแดง,tertiary,yes,TH570901,แม่สาย,Mae Sai,17,yes,,,,,0
935666325,ถนนเหมืองแดง,tertiary,no,TH570901,แม่สาย,Mae Sai,1147,yes,44,2024-09-10T20:00:00+07:00,149,2024-09-15T05:00:00+07:00,105
935667467,,unclassified,no,TH570903,เกาะช้าง,Ko Chang,5,yes,,,,,0
935667468,,unclassified,yes,TH570903,เกาะช้าง,Ko Chang,9,yes,,,,,0
935667704,,residential,no,TH570903,เกาะช้าง,Ko Chang,216,yes,,,,,0
935669361,,residential,no,TH570904,โป่งผา,Pong Pha,178,yes,,,,,0
935669362,,residential,no,TH570904,โป่งผา,Pong Pha,344,yes,,,,,0
935670186,,residential,yes,TH570906,เวียงพางคำ,Wiang Phang Kham,4,yes,,,,,0
935670187,,residential,no,TH570906,เวียงพางคำ,Wiang Phang Kham,154,yes,,,,,0
935670188,,residential,no,TH570906,เวียงพางคำ,Wiang Phang Kham,75,yes,,,,,0
935670189,,residential,no,TH570906,เวียงพางคำ,Wiang Phang Kham,42,yes,,,,,0
935670190,,residential,no,TH570906,เวียงพางคำ,Wiang Phang Kham,88,yes,,,,,0
935670191,,residential,no,TH570906,เวียงพางคำ,Wiang Phang Kham,47,yes,,,,,0
935670192,,residential,no,TH570906,เวียงพางคำ,Wiang Phang Kham,232,yes,,,,,0
935681822,,residential,no,TH570902,ห้วยไคร้,Huai Khrai,129,yes,,,,,0
935686815,,residential,no,TH570909,โป่งงาม,Pong Ngam,140,yes,,,,,0
935687506,,residential,no,TH570904,โป่งผา,Pong Pha,505,yes,,,,,0
935700568,,residential,no,TH570904,โป่งผา,Pong Pha,56,yes,,,,,0
935702378,,residential,no,TH570905,ศรีเมืองชุม,Si Mueang Chum,102,yes,,,,,0
935703110,,residential,no,TH570904,โป่งผา,Pong Pha,100,yes,,,,,0
935704020,,residential,no,TH570904,โป่งผา,Pong Pha,259,yes,,,,,0
935704352,,residential,no,TH570904,โป่งผา,Pong Pha,71,yes,,,,,0
935707970,,residential,no,TH570904,โป่งผา,Pong Pha,22,yes,45,2024-09-10T21:00:00+07:00,132,2024-09-14T12:00:00+07:00,87
935707971,,residential,no,TH570904,โป่งผา,Pong Pha,356,yes,45,2024-09-10T21:00:00+07:00,132,2024-09-14T12:00:00+07:00,87
935709619,,residential,no,TH570904,โป่งผา,Pong Pha,45,yes,,,,,0
935710264,,residential,no,TH570904,โป่งผา,Pong Pha,195,yes,,,,,0
935711625,,residential,no,TH570904,โป่งผา,Pong Pha,289,yes,46,2024-09-10T22:00:00+07:00,128,2024-09-14T08:00:00+07:00,82
935713456,,residential,no,TH570904,โป่งผา,Pong Pha,103,yes,,,,,0
945405966,,residential,no,TH570904,โป่งผา,Pong Pha,51,yes,,,,,0
945407258,,residential,no,TH570904,โป่งผา,Pong Pha,27,yes,,,,,0
945439544,,residential,no,TH570906,เวียงพางคำ,Wiang Phang Kham,329,yes,,,,,0
945439545,,residential,no,TH570906,เวียงพางคำ,Wiang Phang Kham,164,yes,,,,,0
945439546,,residential,no,TH570906,เวียงพางคำ,Wiang Phang Kham,61,yes,,,,,0
945439547,,residential,no,TH570906,เวียงพางคำ,Wiang Phang Kham,60,yes,,,,,0
962866252,,residential,no,TH570903,เกาะช้าง,Ko Chang,105,yes,,,,,0
962866499,,unclassified,no,TH570903,เกาะช้าง,Ko Chang,521,yes,,,,,0
962867430,,residential,no,TH570903,เกาะช้าง,Ko Chang,1194,yes,,,,,0
962869213,,residential,no,TH570903,เกาะช้าง,Ko Chang,844,yes,,,,,0
962869397,,residential,no,TH570901,แม่สาย,Mae Sai,258,yes,45,2024-09-10T21:00:00+07:00,141,2024-09-14T21:00:00+07:00,96
962869758,,residential,no,TH570903,เกาะช้าง,Ko Chang,231,yes,,,,,0
962870520,,residential,no,TH570901,แม่สาย,Mae Sai,246,yes,45,2024-09-10T21:00:00+07:00,141,2024-09-14T21:00:00+07:00,96
962870522,,residential,no,TH570901,แม่สาย,Mae Sai,69,yes,47,2024-09-10T23:00:00+07:00,122,2024-09-14T02:00:00+07:00,75
962870612,,residential,no,TH570903,เกาะช้าง,Ko Chang,99,yes,,,,,0
962872575,,residential,no,TH570901,แม่สาย,Mae Sai,84,yes,50,2024-09-11T02:00:00+07:00,99,2024-09-13T03:00:00+07:00,49
962873294,,residential,no,TH570903,เกาะช้าง,Ko Chang,63,yes,,,,,0
962874369,,residential,no,TH570903,เกาะช้าง,Ko Chang,106,yes,,,,,0
962874370,,residential,no,TH570901,แม่สาย,Mae Sai,97,yes,45,2024-09-10T21:00:00+07:00,141,2024-09-14T21:00:00+07:00,96
962874648,,residential,no,TH570903,เกาะช้าง,Ko Chang,65,yes,,,,,0
962874697,,residential,no,TH570901,แม่สาย,Mae Sai,45,yes,44,2024-09-10T20:00:00+07:00,144,2024-09-15T00:00:00+07:00,100
962874698,,residential,no,TH570901,แม่สาย,Mae Sai,260,yes,44,2024-09-10T20:00:00+07:00,153,2024-09-15T09:00:00+07:00,109
962874878,,residential,no,TH570906,เวียงพางคำ,Wiang Phang Kham,182,yes,,,,,0
962874949,,residential,no,TH570901,แม่สาย,Mae Sai,210,yes,,,,,0
962875182,,residential,no,TH570906,เวียงพางคำ,Wiang Phang Kham,113,yes,,,,,0
962875667,,residential,no,TH570903,เกาะช้าง,Ko Chang,63,yes,,,,,0
962876299,,residential,no,TH570903,เกาะช้าง,Ko Chang,137,yes,,,,,0
962876304,,residential,no,TH570901,แม่สาย,Mae Sai,75,yes,,,,,0
962876580,,residential,no,TH570901,แม่สาย,Mae Sai,203,yes,,,,,0
962876839,,residential,no,TH570903,เกาะช้าง,Ko Chang,55,yes,,,,,0
962878261,,residential,no,TH570901,แม่สาย,Mae Sai,82,yes,45,2024-09-10T21:00:00+07:00,134,2024-09-14T14:00:00+07:00,89
962878589,,residential,no,TH570903,เกาะช้าง,Ko Chang,220,yes,,,,,0
962878884,,residential,no,TH570903,เกาะช้าง,Ko Chang,394,yes,,,,,0
962878885,,residential,no,TH570903,เกาะช้าง,Ko Chang,74,yes,,,,,0
962878938,,residential,no,TH570903,เกาะช้าง,Ko Chang,377,yes,,,,,0
962879144,,residential,no,TH570901,แม่สาย,Mae Sai,211,yes,,,,,0
962879326,,residential,no,TH570901,แม่สาย,Mae Sai,170,yes,44,2024-09-10T20:00:00+07:00,153,2024-09-15T09:00:00+07:00,109
962879365,,residential,no,TH570901,แม่สาย,Mae Sai,17,yes,61,2024-09-11T13:00:00+07:00,89,2024-09-12T17:00:00+07:00,28
962880067,,residential,no,TH570906,เวียงพางคำ,Wiang Phang Kham,48,yes,,,,,0
962880194,,residential,no,TH570901,แม่สาย,Mae Sai,141,yes,,,,,0
962880905,,residential,no,TH570906,เวียงพางคำ,Wiang Phang Kham,98,yes,,,,,0
962880913,,residential,no,TH570901,แม่สาย,Mae Sai,111,yes,44,2024-09-10T20:00:00+07:00,153,2024-09-15T09:00:00+07:00,109
962881289,,residential,no,TH570901,แม่สาย,Mae Sai,41,yes,45,2024-09-10T21:00:00+07:00,138,2024-09-14T18:00:00+07:00,93
962881317,,residential,no,TH570901,แม่สาย,Mae Sai,63,yes,44,2024-09-10T20:00:00+07:00,151,2024-09-15T07:00:00+07:00,107
962881383,,residential,no,TH570901,แม่สาย,Mae Sai,65,yes,45,2024-09-10T21:00:00+07:00,134,2024-09-14T14:00:00+07:00,89
962881465,,residential,no,TH570903,เกาะช้าง,Ko Chang,123,yes,,,,,0
962881470,,residential,no,TH570901,แม่สาย,Mae Sai,173,yes,46,2024-09-10T22:00:00+07:00,124,2024-09-14T04:00:00+07:00,78
962883377,,residential,no,TH570903,เกาะช้าง,Ko Chang,318,yes,,,,,0
962884411,,residential,no,TH570901,แม่สาย,Mae Sai,80,yes,,,,,0
962884424,,residential,no,TH570903,เกาะช้าง,Ko Chang,260,yes,,,,,0
962884564,,residential,no,TH570901,แม่สาย,Mae Sai,60,yes,,,,,0
962884612,,residential,no,TH570901,แม่สาย,Mae Sai,45,yes,,,,,0
962885011,,residential,no,TH570901,แม่สาย,Mae Sai,153,yes,46,2024-09-10T22:00:00+07:00,130,2024-09-14T10:00:00+07:00,84
962885023,,residential,no,TH570901,แม่สาย,Mae Sai,146,yes,,,,,0
962885038,,residential,no,TH570903,เกาะช้าง,Ko Chang,125,yes,,,,,0
962885041,,residential,no,TH570901,แม่สาย,Mae Sai,88,yes,,,,,0
962885117,,residential,no,TH570901,แม่สาย,Mae Sai,63,yes,,,,,0
962885492,,residential,no,TH570903,เกาะช้าง,Ko Chang,398,yes,,,,,0
962885528,,residential,no,TH570901,แม่สาย,Mae Sai,73,yes,,,,,0
962885801,,residential,no,TH570901,แม่สาย,Mae Sai,75,yes,46,2024-09-10T22:00:00+07:00,126,2024-09-14T06:00:00+07:00,80
962886019,,residential,no,TH570903,เกาะช้าง,Ko Chang,139,yes,,,,,0
962886196,,residential,no,TH570906,เวียงพางคำ,Wiang Phang Kham,377,yes,,,,,0
962886376,,residential,no,TH570901,แม่สาย,Mae Sai,48,yes,45,2024-09-10T21:00:00+07:00,141,2024-09-14T21:00:00+07:00,96
962888444,,residential,no,TH570901,แม่สาย,Mae Sai,46,yes,,,,,0
962888591,,residential,no,TH570901,แม่สาย,Mae Sai,34,yes,44,2024-09-10T20:00:00+07:00,151,2024-09-15T07:00:00+07:00,107
962888629,,residential,no,TH570903,เกาะช้าง,Ko Chang,178,yes,,,,,0
962888962,,residential,no,TH570901,แม่สาย,Mae Sai,150,yes,46,2024-09-10T22:00:00+07:00,128,2024-09-14T08:00:00+07:00,82
962888994,,residential,no,TH570903,เกาะช้าง,Ko Chang,133,yes,,,,,0
962888997,,residential,no,TH570901,แม่สาย,Mae Sai,128,yes,81,2024-09-12T09:00:00+07:00,85,2024-09-12T13:00:00+07:00,4
962889102,,residential,no,TH570901,แม่สาย,Mae Sai,240,yes,,,,,0
962889145,,residential,no,TH570903,เกาะช้าง,Ko Chang,58,yes,,,,,0
962889531,,residential,no,TH570903,เกาะช้าง,Ko Chang,62,yes,,,,,0
962889532,,residential,no,TH570901,แม่สาย,Mae Sai,158,yes,60,2024-09-11T12:00:00+07:00,89,2024-09-12T17:00:00+07:00,29
962889542,,residential,no,TH570901,แม่สาย,Mae Sai,104,yes,,,,,0
962889593,,residential,no,TH570903,เกาะช้าง,Ko Chang,44,yes,,,,,0
962889613,,residential,no,TH570901,แม่สาย,Mae Sai,38,yes,55,2024-09-11T07:00:00+07:00,94,2024-09-12T22:00:00+07:00,39
962889744,,residential,no,TH570901,แม่สาย,Mae Sai,117,yes,49,2024-09-11T01:00:00+07:00,107,2024-09-13T11:00:00+07:00,58
962889974,,residential,no,TH570906,เวียงพางคำ,Wiang Phang Kham,86,yes,,,,,0
962889975,,residential,no,TH570906,เวียงพางคำ,Wiang Phang Kham,138,yes,,,,,0
962890129,,residential,no,TH570901,แม่สาย,Mae Sai,186,yes,,,,,0
962890343,,residential,no,TH570903,เกาะช้าง,Ko Chang,52,yes,,,,,0
962890543,,residential,no,TH570906,เวียงพางคำ,Wiang Phang Kham,181,yes,,,,,0
962890809,,residential,no,TH570903,เกาะช้าง,Ko Chang,62,yes,,,,,0
962890824,,residential,no,TH570903,เกาะช้าง,Ko Chang,153,yes,,,,,0
962890932,,residential,no,TH570901,แม่สาย,Mae Sai,147,yes,45,2024-09-10T21:00:00+07:00,134,2024-09-14T14:00:00+07:00,89
962890940,,residential,no,TH570903,เกาะช้าง,Ko Chang,60,yes,,,,,0
962891029,,residential,no,TH570901,แม่สาย,Mae Sai,95,yes,,,,,0
962891373,,residential,no,TH570903,เกาะช้าง,Ko Chang,109,yes,,,,,0
962891388,,residential,no,TH570903,เกาะช้าง,Ko Chang,79,yes,,,,,0
962891664,,residential,no,TH570901,แม่สาย,Mae Sai,30,yes,,,,,0
962891693,,residential,no,TH570903,เกาะช้าง,Ko Chang,252,yes,,,,,0
962891730,,residential,no,TH570901,แม่สาย,Mae Sai,36,yes,,,,,0
962892299,,residential,no,TH570901,แม่สาย,Mae Sai,466,yes,44,2024-09-10T20:00:00+07:00,153,2024-09-15T09:00:00+07:00,109
962892307,,residential,no,TH570903,เกาะช้าง,Ko Chang,46,yes,,,,,0
962892737,,residential,no,TH570901,แม่สาย,Mae Sai,99,yes,,,,,0
962893112,,residential,no,TH570901,แม่สาย,Mae Sai,409,yes,,,,,0
962893421,ถนนปิยะพร4 ซอย7,residential,no,TH570901,แม่สาย,Mae Sai,72,yes,,,,,0
962893433,,residential,no,TH570903,เกาะช้าง,Ko Chang,311,yes,,,,,0
962893469,,residential,no,TH570903,เกาะช้าง,Ko Chang,74,yes,,,,,0
962893585,,residential,no,TH570901,แม่สาย,Mae Sai,105,yes,44,2024-09-10T20:00:00+07:00,144,2024-09-15T00:00:00+07:00,100
962893712,,residential,no,TH570901,แม่สาย,Mae Sai,50,yes,44,2024-09-10T20:00:00+07:00,147,2024-09-15T03:00:00+07:00,103
962893713,,residential,no,TH570901,แม่สาย,Mae Sai,206,yes,55,2024-09-11T07:00:00+07:00,94,2024-09-12T22:00:00+07:00,39
962893730,,residential,no,TH570903,เกาะช้าง,Ko Chang,178,yes,,,,,0
962893890,,residential,no,TH570906,เวียงพางคำ,Wiang Phang Kham,60,yes,,,,,0
962893939,,residential,no,TH570906,เวียงพางคำ,Wiang Phang Kham,356,yes,,,,,0
962894203,,residential,no,TH570906,เวียงพางคำ,Wiang Phang Kham,104,yes,,,,,0
962894415,,residential,no,TH570903,เกาะช้าง,Ko Chang,58,yes,,,,,0
962894425,,residential,no,TH570901,แม่สาย,Mae Sai,212,yes,44,2024-09-10T20:00:00+07:00,145,2024-09-15T01:00:00+07:00,101
962894449,,residential,no,TH570901,แม่สาย,Mae Sai,47,yes,45,2024-09-10T21:00:00+07:00,141,2024-09-14T21:00:00+07:00,96
962894484,,residential,no,TH570901,แม่สาย,Mae Sai,172,yes,44,2024-09-10T20:00:00+07:00,153,2024-09-15T09:00:00+07:00,109
962894790,,residential,no,TH570901,แม่สาย,Mae Sai,103,yes,,,,,0
962895003,,residential,no,TH570901,แม่สาย,Mae Sai,61,yes,72,2024-09-12T00:00:00+07:00,87,2024-09-12T15:00:00+07:00,15
962895006,,residential,no,TH570903,เกาะช้าง,Ko Chang,52,yes,,,,,0
962895206,,residential,no,TH570906,เวียงพางคำ,Wiang Phang Kham,123,yes,,,,,0
962895362,,residential,no,TH570906,เวียงพางคำ,Wiang Phang Kham,26,yes,,,,,0
962895370,,residential,no,TH570901,แม่สาย,Mae Sai,79,yes,,,,,0
962896035,,residential,no,TH570901,แม่สาย,Mae Sai,75,yes,44,2024-09-10T20:00:00+07:00,149,2024-09-15T05:00:00+07:00,105
962896470,,residential,no,TH570901,แม่สาย,Mae Sai,267,yes,44,2024-09-10T20:00:00+07:00,151,2024-09-15T07:00:00+07:00,107
962896471,,residential,no,TH570901,แม่สาย,Mae Sai,191,yes,44,2024-09-10T20:00:00+07:00,145,2024-09-15T01:00:00+07:00,101
962896474,,residential,no,TH570903,เกาะช้าง,Ko Chang,83,yes,,,,,0
962896493,,residential,no,TH570903,เกาะช้าง,Ko Chang,85,yes,,,,,0
962896739,,residential,no,TH570903,เกาะช้าง,Ko Chang,77,yes,,,,,0
962896941,,residential,no,TH570901,แม่สาย,Mae Sai,163,yes,48,2024-09-11T00:00:00+07:00,111,2024-09-13T15:00:00+07:00,63
962897078,,residential,no,TH570903,เกาะช้าง,Ko Chang,151,yes,,,,,0
962897123,,residential,no,TH570901,แม่สาย,Mae Sai,272,yes,45,2024-09-10T21:00:00+07:00,141,2024-09-14T21:00:00+07:00,96
962897179,,residential,no,TH570906,เวียงพางคำ,Wiang Phang Kham,45,yes,,,,,0
962897180,,residential,no,TH570906,เวียงพางคำ,Wiang Phang Kham,134,yes,,,,,0
962897402,,residential,no,TH570906,เวียงพางคำ,Wiang Phang Kham,73,yes,,,,,0
962897783,,residential,no,TH570901,แม่สาย,Mae Sai,46,yes,,,,,0
962897931,,residential,no,TH570901,แม่สาย,Mae Sai,63,yes,46,2024-09-10T22:00:00+07:00,130,2024-09-14T10:00:00+07:00,84
962898068,,residential,no,TH570901,แม่สาย,Mae Sai,233,yes,45,2024-09-10T21:00:00+07:00,142,2024-09-14T22:00:00+07:00,97
962898097,,residential,no,TH570903,เกาะช้าง,Ko Chang,83,yes,,,,,0
962898101,,residential,no,TH570901,แม่สาย,Mae Sai,99,yes,,,,,0
962898141,,residential,no,TH570906,เวียงพางคำ,Wiang Phang Kham,73,yes,,,,,0
962898222,,residential,no,TH570901,แม่สาย,Mae Sai,76,yes,,,,,0
962898526,,residential,no,TH570906,เวียงพางคำ,Wiang Phang Kham,242,yes,,,,,0
962898536,,residential,no,TH570901,แม่สาย,Mae Sai,194,yes,,,,,0
962898780,,residential,no,TH570906,เวียงพางคำ,Wiang Phang Kham,63,yes,,,,,0
962898911,,residential,no,TH570906,เวียงพางคำ,Wiang Phang Kham,107,yes,,,,,0
962899101,,residential,no,TH570906,เวียงพางคำ,Wiang Phang Kham,47,yes,,,,,0
962899194,,residential,no,TH570906,เวียงพางคำ,Wiang Phang Kham,80,yes,,,,,0
962899276,,residential,no,TH570901,แม่สาย,Mae Sai,100,yes,,,,,0
962899277,,residential,no,TH570906,เวียงพางคำ,Wiang Phang Kham,63,yes,,,,,0
962899485,,residential,no,TH570901,แม่สาย,Mae Sai,61,yes,,,,,0
962899580,,residential,no,TH570903,เกาะช้าง,Ko Chang,113,yes,,,,,0
962899867,,residential,no,TH570901,แม่สาย,Mae Sai,296,yes,,,,,0
962899869,,residential,no,TH570903,เกาะช้าง,Ko Chang,62,yes,,,,,0
962899910,,residential,no,TH570903,เกาะช้าง,Ko Chang,224,yes,,,,,0
962900198,,residential,no,TH570903,เกาะช้าง,Ko Chang,65,yes,,,,,0
962900218,,residential,no,TH570903,เกาะช้าง,Ko Chang,92,yes,,,,,0
962900230,,residential,no,TH570903,เกาะช้าง,Ko Chang,35,yes,,,,,0
962900605,,residential,no,TH570901,แม่สาย,Mae Sai,52,yes,48,2024-09-11T00:00:00+07:00,110,2024-09-13T14:00:00+07:00,62
962900867,,residential,no,TH570903,เกาะช้าง,Ko Chang,61,yes,,,,,0
962900876,,residential,no,TH570906,เวียงพางคำ,Wiang Phang Kham,220,yes,,,,,0
962901130,,residential,no,TH570901,แม่สาย,Mae Sai,226,yes,,,,,0
962901191,,residential,no,TH570906,เวียงพางคำ,Wiang Phang Kham,155,yes,,,,,0
962901328,,residential,no,TH570903,เกาะช้าง,Ko Chang,107,yes,,,,,0
962901899,,residential,no,TH570901,แม่สาย,Mae Sai,375,yes,49,2024-09-11T01:00:00+07:00,107,2024-09-13T11:00:00+07:00,58
962901930,,residential,no,TH570906,เวียงพางคำ,Wiang Phang Kham,72,yes,,,,,0
962902000,,residential,no,TH570906,เวียงพางคำ,Wiang Phang Kham,171,yes,,,,,0
962902001,,residential,no,TH570903,เกาะช้าง,Ko Chang,319,yes,,,,,0
962902294,,residential,no,TH570903,เกาะช้าง,Ko Chang,130,yes,,,,,0
962902328,,residential,no,TH570903,เกาะช้าง,Ko Chang,251,yes,,,,,0
962902342,,residential,no,TH570906,เวียงพางคำ,Wiang Phang Kham,2,yes,,,,,0
962902428,,residential,no,TH570901,แม่สาย,Mae Sai,70,yes,,,,,0
962902444,,residential,no,TH570901,แม่สาย,Mae Sai,55,yes,,,,,0
962902466,,residential,no,TH570906,เวียงพางคำ,Wiang Phang Kham,147,yes,,,,,0
962902467,,residential,no,TH570906,เวียงพางคำ,Wiang Phang Kham,111,yes,,,,,0
962902495,,residential,no,TH570906,เวียงพางคำ,Wiang Phang Kham,46,yes,,,,,0
962902514,,residential,no,TH570901,แม่สาย,Mae Sai,91,yes,50,2024-09-11T02:00:00+07:00,103,2024-09-13T07:00:00+07:00,53
962902552,,residential,no,TH570901,แม่สาย,Mae Sai,57,yes,46,2024-09-10T22:00:00+07:00,130,2024-09-14T10:00:00+07:00,84
962902829,,residential,no,TH570906,เวียงพางคำ,Wiang Phang Kham,58,yes,,,,,0
962902830,ถนนปิยะพร4 ซอย6,residential,no,TH570901,แม่สาย,Mae Sai,72,yes,,,,,0
962902875,,residential,no,TH570903,เกาะช้าง,Ko Chang,108,yes,,,,,0
962902944,,residential,no,TH570903,เกาะช้าง,Ko Chang,60,yes,,,,,0
962902982,,residential,no,TH570903,เกาะช้าง,Ko Chang,175,yes,,,,,0
962903054,,residential,no,TH570903,เกาะช้าง,Ko Chang,105,yes,,,,,0
962903237,,residential,no,TH570903,เกาะช้าง,Ko Chang,157,yes,,,,,0
962903339,,residential,no,TH570903,เกาะช้าง,Ko Chang,97,yes,,,,,0
962903996,,residential,no,TH570903,เกาะช้าง,Ko Chang,55,yes,,,,,0
962904244,,residential,no,TH570901,แม่สาย,Mae Sai,119,yes,50,2024-09-11T02:00:00+07:00,101,2024-09-13T05:00:00+07:00,51
962904986,,residential,no,TH570903,เกาะช้าง,Ko Chang,145,yes,,,,,0
962905136,,residential,no,TH570906,เวียงพางคำ,Wiang Phang Kham,103,yes,,,,,0
962905179,,residential,no,TH570906,เวียงพางคำ,Wiang Phang Kham,44,yes,,,,,0
962905336,,residential,no,TH570903,เกาะช้าง,Ko Chang,153,yes,,,,,0
962905356,,residential,no,TH570903,เกาะช้าง,Ko Chang,54,yes,,,,,0
962905378,,residential,no,TH570906,เวียงพางคำ,Wiang Phang Kham,326,yes,,,,,0
962905597,,residential,no,TH570903,เกาะช้าง,Ko Chang,178,yes,,,,,0
962905621,,residential,no,TH570906,เวียงพางคำ,Wiang Phang Kham,72,yes,,,,,0
962905764,,residential,no,TH570906,เวียงพางคำ,Wiang Phang Kham,57,yes,,,,,0
962905934,,residential,no,TH570906,เวียงพางคำ,Wiang Phang Kham,109,yes,,,,,0
962906177,,residential,no,TH570903,เกาะช้าง,Ko Chang,42,yes,,,,,0
962906193,,residential,no,TH570906,เวียงพางคำ,Wiang Phang Kham,27,yes,,,,,0
962906382,,residential,no,TH570903,เกาะช้าง,Ko Chang,61,yes,44,2024-09-10T20:00:00+07:00,153,2024-09-15T09:00:00+07:00,109
962906566,,residential,no,TH570906,เวียงพางคำ,Wiang Phang Kham,89,yes,,,,,0
962906936,,residential,no,TH570906,เวียงพางคำ,Wiang Phang Kham,47,yes,,,,,0
962907044,,residential,no,TH570906,เวียงพางคำ,Wiang Phang Kham,40,yes,,,,,0
962907191,,residential,no,TH570903,เกาะช้าง,Ko Chang,87,yes,49,2024-09-11T01:00:00+07:00,106,2024-09-13T10:00:00+07:00,57
962907255,,residential,no,TH570906,เวียงพางคำ,Wiang Phang Kham,22,yes,,,,,0
962907609,,residential,no,TH570903,เกาะช้าง,Ko Chang,57,yes,,,,,0
962907617,,residential,no,TH570903,เกาะช้าง,Ko Chang,142,yes,,,,,0
962907622,,residential,no,TH570901,แม่สาย,Mae Sai,102,yes,,,,,0
962907680,,residential,no,TH570903,เกาะช้าง,Ko Chang,53,yes,,,,,0
962907689,,residential,no,TH570906,เวียงพางคำ,Wiang Phang Kham,131,yes,,,,,0
962907872,,residential,no,TH570906,เวียงพางคำ,Wiang Phang Kham,401,yes,,,,,0
962908248,,residential,no,TH570906,เวียงพางคำ,Wiang Phang Kham,94,yes,,,,,0
962908556,,residential,no,TH570906,เวียงพางคำ,Wiang Phang Kham,38,yes,,,,,0
962908623,,residential,no,TH570906,เวียงพางคำ,Wiang Phang Kham,72,yes,,,,,0
962908736,,residential,no,TH570901,แม่สาย,Mae Sai,94,yes,,,,,0
962909078,,residential,no,TH570906,เวียงพางคำ,Wiang Phang Kham,82,yes,,,,,0
962909524,,residential,no,TH570904,โป่งผา,Pong Pha,480,yes,,,,,0
962909596,,residential,no,TH570906,เวียงพางคำ,Wiang Phang Kham,49,yes,,,,,0
962910179,,residential,no,TH570905,ศรีเมืองชุม,Si Mueang Chum,473,yes,50,2024-09-11T02:00:00+07:00,102,2024-09-13T06:00:00+07:00,52
962910352,,residential,no,TH570906,เวียงพางคำ,Wiang Phang Kham,50,yes,,,,,0
962910373,,residential,no,TH570906,เวียงพางคำ,Wiang Phang Kham,41,yes,,,,,0
962910434,,residential,no,TH570906,เวียงพางคำ,Wiang Phang Kham,37,yes,,,,,0
962910758,,residential,no,TH570904,โป่งผา,Pong Pha,13,yes,,,,,0
962910803,,residential,no,TH570903,เกาะช้าง,Ko Chang,57,yes,,,,,0
962910885,,residential,no,TH570903,เกาะช้าง,Ko Chang,241,yes,44,2024-09-10T20:00:00+07:00,153,2024-09-15T09:00:00+07:00,109
962910978,,residential,no,TH570901,แม่สาย,Mae Sai,51,yes,,,,,0
962911114,,residential,no,TH570905,ศรีเมืองชุม,Si Mueang Chum,101,yes,,,,,0
962911160,,residential,no,TH570906,เวียงพางคำ,Wiang Phang Kham,151,yes,,,,,0
962911348,,residential,no,TH570901,แม่สาย,Mae Sai,94,yes,,,,,0
962911349,,residential,no,TH570901,แม่สาย,Mae Sai,7,yes,,,,,0
962911350,,residential,no,TH570901,แม่สาย,Mae Sai,193,yes,,,,,0
962911370,,residential,no,TH570906,เวียงพางคำ,Wiang Phang Kham,59,yes,,,,,0
962911377,,residential,no,TH570905,ศรีเมืองชุม,Si Mueang Chum,133,yes,,,,,0
962911690,,residential,no,TH570903,เกาะช้าง,Ko Chang,50,yes,,,,,0
962911725,,residential,no,TH570906,เวียงพางคำ,Wiang Phang Kham,35,yes,,,,,0
962911854,,residential,no,TH570906,เวียงพางคำ,Wiang Phang Kham,89,yes,,,,,0
962912247,,residential,no,TH570904,โป่งผา,Pong Pha,34,yes,,,,,0
962912354,,residential,no,TH570901,แม่สาย,Mae Sai,38,yes,,,,,0
962912407,,residential,no,TH570906,เวียงพางคำ,Wiang Phang Kham,142,yes,,,,,0
962913021,,residential,no,TH570906,เวียงพางคำ,Wiang Phang Kham,50,yes,,,,,0
962913246,,residential,no,TH570906,เวียงพางคำ,Wiang Phang Kham,43,yes,,,,,0
962913523,,residential,no,TH570906,เวียงพางคำ,Wiang Phang Kham,103,yes,,,,,0
962913550,,residential,no,TH570905,ศรีเมืองชุม,Si Mueang Chum,211,yes,47,2024-09-10T23:00:00+07:00,116,2024-09-13T20:00:00+07:00,69
962913703,,residential,no,TH570904,โป่งผา,Pong Pha,718,yes,,,,,0
962913766,,residential,no,TH570901,แม่สาย,Mae Sai,107,yes,44,2024-09-10T20:00:00+07:00,144,2024-09-15T00:00:00+07:00,100
962913791,,residential,no,TH570903,เกาะช้าง,Ko Chang,143,yes,,,,,0
962914169,,residential,no,TH570903,เกาะช้าง,Ko Chang,37,yes,,,,,0
962914293,,residential,no,TH570906,เวียงพางคำ,Wiang Phang Kham,93,yes,,,,,0
962914296,,residential,no,TH570901,แม่สาย,Mae Sai,50,yes,45,2024-09-10T21:00:00+07:00,138,2024-09-14T18:00:00+07:00,93
962917790,,residential,no,TH570903,เกาะช้าง,Ko Chang,22,yes,53,2024-09-11T05:00:00+07:00,97,2024-09-13T01:00:00+07:00,44
962918706,,residential,no,TH570904,โป่งผา,Pong Pha,143,yes,,,,,0
962920360,,residential,no,TH570904,โป่งผา,Pong Pha,147,yes,,,,,0
962920670,,residential,no,TH570904,โป่งผา,Pong Pha,142,yes,,,,,0
962921076,,residential,no,TH570905,ศรีเมืองชุม,Si Mueang Chum,305,yes,,,,,0
962921519,,residential,no,TH570904,โป่งผา,Pong Pha,91,yes,,,,,0
962921655,,residential,no,TH570904,โป่งผา,Pong Pha,160,yes,,,,,0
962922080,,residential,no,TH570904,โป่งผา,Pong Pha,46,yes,,,,,0
962922186,,residential,no,TH570904,โป่งผา,Pong Pha,46,yes,,,,,0
962922760,,residential,no,TH570904,โป่งผา,Pong Pha,159,yes,,,,,0
962923665,,residential,no,TH570905,ศรีเมืองชุม,Si Mueang Chum,74,yes,80,2024-09-12T08:00:00+07:00,85,2024-09-12T13:00:00+07:00,5
963517760,,residential,no,TH570901,แม่สาย,Mae Sai,194,yes,44,2024-09-10T20:00:00+07:00,147,2024-09-15T03:00:00+07:00,103
963518050,,residential,no,TH570906,เวียงพางคำ,Wiang Phang Kham,99,yes,,,,,0
963518262,,residential,no,TH570906,เวียงพางคำ,Wiang Phang Kham,93,yes,,,,,0
963518771,,residential,no,TH570906,เวียงพางคำ,Wiang Phang Kham,123,yes,,,,,0
963520779,,residential,no,TH570906,เวียงพางคำ,Wiang Phang Kham,55,yes,,,,,0
963521087,,residential,no,TH570904,โป่งผา,Pong Pha,89,yes,,,,,0
963521093,,residential,no,TH570904,โป่งผา,Pong Pha,33,yes,,,,,0
963521130,,residential,no,TH570906,เวียงพางคำ,Wiang Phang Kham,106,yes,,,,,0
963521131,,residential,no,TH570906,เวียงพางคำ,Wiang Phang Kham,93,yes,,,,,0
963521262,,residential,no,TH570903,เกาะช้าง,Ko Chang,39,yes,,,,,0
963521263,,residential,no,TH570906,เวียงพางคำ,Wiang Phang Kham,82,yes,,,,,0
963521351,,residential,no,TH570906,เวียงพางคำ,Wiang Phang Kham,62,yes,,,,,0
963521662,,residential,no,TH570905,ศรีเมืองชุม,Si Mueang Chum,86,yes,,,,,0
963521664,,residential,no,TH570901,แม่สาย,Mae Sai,70,yes,,,,,0
963521668,,residential,no,TH570901,แม่สาย,Mae Sai,71,yes,,,,,0
963521923,,residential,no,TH570905,ศรีเมืองชุม,Si Mueang Chum,57,yes,,,,,0
963522170,,residential,no,TH570906,เวียงพางคำ,Wiang Phang Kham,69,yes,,,,,0
963522171,,residential,no,TH570906,เวียงพางคำ,Wiang Phang Kham,188,yes,,,,,0
963522570,,residential,no,TH570906,เวียงพางคำ,Wiang Phang Kham,48,yes,,,,,0
963522670,,residential,no,TH570903,เกาะช้าง,Ko Chang,77,yes,,,,,0
963522876,,residential,no,TH570905,ศรีเมืองชุม,Si Mueang Chum,88,yes,,,,,0
963522877,,residential,no,TH570905,ศรีเมืองชุม,Si Mueang Chum,146,yes,,,,,0
963522974,,residential,no,TH570906,เวียงพางคำ,Wiang Phang Kham,31,yes,,,,,0
963523402,,residential,no,TH570904,โป่งผา,Pong Pha,62,yes,,,,,0
963523479,,residential,no,TH570904,โป่งผา,Pong Pha,53,yes,,,,,0
963523612,,residential,no,TH570906,เวียงพางคำ,Wiang Phang Kham,179,yes,,,,,0
963523637,,residential,no,TH570904,โป่งผา,Pong Pha,118,yes,,,,,0
963523701,,residential,no,TH570906,เวียงพางคำ,Wiang Phang Kham,244,yes,,,,,0
963523829,,residential,no,TH570905,ศรีเมืองชุม,Si Mueang Chum,467,yes,45,2024-09-10T21:00:00+07:00,141,2024-09-14T21:00:00+07:00,96
963523988,,residential,no,TH570906,เวียงพางคำ,Wiang Phang Kham,86,yes,,,,,0
963524122,,residential,no,TH570904,โป่งผา,Pong Pha,500,yes,46,2024-09-10T22:00:00+07:00,128,2024-09-14T08:00:00+07:00,82
963524123,,residential,no,TH570905,ศรีเมืองชุม,Si Mueang Chum,66,yes,,,,,0
963524207,,residential,no,TH570906,เวียงพางคำ,Wiang Phang Kham,103,yes,,,,,0
963524208,,residential,no,TH570904,โป่งผา,Pong Pha,234,yes,,,,,0
963524647,,residential,no,TH570905,ศรีเมืองชุม,Si Mueang Chum,524,yes,,,,,0
963524651,,residential,no,TH570901,แม่สาย,Mae Sai,251,yes,,,,,0
963524661,,residential,no,TH570906,เวียงพางคำ,Wiang Phang Kham,120,yes,,,,,0
963524760,,residential,no,TH570904,โป่งผา,Pong Pha,58,yes,,,,,0
963524835,,residential,no,TH570903,เกาะช้าง,Ko Chang,55,yes,,,,,0
963524844,,residential,no,TH570906,เวียงพางคำ,Wiang Phang Kham,124,yes,,,,,0
963524905,,residential,no,TH570906,เวียงพางคำ,Wiang Phang Kham,72,yes,,,,,0
963525084,,residential,no,TH570906,เวียงพางคำ,Wiang Phang Kham,54,yes,,,,,0
963526278,,residential,no,TH570903,เกาะช้าง,Ko Chang,201,yes,,,,,0
963526564,,residential,no,TH570906,เวียงพางคำ,Wiang Phang Kham,84,yes,,,,,0
963527424,,residential,no,TH570905,ศรีเมืองชุม,Si Mueang Chum,81,yes,,,,,0
963527426,,residential,no,TH570906,เวียงพางคำ,Wiang Phang Kham,99,yes,,,,,0
963527585,,residential,no,TH570904,โป่งผา,Pong Pha,106,yes,,,,,0
963527789,,residential,no,TH570906,เวียงพางคำ,Wiang Phang Kham,29,yes,,,,,0
963527790,,residential,no,TH570904,โป่งผา,Pong Pha,19,yes,,,,,0
963528105,,residential,no,TH570906,เวียงพางคำ,Wiang Phang Kham,90,yes,,,,,0
963528290,,residential,no,TH570906,เวียงพางคำ,Wiang Phang Kham,61,yes,,,,,0
963528852,,residential,no,TH570904,โป่งผา,Pong Pha,96,yes,,,,,0
963528869,,residential,no,TH570901,แม่สาย,Mae Sai,749,yes,,,,,0
963528870,,residential,no,TH570901,แม่สาย,Mae Sai,719,yes,,,,,0
963529224,,residential,no,TH570905,ศรีเมืองชุม,Si Mueang Chum,178,yes,,,,,0
963529267,,residential,no,TH570906,เวียงพางคำ,Wiang Phang Kham,18,yes,,,,,0
963529270,,residential,no,TH570903,เกาะช้าง,Ko Chang,70,yes,,,,,0
963529399,,residential,no,TH570906,เวียงพางคำ,Wiang Phang Kham,53,yes,,,,,0
963529400,,residential,no,TH570906,เวียงพางคำ,Wiang Phang Kham,151,yes,,,,,0
963529417,,residential,no,TH570904,โป่งผา,Pong Pha,118,yes,,,,,0
963529511,,residential,no,TH570902,ห้วยไคร้,Huai Khrai,106,yes,,,,,0
963529533,,residential,no,TH570905,ศรีเมืองชุม,Si Mueang Chum,351,yes,,,,,0
963529535,,residential,no,TH570905,ศรีเมืองชุม,Si Mueang Chum,552,yes,,,,,0
963529541,,residential,no,TH570906,เวียงพางคำ,Wiang Phang Kham,107,yes,,,,,0
963529630,,residential,no,TH570903,เกาะช้าง,Ko Chang,35,yes,,,,,0
963529702,,residential,no,TH570904,โป่งผา,Pong Pha,53,yes,,,,,0
963529965,,residential,no,TH570904,โป่งผา,Pong Pha,66,yes,,,,,0
963530090,,residential,no,TH570903,เกาะช้าง,Ko Chang,27,yes,44,2024-09-10T20:00:00+07:00,153,2024-09-15T09:00:00+07:00,109
963530145,,residential,no,TH570904,โป่งผา,Pong Pha,118,yes,59,2024-09-11T11:00:00+07:00,90,2024-09-12T18:00:00+07:00,31
963530148,,residential,no,TH570906,เวียงพางคำ,Wiang Phang Kham,209,yes,,,,,0
963530479,,residential,no,TH570906,เวียงพางคำ,Wiang Phang Kham,201,yes,,,,,0
963530498,,residential,no,TH570905,ศรีเมืองชุม,Si Mueang Chum,191,yes,,,,,0
963530658,,residential,no,TH570904,โป่งผา,Pong Pha,436,yes,,,,,0
963530675,,residential,no,TH570906,เวียงพางคำ,Wiang Phang Kham,45,yes,,,,,0
963530769,,residential,no,TH570906,เวียงพางคำ,Wiang Phang Kham,39,yes,,,,,0
963530770,,residential,no,TH570906,เวียงพางคำ,Wiang Phang Kham,131,yes,,,,,0
963530818,,residential,no,TH570904,โป่งผา,Pong Pha,90,yes,,,,,0
963530850,,residential,no,TH570904,โป่งผา,Pong Pha,176,yes,45,2024-09-10T21:00:00+07:00,132,2024-09-14T12:00:00+07:00,87
963530903,,residential,no,TH570906,เวียงพางคำ,Wiang Phang Kham,273,yes,,,,,0
963531001,,residential,no,TH570902,ห้วยไคร้,Huai Khrai,111,yes,,,,,0
963531101,,residential,no,TH570905,ศรีเมืองชุม,Si Mueang Chum,118,yes,72,2024-09-12T00:00:00+07:00,87,2024-09-12T15:00:00+07:00,15
963531218,,residential,no,TH570906,เวียงพางคำ,Wiang Phang Kham,295,yes,,,,,0
963531241,,residential,no,TH570904,โป่งผา,Pong Pha,376,yes,,,,,0
963531345,,residential,no,TH570906,เวียงพางคำ,Wiang Phang Kham,177,yes,,,,,0
963531611,,residential,no,TH570902,ห้วยไคร้,Huai Khrai,170,yes,,,,,0
963531703,,residential,no,TH570906,เวียงพางคำ,Wiang Phang Kham,321,yes,,,,,0
963531831,,residential,no,TH570906,เวียงพางคำ,Wiang Phang Kham,70,yes,,,,,0
963531883,,residential,no,TH570906,เวียงพางคำ,Wiang Phang Kham,120,yes,,,,,0
963531884,,residential,no,TH570906,เวียงพางคำ,Wiang Phang Kham,323,yes,,,,,0
963531965,,residential,no,TH570902,ห้วยไคร้,Huai Khrai,25,yes,,,,,0
963531990,,residential,no,TH570905,ศรีเมืองชุม,Si Mueang Chum,95,yes,60,2024-09-11T12:00:00+07:00,89,2024-09-12T17:00:00+07:00,29
963532068,,residential,no,TH570904,โป่งผา,Pong Pha,31,yes,,,,,0
963532074,,residential,no,TH570902,ห้วยไคร้,Huai Khrai,51,yes,,,,,0
963532087,,residential,no,TH570903,เกาะช้าง,Ko Chang,133,yes,,,,,0
963532090,,residential,no,TH570904,โป่งผา,Pong Pha,49,yes,,,,,0
963532238,,residential,no,TH570905,ศรีเมืองชุม,Si Mueang Chum,157,yes,55,2024-09-11T07:00:00+07:00,94,2024-09-12T22:00:00+07:00,39
963532250,,residential,no,TH570906,เวียงพางคำ,Wiang Phang Kham,43,yes,,,,,0
963532467,,residential,no,TH570904,โป่งผา,Pong Pha,128,yes,,,,,0
963532609,,residential,no,TH570904,โป่งผา,Pong Pha,195,yes,,,,,0
963532720,,residential,no,TH570909,โป่งงาม,Pong Ngam,168,yes,,,,,0
963532828,,residential,no,TH570904,โป่งผา,Pong Pha,355,yes,,,,,0
963532887,,residential,no,TH570904,โป่งผา,Pong Pha,142,yes,,,,,0
963532929,,residential,no,TH570905,ศรีเมืองชุม,Si Mueang Chum,203,yes,,,,,0
963532958,,residential,no,TH570904,โป่งผา,Pong Pha,119,yes,,,,,0
963533091,,residential,no,TH570909,โป่งงาม,Pong Ngam,31,yes,,,,,0
963533108,,residential,no,TH570904,โป่งผา,Pong Pha,102,yes,,,,,0
963533356,,residential,no,TH570903,เกาะช้าง,Ko Chang,195,yes,47,2024-09-10T23:00:00+07:00,117,2024-09-13T21:00:00+07:00,70
963533369,,residential,no,TH570909,โป่งงาม,Pong Ngam,40,yes,,,,,0
963533465,,residential,no,TH570905,ศรีเมืองชุม,Si Mueang Chum,112,yes,,,,,0
963533480,,residential,no,TH570901,แม่สาย,Mae Sai,72,yes,,,,,0
963533525,,residential,no,TH570904,โป่งผา,Pong Pha,74,yes,,,,,0
963534084,,residential,no,TH570906,เวียงพางคำ,Wiang Phang Kham,71,yes,,,,,0
963534212,,residential,no,TH570904,โป่งผา,Pong Pha,317,yes,47,2024-09-10T23:00:00+07:00,122,2024-09-14T02:00:00+07:00,75
963534291,,residential,no,TH570906,เวียงพางคำ,Wiang Phang Kham,26,yes,,,,,0
963534461,,residential,no,TH570904,โป่งผา,Pong Pha,85,yes,,,,,0
963534482,,residential,no,TH570909,โป่งงาม,Pong Ngam,181,yes,,,,,0
963534487,,residential,no,TH570906,เวียงพางคำ,Wiang Phang Kham,114,yes,,,,,0
963534695,,residential,no,TH570903,เกาะช้าง,Ko Chang,52,yes,,,,,0
963534900,,residential,no,TH570906,เวียงพางคำ,Wiang Phang Kham,50,yes,,,,,0
963534916,ซอยรุ่งเรือง,residential,no,TH570904,โป่งผา,Pong Pha,145,yes,,,,,0
963534944,,residential,no,TH570903,เกาะช้าง,Ko Chang,190,yes,,,,,0
963535603,,residential,no,TH570903,เกาะช้าง,Ko Chang,178,yes,,,,,0
963535713,,residential,no,TH570904,โป่งผา,Pong Pha,56,yes,,,,,0
963535936,,residential,no,TH570901,แม่สาย,Mae Sai,337,yes,,,,,0
963536309,,residential,no,TH570904,โป่งผา,Pong Pha,188,yes,,,,,0
963536571,,residential,no,TH570909,โป่งงาม,Pong Ngam,83,yes,,,,,0
963536590,,residential,no,TH570908,บ้านด้าย,Ban Dai,228,yes,,,,,0
963537103,,residential,no,TH570902,ห้วยไคร้,Huai Khrai,49,yes,,,,,0
963537209,,residential,no,TH570904,โป่งผา,Pong Pha,413,yes,,,,,0
963537217,,residential,no,TH570904,โป่งผา,Pong Pha,46,yes,,,,,0
963537729,,residential,no,TH570904,โป่งผา,Pong Pha,56,yes,49,2024-09-11T01:00:00+07:00,106,2024-09-13T10:00:00+07:00,57
963537802,,residential,no,TH570904,โป่งผา,Pong Pha,45,yes,,,,,0
963537803,,residential,no,TH570904,โป่งผา,Pong Pha,229,yes,,,,,0
963538704,,residential,no,TH570904,โป่งผา,Pong Pha,65,yes,,,,,0
963538861,,residential,no,TH570905,ศรีเมืองชุม,Si Mueang Chum,244,yes,,,,,0
963538942,,residential,no,TH570904,โป่งผา,Pong Pha,104,yes,,,,,0
963539066,,residential,no,TH570904,โป่งผา,Pong Pha,386,yes,,,,,0
963539212,,residential,no,TH570904,โป่งผา,Pong Pha,175,yes,58,2024-09-11T10:00:00+07:00,91,2024-09-12T19:00:00+07:00,33
963539284,,residential,no,TH570904,โป่งผา,Pong Pha,144,yes,,,,,0
963539385,,residential,no,TH570909,โป่งงาม,Pong Ngam,196,yes,,,,,0
963539636,,residential,no,TH570904,โป่งผา,Pong Pha,125,yes,,,,,0
963539779,,residential,no,TH570904,โป่งผา,Pong Pha,24,yes,,,,,0
963539851,,residential,no,TH570902,ห้วยไคร้,Huai Khrai,68,yes,,,,,0
963539867,,residential,no,TH570909,โป่งงาม,Pong Ngam,403,yes,,,,,0
963540073,,residential,no,TH570909,โป่งงาม,Pong Ngam,119,yes,,,,,0
963540131,,residential,no,TH570905,ศรีเมืองชุม,Si Mueang Chum,245,yes,,,,,0
963540282,,residential,no,TH570905,ศรีเมืองชุม,Si Mueang Chum,67,yes,,,,,0
963540494,,residential,no,TH570904,โป่งผา,Pong Pha,12,yes,,,,,0
963540495,,residential,no,TH570904,โป่งผา,Pong Pha,453,yes,,,,,0
963540517,,residential,no,TH570904,โป่งผา,Pong Pha,262,yes,,,,,0
963540567,,residential,no,TH570904,โป่งผา,Pong Pha,163,yes,,,,,0
963540621,,residential,no,TH570909,โป่งงาม,Pong Ngam,16,yes,,,,,0
963540651,,residential,no,TH570909,โป่งงาม,Pong Ngam,106,yes,,,,,0
963540667,,residential,no,TH570904,โป่งผา,Pong Pha,37,yes,,,,,0
963541147,,residential,no,TH570905,ศรีเมืองชุม,Si Mueang Chum,261,yes,,,,,0
963541268,,residential,no,TH570904,โป่งผา,Pong Pha,78,yes,,,,,0
963541561,,residential,no,TH570909,โป่งงาม,Pong Ngam,136,yes,,,,,0
963541775,,residential,no,TH570909,โป่งงาม,Pong Ngam,71,yes,,,,,0
963542054,,residential,no,TH570909,โป่งงาม,Pong Ngam,91,yes,,,,,0
963542094,,residential,no,TH570909,โป่งงาม,Pong Ngam,82,yes,,,,,0
963542098,,residential,no,TH570905,ศรีเมืองชุม,Si Mueang Chum,239,yes,46,2024-09-10T22:00:00+07:00,125,2024-09-14T05:00:00+07:00,79
963542293,,residential,no,TH570904,โป่งผา,Pong Pha,166,yes,,,,,0
963542294,,residential,no,TH570904,โป่งผา,Pong Pha,419,yes,,,,,0
963542300,,residential,no,TH570908,บ้านด้าย,Ban Dai,46,yes,,,,,0
963542469,,residential,no,TH570905,ศรีเมืองชุม,Si Mueang Chum,201,yes,,,,,0
963542473,,residential,no,TH570909,โป่งงาม,Pong Ngam,109,yes,,,,,0
963542646,,residential,no,TH570905,ศรีเมืองชุม,Si Mueang Chum,93,yes,,,,,0
963543462,,residential,no,TH570908,บ้านด้าย,Ban Dai,62,yes,,,,,0
963543481,,residential,no,TH570904,โป่งผา,Pong Pha,38,yes,,,,,0
963543482,,residential,no,TH570904,โป่งผา,Pong Pha,81,yes,,,,,0
963543653,,residential,no,TH570904,โป่งผา,Pong Pha,26,yes,,,,,0
963543729,,residential,no,TH570904,โป่งผา,Pong Pha,137,yes,45,2024-09-10T21:00:00+07:00,132,2024-09-14T12:00:00+07:00,87
963543730,,residential,no,TH570904,โป่งผา,Pong Pha,233,yes,45,2024-09-10T21:00:00+07:00,132,2024-09-14T12:00:00+07:00,87
963543731,,residential,no,TH570904,โป่งผา,Pong Pha,255,yes,45,2024-09-10T21:00:00+07:00,132,2024-09-14T12:00:00+07:00,87
963543824,,residential,no,TH570909,โป่งงาม,Pong Ngam,238,yes,,,,,0
963543956,,residential,no,TH570904,โป่งผา,Pong Pha,88,yes,,,,,0
963544774,,residential,no,TH570909,โป่งงาม,Pong Ngam,126,yes,,,,,0
963544790,,residential,no,TH570902,ห้วยไคร้,Huai Khrai,48,yes,,,,,0
963544965,,residential,no,TH570909,โป่งงาม,Pong Ngam,224,yes,,,,,0
963544994,,residential,no,TH570909,โป่งงาม,Pong Ngam,127,yes,,,,,0
963545145,,residential,no,TH570908,บ้านด้าย,Ban Dai,269,yes,48,2024-09-11T00:00:00+07:00,109,2024-09-13T13:00:00+07:00,61
963545320,,residential,no,TH570905,ศรีเมืองชุม,Si Mueang Chum,298,yes,,,,,0
963545330,,residential,no,TH570905,ศรีเมืองชุม,Si Mueang Chum,276,yes,,,,,0
963545479,,residential,no,TH570909,โป่งงาม,Pong Ngam,177,yes,,,,,0
963546126,,residential,no,TH570908,บ้านด้าย,Ban Dai,52,yes,,,,,0
963546319,,residential,no,TH570905,ศรีเมืองชุม,Si Mueang Chum,87,yes,,,,,0
963546442,,residential,no,TH570905,ศรีเมืองชุม,Si Mueang Chum,188,yes,,,,,0
963546589,,residential,no,TH570905,ศรีเมืองชุม,Si Mueang Chum,183,yes,,,,,0
963546968,,residential,no,TH570904,โป่งผา,Pong Pha,104,yes,,,,,0
963547030,,residential,no,TH570909,โป่งงาม,Pong Ngam,65,yes,,,,,0
963547217,,residential,no,TH570904,โป่งผา,Pong Pha,128,yes,45,2024-09-10T21:00:00+07:00,132,2024-09-14T12:00:00+07:00,87
963547823,,residential,no,TH570905,ศรีเมืองชุม,Si Mueang Chum,57,yes,,,,,0
963547886,,residential,no,TH570904,โป่งผา,Pong Pha,166,yes,,,,,0
963548207,,residential,no,TH570904,โป่งผา,Pong Pha,99,yes,,,,,0
963548375,,residential,no,TH570905,ศรีเมืองชุม,Si Mueang Chum,1018,yes,,,,,0
963548376,,residential,no,TH570908,บ้านด้าย,Ban Dai,63,yes,,,,,0
963548752,,residential,no,TH570905,ศรีเมืองชุม,Si Mueang Chum,106,yes,,,,,0
963548763,,residential,no,TH570904,โป่งผา,Pong Pha,41,yes,,,,,0
963549111,,residential,no,TH570905,ศรีเมืองชุม,Si Mueang Chum,39,yes,,,,,0
963549270,,residential,no,TH570905,ศรีเมืองชุม,Si Mueang Chum,331,yes,48,2024-09-11T00:00:00+07:00,109,2024-09-13T13:00:00+07:00,61
963549279,,residential,no,TH570904,โป่งผา,Pong Pha,34,yes,,,,,0
963549280,,residential,no,TH570904,โป่งผา,Pong Pha,6,yes,,,,,0
963549281,,residential,no,TH570904,โป่งผา,Pong Pha,121,yes,,,,,0
963549532,,residential,no,TH570904,โป่งผา,Pong Pha,242,yes,,,,,0
963549684,,residential,no,TH570909,โป่งงาม,Pong Ngam,70,yes,,,,,0
963549691,,residential,no,TH570904,โป่งผา,Pong Pha,37,yes,,,,,0
963550284,,residential,no,TH570904,โป่งผา,Pong Pha,139,yes,,,,,0
963550494,,residential,no,TH570904,โป่งผา,Pong Pha,76,yes,,,,,0
963550979,,residential,no,TH570904,โป่งผา,Pong Pha,166,yes,,,,,0
963551240,,residential,no,TH570904,โป่งผา,Pong Pha,142,yes,,,,,0
963551387,,residential,no,TH570905,ศรีเมืองชุม,Si Mueang Chum,165,yes,60,2024-09-11T12:00:00+07:00,89,2024-09-12T17:00:00+07:00,29
963551719,,residential,no,TH570909,โป่งงาม,Pong Ngam,157,yes,,,,,0
963551720,,residential,no,TH570909,โป่งงาม,Pong Ngam,63,yes,,,,,0
963552230,,residential,no,TH570904,โป่งผา,Pong Pha,512,yes,,,,,0
963552385,,residential,no,TH570905,ศรีเมืองชุม,Si Mueang Chum,135,yes,,,,,0
963552479,,residential,no,TH570904,โป่งผา,Pong Pha,101,yes,,,,,0
963552610,,residential,no,TH570904,โป่งผา,Pong Pha,99,yes,79,2024-09-12T07:00:00+07:00,86,2024-09-12T14:00:00+07:00,7
963552612,,residential,no,TH570905,ศรีเมืองชุม,Si Mueang Chum,107,yes,,,,,0
963553737,,residential,no,TH570904,โป่งผา,Pong Pha,93,yes,,,,,0
963553777,,residential,no,TH570904,โป่งผา,Pong Pha,70,yes,,,,,0
963553938,,residential,no,TH570904,โป่งผา,Pong Pha,166,yes,,,,,0
963553939,,residential,no,TH570904,โป่งผา,Pong Pha,136,yes,,,,,0
963553940,,residential,no,TH570906,เวียงพางคำ,Wiang Phang Kham,102,yes,,,,,0
963554029,,residential,no,TH570905,ศรีเมืองชุม,Si Mueang Chum,55,yes,,,,,0
963554030,,residential,no,TH570905,ศรีเมืองชุม,Si Mueang Chum,118,yes,,,,,0
963554179,,residential,no,TH570903,เกาะช้าง,Ko Chang,45,yes,,,,,0
963554180,,residential,no,TH570905,ศรีเมืองชุม,Si Mueang Chum,85,yes,,,,,0
963554185,,residential,no,TH570904,โป่งผา,Pong Pha,152,yes,,,,,0
963554236,,residential,no,TH570904,โป่งผา,Pong Pha,52,yes,,,,,0
963555166,,residential,no,TH570909,โป่งงาม,Pong Ngam,61,yes,,,,,0
963555287,,residential,no,TH570904,โป่งผา,Pong Pha,108,yes,,,,,0
963555530,,residential,no,TH570908,บ้านด้าย,Ban Dai,155,yes,,,,,0
963555544,,residential,no,TH570908,บ้านด้าย,Ban Dai,94,yes,,,,,0
963555671,,residential,no,TH570909,โป่งงาม,Pong Ngam,109,yes,,,,,0
963555852,,residential,no,TH570905,ศรีเมืองชุม,Si Mueang Chum,46,yes,,,,,0
963555853,,residential,no,TH570905,ศรีเมืองชุม,Si Mueang Chum,1011,yes,,,,,0
963555938,,residential,no,TH570905,ศรีเมืองชุม,Si Mueang Chum,123,yes,,,,,0
963556111,,residential,no,TH570909,โป่งงาม,Pong Ngam,114,yes,,,,,0
963556539,,residential,no,TH570904,โป่งผา,Pong Pha,77,yes,,,,,0
963556543,,residential,no,TH570904,โป่งผา,Pong Pha,160,yes,,,,,0
963556558,,residential,no,TH570904,โป่งผา,Pong Pha,58,yes,,,,,0
963556938,,residential,no,TH570909,โป่งงาม,Pong Ngam,90,yes,,,,,0
963556951,,residential,no,TH570904,โป่งผา,Pong Pha,355,yes,,,,,0
963557330,,residential,no,TH570905,ศรีเมืองชุม,Si Mueang Chum,67,yes,,,,,0
963557342,,residential,no,TH570902,ห้วยไคร้,Huai Khrai,84,yes,,,,,0
963557646,,residential,no,TH570904,โป่งผา,Pong Pha,9,yes,,,,,0
963557807,,residential,no,TH570905,ศรีเมืองชุม,Si Mueang Chum,376,yes,48,2024-09-11T00:00:00+07:00,109,2024-09-13T13:00:00+07:00,61
963557947,,residential,no,TH570904,โป่งผา,Pong Pha,130,yes,,,,,0
963557984,,residential,no,TH570904,โป่งผา,Pong Pha,78,yes,,,,,0
963558198,,residential,no,TH570904,โป่งผา,Pong Pha,31,yes,,,,,0
963558268,,residential,no,TH570902,ห้วยไคร้,Huai Khrai,172,yes,,,,,0
963558406,,residential,no,TH570904,โป่งผา,Pong Pha,302,yes,,,,,0
963559107,,residential,no,TH570904,โป่งผา,Pong Pha,37,yes,,,,,0
963559350,,unclassified,no,TH570902,ห้วยไคร้,Huai Khrai,1498,yes,46,2024-09-10T22:00:00+07:00,126,2024-09-14T06:00:00+07:00,80
963559638,,residential,no,TH570904,โป่งผา,Pong Pha,137,yes,,,,,0
963559766,,residential,no,TH570904,โป่งผา,Pong Pha,340,yes,,,,,0
963559802,,residential,no,TH570902,ห้วยไคร้,Huai Khrai,66,yes,,,,,0
963560214,,residential,no,TH570902,ห้วยไคร้,Huai Khrai,131,yes,,,,,0
963560382,,residential,no,TH570904,โป่งผา,Pong Pha,60,yes,,,,,0
963560465,,residential,no,TH570904,โป่งผา,Pong Pha,62,yes,,,,,0
963560723,,residential,no,TH570904,โป่งผา,Pong Pha,215,yes,,,,,0
963560765,,residential,no,TH570902,ห้วยไคร้,Huai Khrai,119,yes,,,,,0
963560944,,residential,no,TH570904,โป่งผา,Pong Pha,49,yes,,,,,0
963560972,,residential,yes,TH570908,บ้านด้าย,Ban Dai,9,yes,46,2024-09-10T22:00:00+07:00,125,2024-09-14T05:00:00+07:00,79
963560973,,residential,no,TH570908,บ้านด้าย,Ban Dai,32,yes,45,2024-09-10T21:00:00+07:00,134,2024-09-14T14:00:00+07:00,89
963560974,,residential,no,TH570908,บ้านด้าย,Ban Dai,221,yes,47,2024-09-10T23:00:00+07:00,117,2024-09-13T21:00:00+07:00,70
963563888,,residential,no,TH570902,ห้วยไคร้,Huai Khrai,325,yes,,,,,0
963564704,,residential,no,TH570904,โป่งผา,Pong Pha,59,yes,,,,,0
963564713,,residential,no,TH570904,โป่งผา,Pong Pha,439,yes,55,2024-09-11T07:00:00+07:00,94,2024-09-12T22:00:00+07:00,39
963565358,,residential,no,TH570909,โป่งงาม,Pong Ngam,271,yes,,,,,0
963565562,,residential,no,TH570903,เกาะช้าง,Ko Chang,99,yes,44,2024-09-10T20:00:00+07:00,153,2024-09-15T09:00:00+07:00,109
963565641,,residential,no,TH570904,โป่งผา,Pong Pha,44,yes,,,,,0
963565676,,residential,no,TH570909,โป่งงาม,Pong Ngam,140,yes,,,,,0
963565678,,residential,no,TH570904,โป่งผา,Pong Pha,179,yes,,,,,0
963565761,,residential,no,TH570904,โป่งผา,Pong Pha,16,yes,,,,,0
963565762,,residential,no,TH570904,โป่งผา,Pong Pha,400,yes,,,,,0
963566272,,residential,no,TH570905,ศรีเมืองชุม,Si Mueang Chum,62,yes,,,,,0
963566352,,residential,no,TH570909,โป่งงาม,Pong Ngam,57,yes,,,,,0
963566563,,residential,no,TH570909,โป่งงาม,Pong Ngam,60,yes,,,,,0
963566968,,residential,no,TH570904,โป่งผา,Pong Pha,77,yes,,,,,0
963567029,,residential,no,TH570904,โป่งผา,Pong Pha,183,yes,,,,,0
963567198,,residential,no,TH570904,โป่งผา,Pong Pha,35,yes,,,,,0
963567214,,residential,no,TH570908,บ้านด้าย,Ban Dai,46,yes,,,,,0
963567378,,residential,no,TH570903,เกาะช้าง,Ko Chang,107,yes,,,,,0
963567850,,residential,no,TH570909,โป่งงาม,Pong Ngam,124,yes,,,,,0
963567851,,residential,no,TH570909,โป่งงาม,Pong Ngam,61,yes,,,,,0
963567916,,residential,no,TH570905,ศรีเมืองชุม,Si Mueang Chum,118,yes,,,,,0
963568992,,residential,no,TH570906,เวียงพางคำ,Wiang Phang Kham,192,yes,,,,,0
963569359,,residential,no,TH570908,บ้านด้าย,Ban Dai,4,yes,48,2024-09-11T00:00:00+07:00,109,2024-09-13T13:00:00+07:00,61
963569360,,residential,no,TH570908,บ้านด้าย,Ban Dai,10,yes,48,2024-09-11T00:00:00+07:00,109,2024-09-13T13:00:00+07:00,61
963569361,,residential,no,TH570908,บ้านด้าย,Ban Dai,40,yes,50,2024-09-11T02:00:00+07:00,99,2024-09-13T03:00:00+07:00,49
963569483,,residential,no,TH570908,บ้านด้าย,Ban Dai,46,yes,,,,,0
963569536,,residential,no,TH570904,โป่งผา,Pong Pha,161,yes,,,,,0
963569976,,residential,no,TH570904,โป่งผา,Pong Pha,103,yes,,,,,0
963570039,,residential,no,TH570904,โป่งผา,Pong Pha,83,yes,,,,,0
963571353,,residential,no,TH570904,โป่งผา,Pong Pha,99,yes,,,,,0
963571902,ซอย 6,residential,no,TH570904,โป่งผา,Pong Pha,72,yes,,,,,0
963572243,,residential,no,TH570902,ห้วยไคร้,Huai Khrai,38,yes,,,,,0
963573349,,residential,no,TH570904,โป่งผา,Pong Pha,80,yes,,,,,0
963573352,,residential,no,TH570905,ศรีเมืองชุม,Si Mueang Chum,148,yes,,,,,0
963574058,,residential,no,TH570904,โป่งผา,Pong Pha,71,yes,,,,,0
963574210,,residential,no,TH570909,โป่งงาม,Pong Ngam,48,yes,,,,,0
963574298,,residential,no,TH570905,ศรีเมืองชุม,Si Mueang Chum,296,yes,47,2024-09-10T23:00:00+07:00,115,2024-09-13T19:00:00+07:00,68
963574460,,residential,no,TH570908,บ้านด้าย,Ban Dai,86,yes,,,,,0
963574584,,residential,no,TH570909,โป่งงาม,Pong Ngam,48,yes,,,,,0
963574834,,residential,no,TH570909,โป่งงาม,Pong Ngam,197,yes,,,,,0
963575185,,residential,no,TH570904,โป่งผา,Pong Pha,33,yes,,,,,0
963575374,,residential,no,TH570904,โป่งผา,Pong Pha,3,yes,,,,,0
963575375,,residential,no,TH570904,โป่งผา,Pong Pha,90,yes,,,,,0
963576327,,residential,no,TH570909,โป่งงาม,Pong Ngam,56,yes,,,,,0
963576328,,residential,yes,TH570909,โป่งงาม,Pong Ngam,8,yes,,,,,0
963576329,,residential,no,TH570909,โป่งงาม,Pong Ngam,17,yes,,,,,0
963576373,,residential,no,TH570902,ห้วยไคร้,Huai Khrai,105,yes,,,,,0
963576686,,residential,no,TH570909,โป่งงาม,Pong Ngam,290,yes,,,,,0
963576937,,residential,no,TH570909,โป่งงาม,Pong Ngam,59,yes,,,,,0
963577210,,residential,no,TH570908,บ้านด้าย,Ban Dai,164,yes,,,,,0
963577434,,residential,no,TH570909,โป่งงาม,Pong Ngam,711,yes,,,,,0
963577666,,residential,no,TH570909,โป่งงาม,Pong Ngam,105,yes,,,,,0
963578233,,residential,no,TH570904,โป่งผา,Pong Pha,134,yes,,,,,0
963578247,,residential,no,TH570904,โป่งผา,Pong Pha,145,yes,45,2024-09-10T21:00:00+07:00,136,2024-09-14T16:00:00+07:00,91
963578628,,residential,no,TH570909,โป่งงาม,Pong Ngam,259,yes,,,,,0
963578659,,residential,no,TH570904,โป่งผา,Pong Pha,77,yes,,,,,0
963578723,,residential,no,TH570904,โป่งผา,Pong Pha,137,yes,,,,,0
963579219,,residential,no,TH570902,ห้วยไคร้,Huai Khrai,10,yes,,,,,0
963579220,,residential,yes,TH570902,ห้วยไคร้,Huai Khrai,4,yes,,,,,0
963579221,,residential,no,TH570902,ห้วยไคร้,Huai Khrai,10,yes,,,,,0
963579834,,residential,no,TH570904,โป่งผา,Pong Pha,130,yes,,,,,0
963580033,,residential,no,TH570904,โป่งผา,Pong Pha,42,yes,,,,,0
963580034,,residential,no,TH570904,โป่งผา,Pong Pha,302,yes,,,,,0
963580772,,residential,no,TH570909,โป่งงาม,Pong Ngam,74,yes,,,,,0
963580773,,residential,no,TH570909,โป่งงาม,Pong Ngam,34,yes,,,,,0
963580774,,residential,no,TH570909,โป่งงาม,Pong Ngam,18,yes,,,,,0
963582122,,residential,no,TH570904,โป่งผา,Pong Pha,60,yes,,,,,0
963583118,,residential,no,TH570904,โป่งผา,Pong Pha,139,yes,,,,,0
963583532,,residential,no,TH570909,โป่งงาม,Pong Ngam,72,yes,,,,,0
963583533,,residential,no,TH570909,โป่งงาม,Pong Ngam,111,yes,,,,,0
963583806,,residential,no,TH570909,โป่งงาม,Pong Ngam,270,yes,,,,,0
963583901,,residential,no,TH570909,โป่งงาม,Pong Ngam,102,yes,,,,,0
963584226,,residential,no,TH570909,โป่งงาม,Pong Ngam,185,yes,,,,,0
963584242,,residential,no,TH570909,โป่งงาม,Pong Ngam,84,yes,,,,,0
963584367,,residential,no,TH570909,โป่งงาม,Pong Ngam,123,yes,,,,,0
963584603,,residential,no,TH570908,บ้านด้าย,Ban Dai,125,yes,,,,,0
963584604,,residential,no,TH570908,บ้านด้าย,Ban Dai,209,yes,54,2024-09-11T06:00:00+07:00,95,2024-09-12T23:00:00+07:00,41
963584726,,residential,no,TH570909,โป่งงาม,Pong Ngam,140,yes,,,,,0
963584886,,residential,no,TH570909,โป่งงาม,Pong Ngam,77,yes,,,,,0
963584947,,residential,no,TH570902,ห้วยไคร้,Huai Khrai,134,yes,,,,,0
963585031,,residential,no,TH570909,โป่งงาม,Pong Ngam,92,yes,,,,,0
963585706,,residential,no,TH570909,โป่งงาม,Pong Ngam,193,yes,,,,,0
963587618,,residential,no,TH570909,โป่งงาม,Pong Ngam,113,yes,,,,,0
963587905,,residential,no,TH570909,โป่งงาม,Pong Ngam,109,yes,,,,,0
963587946,,residential,no,TH570908,บ้านด้าย,Ban Dai,120,yes,,,,,0
963588046,,residential,no,TH570909,โป่งงาม,Pong Ngam,74,yes,,,,,0
963589894,,residential,no,TH570909,โป่งงาม,Pong Ngam,142,yes,,,,,0
963590074,,residential,no,TH570905,ศรีเมืองชุม,Si Mueang Chum,249,yes,,,,,0
963590237,,residential,no,TH570902,ห้วยไคร้,Huai Khrai,213,yes,,,,,0
963590472,,residential,no,TH570902,ห้วยไคร้,Huai Khrai,145,yes,,,,,0
963590587,,residential,no,TH570909,โป่งงาม,Pong Ngam,144,yes,,,,,0
963590686,,residential,no,TH570908,บ้านด้าย,Ban Dai,144,yes,,,,,0
963590993,,residential,no,TH570909,โป่งงาม,Pong Ngam,66,yes,,,,,0
963591116,,residential,no,TH570909,โป่งงาม,Pong Ngam,132,yes,,,,,0
963591461,,residential,no,TH570908,บ้านด้าย,Ban Dai,88,yes,,,,,0
963591680,,residential,no,TH570909,โป่งงาม,Pong Ngam,50,yes,,,,,0
963592187,,residential,no,TH570909,โป่งงาม,Pong Ngam,25,yes,,,,,0
963592604,,residential,no,TH570909,โป่งงาม,Pong Ngam,118,yes,,,,,0
963592636,,residential,no,TH570904,โป่งผา,Pong Pha,85,yes,,,,,0
963592654,,residential,no,TH570908,บ้านด้าย,Ban Dai,151,yes,,,,,0
963592701,,residential,no,TH570908,บ้านด้าย,Ban Dai,161,yes,78,2024-09-12T06:00:00+07:00,86,2024-09-12T14:00:00+07:00,8
963593093,,residential,no,TH570908,บ้านด้าย,Ban Dai,82,yes,,,,,0
963594052,,residential,no,TH570909,โป่งงาม,Pong Ngam,79,yes,,,,,0
963594279,,residential,no,TH570908,บ้านด้าย,Ban Dai,246,yes,,,,,0
963594293,,residential,no,TH570902,ห้วยไคร้,Huai Khrai,136,yes,,,,,0
963594400,,residential,no,TH570904,โป่งผา,Pong Pha,154,yes,,,,,0
963594521,,residential,no,TH570909,โป่งงาม,Pong Ngam,157,yes,,,,,0
963594767,,residential,no,TH570904,โป่งผา,Pong Pha,175,yes,,,,,0
963596808,,residential,no,TH570908,บ้านด้าย,Ban Dai,53,yes,,,,,0
963597486,,residential,no,TH570908,บ้านด้าย,Ban Dai,62,yes,,,,,0
963598045,,residential,no,TH570904,โป่งผา,Pong Pha,58,yes,,,,,0
963598464,,residential,no,TH570909,โป่งงาม,Pong Ngam,59,yes,,,,,0
963600610,,residential,no,TH570902,ห้วยไคร้,Huai Khrai,67,yes,,,,,0
963600895,,residential,no,TH570904,โป่งผา,Pong Pha,106,yes,,,,,0
963601264,,residential,no,TH570904,โป่งผา,Pong Pha,48,yes,,,,,0
963603659,,residential,no,TH570902,ห้วยไคร้,Huai Khrai,144,yes,,,,,0
963604417,,residential,no,TH570902,ห้วยไคร้,Huai Khrai,175,yes,,,,,0
963604901,,residential,no,TH570901,แม่สาย,Mae Sai,46,yes,44,2024-09-10T20:00:00+07:00,153,2024-09-15T09:00:00+07:00,109
963605273,,residential,no,TH570902,ห้วยไคร้,Huai Khrai,201,yes,,,,,0
963605791,,residential,no,TH570902,ห้วยไคร้,Huai Khrai,76,yes,,,,,0
963605939,,residential,no,TH570901,แม่สาย,Mae Sai,53,yes,,,,,0
963606238,,residential,no,TH570902,ห้วยไคร้,Huai Khrai,255,yes,,,,,0
963606426,,residential,no,TH570901,แม่สาย,Mae Sai,129,yes,,,,,0
963607169,,residential,no,TH570908,บ้านด้าย,Ban Dai,165,yes,,,,,0
963607685,,residential,no,TH570904,โป่งผา,Pong Pha,100,yes,60,2024-09-11T12:00:00+07:00,89,2024-09-12T17:00:00+07:00,29
963608281,,residential,no,TH570904,โป่งผา,Pong Pha,83,yes,,,,,0
963608977,,residential,no,TH570905,ศรีเมืองชุม,Si Mueang Chum,189,yes,,,,,0
963609330,,residential,no,TH570909,โป่งงาม,Pong Ngam,58,yes,,,,,0
963609517,,residential,no,TH570902,ห้วยไคร้,Huai Khrai,88,yes,,,,,0
963610942,,residential,no,TH570909,โป่งงาม,Pong Ngam,82,yes,,,,,0
963611080,,residential,no,TH570909,โป่งงาม,Pong Ngam,39,yes,,,,,0
963611182,,residential,no,TH570902,ห้วยไคร้,Huai Khrai,205,yes,,,,,0
963611484,,residential,no,TH570909,โป่งงาม,Pong Ngam,106,yes,,,,,0
963611648,,residential,no,TH570902,ห้วยไคร้,Huai Khrai,658,yes,,,,,0
963611799,,residential,no,TH570908,บ้านด้าย,Ban Dai,295,yes,,,,,0
963612255,,residential,no,TH570909,โป่งงาม,Pong Ngam,389,yes,,,,,0
963612356,,residential,no,TH570902,ห้วยไคร้,Huai Khrai,279,yes,,,,,0
963612543,,residential,no,TH570902,ห้วยไคร้,Huai Khrai,86,yes,,,,,0
963612906,,residential,no,TH570902,ห้วยไคร้,Huai Khrai,50,yes,,,,,0
963613116,,residential,no,TH570902,ห้วยไคร้,Huai Khrai,42,yes,,,,,0
963613547,,residential,no,TH570902,ห้วยไคร้,Huai Khrai,70,yes,,,,,0
963613769,,residential,no,TH570902,ห้วยไคร้,Huai Khrai,175,yes,,,,,0
963614047,,residential,no,TH570902,ห้วยไคร้,Huai Khrai,146,yes,,,,,0
963615899,,residential,no,TH570902,ห้วยไคร้,Huai Khrai,110,yes,,,,,0
963619289,,residential,no,TH570908,บ้านด้าย,Ban Dai,263,yes,44,2024-09-10T20:00:00+07:00,152,2024-09-15T08:00:00+07:00,108
963619293,,residential,no,TH570902,ห้วยไคร้,Huai Khrai,127,yes,,,,,0
963619777,,residential,no,TH570902,ห้วยไคร้,Huai Khrai,272,yes,,,,,0
963619786,,residential,no,TH570909,โป่งงาม,Pong Ngam,87,yes,,,,,0
963620153,,residential,no,TH570902,ห้วยไคร้,Huai Khrai,42,yes,,,,,0
963620225,,residential,no,TH570902,ห้วยไคร้,Huai Khrai,50,yes,,,,,0
963620471,,residential,no,TH570902,ห้วยไคร้,Huai Khrai,255,yes,,,,,0
963622470,,residential,no,TH570902,ห้วยไคร้,Huai Khrai,206,yes,,,,,0
963622730,,residential,no,TH570902,ห้วยไคร้,Huai Khrai,53,yes,,,,,0
963622762,,residential,no,TH570902,ห้วยไคร้,Huai Khrai,111,yes,,,,,0
963623888,,residential,no,TH570902,ห้วยไคร้,Huai Khrai,86,yes,,,,,0
963636212,,residential,no,TH570902,ห้วยไคร้,Huai Khrai,34,yes,,,,,0
963638753,,residential,no,TH570901,แม่สาย,Mae Sai,106,yes,50,2024-09-11T02:00:00+07:00,103,2024-09-13T07:00:00+07:00,53
963640710,,residential,no,TH570902,ห้วยไคร้,Huai Khrai,148,yes,,,,,0
963827142,,residential,no,TH570902,ห้วยไคร้,Huai Khrai,45,yes,,,,,0
963827315,,residential,no,TH570902,ห้วยไคร้,Huai Khrai,178,yes,,,,,0
963827786,,residential,no,TH570902,ห้วยไคร้,Huai Khrai,68,yes,,,,,0
963830575,,unclassified,no,TH570902,ห้วยไคร้,Huai Khrai,3399,yes,,,,,0
963835031,,residential,no,TH570902,ห้วยไคร้,Huai Khrai,160,yes,,,,,0
963835969,,residential,no,TH570902,ห้วยไคร้,Huai Khrai,178,yes,,,,,0
963837556,,residential,no,TH570902,ห้วยไคร้,Huai Khrai,147,yes,,,,,0
963837557,,residential,no,TH570902,ห้วยไคร้,Huai Khrai,198,yes,,,,,0
963838270,,residential,no,TH570902,ห้วยไคร้,Huai Khrai,185,yes,,,,,0
963838569,,residential,no,TH570902,ห้วยไคร้,Huai Khrai,121,yes,,,,,0
963839089,,residential,no,TH570902,ห้วยไคร้,Huai Khrai,261,yes,,,,,0
963839181,,residential,no,TH570902,ห้วยไคร้,Huai Khrai,79,yes,,,,,0
963840750,,residential,no,TH570902,ห้วยไคร้,Huai Khrai,86,yes,,,,,0
963845862,,residential,no,TH570908,บ้านด้าย,Ban Dai,71,yes,,,,,0
963858969,,residential,no,TH570902,ห้วยไคร้,Huai Khrai,421,yes,,,,,0
963877521,,residential,no,TH570903,เกาะช้าง,Ko Chang,116,yes,,,,,0
963933856,,residential,no,TH570904,โป่งผา,Pong Pha,46,yes,,,,,0
963933857,,residential,no,TH570904,โป่งผา,Pong Pha,503,yes,,,,,0
963934441,,residential,no,TH570904,โป่งผา,Pong Pha,51,yes,,,,,0
963935314,,residential,no,TH570904,โป่งผา,Pong Pha,41,yes,,,,,0
963935926,,residential,no,TH570904,โป่งผา,Pong Pha,106,yes,,,,,0
963940167,,residential,no,TH570909,โป่งงาม,Pong Ngam,24,yes,,,,,0
963953480,,residential,no,TH570904,โป่งผา,Pong Pha,31,yes,,,,,0
963955465,,residential,no,TH570904,โป่งผา,Pong Pha,60,yes,,,,,0
963955692,,residential,no,TH570905,ศรีเมืองชุม,Si Mueang Chum,92,yes,,,,,0
963955757,,residential,no,TH570904,โป่งผา,Pong Pha,26,yes,,,,,0
963956105,,residential,no,TH570905,ศรีเมืองชุม,Si Mueang Chum,158,yes,,,,,0
963959478,,residential,no,TH570905,ศรีเมืองชุม,Si Mueang Chum,536,yes,57,2024-09-11T09:00:00+07:00,92,2024-09-12T20:00:00+07:00,35
963959873,,residential,no,TH570906,เวียงพางคำ,Wiang Phang Kham,79,yes,,,,,0
963960238,,residential,no,TH570903,เกาะช้าง,Ko Chang,64,yes,60,2024-09-11T12:00:00+07:00,89,2024-09-12T17:00:00+07:00,29
963960765,,residential,no,TH570906,เวียงพางคำ,Wiang Phang Kham,47,yes,,,,,0
963962835,,residential,no,TH570906,เวียงพางคำ,Wiang Phang Kham,62,yes,,,,,0
963963065,,residential,no,TH570906,เวียงพางคำ,Wiang Phang Kham,55,yes,,,,,0
963963260,,residential,no,TH570903,เกาะช้าง,Ko Chang,72,yes,,,,,0
963963570,,residential,no,TH570901,แม่สาย,Mae Sai,182,yes,,,,,0
963964181,,residential,no,TH570906,เวียงพางคำ,Wiang Phang Kham,176,yes,,,,,0
963964182,,residential,no,TH570906,เวียงพางคำ,Wiang Phang Kham,59,yes,,,,,0
963965231,,residential,no,TH570901,แม่สาย,Mae Sai,81,yes,,,,,0
963965796,,residential,no,TH570903,เกาะช้าง,Ko Chang,77,yes,,,,,0
963966335,,residential,no,TH570901,แม่สาย,Mae Sai,156,yes,45,2024-09-10T21:00:00+07:00,140,2024-09-14T20:00:00+07:00,95
963967050,,residential,no,TH570903,เกาะช้าง,Ko Chang,64,yes,,,,,0
963967224,,residential,no,TH570901,แม่สาย,Mae Sai,101,yes,,,,,0
963967751,,residential,no,TH570903,เกาะช้าง,Ko Chang,167,yes,,,,,0
963969092,,residential,no,TH570901,แม่สาย,Mae Sai,39,yes,47,2024-09-10T23:00:00+07:00,120,2024-09-14T00:00:00+07:00,73
963969591,,residential,no,TH570901,แม่สาย,Mae Sai,169,yes,49,2024-09-11T01:00:00+07:00,106,2024-09-13T10:00:00+07:00,57
963970019,,residential,no,TH570901,แม่สาย,Mae Sai,6,yes,,,,,0
963970074,,residential,no,TH570903,เกาะช้าง,Ko Chang,161,yes,,,,,0
963970555,,residential,no,TH570906,เวียงพางคำ,Wiang Phang Kham,125,yes,,,,,0
964157207,,residential,no,TH570902,ห้วยไคร้,Huai Khrai,57,yes,,,,,0
964157242,,residential,no,TH570902,ห้วยไคร้,Huai Khrai,153,yes,,,,,0
964158547,,residential,no,TH570904,โป่งผา,Pong Pha,71,yes,,,,,0
964161463,,residential,no,TH570904,โป่งผา,Pong Pha,214,yes,,,,,0
964162805,,residential,no,TH570902,ห้วยไคร้,Huai Khrai,91,yes,,,,,0
964164151,,residential,no,TH570909,โป่งงาม,Pong Ngam,244,yes,,,,,0
964164213,,residential,no,TH570909,โป่งงาม,Pong Ngam,63,yes,,,,,0
964164899,,residential,no,TH570909,โป่งงาม,Pong Ngam,176,yes,,,,,0
964165020,,residential,no,TH570909,โป่งงาม,Pong Ngam,106,yes,,,,,0
964169734,,residential,no,TH570902,ห้วยไคร้,Huai Khrai,327,yes,,,,,0
964456261,,residential,no,TH570906,เวียงพางคำ,Wiang Phang Kham,72,yes,,,,,0
966691246,,residential,no,TH570901,แม่สาย,Mae Sai,199,yes,45,2024-09-10T21:00:00+07:00,141,2024-09-14T21:00:00+07:00,96
1014064760,,residential,no,TH570906,เวียงพางคำ,Wiang Phang Kham,288,yes,53,2024-09-11T05:00:00+07:00,96,2024-09-13T00:00:00+07:00,43
1031093288,ถนนเลี่ยงเมืองแม่สาย,trunk,no,TH570901,แม่สาย,Mae Sai,610,yes,44,2024-09-10T20:00:00+07:00,149,2024-09-15T05:00:00+07:00,105
1031093289,ถนนเลี่ยงเมืองแม่สาย,trunk,yes,TH570901,แม่สาย,Mae Sai,15,yes,,,,,0
1031093290,ถนนเลี่ยงเมืองแม่สาย,trunk,no,TH570901,แม่สาย,Mae Sai,407,yes,,,,,0
1031093291,ถนนเลี่ยงเมืองแม่สาย,trunk,yes,TH570901,แม่สาย,Mae Sai,11,yes,,,,,0
1082079713,,residential,no,TH570901,แม่สาย,Mae Sai,43,yes,,,,,0
1083479020,,secondary,no,TH570901,แม่สาย,Mae Sai,61,yes,,,,,0
1083479021,,secondary,no,TH570905,ศรีเมืองชุม,Si Mueang Chum,13,yes,51,2024-09-11T03:00:00+07:00,98,2024-09-13T02:00:00+07:00,47
1083479029,,secondary,yes,TH570901,แม่สาย,Mae Sai,14,yes,,,,,0
1083479032,,secondary,yes,TH570901,แม่สาย,Mae Sai,16,yes,,,,,0
1083479033,,secondary,no,TH570901,แม่สาย,Mae Sai,3,yes,,,,,0
1083479034,ถนนเลี่ยงเมืองแม่สาย,trunk,no,TH570901,แม่สาย,Mae Sai,89,yes,,,,,0
1083479035,ถนนเลี่ยงเมืองแม่สาย,trunk,yes,TH570901,แม่สาย,Mae Sai,13,yes,,,,,0
1100818675,,unclassified,no,TH570909,โป่งงาม,Pong Ngam,350,yes,,,,,0
1112437358,,residential,no,TH570906,เวียงพางคำ,Wiang Phang Kham,71,yes,,,,,0
1112437359,,residential,no,TH570906,เวียงพางคำ,Wiang Phang Kham,71,yes,,,,,0
1112437361,,unclassified,yes,TH570905,ศรีเมืองชุม,Si Mueang Chum,24,yes,,,,,0
1112437364,,unclassified,yes,TH570906,เวียงพางคำ,Wiang Phang Kham,22,yes,,,,,0
1112437371,ถนนพหลโยธิน,primary,no,TH570906,เวียงพางคำ,Wiang Phang Kham,927,yes,,,,,0
1112437376,,primary,no,TH570904,โป่งผา,Pong Pha,19,yes,,,,,0
1112437377,ถนนพหลโยธิน,trunk,no,TH570904,โป่งผา,Pong Pha,5282,yes,,,,,0
1112437378,,residential,yes,TH570905,ศรีเมืองชุม,Si Mueang Chum,31,yes,,,,,0
1112437381,,primary,no,TH570904,โป่งผา,Pong Pha,18,yes,,,,,0
1112439813,,residential,no,TH570906,เวียงพางคำ,Wiang Phang Kham,1076,yes,,,,,0
1112439815,,residential,no,TH570901,แม่สาย,Mae Sai,97,yes,,,,,0
1112439816,,unclassified,no,TH570901,แม่สาย,Mae Sai,1029,yes,,,,,0
1112439817,ถนนเลี่ยงเมืองแม่สาย,trunk,yes,TH570906,เวียงพางคำ,Wiang Phang Kham,36,yes,53,2024-09-11T05:00:00+07:00,96,2024-09-13T00:00:00+07:00,43
1112439819,ถนนเลี่ยงเมืองแม่สาย,trunk,no,TH570906,เวียงพางคำ,Wiang Phang Kham,2194,yes,50,2024-09-11T02:00:00+07:00,99,2024-09-13T03:00:00+07:00,49
1112439822,,residential,no,TH570906,เวียงพางคำ,Wiang Phang Kham,236,yes,58,2024-09-11T10:00:00+07:00,91,2024-09-12T19:00:00+07:00,33
1112439826,,unclassified,no,TH570906,เวียงพางคำ,Wiang Phang Kham,1599,yes,,,,,0
1112439827,,secondary,no,TH570901,แม่สาย,Mae Sai,1080,yes,45,2024-09-10T21:00:00+07:00,138,2024-09-14T18:00:00+07:00,93
1112439828,,residential,no,TH570901,แม่สาย,Mae Sai,259,yes,,,,,0
1112439835,,unclassified,no,TH570901,แม่สาย,Mae Sai,161,yes,,,,,0
1112439837,,residential,no,TH570901,แม่สาย,Mae Sai,853,yes,57,2024-09-11T09:00:00+07:00,92,2024-09-12T20:00:00+07:00,35
1112439838,,residential,no,TH570906,เวียงพางคำ,Wiang Phang Kham,310,yes,,,,,0
1112439840,,residential,no,TH570901,แม่สาย,Mae Sai,100,yes,,,,,0
1112440184,,unclassified,no,TH570901,แม่สาย,Mae Sai,7,yes,,,,,0
1112441546,,residential,no,TH570901,แม่สาย,Mae Sai,300,yes,44,2024-09-10T20:00:00+07:00,151,2024-09-15T07:00:00+07:00,107
1112444541,,residential,no,TH570901,แม่สาย,Mae Sai,102,yes,69,2024-09-11T21:00:00+07:00,87,2024-09-12T15:00:00+07:00,18
1112444542,,residential,no,TH570901,แม่สาย,Mae Sai,83,yes,,,,,0
1112444545,,residential,yes,TH570901,แม่สาย,Mae Sai,12,yes,,,,,0
1112444547,,residential,yes,TH570901,แม่สาย,Mae Sai,7,yes,81,2024-09-12T09:00:00+07:00,85,2024-09-12T13:00:00+07:00,4
1112445465,,residential,no,TH570901,แม่สาย,Mae Sai,161,yes,47,2024-09-10T23:00:00+07:00,120,2024-09-14T00:00:00+07:00,73
1112445468,,unclassified,yes,TH570901,แม่สาย,Mae Sai,18,yes,50,2024-09-11T02:00:00+07:00,99,2024-09-13T03:00:00+07:00,49
1112445765,,residential,no,TH570903,เกาะช้าง,Ko Chang,193,yes,,,,,0
1112445766,,residential,no,TH570903,เกาะช้าง,Ko Chang,388,yes,,,,,0
1112445767,,residential,no,TH570903,เกาะช้าง,Ko Chang,124,yes,50,2024-09-11T02:00:00+07:00,101,2024-09-13T05:00:00+07:00,51
1112593125,,residential,no,TH570903,เกาะช้าง,Ko Chang,86,yes,,,,,0
1112593128,ถนนเหมืองแดง,tertiary,yes,TH570905,ศรีเมืองชุม,Si Mueang Chum,32,yes,49,2024-09-11T01:00:00+07:00,107,2024-09-13T11:00:00+07:00,58
1112593129,,residential,no,TH570903,เกาะช้าง,Ko Chang,182,yes,,,,,0
1112593130,,residential,no,TH570905,ศรีเมืองชุม,Si Mueang Chum,65,yes,55,2024-09-11T07:00:00+07:00,94,2024-09-12T22:00:00+07:00,39
1112593131,,residential,no,TH570905,ศรีเมืองชุม,Si Mueang Chum,137,yes,48,2024-09-11T00:00:00+07:00,113,2024-09-13T17:00:00+07:00,65
1112593134,,residential,no,TH570903,เกาะช้าง,Ko Chang,285,yes,,,,,0
1112593137,ถนนเหมืองแดง,tertiary,no,TH570905,ศรีเมืองชุม,Si Mueang Chum,953,yes,48,2024-09-11T00:00:00+07:00,112,2024-09-13T16:00:00+07:00,64
1112593139,,residential,no,TH570903,เกาะช้าง,Ko Chang,791,yes,,,,,0
1112593143,ซอยบ้านสันนา 1,unclassified,no,TH570903,เกาะช้าง,Ko Chang,2890,yes,45,2024-09-10T21:00:00+07:00,131,2024-09-14T11:00:00+07:00,86
1112593663,,residential,no,TH570903,เกาะช้าง,Ko Chang,54,yes,,,,,0
1112593664,ถนนเหมืองแดง,tertiary,no,TH570903,เกาะช้าง,Ko Chang,10489,yes,46,2024-09-10T22:00:00+07:00,125,2024-09-14T05:00:00+07:00,79
1112593665,,residential,no,TH570903,เกาะช้าง,Ko Chang,59,yes,,,,,0
1112597120,,residential,no,TH570903,เกาะช้าง,Ko Chang,67,yes,,,,,0
1112599194,,residential,no,TH570908,บ้านด้าย,Ban Dai,104,yes,,,,,0
1112599197,,residential,no,TH570902,ห้วยไคร้,Huai Khrai,64,yes,,,,,0
1112600956,ถนนพหลโยธิน,trunk,no,TH570909,โป่งงาม,Pong Ngam,1352,yes,,,,,0
1112600961,ถนนพหลโยธิน,trunk,no,TH570902,ห้วยไคร้,Huai Khrai,6706,yes,,,,,0
1112600962,บ้านถ้ำปลา,unclassified,no,TH570909,โป่งงาม,Pong Ngam,119,yes,,,,,0
1114785473,,residential,no,TH570901,แม่สาย,Mae Sai,106,yes,55,2024-09-11T07:00:00+07:00,94,2024-09-12T22:00:00+07:00,39
1114786464,ถนนเทศบาล 21,residential,no,TH570906,เวียงพางคำ,Wiang Phang Kham,11,yes,50,2024-09-11T02:00:00+07:00,101,2024-09-13T05:00:00+07:00,51
1114786465,ถนนเทศบาล 21,residential,no,TH570906,เวียงพางคำ,Wiang Phang Kham,15,yes,50,2024-09-11T02:00:00+07:00,101,2024-09-13T05:00:00+07:00,51
1114786466,ถนนเทศบาล 21,residential,no,TH570906,เวียงพางคำ,Wiang Phang Kham,84,yes,51,2024-09-11T03:00:00+07:00,99,2024-09-13T03:00:00+07:00,48
1114786467,ถนนเทศบาล 21,residential,no,TH570906,เวียงพางคำ,Wiang Phang Kham,92,yes,46,2024-09-10T22:00:00+07:00,127,2024-09-14T07:00:00+07:00,81
1114870825,ถนนเหมืองแดง,tertiary,no,TH570903,เกาะช้าง,Ko Chang,954,yes,45,2024-09-10T21:00:00+07:00,142,2024-09-14T22:00:00+07:00,97
1114870826,,unclassified,no,TH570903,เกาะช้าง,Ko Chang,1066,yes,,,,,0
1114870827,,unclassified,no,TH570903,เกาะช้าง,Ko Chang,1380,yes,44,2024-09-10T20:00:00+07:00,149,2024-09-15T05:00:00+07:00,105
1114870828,,residential,no,TH570901,แม่สาย,Mae Sai,137,yes,44,2024-09-10T20:00:00+07:00,149,2024-09-15T05:00:00+07:00,105
1114870830,,residential,no,TH570901,แม่สาย,Mae Sai,224,yes,44,2024-09-10T20:00:00+07:00,149,2024-09-15T05:00:00+07:00,105
1114870832,ถนนเหมืองแดง,tertiary,no,TH570901,แม่สาย,Mae Sai,4068,yes,44,2024-09-10T20:00:00+07:00,153,2024-09-15T09:00:00+07:00,109
1114870833,,residential,no,TH570903,เกาะช้าง,Ko Chang,556,yes,,,,,0
1114870835,ถนนเหมืองแดง,tertiary,yes,TH570903,เกาะช้าง,Ko Chang,36,yes,50,2024-09-11T02:00:00+07:00,103,2024-09-13T07:00:00+07:00,53
1114870836,,tertiary,no,TH570901,แม่สาย,Mae Sai,1484,yes,45,2024-09-10T21:00:00+07:00,141,2024-09-14T21:00:00+07:00,96
1119098708,,residential,no,TH570906,เวียงพางคำ,Wiang Phang Kham,148,yes,47,2024-09-10T23:00:00+07:00,122,2024-09-14T02:00:00+07:00,75
1119100351,,residential,no,TH570906,เวียงพางคำ,Wiang Phang Kham,220,yes,60,2024-09-11T12:00:00+07:00,89,2024-09-12T17:00:00+07:00,29
1119107537,,residential,no,TH570906,เวียงพางคำ,Wiang Phang Kham,181,yes,,,,,0
1119107538,,residential,no,TH570906,เวียงพางคำ,Wiang Phang Kham,677,yes,,,,,0
1119107539,,residential,no,TH570906,เวียงพางคำ,Wiang Phang Kham,171,yes,,,,,0
1119107540,,residential,no,TH570906,เวียงพางคำ,Wiang Phang Kham,206,yes,,,,,0
1119107541,,residential,no,TH570906,เวียงพางคำ,Wiang Phang Kham,125,yes,,,,,0
1119107544,,residential,no,TH570906,เวียงพางคำ,Wiang Phang Kham,160,yes,,,,,0
1119107545,,residential,no,TH570906,เวียงพางคำ,Wiang Phang Kham,78,yes,,,,,0
1119107546,,residential,no,TH570906,เวียงพางคำ,Wiang Phang Kham,506,yes,,,,,0
1123812558,,residential,no,TH570906,เวียงพางคำ,Wiang Phang Kham,47,yes,,,,,0
1123812559,,residential,no,TH570906,เวียงพางคำ,Wiang Phang Kham,80,yes,,,,,0
1156876610,ถนนนามล,unclassified,no,TH570901,แม่สาย,Mae Sai,68,yes,,,,,0
1187510770,,residential,no,TH570901,แม่สาย,Mae Sai,40,yes,46,2024-09-10T22:00:00+07:00,127,2024-09-14T07:00:00+07:00,81
1188061652,,residential,no,TH570906,เวียงพางคำ,Wiang Phang Kham,11,yes,,,,,0
1206171614,,unclassified,no,TH570903,เกาะช้าง,Ko Chang,3576,yes,67,2024-09-11T19:00:00+07:00,88,2024-09-12T16:00:00+07:00,21
1206171615,,residential,no,TH570901,แม่สาย,Mae Sai,615,yes,44,2024-09-10T20:00:00+07:00,153,2024-09-15T09:00:00+07:00,109
1231801501,,unclassified,no,TH570902,ห้วยไคร้,Huai Khrai,109,yes,,,,,0
1305002060,,residential,no,TH570901,แม่สาย,Mae Sai,558,yes,44,2024-09-10T20:00:00+07:00,144,2024-09-15T00:00:00+07:00,100
1305002061,ถนนเลี่ยงเมืองแม่สาย,trunk,no,TH570901,แม่สาย,Mae Sai,644,yes,44,2024-09-10T20:00:00+07:00,147,2024-09-15T03:00:00+07:00,103
1305002062,ถนนเลี่ยงเมืองแม่สาย,trunk,no,TH570901,แม่สาย,Mae Sai,24,yes,,,,,0
1305002063,ถนนเลี่ยงเมืองแม่สาย,trunk,yes,TH570901,แม่สาย,Mae Sai,18,yes,,,,,0
1316839245,,primary,no,TH570904,โป่งผา,Pong Pha,35,yes,,,,,0
1316839246,,primary,no,TH570904,โป่งผา,Pong Pha,40,yes,,,,,0
1316839247,,primary,no,TH570904,โป่งผา,Pong Pha,52,yes,,,,,0
1316839248,,primary,no,TH570904,โป่งผา,Pong Pha,43,yes,,,,,0
1327487656,,residential,no,TH570901,แม่สาย,Mae Sai,3,yes,,,,,0
1327487657,,residential,yes,TH570901,แม่สาย,Mae Sai,11,yes,,,,,0
1327487658,,residential,no,TH570901,แม่สาย,Mae Sai,3,yes,,,,,0
1327487659,,residential,no,TH570901,แม่สาย,Mae Sai,2,yes,,,,,0
1327487660,,residential,no,TH570901,แม่สาย,Mae Sai,4,yes,,,,,0
1327487661,,residential,no,TH570901,แม่สาย,Mae Sai,4,yes,,,,,0
1327487664,,residential,no,TH570901,แม่สาย,Mae Sai,4,yes,,,,,0
1327487665,,residential,no,TH570901,แม่สาย,Mae Sai,3,yes,,,,,0
1327493238,,residential,no,TH570901,แม่สาย,Mae Sai,148,yes,59,2024-09-11T11:00:00+07:00,90,2024-09-12T18:00:00+07:00,31
1327493241,ถนนเลี่ยงเมืองแม่สาย,trunk,no,TH570901,แม่สาย,Mae Sai,306,yes,,,,,0
1327493242,ถนนเลี่ยงเมืองแม่สาย,trunk,no,TH570901,แม่สาย,Mae Sai,701,yes,,,,,0
1327493243,ถนนเลี่ยงเมืองแม่สาย,trunk,yes,TH570901,แม่สาย,Mae Sai,14,yes,,,,,0
1327493244,,primary,no,TH570901,แม่สาย,Mae Sai,20,yes,44,2024-09-10T20:00:00+07:00,145,2024-09-15T01:00:00+07:00,101
1327493245,ถนนเลี่ยงเมืองแม่สาย,trunk,no,TH570901,แม่สาย,Mae Sai,82,yes,,,,,0
1327493246,,trunk,no,TH570901,แม่สาย,Mae Sai,71,yes,,,,,0
1327493247,,residential,no,TH570901,แม่สาย,Mae Sai,559,yes,50,2024-09-11T02:00:00+07:00,99,2024-09-13T03:00:00+07:00,49
1327493248,,unclassified,no,TH570901,แม่สาย,Mae Sai,165,yes,,,,,0
1327493249,,residential,no,TH570901,แม่สาย,Mae Sai,225,yes,44,2024-09-10T20:00:00+07:00,147,2024-09-15T03:00:00+07:00,103
1327497921,,residential,no,TH570901,แม่สาย,Mae Sai,165,yes,46,2024-09-10T22:00:00+07:00,127,2024-09-14T07:00:00+07:00,81
1327497935,,residential,no,TH570901,แม่สาย,Mae Sai,6,yes,50,2024-09-11T02:00:00+07:00,101,2024-09-13T05:00:00+07:00,51
1327497937,,residential,no,TH570901,แม่สาย,Mae Sai,134,yes,45,2024-09-10T21:00:00+07:00,141,2024-09-14T21:00:00+07:00,96
1327497939,,residential,no,TH570901,แม่สาย,Mae Sai,276,yes,45,2024-09-10T21:00:00+07:00,141,2024-09-14T21:00:00+07:00,96
1327497940,,residential,no,TH570901,แม่สาย,Mae Sai,60,yes,45,2024-09-10T21:00:00+07:00,141,2024-09-14T21:00:00+07:00,96
1327497941,,residential,no,TH570901,แม่สาย,Mae Sai,44,yes,45,2024-09-10T21:00:00+07:00,141,2024-09-14T21:00:00+07:00,96
1327506405,,residential,no,TH570903,เกาะช้าง,Ko Chang,1299,yes,,,,,0
1327506408,,residential,no,TH570903,เกาะช้าง,Ko Chang,270,yes,,,,,0
1327506409,,residential,no,TH570903,เกาะช้าง,Ko Chang,15,yes,,,,,0
1327506410,,residential,no,TH570903,เกาะช้าง,Ko Chang,182,yes,,,,,0
1327537180,,residential,no,TH570905,ศรีเมืองชุม,Si Mueang Chum,234,yes,72,2024-09-12T00:00:00+07:00,87,2024-09-12T15:00:00+07:00,15
1378266841,,residential,no,TH570904,โป่งผา,Pong Pha,407,yes,,,,,0
1378266842,,residential,no,TH570904,โป่งผา,Pong Pha,170,yes,,,,,0
1378266843,,residential,no,TH570904,โป่งผา,Pong Pha,162,yes,,,,,0
1378266844,,residential,no,TH570904,โป่งผา,Pong Pha,148,yes,,,,,0
1388210882,,residential,no,TH570906,เวียงพางคำ,Wiang Phang Kham,120,yes,,,,,0
1388210883,,residential,no,TH570906,เวียงพางคำ,Wiang Phang Kham,133,yes,,,,,0
1388210884,,residential,no,TH570906,เวียงพางคำ,Wiang Phang Kham,40,yes,,,,,0
1388460413,,residential,no,TH570901,แม่สาย,Mae Sai,299,yes,44,2024-09-10T20:00:00+07:00,147,2024-09-15T03:00:00+07:00,103
1388460414,,residential,no,TH570901,แม่สาย,Mae Sai,257,yes,45,2024-09-10T21:00:00+07:00,142,2024-09-14T22:00:00+07:00,97
1388460415,,residential,no,TH570901,แม่สาย,Mae Sai,445,yes,,,,,0
1388460416,,residential,yes,TH570901,แม่สาย,Mae Sai,29,yes,,,,,0
1392077933,,residential,no,TH570901,แม่สาย,Mae Sai,75,yes,,,,,0
1414015774,,residential,no,TH570906,เวียงพางคำ,Wiang Phang Kham,307,yes,,,,,0
1414015775,,residential,no,TH570906,เวียงพางคำ,Wiang Phang Kham,65,yes,,,,,0
1414015776,,residential,no,TH570906,เวียงพางคำ,Wiang Phang Kham,52,yes,,,,,0
1414015777,,residential,no,TH570906,เวียงพางคำ,Wiang Phang Kham,157,yes,,,,,0
1414015779,,residential,no,TH570904,โป่งผา,Pong Pha,287,yes,,,,,0
1414015780,,residential,no,TH570904,โป่งผา,Pong Pha,95,yes,,,,,0
1414015781,,residential,no,TH570904,โป่งผา,Pong Pha,35,yes,,,,,0
1414015782,ซอยชาลีโฮม,residential,no,TH570904,โป่งผา,Pong Pha,123,yes,,,,,0
1414015783,,residential,no,TH570904,โป่งผา,Pong Pha,113,yes,,,,,0
1414015784,,residential,no,TH570904,โป่งผา,Pong Pha,64,yes,,,,,0
1414015785,,residential,no,TH570904,โป่งผา,Pong Pha,290,yes,,,,,0
1414015786,,residential,no,TH570904,โป่งผา,Pong Pha,49,yes,,,,,0
1414015788,,residential,no,TH570904,โป่งผา,Pong Pha,485,yes,45,2024-09-10T21:00:00+07:00,132,2024-09-14T12:00:00+07:00,87
1414015789,,residential,no,TH570904,โป่งผา,Pong Pha,216,yes,45,2024-09-10T21:00:00+07:00,132,2024-09-14T12:00:00+07:00,87
1414015790,,residential,no,TH570904,โป่งผา,Pong Pha,248,yes,45,2024-09-10T21:00:00+07:00,132,2024-09-14T12:00:00+07:00,87
1414015791,,residential,no,TH570904,โป่งผา,Pong Pha,178,yes,45,2024-09-10T21:00:00+07:00,132,2024-09-14T12:00:00+07:00,87
1414015792,,residential,no,TH570904,โป่งผา,Pong Pha,163,yes,45,2024-09-10T21:00:00+07:00,132,2024-09-14T12:00:00+07:00,87
1414015793,,residential,no,TH570904,โป่งผา,Pong Pha,93,yes,45,2024-09-10T21:00:00+07:00,132,2024-09-14T12:00:00+07:00,87
1414015794,,residential,no,TH570904,โป่งผา,Pong Pha,365,yes,45,2024-09-10T21:00:00+07:00,132,2024-09-14T12:00:00+07:00,87
1414015795,,residential,no,TH570904,โป่งผา,Pong Pha,340,yes,45,2024-09-10T21:00:00+07:00,132,2024-09-14T12:00:00+07:00,87
1414015796,,residential,no,TH570904,โป่งผา,Pong Pha,642,yes,45,2024-09-10T21:00:00+07:00,132,2024-09-14T12:00:00+07:00,87
1414015797,,residential,no,TH570904,โป่งผา,Pong Pha,123,yes,45,2024-09-10T21:00:00+07:00,132,2024-09-14T12:00:00+07:00,87
1414015798,,residential,no,TH570904,โป่งผา,Pong Pha,218,yes,46,2024-09-10T22:00:00+07:00,124,2024-09-14T04:00:00+07:00,78
1414015799,,residential,no,TH570904,โป่งผา,Pong Pha,473,yes,45,2024-09-10T21:00:00+07:00,132,2024-09-14T12:00:00+07:00,87
1414015800,,residential,no,TH570904,โป่งผา,Pong Pha,55,yes,45,2024-09-10T21:00:00+07:00,132,2024-09-14T12:00:00+07:00,87
1414015801,,residential,no,TH570904,โป่งผา,Pong Pha,47,yes,45,2024-09-10T21:00:00+07:00,132,2024-09-14T12:00:00+07:00,87
1414015802,,residential,no,TH570904,โป่งผา,Pong Pha,467,yes,45,2024-09-10T21:00:00+07:00,132,2024-09-14T12:00:00+07:00,87
1414015803,,residential,no,TH570904,โป่งผา,Pong Pha,203,yes,45,2024-09-10T21:00:00+07:00,132,2024-09-14T12:00:00+07:00,87
1414015804,,residential,no,TH570904,โป่งผา,Pong Pha,200,yes,45,2024-09-10T21:00:00+07:00,132,2024-09-14T12:00:00+07:00,87
1414015805,,residential,no,TH570904,โป่งผา,Pong Pha,121,yes,45,2024-09-10T21:00:00+07:00,132,2024-09-14T12:00:00+07:00,87
1414015806,,residential,no,TH570904,โป่งผา,Pong Pha,143,yes,45,2024-09-10T21:00:00+07:00,132,2024-09-14T12:00:00+07:00,87
1414015807,,residential,no,TH570904,โป่งผา,Pong Pha,244,yes,45,2024-09-10T21:00:00+07:00,132,2024-09-14T12:00:00+07:00,87
1414015808,,residential,no,TH570904,โป่งผา,Pong Pha,203,yes,45,2024-09-10T21:00:00+07:00,132,2024-09-14T12:00:00+07:00,87
1414015809,,residential,no,TH570904,โป่งผา,Pong Pha,125,yes,45,2024-09-10T21:00:00+07:00,132,2024-09-14T12:00:00+07:00,87
1414015810,,residential,no,TH570904,โป่งผา,Pong Pha,123,yes,45,2024-09-10T21:00:00+07:00,132,2024-09-14T12:00:00+07:00,87
1414015811,,residential,no,TH570904,โป่งผา,Pong Pha,294,yes,50,2024-09-11T02:00:00+07:00,103,2024-09-13T07:00:00+07:00,53
1414015812,,residential,no,TH570904,โป่งผา,Pong Pha,81,yes,49,2024-09-11T01:00:00+07:00,107,2024-09-13T11:00:00+07:00,58
1414015813,,residential,no,TH570904,โป่งผา,Pong Pha,127,yes,49,2024-09-11T01:00:00+07:00,107,2024-09-13T11:00:00+07:00,58
1414015814,,residential,no,TH570904,โป่งผา,Pong Pha,233,yes,45,2024-09-10T21:00:00+07:00,132,2024-09-14T12:00:00+07:00,87
1414015815,,residential,no,TH570904,โป่งผา,Pong Pha,258,yes,45,2024-09-10T21:00:00+07:00,132,2024-09-14T12:00:00+07:00,87
1414015816,,residential,no,TH570904,โป่งผา,Pong Pha,379,yes,45,2024-09-10T21:00:00+07:00,132,2024-09-14T12:00:00+07:00,87
1414015817,,residential,no,TH570904,โป่งผา,Pong Pha,159,yes,,,,,0
1414015818,,residential,no,TH570904,โป่งผา,Pong Pha,159,yes,48,2024-09-11T00:00:00+07:00,114,2024-09-13T18:00:00+07:00,66
1414015819,,residential,no,TH570904,โป่งผา,Pong Pha,210,yes,45,2024-09-10T21:00:00+07:00,132,2024-09-14T12:00:00+07:00,87
1414015820,,residential,no,TH570904,โป่งผา,Pong Pha,194,yes,45,2024-09-10T21:00:00+07:00,132,2024-09-14T12:00:00+07:00,87
1414015821,,residential,no,TH570904,โป่งผา,Pong Pha,136,yes,,,,,0
1414015822,,residential,no,TH570904,โป่งผา,Pong Pha,96,yes,45,2024-09-10T21:00:00+07:00,132,2024-09-14T12:00:00+07:00,87
1414015823,,residential,no,TH570904,โป่งผา,Pong Pha,151,yes,45,2024-09-10T21:00:00+07:00,132,2024-09-14T12:00:00+07:00,87
1414015824,,residential,no,TH570904,โป่งผา,Pong Pha,98,yes,45,2024-09-10T21:00:00+07:00,132,2024-09-14T12:00:00+07:00,87
1414015825,,residential,no,TH570904,โป่งผา,Pong Pha,133,yes,45,2024-09-10T21:00:00+07:00,132,2024-09-14T12:00:00+07:00,87
1414015826,,residential,no,TH570904,โป่งผา,Pong Pha,41,yes,47,2024-09-10T23:00:00+07:00,120,2024-09-14T00:00:00+07:00,73
1414015827,,residential,no,TH570904,โป่งผา,Pong Pha,194,yes,45,2024-09-10T21:00:00+07:00,132,2024-09-14T12:00:00+07:00,87
1414015828,,residential,no,TH570904,โป่งผา,Pong Pha,59,yes,45,2024-09-10T21:00:00+07:00,132,2024-09-14T12:00:00+07:00,87
1414015829,,residential,no,TH570904,โป่งผา,Pong Pha,22,yes,45,2024-09-10T21:00:00+07:00,132,2024-09-14T12:00:00+07:00,87
1414015830,,residential,no,TH570904,โป่งผา,Pong Pha,92,yes,45,2024-09-10T21:00:00+07:00,132,2024-09-14T12:00:00+07:00,87
1414015831,,residential,no,TH570904,โป่งผา,Pong Pha,244,yes,45,2024-09-10T21:00:00+07:00,132,2024-09-14T12:00:00+07:00,87
1414015832,,residential,no,TH570904,โป่งผา,Pong Pha,266,yes,,,,,0
1414015833,,residential,no,TH570904,โป่งผา,Pong Pha,235,yes,,,,,0
1414015834,,residential,no,TH570904,โป่งผา,Pong Pha,208,yes,48,2024-09-11T00:00:00+07:00,112,2024-09-13T16:00:00+07:00,64
1414015835,,residential,no,TH570904,โป่งผา,Pong Pha,567,yes,,,,,0
1414015837,,residential,no,TH570904,โป่งผา,Pong Pha,134,yes,,,,,0
1414015838,,residential,no,TH570904,โป่งผา,Pong Pha,289,yes,,,,,0
1414015839,,residential,no,TH570904,โป่งผา,Pong Pha,109,yes,,,,,0
1414015840,,residential,no,TH570904,โป่งผา,Pong Pha,123,yes,,,,,0
1414015841,,residential,no,TH570904,โป่งผา,Pong Pha,119,yes,,,,,0
1414015842,,residential,no,TH570904,โป่งผา,Pong Pha,301,yes,,,,,0
1414015843,,residential,no,TH570904,โป่งผา,Pong Pha,289,yes,,,,,0
1414015844,,residential,no,TH570904,โป่งผา,Pong Pha,110,yes,,,,,0
1414015845,,residential,no,TH570904,โป่งผา,Pong Pha,77,yes,,,,,0
1414015846,,residential,no,TH570904,โป่งผา,Pong Pha,125,yes,,,,,0
1414015847,,residential,no,TH570904,โป่งผา,Pong Pha,62,yes,,,,,0
1414015848,,residential,no,TH570904,โป่งผา,Pong Pha,62,yes,,,,,0
1414015849,,residential,no,TH570904,โป่งผา,Pong Pha,293,yes,,,,,0
1414015850,,residential,no,TH570904,โป่งผา,Pong Pha,254,yes,45,2024-09-10T21:00:00+07:00,132,2024-09-14T12:00:00+07:00,87
1414015851,,residential,no,TH570904,โป่งผา,Pong Pha,102,yes,45,2024-09-10T21:00:00+07:00,132,2024-09-14T12:00:00+07:00,87
1414015852,,residential,no,TH570904,โป่งผา,Pong Pha,336,yes,45,2024-09-10T21:00:00+07:00,132,2024-09-14T12:00:00+07:00,87
1414015853,,residential,no,TH570904,โป่งผา,Pong Pha,500,yes,45,2024-09-10T21:00:00+07:00,132,2024-09-14T12:00:00+07:00,87
1414015854,,residential,no,TH570904,โป่งผา,Pong Pha,500,yes,,,,,0
1414015855,,residential,no,TH570904,โป่งผา,Pong Pha,458,yes,45,2024-09-10T21:00:00+07:00,132,2024-09-14T12:00:00+07:00,87
1414015856,,residential,no,TH570904,โป่งผา,Pong Pha,579,yes,45,2024-09-10T21:00:00+07:00,132,2024-09-14T12:00:00+07:00,87
1414015857,,residential,no,TH570904,โป่งผา,Pong Pha,155,yes,45,2024-09-10T21:00:00+07:00,132,2024-09-14T12:00:00+07:00,87
1414015858,,residential,no,TH570904,โป่งผา,Pong Pha,125,yes,45,2024-09-10T21:00:00+07:00,132,2024-09-14T12:00:00+07:00,87
1414015859,,residential,no,TH570904,โป่งผา,Pong Pha,500,yes,45,2024-09-10T21:00:00+07:00,132,2024-09-14T12:00:00+07:00,87
1414015860,,residential,no,TH570904,โป่งผา,Pong Pha,222,yes,45,2024-09-10T21:00:00+07:00,132,2024-09-14T12:00:00+07:00,87
1414015861,,residential,no,TH570904,โป่งผา,Pong Pha,427,yes,45,2024-09-10T21:00:00+07:00,132,2024-09-14T12:00:00+07:00,87
1414015862,,residential,no,TH570904,โป่งผา,Pong Pha,445,yes,45,2024-09-10T21:00:00+07:00,132,2024-09-14T12:00:00+07:00,87
1414015863,,residential,no,TH570904,โป่งผา,Pong Pha,244,yes,45,2024-09-10T21:00:00+07:00,132,2024-09-14T12:00:00+07:00,87
1414015864,,residential,no,TH570904,โป่งผา,Pong Pha,247,yes,45,2024-09-10T21:00:00+07:00,132,2024-09-14T12:00:00+07:00,87
1414015865,,residential,no,TH570904,โป่งผา,Pong Pha,211,yes,45,2024-09-10T21:00:00+07:00,132,2024-09-14T12:00:00+07:00,87
1414015866,,residential,no,TH570904,โป่งผา,Pong Pha,52,yes,45,2024-09-10T21:00:00+07:00,132,2024-09-14T12:00:00+07:00,87
1414015867,,residential,no,TH570904,โป่งผา,Pong Pha,122,yes,45,2024-09-10T21:00:00+07:00,132,2024-09-14T12:00:00+07:00,87
1414015868,,residential,no,TH570904,โป่งผา,Pong Pha,79,yes,45,2024-09-10T21:00:00+07:00,132,2024-09-14T12:00:00+07:00,87
1414015869,,residential,no,TH570904,โป่งผา,Pong Pha,190,yes,45,2024-09-10T21:00:00+07:00,132,2024-09-14T12:00:00+07:00,87
1414015870,,residential,no,TH570904,โป่งผา,Pong Pha,79,yes,45,2024-09-10T21:00:00+07:00,132,2024-09-14T12:00:00+07:00,87
1414015871,,residential,no,TH570904,โป่งผา,Pong Pha,113,yes,45,2024-09-10T21:00:00+07:00,132,2024-09-14T12:00:00+07:00,87
1414015872,,residential,no,TH570904,โป่งผา,Pong Pha,351,yes,45,2024-09-10T21:00:00+07:00,132,2024-09-14T12:00:00+07:00,87
1414015873,,residential,no,TH570904,โป่งผา,Pong Pha,57,yes,45,2024-09-10T21:00:00+07:00,132,2024-09-14T12:00:00+07:00,87
1414015874,,residential,no,TH570904,โป่งผา,Pong Pha,56,yes,45,2024-09-10T21:00:00+07:00,132,2024-09-14T12:00:00+07:00,87
1414015875,,residential,no,TH570904,โป่งผา,Pong Pha,115,yes,,,,,0
1414020123,,residential,no,TH570904,โป่งผา,Pong Pha,330,yes,,,,,0
1414020124,,residential,no,TH570904,โป่งผา,Pong Pha,354,yes,,,,,0
1414020125,,residential,no,TH570904,โป่งผา,Pong Pha,274,yes,,,,,0
1414020126,,residential,no,TH570904,โป่งผา,Pong Pha,541,yes,,,,,0
1414020127,,residential,no,TH570904,โป่งผา,Pong Pha,356,yes,,,,,0
1414020128,,residential,no,TH570904,โป่งผา,Pong Pha,100,yes,,,,,0
1414020129,,residential,no,TH570904,โป่งผา,Pong Pha,181,yes,,,,,0
1414020130,,residential,no,TH570904,โป่งผา,Pong Pha,180,yes,,,,,0
1414020131,,residential,no,TH570904,โป่งผา,Pong Pha,296,yes,59,2024-09-11T11:00:00+07:00,90,2024-09-12T18:00:00+07:00,31
1414020132,,residential,no,TH570904,โป่งผา,Pong Pha,703,yes,,,,,0
1414020133,,residential,no,TH570904,โป่งผา,Pong Pha,226,yes,,,,,0
1414020134,,residential,no,TH570904,โป่งผา,Pong Pha,109,yes,,,,,0
1414020135,,residential,no,TH570904,โป่งผา,Pong Pha,65,yes,,,,,0
1414020136,,residential,no,TH570904,โป่งผา,Pong Pha,90,yes,,,,,0
1414020137,,residential,no,TH570904,โป่งผา,Pong Pha,493,yes,,,,,0
1414020138,,residential,no,TH570904,โป่งผา,Pong Pha,274,yes,,,,,0
1414020139,,residential,no,TH570904,โป่งผา,Pong Pha,209,yes,,,,,0
1414020140,,residential,no,TH570904,โป่งผา,Pong Pha,51,yes,,,,,0
1414020141,,residential,no,TH570904,โป่งผา,Pong Pha,208,yes,,,,,0
1414020142,,residential,no,TH570904,โป่งผา,Pong Pha,200,yes,,,,,0
1414020143,,residential,no,TH570904,โป่งผา,Pong Pha,204,yes,,,,,0
1414020144,,residential,no,TH570904,โป่งผา,Pong Pha,29,yes,,,,,0
1414020145,,residential,no,TH570904,โป่งผา,Pong Pha,857,yes,46,2024-09-10T22:00:00+07:00,129,2024-09-14T09:00:00+07:00,83
1414020146,,residential,no,TH570904,โป่งผา,Pong Pha,172,yes,47,2024-09-10T23:00:00+07:00,117,2024-09-13T21:00:00+07:00,70
1414020147,,residential,no,TH570904,โป่งผา,Pong Pha,176,yes,46,2024-09-10T22:00:00+07:00,130,2024-09-14T10:00:00+07:00,84
1414020148,,residential,no,TH570904,โป่งผา,Pong Pha,289,yes,49,2024-09-11T01:00:00+07:00,104,2024-09-13T08:00:00+07:00,55
1414020149,,residential,no,TH570904,โป่งผา,Pong Pha,195,yes,47,2024-09-10T23:00:00+07:00,121,2024-09-14T01:00:00+07:00,74
1414020150,,residential,no,TH570904,โป่งผา,Pong Pha,398,yes,80,2024-09-12T08:00:00+07:00,85,2024-09-12T13:00:00+07:00,5
1414020151,,residential,no,TH570904,โป่งผา,Pong Pha,47,yes,,,,,0
1414020152,,residential,no,TH570904,โป่งผา,Pong Pha,1243,yes,,,,,0
1414020153,,residential,no,TH570904,โป่งผา,Pong Pha,205,yes,46,2024-09-10T22:00:00+07:00,123,2024-09-14T03:00:00+07:00,77
1414020154,,residential,no,TH570904,โป่งผา,Pong Pha,93,yes,48,2024-09-11T00:00:00+07:00,114,2024-09-13T18:00:00+07:00,66
1414020155,,residential,no,TH570904,โป่งผา,Pong Pha,98,yes,46,2024-09-10T22:00:00+07:00,123,2024-09-14T03:00:00+07:00,77
1414020156,,residential,no,TH570904,โป่งผา,Pong Pha,154,yes,49,2024-09-11T01:00:00+07:00,106,2024-09-13T10:00:00+07:00,57
1414020157,,residential,no,TH570904,โป่งผา,Pong Pha,167,yes,48,2024-09-11T00:00:00+07:00,112,2024-09-13T16:00:00+07:00,64
1414020158,,residential,no,TH570904,โป่งผา,Pong Pha,290,yes,48,2024-09-11T00:00:00+07:00,114,2024-09-13T18:00:00+07:00,66
1414020159,,residential,no,TH570904,โป่งผา,Pong Pha,503,yes,47,2024-09-10T23:00:00+07:00,118,2024-09-13T22:00:00+07:00,71
1414020160,,residential,no,TH570904,โป่งผา,Pong Pha,55,yes,49,2024-09-11T01:00:00+07:00,103,2024-09-13T07:00:00+07:00,54
1414020161,,residential,no,TH570904,โป่งผา,Pong Pha,25,yes,50,2024-09-11T02:00:00+07:00,103,2024-09-13T07:00:00+07:00,53
1414020162,,residential,no,TH570906,เวียงพางคำ,Wiang Phang Kham,219,yes,,,,,0
1414020163,,residential,no,TH570906,เวียงพางคำ,Wiang Phang Kham,261,yes,,,,,0
1414020164,,residential,no,TH570904,โป่งผา,Pong Pha,492,yes,45,2024-09-10T21:00:00+07:00,132,2024-09-14T12:00:00+07:00,87
1414020165,,residential,no,TH570904,โป่งผา,Pong Pha,95,yes,45,2024-09-10T21:00:00+07:00,132,2024-09-14T12:00:00+07:00,87
1414020166,,residential,no,TH570904,โป่งผา,Pong Pha,482,yes,45,2024-09-10T21:00:00+07:00,132,2024-09-14T12:00:00+07:00,87
1414020167,,residential,no,TH570904,โป่งผา,Pong Pha,457,yes,45,2024-09-10T21:00:00+07:00,132,2024-09-14T12:00:00+07:00,87
1414020168,,residential,no,TH570904,โป่งผา,Pong Pha,71,yes,,,,,0
1414020169,,residential,no,TH570904,โป่งผา,Pong Pha,70,yes,73,2024-09-12T01:00:00+07:00,87,2024-09-12T15:00:00+07:00,14
1414020170,,residential,no,TH570904,โป่งผา,Pong Pha,71,yes,,,,,0
1414020171,,residential,no,TH570904,โป่งผา,Pong Pha,70,yes,45,2024-09-10T21:00:00+07:00,132,2024-09-14T12:00:00+07:00,87
1414020172,,residential,no,TH570904,โป่งผา,Pong Pha,314,yes,45,2024-09-10T21:00:00+07:00,132,2024-09-14T12:00:00+07:00,87
1414020173,,residential,no,TH570904,โป่งผา,Pong Pha,51,yes,,,,,0
1414020174,,residential,no,TH570904,โป่งผา,Pong Pha,592,yes,45,2024-09-10T21:00:00+07:00,132,2024-09-14T12:00:00+07:00,87
1414020175,,residential,no,TH570904,โป่งผา,Pong Pha,98,yes,,,,,0
1414020176,,residential,no,TH570904,โป่งผา,Pong Pha,191,yes,,,,,0
1414020177,,residential,no,TH570904,โป่งผา,Pong Pha,39,yes,,,,,0
1414020178,,residential,no,TH570904,โป่งผา,Pong Pha,256,yes,45,2024-09-10T21:00:00+07:00,132,2024-09-14T12:00:00+07:00,87
1414020179,,residential,no,TH570904,โป่งผา,Pong Pha,155,yes,45,2024-09-10T21:00:00+07:00,132,2024-09-14T12:00:00+07:00,87
1414020180,,residential,no,TH570904,โป่งผา,Pong Pha,96,yes,,,,,0
1414020181,,residential,no,TH570904,โป่งผา,Pong Pha,84,yes,45,2024-09-10T21:00:00+07:00,132,2024-09-14T12:00:00+07:00,87
1414020182,,residential,no,TH570904,โป่งผา,Pong Pha,101,yes,,,,,0
1414020183,,residential,no,TH570904,โป่งผา,Pong Pha,67,yes,,,,,0
1414020184,,residential,no,TH570906,เวียงพางคำ,Wiang Phang Kham,192,yes,47,2024-09-10T23:00:00+07:00,115,2024-09-13T19:00:00+07:00,68
1414020185,,residential,no,TH570906,เวียงพางคำ,Wiang Phang Kham,59,yes,50,2024-09-11T02:00:00+07:00,101,2024-09-13T05:00:00+07:00,51
1414020186,,residential,no,TH570906,เวียงพางคำ,Wiang Phang Kham,375,yes,,,,,0
1414020187,,residential,no,TH570906,เวียงพางคำ,Wiang Phang Kham,631,yes,,,,,0
1414020188,,residential,no,TH570906,เวียงพางคำ,Wiang Phang Kham,196,yes,,,,,0
1414020189,,residential,no,TH570906,เวียงพางคำ,Wiang Phang Kham,269,yes,,,,,0
1414020190,,residential,no,TH570906,เวียงพางคำ,Wiang Phang Kham,204,yes,,,,,0
1414020191,,residential,no,TH570906,เวียงพางคำ,Wiang Phang Kham,219,yes,,,,,0
1414020192,,residential,no,TH570906,เวียงพางคำ,Wiang Phang Kham,634,yes,,,,,0
1414020193,,residential,no,TH570906,เวียงพางคำ,Wiang Phang Kham,187,yes,,,,,0
1414020194,,residential,no,TH570904,โป่งผา,Pong Pha,142,yes,,,,,0
1414020195,,residential,no,TH570904,โป่งผา,Pong Pha,519,yes,,,,,0
1414020196,,residential,no,TH570904,โป่งผา,Pong Pha,103,yes,,,,,0
1414020197,,residential,no,TH570904,โป่งผา,Pong Pha,55,yes,,,,,0
1414020198,,residential,no,TH570904,โป่งผา,Pong Pha,77,yes,,,,,0
1414020199,,residential,no,TH570904,โป่งผา,Pong Pha,172,yes,,,,,0
1414020200,,residential,no,TH570904,โป่งผา,Pong Pha,164,yes,,,,,0
1414020201,,residential,no,TH570904,โป่งผา,Pong Pha,43,yes,,,,,0
1414020202,,residential,no,TH570904,โป่งผา,Pong Pha,290,yes,,,,,0
1414020203,,residential,no,TH570904,โป่งผา,Pong Pha,122,yes,,,,,0
1414020204,,residential,no,TH570904,โป่งผา,Pong Pha,114,yes,,,,,0
1414020205,,residential,no,TH570904,โป่งผา,Pong Pha,688,yes,45,2024-09-10T21:00:00+07:00,135,2024-09-14T15:00:00+07:00,90
1414020206,,residential,no,TH570904,โป่งผา,Pong Pha,192,yes,45,2024-09-10T21:00:00+07:00,136,2024-09-14T16:00:00+07:00,91
1414020207,,residential,no,TH570904,โป่งผา,Pong Pha,229,yes,,,,,0
1414020208,,residential,no,TH570904,โป่งผา,Pong Pha,132,yes,,,,,0
1414020209,,residential,no,TH570904,โป่งผา,Pong Pha,231,yes,,,,,0
1414020210,,residential,no,TH570904,โป่งผา,Pong Pha,83,yes,,,,,0
1414020211,,residential,no,TH570904,โป่งผา,Pong Pha,38,yes,,,,,0
1414020212,,residential,no,TH570904,โป่งผา,Pong Pha,156,yes,,,,,0
1414020213,,residential,no,TH570904,โป่งผา,Pong Pha,568,yes,50,2024-09-11T02:00:00+07:00,100,2024-09-13T04:00:00+07:00,50
1414020214,,residential,no,TH570904,โป่งผา,Pong Pha,219,yes,56,2024-09-11T08:00:00+07:00,93,2024-09-12T21:00:00+07:00,37
1456754170,,primary,yes,TH570906,เวียงพางคำ,Wiang Phang Kham,30,yes,44,2024-09-10T20:00:00+07:00,153,2024-09-15T09:00:00+07:00,109
1456754173,,secondary,no,TH570901,แม่สาย,Mae Sai,363,yes,,,,,0
1456754174,ถนนเลี่ยงเมืองแม่สาย,trunk,no,TH570901,แม่สาย,Mae Sai,614,yes,,,,,0
1456754175,ถนนเลี่ยงเมืองแม่สาย,trunk,yes,TH570901,แม่สาย,Mae Sai,14,yes,,,,,0
1456754176,ถนนเลี่ยงเมืองแม่สาย,trunk,no,TH570901,แม่สาย,Mae Sai,524,yes,,,,,0
1456754177,,trunk,no,TH570901,แม่สาย,Mae Sai,23,yes,,,,,0
1456754178,ถนนพหลโยธิน,primary,no,TH570906,เวียงพางคำ,Wiang Phang Kham,4647,yes,,,,,0
1456754179,ถนนพหลโยธิน,primary,no,TH570906,เวียงพางคำ,Wiang Phang Kham,4636,yes,,,,,0
1472195296,,residential,no,TH570901,แม่สาย,Mae Sai,187,yes,,,,,0
1472195297,,residential,no,TH570901,แม่สาย,Mae Sai,313,yes,,,,,0
1472195298,,residential,no,TH570901,แม่สาย,Mae Sai,375,yes,,,,,0
1472195299,,residential,no,TH570901,แม่สาย,Mae Sai,33,yes,,,,,0
1472195300,,residential,no,TH570901,แม่สาย,Mae Sai,26,yes,,,,,0
1472195301,,residential,no,TH570901,แม่สาย,Mae Sai,84,yes,,,,,0
1472195302,,residential,no,TH570901,แม่สาย,Mae Sai,102,yes,,,,,0
1473832103,,residential,no,TH570908,บ้านด้าย,Ban Dai,118,yes,,,,,0
1473832105,,unclassified,no,TH570909,โป่งงาม,Pong Ngam,424,yes,,,,,0
1473832106,,residential,no,TH570902,ห้วยไคร้,Huai Khrai,166,yes,,,,,0
1473832107,,residential,no,TH570902,ห้วยไคร้,Huai Khrai,160,yes,,,,,0
1476418877,,residential,no,TH570906,เวียงพางคำ,Wiang Phang Kham,27,yes,,,,,0
1476418879,,residential,no,TH570906,เวียงพางคำ,Wiang Phang Kham,341,yes,,,,,0
1476418880,,residential,no,TH570906,เวียงพางคำ,Wiang Phang Kham,65,yes,,,,,0
1476418882,,unclassified,no,TH570906,เวียงพางคำ,Wiang Phang Kham,7,yes,,,,,0
1476418883,,unclassified,no,TH570906,เวียงพางคำ,Wiang Phang Kham,7,yes,,,,,0
1476418884,,unclassified,no,TH570906,เวียงพางคำ,Wiang Phang Kham,9,yes,,,,,0
1488491246,,residential,no,TH570906,เวียงพางคำ,Wiang Phang Kham,53,yes,,,,,0
1489027365,,residential,no,TH570901,แม่สาย,Mae Sai,285,yes,,,,,0
