# floodguard_export,modelled_access_loss_by_hour.csv
# header_lines,38,"The first 38 lines are provenance and the column header is on line 39. A spreadsheet shows them as rows; in QGIS discard 38 header lines, in pandas use skiprows=38.",38 บรรทัดแรกเป็นข้อมูลกำกับ และหัวคอลัมน์อยู่ที่บรรทัด 39 โปรแกรมตารางคำนวณจะแสดงเป็นแถว ใน QGIS ให้ข้าม 38 บรรทัดแรก
# title,"Modelled loss of walking access to a shelter by hour, one row per subdistrict and replay hour"
# title_th,การสูญเสียการเข้าถึงที่พักพิงด้วยการเดินตามแบบจำลองรายชั่วโมง หนึ่งแถวต่อตำบลและชั่วโมงของการย้อนดู
# tier,"T1 scenario (model) replay of a reconstructed 2024 event for preparedness planning and exercises; illustrative stage keyframes; not a forecast, not an observed closure record, not an official warning; non_operational; accepted_* null"
# tier_th,การย้อนดูสถานการณ์จำลองระดับ T1 (แบบจำลอง) ของเหตุการณ์ปี 2567 (2024) ที่จำลองขึ้นใหม่ เพื่อการวางแผนเตรียมความพร้อมและการฝึกซ้อม ใช้จุดกำหนดระดับน้ำเพื่อการอธิบาย ไม่ใช่การพยากรณ์ ไม่ใช่บันทึกการปิดถนนที่สังเกตได้จริง ไม่ใช่การเตือนภัยอย่างเป็นทางการ ไม่ใช้ในการปฏิบัติการ และไม่มีคะแนนหรือระดับการดำเนินการที่ยอมรับ (accepted_* เป็น null)
# operational_status,non_operational
# confidence_class,low
# confidence_reason,"The tables come from a terrain-model reconstruction with illustrative stages, WorldPop 2020 residents, OpenStreetMap roads and sites, and unverified capacity estimates; nothing was checked on the ground."
# confidence_reason_th,ตารางมาจากการจำลองด้วยแบบจำลองภูมิประเทศและระดับน้ำสมมุติ ผู้อยู่อาศัยตาม WorldPop 2020 ถนนและสถานที่จาก OpenStreetMap และค่าประมาณความจุที่ยังไม่ได้ตรวจสอบ ยังไม่มีการตรวจสอบในพื้นที่
# lanes,SCN
# source_timestamp,OpenStreetMap extract 2026-07-09 (roads and sites); WorldPop 2020; reported shelters compiled 2026-09-27; illustrative stage keyframes for 2024-09-09/2024-09-19 ICT on the Copernicus DEM (2011-2015 acquisitions)
# generated_at,2026-10-03T13:51:00+07:00
# generated_by,scripts/build_mae_sai_flood_timeline.py
# study,mae-sai-2024-flood-timeline r4
# accepted,accepted_fpps=null; accepted_action_class=null (no priority score and no action class is computed)
# licence,"ODbL 1.0 (https://opendatacommons.org/licenses/odbl/1-0/): OpenStreetMap-derived, attribution and share-alike"
# licence_th,ODbL 1.0: ดัดแปลงจาก OpenStreetMap ต้องแสดงที่มาและเผยแพร่งานดัดแปลงภายใต้สัญญาอนุญาตเดียวกัน
# attribution,"© OpenStreetMap contributors; WorldPop (www.worldpop.org), University of Southampton; OCHA / HDX Thailand COD-AB; © DLR e.V. 2010-2014 and © Airbus Defence and Space GmbH 2014-2018, provided under COPERNICUS by the European Union and ESA; FloodGuard desk research of public reporting, sources linked per site"
# licence_inputs,"OpenStreetMap roads and candidate facilities (Geofabrik extract): ODbL 1.0; WorldPop Thailand 100 m population 2020, unconstrained top-down (tha_ppp_2020): CC BY 4.0; HDX Thailand COD-AB subdistrict boundaries v01: CC BY-IGO; Copernicus DEM GLO-30 (tiles N20 E099 and N20 E100): Copernicus DEM licence (free, attribution); Shelters reported in use in September 2024 (FloodGuard desk research): Facts with citations; OSM-derived coordinates © OpenStreetMap contributors (ODbL)"
# not_included,"No HII rain values (CC BY-NC), nothing from a source without a stated licence and nothing from UNOSAT/GISTDA product 4009 is in this file."
# not_included_th,ไฟล์นี้ไม่มีค่าปริมาณฝนของ สสน. (CC BY-NC) ไม่มีข้อมูลจากแหล่งที่ไม่ระบุสัญญาอนุญาต และไม่มีข้อมูลใดจากผลิตภัณฑ์ 4009 ของ UNOSAT/GISTDA
# assumption_1,"The water is a HAND terrain-model reconstruction driven by illustrative stage keyframes (no gauge record was used): modelled, not observed."
# assumption_1_th,น้ำเป็นการจำลองจากแบบจำลองภูมิประเทศ HAND ด้วยจุดกำหนดระดับน้ำเพื่อการอธิบาย (ไม่ได้ใช้ข้อมูลจากสถานีวัดน้ำ) เป็นค่าจากแบบจำลอง ไม่ใช่ค่าที่สังเกตได้
# assumption_2,Hours are replay hours on an hourly grid: hour 0 is 9 Sep 2024 00:00 ICT (UTC+7) and hour 263 is 19 Sep 2024 23:00; the assumed stage is sampled at the start of each hour.
# assumption_2_th,ชั่วโมงคือชั่วโมงของการย้อนดูแบบรายชั่วโมง ชั่วโมง 0 คือ 9 ก.ย. 2567 (2024) 00:00 น. เวลาประเทศไทย (UTC+7) และชั่วโมง 263 คือ 19 ก.ย. 2567 (2024) 23:00 น. ใช้ระดับน้ำสมมุติ ณ ต้นชั่วโมง
# assumption_3,"Residents are WorldPop 2020 modelled residents at road nodes, not the 2024 population, tourists or traders."
# assumption_3_th,ผู้อยู่อาศัยคือประชากรตามแบบจำลอง WorldPop 2020 ที่จุดถนน ไม่ใช่ประชากรปี 2567 (2024) นักท่องเที่ยว หรือผู้ค้า
# assumption_4,A resident has access when a dry shelter of the set is within a 2 km walk on roads that are still passable. 'Within reach before the flood' is the set's own baseline; 'lost access' counts residents of that baseline who no longer have it at that hour.
# assumption_4_th,ผู้อยู่อาศัยเข้าถึงได้เมื่อมีที่พักพิงที่ไม่ถูกน้ำท่วมของชุดนั้นภายในระยะเดิน 2 กม. บนถนนที่ยังสัญจรได้ 'เข้าถึงได้ก่อนน้ำท่วม' คือฐานของชุดนั้นเอง ส่วน 'สูญเสียการเข้าถึง' นับผู้อยู่อาศัยในฐานนั้นที่ไม่มีที่พักพิงในระยะเดินแล้ว ณ ชั่วโมงนั้น
# assumption_5,Two shelter sets are given side by side: the sites reported in use in September 2024 and the first 8 sites of the modelled coverage ranking. Each has its own baseline and the figures do not grade either set.
# assumption_5_th,แสดงที่พักพิงสองชุดเคียงกัน คือสถานที่ที่มีรายงานว่าใช้ในเดือนกันยายน 2567 (2024) และ 8 แห่งแรกของการจัดอันดับความครอบคลุมตามแบบจำลอง แต่ละชุดมีฐานของตัวเอง ตัวเลขไม่ได้ตัดสินว่าชุดใดเหนือกว่า
# assumption_6,"Every shelter is assumed usable for the whole replay unless the modelled water reaches it; opening times, capacity and vehicles are not modelled in this table."
# assumption_6_th,สมมุติว่าที่พักพิงทุกแห่งใช้ได้ตลอดช่วงการย้อนดู เว้นแต่น้ำตามแบบจำลองจะถึงสถานที่นั้น ตารางนี้ไม่ได้จำลองเวลาเปิด ความจุ และการใช้ยานพาหนะ
# input_receipt,docs/mae_sai_timeline_r4_input_receipt.json lists every input file of the bake with its SHA-256 (also timeline.json input_sha256); input_set_sha256=b4668d3a27ad34df3a6140f0c53a23d9780d09c0cc2a4309ff857ba7a53347ee
# input_sha256,repo:outputs/mae_sai_access_edges.csv=266fd0f662b44b8210fc5ab064eadbb26b822ccb869221c92d666f4b172de454; repo:outputs/mae_sai_population_nodes.csv=172235bb7954bb8a60d944c5acc8414e3f73c6b7c204a84e10c3b0b35411f4ac; repo:outputs/mae_sai_admin_context.geojson=5cd03ca936c188d37704f5249afa87da0c687b967db8a0f9c9ebd72b27204db1; repo:outputs/mae_sai_reported_shelters_2024.json=674d95881b857916f65f864e555a1b20f815a25bd9c43e2d475fc0c8f2d00d35; external:open_context/osm_geofabrik/thailand-latest.osm.pbf=b7f46018249638413b1d318bc86519f140c27af20cac7c00d42fe03775b7add1; repo:outputs/mae_sai_facilities.geojson=5f9d2381fc6dccec5343e48e6526a92f80028840e27e4753bb3fbb42445b97ce; external:open_context/copernicus_dem_glo30/Copernicus_DSM_COG_10_N20_00_E099_00_DEM.tif=8965f85514b577b4b606c658412bfe3d713c0abf478d237539af309d8edb3757; external:open_context/copernicus_dem_glo30/Copernicus_DSM_COG_10_N20_00_E100_00_DEM.tif=353574d52c8d93f0e650207acf4c9045bcebe02bb956b30ca1596cb2dafa17bf
# git_commit,null: a file cannot hold the hash of the commit that adds it; git log -1 --format=%H -- apps/web/public/studies/mae-sai-2024-timeline/r4/exports/modelled_access_loss_by_hour.csv
# knee_k,8
tambon_id (รหัสตำบล),tambon_name_th (ชื่อตำบล),tambon_name_en (ชื่อตำบลภาษาอังกฤษ),replay_hour (ชั่วโมงของการย้อนดู),local_time (เวลาท้องถิ่น),modelled_stage_m (ระดับน้ำสมมุติ ม.),residents (ผู้อยู่อาศัยที่จุดถนน),reported_2024_within_reach_before_flood (ชุดที่มีรายงานปี 2567 (2024): ผู้อยู่อาศัยที่เข้าถึงได้ก่อนน้ำท่วม),reported_2024_lost_access (ชุดที่มีรายงานปี 2567 (2024): ผู้อยู่อาศัยที่สูญเสียการเข้าถึง),knee_plan_within_reach_before_flood (แผน 8 แห่งแรก: ผู้อยู่อาศัยที่เข้าถึงได้ก่อนน้ำท่วม),knee_plan_lost_access (แผน 8 แห่งแรก: ผู้อยู่อาศัยที่สูญเสียการเข้าถึง)
TH570901,แม่สาย,Mae Sai,0,2024-09-09T00:00:00+07:00,0.0,17893.1,13460.4,0.0,13815.3,0.0
TH570901,แม่สาย,Mae Sai,1,2024-09-09T01:00:00+07:00,0.0,17893.1,13460.4,0.0,13815.3,0.0
TH570901,แม่สาย,Mae Sai,2,2024-09-09T02:00:00+07:00,0.0,17893.1,13460.4,0.0,13815.3,0.0
TH570901,แม่สาย,Mae Sai,3,2024-09-09T03:00:00+07:00,0.0,17893.1,13460.4,0.0,13815.3,0.0
TH570901,แม่สาย,Mae Sai,4,2024-09-09T04:00:00+07:00,0.0,17893.1,13460.4,0.0,13815.3,0.0
TH570901,แม่สาย,Mae Sai,5,2024-09-09T05:00:00+07:00,0.0,17893.1,13460.4,0.0,13815.3,0.0
TH570901,แม่สาย,Mae Sai,6,2024-09-09T06:00:00+07:00,0.0,17893.1,13460.4,0.0,13815.3,0.0
TH570901,แม่สาย,Mae Sai,7,2024-09-09T07:00:00+07:00,0.0,17893.1,13460.4,0.0,13815.3,0.0
TH570901,แม่สาย,Mae Sai,8,2024-09-09T08:00:00+07:00,0.0,17893.1,13460.4,0.0,13815.3,0.0
TH570901,แม่สาย,Mae Sai,9,2024-09-09T09:00:00+07:00,0.0,17893.1,13460.4,0.0,13815.3,0.0
TH570901,แม่สาย,Mae Sai,10,2024-09-09T10:00:00+07:00,0.0,17893.1,13460.4,0.0,13815.3,0.0
TH570901,แม่สาย,Mae Sai,11,2024-09-09T11:00:00+07:00,0.0,17893.1,13460.4,0.0,13815.3,0.0
TH570901,แม่สาย,Mae Sai,12,2024-09-09T12:00:00+07:00,0.0,17893.1,13460.4,0.0,13815.3,0.0
TH570901,แม่สาย,Mae Sai,13,2024-09-09T13:00:00+07:00,0.0,17893.1,13460.4,0.0,13815.3,0.0
TH570901,แม่สาย,Mae Sai,14,2024-09-09T14:00:00+07:00,0.0,17893.1,13460.4,0.0,13815.3,0.0
TH570901,แม่สาย,Mae Sai,15,2024-09-09T15:00:00+07:00,0.0,17893.1,13460.4,0.0,13815.3,0.0
TH570901,แม่สาย,Mae Sai,16,2024-09-09T16:00:00+07:00,0.0,17893.1,13460.4,0.0,13815.3,0.0
TH570901,แม่สาย,Mae Sai,17,2024-09-09T17:00:00+07:00,0.0,17893.1,13460.4,0.0,13815.3,0.0
TH570901,แม่สาย,Mae Sai,18,2024-09-09T18:00:00+07:00,0.0,17893.1,13460.4,0.0,13815.3,0.0
TH570901,แม่สาย,Mae Sai,19,2024-09-09T19:00:00+07:00,0.0,17893.1,13460.4,0.0,13815.3,0.0
TH570901,แม่สาย,Mae Sai,20,2024-09-09T20:00:00+07:00,0.0,17893.1,13460.4,0.0,13815.3,0.0
TH570901,แม่สาย,Mae Sai,21,2024-09-09T21:00:00+07:00,0.0,17893.1,13460.4,0.0,13815.3,0.0
TH570901,แม่สาย,Mae Sai,22,2024-09-09T22:00:00+07:00,0.0,17893.1,13460.4,0.0,13815.3,0.0
TH570901,แม่สาย,Mae Sai,23,2024-09-09T23:00:00+07:00,0.0,17893.1,13460.4,0.0,13815.3,0.0
TH570901,แม่สาย,Mae Sai,24,2024-09-10T00:00:00+07:00,0.0,17893.1,13460.4,0.0,13815.3,0.0
TH570901,แม่สาย,Mae Sai,25,2024-09-10T01:00:00+07:00,0.008,17893.1,13460.4,0.0,13815.3,0.0
TH570901,แม่สาย,Mae Sai,26,2024-09-10T02:00:00+07:00,0.017,17893.1,13460.4,0.0,13815.3,0.0
TH570901,แม่สาย,Mae Sai,27,2024-09-10T03:00:00+07:00,0.025,17893.1,13460.4,0.0,13815.3,0.0
TH570901,แม่สาย,Mae Sai,28,2024-09-10T04:00:00+07:00,0.033,17893.1,13460.4,0.0,13815.3,0.0
TH570901,แม่สาย,Mae Sai,29,2024-09-10T05:00:00+07:00,0.042,17893.1,13460.4,0.0,13815.3,0.0
TH570901,แม่สาย,Mae Sai,30,2024-09-10T06:00:00+07:00,0.05,17893.1,13460.4,0.0,13815.3,0.0
TH570901,แม่สาย,Mae Sai,31,2024-09-10T07:00:00+07:00,0.058,17893.1,13460.4,0.0,13815.3,0.0
TH570901,แม่สาย,Mae Sai,32,2024-09-10T08:00:00+07:00,0.067,17893.1,13460.4,0.0,13815.3,0.0
TH570901,แม่สาย,Mae Sai,33,2024-09-10T09:00:00+07:00,0.075,17893.1,13460.4,0.0,13815.3,0.0
TH570901,แม่สาย,Mae Sai,34,2024-09-10T10:00:00+07:00,0.083,17893.1,13460.4,0.0,13815.3,0.0
TH570901,แม่สาย,Mae Sai,35,2024-09-10T11:00:00+07:00,0.092,17893.1,13460.4,0.0,13815.3,0.0
TH570901,แม่สาย,Mae Sai,36,2024-09-10T12:00:00+07:00,0.1,17893.1,13460.4,0.0,13815.3,0.0
TH570901,แม่สาย,Mae Sai,37,2024-09-10T13:00:00+07:00,0.1,17893.1,13460.4,0.0,13815.3,0.0
TH570901,แม่สาย,Mae Sai,38,2024-09-10T14:00:00+07:00,0.1,17893.1,13460.4,0.0,13815.3,0.0
TH570901,แม่สาย,Mae Sai,39,2024-09-10T15:00:00+07:00,0.1,17893.1,13460.4,0.0,13815.3,0.0
TH570901,แม่สาย,Mae Sai,40,2024-09-10T16:00:00+07:00,0.1,17893.1,13460.4,0.0,13815.3,0.0
TH570901,แม่สาย,Mae Sai,41,2024-09-10T17:00:00+07:00,0.1,17893.1,13460.4,0.0,13815.3,0.0
TH570901,แม่สาย,Mae Sai,42,2024-09-10T18:00:00+07:00,0.1,17893.1,13460.4,0.0,13815.3,0.0
TH570901,แม่สาย,Mae Sai,43,2024-09-10T19:00:00+07:00,0.332,17893.1,13460.4,0.0,13815.3,0.0
TH570901,แม่สาย,Mae Sai,44,2024-09-10T20:00:00+07:00,0.642,17893.1,13460.4,1268.2,13815.3,2244.8
TH570901,แม่สาย,Mae Sai,45,2024-09-10T21:00:00+07:00,0.952,17893.1,13460.4,2472.2,13815.3,3394.0
TH570901,แม่สาย,Mae Sai,46,2024-09-10T22:00:00+07:00,1.261,17893.1,13460.4,2846.1,13815.3,4289.5
TH570901,แม่สาย,Mae Sai,47,2024-09-10T23:00:00+07:00,1.571,17893.1,13460.4,3112.2,13815.3,4541.4
TH570901,แม่สาย,Mae Sai,48,2024-09-11T00:00:00+07:00,1.881,17893.1,13460.4,3368.3,13815.3,4797.5
TH570901,แม่สาย,Mae Sai,49,2024-09-11T01:00:00+07:00,2.19,17893.1,13460.4,3887.5,13815.3,6990.2
TH570901,แม่สาย,Mae Sai,50,2024-09-11T02:00:00+07:00,2.5,17893.1,13460.4,4346.6,13815.3,7398.3
TH570901,แม่สาย,Mae Sai,51,2024-09-11T03:00:00+07:00,2.57,17893.1,13460.4,4391.1,13815.3,7439.8
TH570901,แม่สาย,Mae Sai,52,2024-09-11T04:00:00+07:00,2.64,17893.1,13460.4,4480.7,13815.3,7494.3
TH570901,แม่สาย,Mae Sai,53,2024-09-11T05:00:00+07:00,2.71,17893.1,13460.4,4523.8,13815.3,7530.9
TH570901,แม่สาย,Mae Sai,54,2024-09-11T06:00:00+07:00,2.78,17893.1,13460.4,4607.7,13815.3,7565.3
TH570901,แม่สาย,Mae Sai,55,2024-09-11T07:00:00+07:00,2.85,17893.1,13460.4,4766.2,13815.3,7679.8
TH570901,แม่สาย,Mae Sai,56,2024-09-11T08:00:00+07:00,2.92,17893.1,13460.4,4788.9,13815.3,7764.0
TH570901,แม่สาย,Mae Sai,57,2024-09-11T09:00:00+07:00,2.99,17893.1,13460.4,4918.2,13815.3,7857.2
TH570901,แม่สาย,Mae Sai,58,2024-09-11T10:00:00+07:00,3.06,17893.1,13460.4,5176.7,13815.3,8037.8
TH570901,แม่สาย,Mae Sai,59,2024-09-11T11:00:00+07:00,3.13,17893.1,13460.4,5219.2,13815.3,8080.3
TH570901,แม่สาย,Mae Sai,60,2024-09-11T12:00:00+07:00,3.2,17893.1,13460.4,5281.4,13815.3,8142.5
TH570901,แม่สาย,Mae Sai,61,2024-09-11T13:00:00+07:00,3.212,17893.1,13460.4,5281.4,13815.3,8142.5
TH570901,แม่สาย,Mae Sai,62,2024-09-11T14:00:00+07:00,3.225,17893.1,13460.4,5281.4,13815.3,8142.5
TH570901,แม่สาย,Mae Sai,63,2024-09-11T15:00:00+07:00,3.238,17893.1,13460.4,5281.4,13815.3,8142.5
TH570901,แม่สาย,Mae Sai,64,2024-09-11T16:00:00+07:00,3.25,17893.1,13460.4,5353.3,13815.3,8172.6
TH570901,แม่สาย,Mae Sai,65,2024-09-11T17:00:00+07:00,3.263,17893.1,13460.4,5353.3,13815.3,8172.6
TH570901,แม่สาย,Mae Sai,66,2024-09-11T18:00:00+07:00,3.275,17893.1,13460.4,5353.3,13815.3,8172.6
TH570901,แม่สาย,Mae Sai,67,2024-09-11T19:00:00+07:00,3.288,17893.1,13460.4,5353.3,13815.3,8172.6
TH570901,แม่สาย,Mae Sai,68,2024-09-11T20:00:00+07:00,3.3,17893.1,13460.4,5357.2,13815.3,8176.4
TH570901,แม่สาย,Mae Sai,69,2024-09-11T21:00:00+07:00,3.312,17893.1,13460.4,5357.2,13815.3,8176.4
TH570901,แม่สาย,Mae Sai,70,2024-09-11T22:00:00+07:00,3.325,17893.1,13460.4,5357.2,13815.3,8176.4
TH570901,แม่สาย,Mae Sai,71,2024-09-11T23:00:00+07:00,3.338,17893.1,13460.4,5357.2,13815.3,8176.4
TH570901,แม่สาย,Mae Sai,72,2024-09-12T00:00:00+07:00,3.35,17893.1,13460.4,5488.8,13815.3,8227.8
TH570901,แม่สาย,Mae Sai,73,2024-09-12T01:00:00+07:00,3.362,17893.1,13460.4,5488.8,13815.3,8227.8
TH570901,แม่สาย,Mae Sai,74,2024-09-12T02:00:00+07:00,3.375,17893.1,13460.4,5488.8,13815.3,8227.8
TH570901,แม่สาย,Mae Sai,75,2024-09-12T03:00:00+07:00,3.388,17893.1,13460.4,5488.8,13815.3,8227.8
TH570901,แม่สาย,Mae Sai,76,2024-09-12T04:00:00+07:00,3.4,17893.1,13460.4,5534.9,13815.3,8273.9
TH570901,แม่สาย,Mae Sai,77,2024-09-12T05:00:00+07:00,3.413,17893.1,13460.4,5534.9,13815.3,8273.9
TH570901,แม่สาย,Mae Sai,78,2024-09-12T06:00:00+07:00,3.425,17893.1,13460.4,5534.9,13815.3,8273.9
TH570901,แม่สาย,Mae Sai,79,2024-09-12T07:00:00+07:00,3.438,17893.1,13460.4,5534.9,13815.3,8273.9
TH570901,แม่สาย,Mae Sai,80,2024-09-12T08:00:00+07:00,3.45,17893.1,13460.4,5563.8,13815.3,8302.8
TH570901,แม่สาย,Mae Sai,81,2024-09-12T09:00:00+07:00,3.462,17893.1,13460.4,5563.8,13815.3,8302.8
TH570901,แม่สาย,Mae Sai,82,2024-09-12T10:00:00+07:00,3.475,17893.1,13460.4,5563.8,13815.3,8302.8
TH570901,แม่สาย,Mae Sai,83,2024-09-12T11:00:00+07:00,3.487,17893.1,13460.4,5563.8,13815.3,8302.8
TH570901,แม่สาย,Mae Sai,84,2024-09-12T12:00:00+07:00,3.5,17893.1,13460.4,5659.8,13815.3,8398.7
TH570901,แม่สาย,Mae Sai,85,2024-09-12T13:00:00+07:00,3.429,17893.1,13460.4,5534.9,13815.3,8273.9
TH570901,แม่สาย,Mae Sai,86,2024-09-12T14:00:00+07:00,3.358,17893.1,13460.4,5488.8,13815.3,8227.8
TH570901,แม่สาย,Mae Sai,87,2024-09-12T15:00:00+07:00,3.288,17893.1,13460.4,5353.3,13815.3,8172.6
TH570901,แม่สาย,Mae Sai,88,2024-09-12T16:00:00+07:00,3.217,17893.1,13460.4,5281.4,13815.3,8142.5
TH570901,แม่สาย,Mae Sai,89,2024-09-12T17:00:00+07:00,3.146,17893.1,13460.4,5219.2,13815.3,8080.3
TH570901,แม่สาย,Mae Sai,90,2024-09-12T18:00:00+07:00,3.075,17893.1,13460.4,5176.7,13815.3,8037.8
TH570901,แม่สาย,Mae Sai,91,2024-09-12T19:00:00+07:00,3.004,17893.1,13460.4,4958.3,13815.3,7857.2
TH570901,แม่สาย,Mae Sai,92,2024-09-12T20:00:00+07:00,2.933,17893.1,13460.4,4788.9,13815.3,7764.0
TH570901,แม่สาย,Mae Sai,93,2024-09-12T21:00:00+07:00,2.862,17893.1,13460.4,4766.2,13815.3,7679.8
TH570901,แม่สาย,Mae Sai,94,2024-09-12T22:00:00+07:00,2.792,17893.1,13460.4,4607.7,13815.3,7565.3
TH570901,แม่สาย,Mae Sai,95,2024-09-12T23:00:00+07:00,2.721,17893.1,13460.4,4523.8,13815.3,7530.9
TH570901,แม่สาย,Mae Sai,96,2024-09-13T00:00:00+07:00,2.65,17893.1,13460.4,4505.0,13815.3,7512.0
TH570901,แม่สาย,Mae Sai,97,2024-09-13T01:00:00+07:00,2.579,17893.1,13460.4,4391.1,13815.3,7439.8
TH570901,แม่สาย,Mae Sai,98,2024-09-13T02:00:00+07:00,2.508,17893.1,13460.4,4346.6,13815.3,7398.3
TH570901,แม่สาย,Mae Sai,99,2024-09-13T03:00:00+07:00,2.438,17893.1,13460.4,4274.2,13815.3,7345.9
TH570901,แม่สาย,Mae Sai,100,2024-09-13T04:00:00+07:00,2.367,17893.1,13460.4,4265.2,13815.3,7336.8
TH570901,แม่สาย,Mae Sai,101,2024-09-13T05:00:00+07:00,2.296,17893.1,13460.4,4181.4,13815.3,7291.5
TH570901,แม่สาย,Mae Sai,102,2024-09-13T06:00:00+07:00,2.225,17893.1,13460.4,4181.4,13815.3,7291.5
TH570901,แม่สาย,Mae Sai,103,2024-09-13T07:00:00+07:00,2.154,17893.1,13460.4,3887.5,13815.3,6990.2
TH570901,แม่สาย,Mae Sai,104,2024-09-13T08:00:00+07:00,2.083,17893.1,13460.4,3457.9,13815.3,4862.2
TH570901,แม่สาย,Mae Sai,105,2024-09-13T09:00:00+07:00,2.013,17893.1,13460.4,3457.9,13815.3,4862.2
TH570901,แม่สาย,Mae Sai,106,2024-09-13T10:00:00+07:00,1.942,17893.1,13460.4,3381.7,13815.3,4810.9
TH570901,แม่สาย,Mae Sai,107,2024-09-13T11:00:00+07:00,1.871,17893.1,13460.4,3368.3,13815.3,4797.5
TH570901,แม่สาย,Mae Sai,108,2024-09-13T12:00:00+07:00,1.8,17893.1,13460.4,3325.5,13815.3,4754.7
TH570901,แม่สาย,Mae Sai,109,2024-09-13T13:00:00+07:00,1.762,17893.1,13460.4,3307.5,13815.3,4736.7
TH570901,แม่สาย,Mae Sai,110,2024-09-13T14:00:00+07:00,1.725,17893.1,13460.4,3199.0,13815.3,4628.3
TH570901,แม่สาย,Mae Sai,111,2024-09-13T15:00:00+07:00,1.688,17893.1,13460.4,3165.8,13815.3,4595.0
TH570901,แม่สาย,Mae Sai,112,2024-09-13T16:00:00+07:00,1.65,17893.1,13460.4,3165.8,13815.3,4595.0
TH570901,แม่สาย,Mae Sai,113,2024-09-13T17:00:00+07:00,1.613,17893.1,13460.4,3130.4,13815.3,4559.7
TH570901,แม่สาย,Mae Sai,114,2024-09-13T18:00:00+07:00,1.575,17893.1,13460.4,3112.2,13815.3,4541.4
TH570901,แม่สาย,Mae Sai,115,2024-09-13T19:00:00+07:00,1.537,17893.1,13460.4,3097.8,13815.3,4527.0
TH570901,แม่สาย,Mae Sai,116,2024-09-13T20:00:00+07:00,1.5,17893.1,13460.4,3097.8,13815.3,4527.0
TH570901,แม่สาย,Mae Sai,117,2024-09-13T21:00:00+07:00,1.462,17893.1,13460.4,3091.5,13815.3,4520.8
TH570901,แม่สาย,Mae Sai,118,2024-09-13T22:00:00+07:00,1.425,17893.1,13460.4,2985.8,13815.3,4429.3
TH570901,แม่สาย,Mae Sai,119,2024-09-13T23:00:00+07:00,1.388,17893.1,13460.4,2934.8,13815.3,4378.3
TH570901,แม่สาย,Mae Sai,120,2024-09-14T00:00:00+07:00,1.35,17893.1,13460.4,2934.8,13815.3,4378.3
TH570901,แม่สาย,Mae Sai,121,2024-09-14T01:00:00+07:00,1.312,17893.1,13460.4,2895.0,13815.3,4338.5
TH570901,แม่สาย,Mae Sai,122,2024-09-14T02:00:00+07:00,1.275,17893.1,13460.4,2846.1,13815.3,4289.5
TH570901,แม่สาย,Mae Sai,123,2024-09-14T03:00:00+07:00,1.238,17893.1,13460.4,2823.0,13815.3,4266.5
TH570901,แม่สาย,Mae Sai,124,2024-09-14T04:00:00+07:00,1.2,17893.1,13460.4,2823.0,13815.3,4266.5
TH570901,แม่สาย,Mae Sai,125,2024-09-14T05:00:00+07:00,1.163,17893.1,13460.4,2775.0,13815.3,4235.9
TH570901,แม่สาย,Mae Sai,126,2024-09-14T06:00:00+07:00,1.125,17893.1,13460.4,2758.6,13815.3,4219.5
TH570901,แม่สาย,Mae Sai,127,2024-09-14T07:00:00+07:00,1.087,17893.1,13460.4,2656.0,13815.3,3577.8
TH570901,แม่สาย,Mae Sai,128,2024-09-14T08:00:00+07:00,1.05,17893.1,13460.4,2656.0,13815.3,3577.8
TH570901,แม่สาย,Mae Sai,129,2024-09-14T09:00:00+07:00,1.013,17893.1,13460.4,2560.8,13815.3,3482.6
TH570901,แม่สาย,Mae Sai,130,2024-09-14T10:00:00+07:00,0.975,17893.1,13460.4,2472.2,13815.3,3394.0
TH570901,แม่สาย,Mae Sai,131,2024-09-14T11:00:00+07:00,0.938,17893.1,13460.4,2436.7,13815.3,3394.0
TH570901,แม่สาย,Mae Sai,132,2024-09-14T12:00:00+07:00,0.9,17893.1,13460.4,2436.7,13815.3,3394.0
TH570901,แม่สาย,Mae Sai,133,2024-09-14T13:00:00+07:00,0.873,17893.1,13460.4,2359.2,13815.3,3295.7
TH570901,แม่สาย,Mae Sai,134,2024-09-14T14:00:00+07:00,0.846,17893.1,13460.4,2184.8,13815.3,3140.4
TH570901,แม่สาย,Mae Sai,135,2024-09-14T15:00:00+07:00,0.819,17893.1,13460.4,2184.8,13815.3,3140.4
TH570901,แม่สาย,Mae Sai,136,2024-09-14T16:00:00+07:00,0.792,17893.1,13460.4,2142.4,13815.3,3098.1
TH570901,แม่สาย,Mae Sai,137,2024-09-14T17:00:00+07:00,0.765,17893.1,13460.4,2142.4,13815.3,3098.1
TH570901,แม่สาย,Mae Sai,138,2024-09-14T18:00:00+07:00,0.738,17893.1,13460.4,2051.6,13815.3,3018.8
TH570901,แม่สาย,Mae Sai,139,2024-09-14T19:00:00+07:00,0.71,17893.1,13460.4,2051.6,13815.3,3018.8
TH570901,แม่สาย,Mae Sai,140,2024-09-14T20:00:00+07:00,0.683,17893.1,13460.4,1329.4,13815.3,2333.5
TH570901,แม่สาย,Mae Sai,141,2024-09-14T21:00:00+07:00,0.656,17893.1,13460.4,1329.4,13815.3,2333.5
TH570901,แม่สาย,Mae Sai,142,2024-09-14T22:00:00+07:00,0.629,17893.1,13460.4,1268.2,13815.3,2244.8
TH570901,แม่สาย,Mae Sai,143,2024-09-14T23:00:00+07:00,0.602,17893.1,13460.4,1268.2,13815.3,2244.8
TH570901,แม่สาย,Mae Sai,144,2024-09-15T00:00:00+07:00,0.575,17893.1,13460.4,1218.1,13815.3,2197.1
TH570901,แม่สาย,Mae Sai,145,2024-09-15T01:00:00+07:00,0.548,17893.1,13460.4,946.6,13815.3,1939.5
TH570901,แม่สาย,Mae Sai,146,2024-09-15T02:00:00+07:00,0.521,17893.1,13460.4,946.6,13815.3,1939.5
TH570901,แม่สาย,Mae Sai,147,2024-09-15T03:00:00+07:00,0.494,17893.1,13460.4,846.7,13815.3,1625.4
TH570901,แม่สาย,Mae Sai,148,2024-09-15T04:00:00+07:00,0.467,17893.1,13460.4,846.7,13815.3,1625.4
TH570901,แม่สาย,Mae Sai,149,2024-09-15T05:00:00+07:00,0.44,17893.1,13460.4,632.8,13815.3,1364.3
TH570901,แม่สาย,Mae Sai,150,2024-09-15T06:00:00+07:00,0.412,17893.1,13460.4,632.8,13815.3,1364.3
TH570901,แม่สาย,Mae Sai,151,2024-09-15T07:00:00+07:00,0.385,17893.1,13460.4,171.6,13815.3,958.8
TH570901,แม่สาย,Mae Sai,152,2024-09-15T08:00:00+07:00,0.358,17893.1,13460.4,171.6,13815.3,958.8
TH570901,แม่สาย,Mae Sai,153,2024-09-15T09:00:00+07:00,0.331,17893.1,13460.4,0.0,13815.3,0.0
TH570901,แม่สาย,Mae Sai,154,2024-09-15T10:00:00+07:00,0.304,17893.1,13460.4,0.0,13815.3,0.0
TH570901,แม่สาย,Mae Sai,155,2024-09-15T11:00:00+07:00,0.277,17893.1,13460.4,0.0,13815.3,0.0
TH570901,แม่สาย,Mae Sai,156,2024-09-15T12:00:00+07:00,0.25,17893.1,13460.4,0.0,13815.3,0.0
TH570901,แม่สาย,Mae Sai,157,2024-09-15T13:00:00+07:00,0.243,17893.1,13460.4,0.0,13815.3,0.0
TH570901,แม่สาย,Mae Sai,158,2024-09-15T14:00:00+07:00,0.236,17893.1,13460.4,0.0,13815.3,0.0
TH570901,แม่สาย,Mae Sai,159,2024-09-15T15:00:00+07:00,0.229,17893.1,13460.4,0.0,13815.3,0.0
TH570901,แม่สาย,Mae Sai,160,2024-09-15T16:00:00+07:00,0.222,17893.1,13460.4,0.0,13815.3,0.0
TH570901,แม่สาย,Mae Sai,161,2024-09-15T17:00:00+07:00,0.215,17893.1,13460.4,0.0,13815.3,0.0
TH570901,แม่สาย,Mae Sai,162,2024-09-15T18:00:00+07:00,0.208,17893.1,13460.4,0.0,13815.3,0.0
TH570901,แม่สาย,Mae Sai,163,2024-09-15T19:00:00+07:00,0.2,17893.1,13460.4,0.0,13815.3,0.0
TH570901,แม่สาย,Mae Sai,164,2024-09-15T20:00:00+07:00,0.193,17893.1,13460.4,0.0,13815.3,0.0
TH570901,แม่สาย,Mae Sai,165,2024-09-15T21:00:00+07:00,0.186,17893.1,13460.4,0.0,13815.3,0.0
TH570901,แม่สาย,Mae Sai,166,2024-09-15T22:00:00+07:00,0.179,17893.1,13460.4,0.0,13815.3,0.0
TH570901,แม่สาย,Mae Sai,167,2024-09-15T23:00:00+07:00,0.172,17893.1,13460.4,0.0,13815.3,0.0
TH570901,แม่สาย,Mae Sai,168,2024-09-16T00:00:00+07:00,0.165,17893.1,13460.4,0.0,13815.3,0.0
TH570901,แม่สาย,Mae Sai,169,2024-09-16T01:00:00+07:00,0.158,17893.1,13460.4,0.0,13815.3,0.0
TH570901,แม่สาย,Mae Sai,170,2024-09-16T02:00:00+07:00,0.151,17893.1,13460.4,0.0,13815.3,0.0
TH570901,แม่สาย,Mae Sai,171,2024-09-16T03:00:00+07:00,0.144,17893.1,13460.4,0.0,13815.3,0.0
TH570901,แม่สาย,Mae Sai,172,2024-09-16T04:00:00+07:00,0.137,17893.1,13460.4,0.0,13815.3,0.0
TH570901,แม่สาย,Mae Sai,173,2024-09-16T05:00:00+07:00,0.13,17893.1,13460.4,0.0,13815.3,0.0
TH570901,แม่สาย,Mae Sai,174,2024-09-16T06:00:00+07:00,0.122,17893.1,13460.4,0.0,13815.3,0.0
TH570901,แม่สาย,Mae Sai,175,2024-09-16T07:00:00+07:00,0.115,17893.1,13460.4,0.0,13815.3,0.0
TH570901,แม่สาย,Mae Sai,176,2024-09-16T08:00:00+07:00,0.108,17893.1,13460.4,0.0,13815.3,0.0
TH570901,แม่สาย,Mae Sai,177,2024-09-16T09:00:00+07:00,0.101,17893.1,13460.4,0.0,13815.3,0.0
TH570901,แม่สาย,Mae Sai,178,2024-09-16T10:00:00+07:00,0.094,17893.1,13460.4,0.0,13815.3,0.0
TH570901,แม่สาย,Mae Sai,179,2024-09-16T11:00:00+07:00,0.087,17893.1,13460.4,0.0,13815.3,0.0
TH570901,แม่สาย,Mae Sai,180,2024-09-16T12:00:00+07:00,0.08,17893.1,13460.4,0.0,13815.3,0.0
TH570901,แม่สาย,Mae Sai,181,2024-09-16T13:00:00+07:00,0.078,17893.1,13460.4,0.0,13815.3,0.0
TH570901,แม่สาย,Mae Sai,182,2024-09-16T14:00:00+07:00,0.077,17893.1,13460.4,0.0,13815.3,0.0
TH570901,แม่สาย,Mae Sai,183,2024-09-16T15:00:00+07:00,0.075,17893.1,13460.4,0.0,13815.3,0.0
TH570901,แม่สาย,Mae Sai,184,2024-09-16T16:00:00+07:00,0.073,17893.1,13460.4,0.0,13815.3,0.0
TH570901,แม่สาย,Mae Sai,185,2024-09-16T17:00:00+07:00,0.072,17893.1,13460.4,0.0,13815.3,0.0
TH570901,แม่สาย,Mae Sai,186,2024-09-16T18:00:00+07:00,0.07,17893.1,13460.4,0.0,13815.3,0.0
TH570901,แม่สาย,Mae Sai,187,2024-09-16T19:00:00+07:00,0.068,17893.1,13460.4,0.0,13815.3,0.0
TH570901,แม่สาย,Mae Sai,188,2024-09-16T20:00:00+07:00,0.067,17893.1,13460.4,0.0,13815.3,0.0
TH570901,แม่สาย,Mae Sai,189,2024-09-16T21:00:00+07:00,0.065,17893.1,13460.4,0.0,13815.3,0.0
TH570901,แม่สาย,Mae Sai,190,2024-09-16T22:00:00+07:00,0.063,17893.1,13460.4,0.0,13815.3,0.0
TH570901,แม่สาย,Mae Sai,191,2024-09-16T23:00:00+07:00,0.062,17893.1,13460.4,0.0,13815.3,0.0
TH570901,แม่สาย,Mae Sai,192,2024-09-17T00:00:00+07:00,0.06,17893.1,13460.4,0.0,13815.3,0.0
TH570901,แม่สาย,Mae Sai,193,2024-09-17T01:00:00+07:00,0.058,17893.1,13460.4,0.0,13815.3,0.0
TH570901,แม่สาย,Mae Sai,194,2024-09-17T02:00:00+07:00,0.057,17893.1,13460.4,0.0,13815.3,0.0
TH570901,แม่สาย,Mae Sai,195,2024-09-17T03:00:00+07:00,0.055,17893.1,13460.4,0.0,13815.3,0.0
TH570901,แม่สาย,Mae Sai,196,2024-09-17T04:00:00+07:00,0.053,17893.1,13460.4,0.0,13815.3,0.0
TH570901,แม่สาย,Mae Sai,197,2024-09-17T05:00:00+07:00,0.052,17893.1,13460.4,0.0,13815.3,0.0
TH570901,แม่สาย,Mae Sai,198,2024-09-17T06:00:00+07:00,0.05,17893.1,13460.4,0.0,13815.3,0.0
TH570901,แม่สาย,Mae Sai,199,2024-09-17T07:00:00+07:00,0.048,17893.1,13460.4,0.0,13815.3,0.0
TH570901,แม่สาย,Mae Sai,200,2024-09-17T08:00:00+07:00,0.047,17893.1,13460.4,0.0,13815.3,0.0
TH570901,แม่สาย,Mae Sai,201,2024-09-17T09:00:00+07:00,0.045,17893.1,13460.4,0.0,13815.3,0.0
TH570901,แม่สาย,Mae Sai,202,2024-09-17T10:00:00+07:00,0.043,17893.1,13460.4,0.0,13815.3,0.0
TH570901,แม่สาย,Mae Sai,203,2024-09-17T11:00:00+07:00,0.042,17893.1,13460.4,0.0,13815.3,0.0
TH570901,แม่สาย,Mae Sai,204,2024-09-17T12:00:00+07:00,0.04,17893.1,13460.4,0.0,13815.3,0.0
TH570901,แม่สาย,Mae Sai,205,2024-09-17T13:00:00+07:00,0.039,17893.1,13460.4,0.0,13815.3,0.0
TH570901,แม่สาย,Mae Sai,206,2024-09-17T14:00:00+07:00,0.038,17893.1,13460.4,0.0,13815.3,0.0
TH570901,แม่สาย,Mae Sai,207,2024-09-17T15:00:00+07:00,0.037,17893.1,13460.4,0.0,13815.3,0.0
TH570901,แม่สาย,Mae Sai,208,2024-09-17T16:00:00+07:00,0.037,17893.1,13460.4,0.0,13815.3,0.0
TH570901,แม่สาย,Mae Sai,209,2024-09-17T17:00:00+07:00,0.036,17893.1,13460.4,0.0,13815.3,0.0
TH570901,แม่สาย,Mae Sai,210,2024-09-17T18:00:00+07:00,0.035,17893.1,13460.4,0.0,13815.3,0.0
TH570901,แม่สาย,Mae Sai,211,2024-09-17T19:00:00+07:00,0.034,17893.1,13460.4,0.0,13815.3,0.0
TH570901,แม่สาย,Mae Sai,212,2024-09-17T20:00:00+07:00,0.033,17893.1,13460.4,0.0,13815.3,0.0
TH570901,แม่สาย,Mae Sai,213,2024-09-17T21:00:00+07:00,0.033,17893.1,13460.4,0.0,13815.3,0.0
TH570901,แม่สาย,Mae Sai,214,2024-09-17T22:00:00+07:00,0.032,17893.1,13460.4,0.0,13815.3,0.0
TH570901,แม่สาย,Mae Sai,215,2024-09-17T23:00:00+07:00,0.031,17893.1,13460.4,0.0,13815.3,0.0
TH570901,แม่สาย,Mae Sai,216,2024-09-18T00:00:00+07:00,0.03,17893.1,13460.4,0.0,13815.3,0.0
TH570901,แม่สาย,Mae Sai,217,2024-09-18T01:00:00+07:00,0.029,17893.1,13460.4,0.0,13815.3,0.0
TH570901,แม่สาย,Mae Sai,218,2024-09-18T02:00:00+07:00,0.028,17893.1,13460.4,0.0,13815.3,0.0
TH570901,แม่สาย,Mae Sai,219,2024-09-18T03:00:00+07:00,0.028,17893.1,13460.4,0.0,13815.3,0.0
TH570901,แม่สาย,Mae Sai,220,2024-09-18T04:00:00+07:00,0.027,17893.1,13460.4,0.0,13815.3,0.0
TH570901,แม่สาย,Mae Sai,221,2024-09-18T05:00:00+07:00,0.026,17893.1,13460.4,0.0,13815.3,0.0
TH570901,แม่สาย,Mae Sai,222,2024-09-18T06:00:00+07:00,0.025,17893.1,13460.4,0.0,13815.3,0.0
TH570901,แม่สาย,Mae Sai,223,2024-09-18T07:00:00+07:00,0.024,17893.1,13460.4,0.0,13815.3,0.0
TH570901,แม่สาย,Mae Sai,224,2024-09-18T08:00:00+07:00,0.023,17893.1,13460.4,0.0,13815.3,0.0
TH570901,แม่สาย,Mae Sai,225,2024-09-18T09:00:00+07:00,0.022,17893.1,13460.4,0.0,13815.3,0.0
TH570901,แม่สาย,Mae Sai,226,2024-09-18T10:00:00+07:00,0.022,17893.1,13460.4,0.0,13815.3,0.0
TH570901,แม่สาย,Mae Sai,227,2024-09-18T11:00:00+07:00,0.021,17893.1,13460.4,0.0,13815.3,0.0
TH570901,แม่สาย,Mae Sai,228,2024-09-18T12:00:00+07:00,0.02,17893.1,13460.4,0.0,13815.3,0.0
TH570901,แม่สาย,Mae Sai,229,2024-09-18T13:00:00+07:00,0.019,17893.1,13460.4,0.0,13815.3,0.0
TH570901,แม่สาย,Mae Sai,230,2024-09-18T14:00:00+07:00,0.018,17893.1,13460.4,0.0,13815.3,0.0
TH570901,แม่สาย,Mae Sai,231,2024-09-18T15:00:00+07:00,0.018,17893.1,13460.4,0.0,13815.3,0.0
TH570901,แม่สาย,Mae Sai,232,2024-09-18T16:00:00+07:00,0.017,17893.1,13460.4,0.0,13815.3,0.0
TH570901,แม่สาย,Mae Sai,233,2024-09-18T17:00:00+07:00,0.016,17893.1,13460.4,0.0,13815.3,0.0
TH570901,แม่สาย,Mae Sai,234,2024-09-18T18:00:00+07:00,0.015,17893.1,13460.4,0.0,13815.3,0.0
TH570901,แม่สาย,Mae Sai,235,2024-09-18T19:00:00+07:00,0.014,17893.1,13460.4,0.0,13815.3,0.0
TH570901,แม่สาย,Mae Sai,236,2024-09-18T20:00:00+07:00,0.013,17893.1,13460.4,0.0,13815.3,0.0
TH570901,แม่สาย,Mae Sai,237,2024-09-18T21:00:00+07:00,0.013,17893.1,13460.4,0.0,13815.3,0.0
TH570901,แม่สาย,Mae Sai,238,2024-09-18T22:00:00+07:00,0.012,17893.1,13460.4,0.0,13815.3,0.0
TH570901,แม่สาย,Mae Sai,239,2024-09-18T23:00:00+07:00,0.011,17893.1,13460.4,0.0,13815.3,0.0
TH570901,แม่สาย,Mae Sai,240,2024-09-19T00:00:00+07:00,0.01,17893.1,13460.4,0.0,13815.3,0.0
TH570901,แม่สาย,Mae Sai,241,2024-09-19T01:00:00+07:00,0.009,17893.1,13460.4,0.0,13815.3,0.0
TH570901,แม่สาย,Mae Sai,242,2024-09-19T02:00:00+07:00,0.008,17893.1,13460.4,0.0,13815.3,0.0
TH570901,แม่สาย,Mae Sai,243,2024-09-19T03:00:00+07:00,0.007,17893.1,13460.4,0.0,13815.3,0.0
TH570901,แม่สาย,Mae Sai,244,2024-09-19T04:00:00+07:00,0.007,17893.1,13460.4,0.0,13815.3,0.0
TH570901,แม่สาย,Mae Sai,245,2024-09-19T05:00:00+07:00,0.006,17893.1,13460.4,0.0,13815.3,0.0
TH570901,แม่สาย,Mae Sai,246,2024-09-19T06:00:00+07:00,0.005,17893.1,13460.4,0.0,13815.3,0.0
TH570901,แม่สาย,Mae Sai,247,2024-09-19T07:00:00+07:00,0.004,17893.1,13460.4,0.0,13815.3,0.0
TH570901,แม่สาย,Mae Sai,248,2024-09-19T08:00:00+07:00,0.003,17893.1,13460.4,0.0,13815.3,0.0
TH570901,แม่สาย,Mae Sai,249,2024-09-19T09:00:00+07:00,0.002,17893.1,13460.4,0.0,13815.3,0.0
TH570901,แม่สาย,Mae Sai,250,2024-09-19T10:00:00+07:00,0.002,17893.1,13460.4,0.0,13815.3,0.0
TH570901,แม่สาย,Mae Sai,251,2024-09-19T11:00:00+07:00,0.001,17893.1,13460.4,0.0,13815.3,0.0
TH570901,แม่สาย,Mae Sai,252,2024-09-19T12:00:00+07:00,0.0,17893.1,13460.4,0.0,13815.3,0.0
TH570901,แม่สาย,Mae Sai,253,2024-09-19T13:00:00+07:00,0.0,17893.1,13460.4,0.0,13815.3,0.0
TH570901,แม่สาย,Mae Sai,254,2024-09-19T14:00:00+07:00,0.0,17893.1,13460.4,0.0,13815.3,0.0
TH570901,แม่สาย,Mae Sai,255,2024-09-19T15:00:00+07:00,0.0,17893.1,13460.4,0.0,13815.3,0.0
TH570901,แม่สาย,Mae Sai,256,2024-09-19T16:00:00+07:00,0.0,17893.1,13460.4,0.0,13815.3,0.0
TH570901,แม่สาย,Mae Sai,257,2024-09-19T17:00:00+07:00,0.0,17893.1,13460.4,0.0,13815.3,0.0
TH570901,แม่สาย,Mae Sai,258,2024-09-19T18:00:00+07:00,0.0,17893.1,13460.4,0.0,13815.3,0.0
TH570901,แม่สาย,Mae Sai,259,2024-09-19T19:00:00+07:00,0.0,17893.1,13460.4,0.0,13815.3,0.0
TH570901,แม่สาย,Mae Sai,260,2024-09-19T20:00:00+07:00,0.0,17893.1,13460.4,0.0,13815.3,0.0
TH570901,แม่สาย,Mae Sai,261,2024-09-19T21:00:00+07:00,0.0,17893.1,13460.4,0.0,13815.3,0.0
TH570901,แม่สาย,Mae Sai,262,2024-09-19T22:00:00+07:00,0.0,17893.1,13460.4,0.0,13815.3,0.0
TH570901,แม่สาย,Mae Sai,263,2024-09-19T23:00:00+07:00,0.0,17893.1,13460.4,0.0,13815.3,0.0
TH570902,ห้วยไคร้,Huai Khrai,0,2024-09-09T00:00:00+07:00,0.0,8911.5,0.0,0.0,0.0,0.0
TH570902,ห้วยไคร้,Huai Khrai,1,2024-09-09T01:00:00+07:00,0.0,8911.5,0.0,0.0,0.0,0.0
TH570902,ห้วยไคร้,Huai Khrai,2,2024-09-09T02:00:00+07:00,0.0,8911.5,0.0,0.0,0.0,0.0
TH570902,ห้วยไคร้,Huai Khrai,3,2024-09-09T03:00:00+07:00,0.0,8911.5,0.0,0.0,0.0,0.0
TH570902,ห้วยไคร้,Huai Khrai,4,2024-09-09T04:00:00+07:00,0.0,8911.5,0.0,0.0,0.0,0.0
TH570902,ห้วยไคร้,Huai Khrai,5,2024-09-09T05:00:00+07:00,0.0,8911.5,0.0,0.0,0.0,0.0
TH570902,ห้วยไคร้,Huai Khrai,6,2024-09-09T06:00:00+07:00,0.0,8911.5,0.0,0.0,0.0,0.0
TH570902,ห้วยไคร้,Huai Khrai,7,2024-09-09T07:00:00+07:00,0.0,8911.5,0.0,0.0,0.0,0.0
TH570902,ห้วยไคร้,Huai Khrai,8,2024-09-09T08:00:00+07:00,0.0,8911.5,0.0,0.0,0.0,0.0
TH570902,ห้วยไคร้,Huai Khrai,9,2024-09-09T09:00:00+07:00,0.0,8911.5,0.0,0.0,0.0,0.0
TH570902,ห้วยไคร้,Huai Khrai,10,2024-09-09T10:00:00+07:00,0.0,8911.5,0.0,0.0,0.0,0.0
TH570902,ห้วยไคร้,Huai Khrai,11,2024-09-09T11:00:00+07:00,0.0,8911.5,0.0,0.0,0.0,0.0
TH570902,ห้วยไคร้,Huai Khrai,12,2024-09-09T12:00:00+07:00,0.0,8911.5,0.0,0.0,0.0,0.0
TH570902,ห้วยไคร้,Huai Khrai,13,2024-09-09T13:00:00+07:00,0.0,8911.5,0.0,0.0,0.0,0.0
TH570902,ห้วยไคร้,Huai Khrai,14,2024-09-09T14:00:00+07:00,0.0,8911.5,0.0,0.0,0.0,0.0
TH570902,ห้วยไคร้,Huai Khrai,15,2024-09-09T15:00:00+07:00,0.0,8911.5,0.0,0.0,0.0,0.0
TH570902,ห้วยไคร้,Huai Khrai,16,2024-09-09T16:00:00+07:00,0.0,8911.5,0.0,0.0,0.0,0.0
TH570902,ห้วยไคร้,Huai Khrai,17,2024-09-09T17:00:00+07:00,0.0,8911.5,0.0,0.0,0.0,0.0
TH570902,ห้วยไคร้,Huai Khrai,18,2024-09-09T18:00:00+07:00,0.0,8911.5,0.0,0.0,0.0,0.0
TH570902,ห้วยไคร้,Huai Khrai,19,2024-09-09T19:00:00+07:00,0.0,8911.5,0.0,0.0,0.0,0.0
TH570902,ห้วยไคร้,Huai Khrai,20,2024-09-09T20:00:00+07:00,0.0,8911.5,0.0,0.0,0.0,0.0
TH570902,ห้วยไคร้,Huai Khrai,21,2024-09-09T21:00:00+07:00,0.0,8911.5,0.0,0.0,0.0,0.0
TH570902,ห้วยไคร้,Huai Khrai,22,2024-09-09T22:00:00+07:00,0.0,8911.5,0.0,0.0,0.0,0.0
TH570902,ห้วยไคร้,Huai Khrai,23,2024-09-09T23:00:00+07:00,0.0,8911.5,0.0,0.0,0.0,0.0
TH570902,ห้วยไคร้,Huai Khrai,24,2024-09-10T00:00:00+07:00,0.0,8911.5,0.0,0.0,0.0,0.0
TH570902,ห้วยไคร้,Huai Khrai,25,2024-09-10T01:00:00+07:00,0.008,8911.5,0.0,0.0,0.0,0.0
TH570902,ห้วยไคร้,Huai Khrai,26,2024-09-10T02:00:00+07:00,0.017,8911.5,0.0,0.0,0.0,0.0
TH570902,ห้วยไคร้,Huai Khrai,27,2024-09-10T03:00:00+07:00,0.025,8911.5,0.0,0.0,0.0,0.0
TH570902,ห้วยไคร้,Huai Khrai,28,2024-09-10T04:00:00+07:00,0.033,8911.5,0.0,0.0,0.0,0.0
TH570902,ห้วยไคร้,Huai Khrai,29,2024-09-10T05:00:00+07:00,0.042,8911.5,0.0,0.0,0.0,0.0
TH570902,ห้วยไคร้,Huai Khrai,30,2024-09-10T06:00:00+07:00,0.05,8911.5,0.0,0.0,0.0,0.0
TH570902,ห้วยไคร้,Huai Khrai,31,2024-09-10T07:00:00+07:00,0.058,8911.5,0.0,0.0,0.0,0.0
TH570902,ห้วยไคร้,Huai Khrai,32,2024-09-10T08:00:00+07:00,0.067,8911.5,0.0,0.0,0.0,0.0
TH570902,ห้วยไคร้,Huai Khrai,33,2024-09-10T09:00:00+07:00,0.075,8911.5,0.0,0.0,0.0,0.0
TH570902,ห้วยไคร้,Huai Khrai,34,2024-09-10T10:00:00+07:00,0.083,8911.5,0.0,0.0,0.0,0.0
TH570902,ห้วยไคร้,Huai Khrai,35,2024-09-10T11:00:00+07:00,0.092,8911.5,0.0,0.0,0.0,0.0
TH570902,ห้วยไคร้,Huai Khrai,36,2024-09-10T12:00:00+07:00,0.1,8911.5,0.0,0.0,0.0,0.0
TH570902,ห้วยไคร้,Huai Khrai,37,2024-09-10T13:00:00+07:00,0.1,8911.5,0.0,0.0,0.0,0.0
TH570902,ห้วยไคร้,Huai Khrai,38,2024-09-10T14:00:00+07:00,0.1,8911.5,0.0,0.0,0.0,0.0
TH570902,ห้วยไคร้,Huai Khrai,39,2024-09-10T15:00:00+07:00,0.1,8911.5,0.0,0.0,0.0,0.0
TH570902,ห้วยไคร้,Huai Khrai,40,2024-09-10T16:00:00+07:00,0.1,8911.5,0.0,0.0,0.0,0.0
TH570902,ห้วยไคร้,Huai Khrai,41,2024-09-10T17:00:00+07:00,0.1,8911.5,0.0,0.0,0.0,0.0
TH570902,ห้วยไคร้,Huai Khrai,42,2024-09-10T18:00:00+07:00,0.1,8911.5,0.0,0.0,0.0,0.0
TH570902,ห้วยไคร้,Huai Khrai,43,2024-09-10T19:00:00+07:00,0.332,8911.5,0.0,0.0,0.0,0.0
TH570902,ห้วยไคร้,Huai Khrai,44,2024-09-10T20:00:00+07:00,0.642,8911.5,0.0,0.0,0.0,0.0
TH570902,ห้วยไคร้,Huai Khrai,45,2024-09-10T21:00:00+07:00,0.952,8911.5,0.0,0.0,0.0,0.0
TH570902,ห้วยไคร้,Huai Khrai,46,2024-09-10T22:00:00+07:00,1.261,8911.5,0.0,0.0,0.0,0.0
TH570902,ห้วยไคร้,Huai Khrai,47,2024-09-10T23:00:00+07:00,1.571,8911.5,0.0,0.0,0.0,0.0
TH570902,ห้วยไคร้,Huai Khrai,48,2024-09-11T00:00:00+07:00,1.881,8911.5,0.0,0.0,0.0,0.0
TH570902,ห้วยไคร้,Huai Khrai,49,2024-09-11T01:00:00+07:00,2.19,8911.5,0.0,0.0,0.0,0.0
TH570902,ห้วยไคร้,Huai Khrai,50,2024-09-11T02:00:00+07:00,2.5,8911.5,0.0,0.0,0.0,0.0
TH570902,ห้วยไคร้,Huai Khrai,51,2024-09-11T03:00:00+07:00,2.57,8911.5,0.0,0.0,0.0,0.0
TH570902,ห้วยไคร้,Huai Khrai,52,2024-09-11T04:00:00+07:00,2.64,8911.5,0.0,0.0,0.0,0.0
TH570902,ห้วยไคร้,Huai Khrai,53,2024-09-11T05:00:00+07:00,2.71,8911.5,0.0,0.0,0.0,0.0
TH570902,ห้วยไคร้,Huai Khrai,54,2024-09-11T06:00:00+07:00,2.78,8911.5,0.0,0.0,0.0,0.0
TH570902,ห้วยไคร้,Huai Khrai,55,2024-09-11T07:00:00+07:00,2.85,8911.5,0.0,0.0,0.0,0.0
TH570902,ห้วยไคร้,Huai Khrai,56,2024-09-11T08:00:00+07:00,2.92,8911.5,0.0,0.0,0.0,0.0
TH570902,ห้วยไคร้,Huai Khrai,57,2024-09-11T09:00:00+07:00,2.99,8911.5,0.0,0.0,0.0,0.0
TH570902,ห้วยไคร้,Huai Khrai,58,2024-09-11T10:00:00+07:00,3.06,8911.5,0.0,0.0,0.0,0.0
TH570902,ห้วยไคร้,Huai Khrai,59,2024-09-11T11:00:00+07:00,3.13,8911.5,0.0,0.0,0.0,0.0
TH570902,ห้วยไคร้,Huai Khrai,60,2024-09-11T12:00:00+07:00,3.2,8911.5,0.0,0.0,0.0,0.0
TH570902,ห้วยไคร้,Huai Khrai,61,2024-09-11T13:00:00+07:00,3.212,8911.5,0.0,0.0,0.0,0.0
TH570902,ห้วยไคร้,Huai Khrai,62,2024-09-11T14:00:00+07:00,3.225,8911.5,0.0,0.0,0.0,0.0
TH570902,ห้วยไคร้,Huai Khrai,63,2024-09-11T15:00:00+07:00,3.238,8911.5,0.0,0.0,0.0,0.0
TH570902,ห้วยไคร้,Huai Khrai,64,2024-09-11T16:00:00+07:00,3.25,8911.5,0.0,0.0,0.0,0.0
TH570902,ห้วยไคร้,Huai Khrai,65,2024-09-11T17:00:00+07:00,3.263,8911.5,0.0,0.0,0.0,0.0
TH570902,ห้วยไคร้,Huai Khrai,66,2024-09-11T18:00:00+07:00,3.275,8911.5,0.0,0.0,0.0,0.0
TH570902,ห้วยไคร้,Huai Khrai,67,2024-09-11T19:00:00+07:00,3.288,8911.5,0.0,0.0,0.0,0.0
TH570902,ห้วยไคร้,Huai Khrai,68,2024-09-11T20:00:00+07:00,3.3,8911.5,0.0,0.0,0.0,0.0
TH570902,ห้วยไคร้,Huai Khrai,69,2024-09-11T21:00:00+07:00,3.312,8911.5,0.0,0.0,0.0,0.0
TH570902,ห้วยไคร้,Huai Khrai,70,2024-09-11T22:00:00+07:00,3.325,8911.5,0.0,0.0,0.0,0.0
TH570902,ห้วยไคร้,Huai Khrai,71,2024-09-11T23:00:00+07:00,3.338,8911.5,0.0,0.0,0.0,0.0
TH570902,ห้วยไคร้,Huai Khrai,72,2024-09-12T00:00:00+07:00,3.35,8911.5,0.0,0.0,0.0,0.0
TH570902,ห้วยไคร้,Huai Khrai,73,2024-09-12T01:00:00+07:00,3.362,8911.5,0.0,0.0,0.0,0.0
TH570902,ห้วยไคร้,Huai Khrai,74,2024-09-12T02:00:00+07:00,3.375,8911.5,0.0,0.0,0.0,0.0
TH570902,ห้วยไคร้,Huai Khrai,75,2024-09-12T03:00:00+07:00,3.388,8911.5,0.0,0.0,0.0,0.0
TH570902,ห้วยไคร้,Huai Khrai,76,2024-09-12T04:00:00+07:00,3.4,8911.5,0.0,0.0,0.0,0.0
TH570902,ห้วยไคร้,Huai Khrai,77,2024-09-12T05:00:00+07:00,3.413,8911.5,0.0,0.0,0.0,0.0
TH570902,ห้วยไคร้,Huai Khrai,78,2024-09-12T06:00:00+07:00,3.425,8911.5,0.0,0.0,0.0,0.0
TH570902,ห้วยไคร้,Huai Khrai,79,2024-09-12T07:00:00+07:00,3.438,8911.5,0.0,0.0,0.0,0.0
TH570902,ห้วยไคร้,Huai Khrai,80,2024-09-12T08:00:00+07:00,3.45,8911.5,0.0,0.0,0.0,0.0
TH570902,ห้วยไคร้,Huai Khrai,81,2024-09-12T09:00:00+07:00,3.462,8911.5,0.0,0.0,0.0,0.0
TH570902,ห้วยไคร้,Huai Khrai,82,2024-09-12T10:00:00+07:00,3.475,8911.5,0.0,0.0,0.0,0.0
TH570902,ห้วยไคร้,Huai Khrai,83,2024-09-12T11:00:00+07:00,3.487,8911.5,0.0,0.0,0.0,0.0
TH570902,ห้วยไคร้,Huai Khrai,84,2024-09-12T12:00:00+07:00,3.5,8911.5,0.0,0.0,0.0,0.0
TH570902,ห้วยไคร้,Huai Khrai,85,2024-09-12T13:00:00+07:00,3.429,8911.5,0.0,0.0,0.0,0.0
TH570902,ห้วยไคร้,Huai Khrai,86,2024-09-12T14:00:00+07:00,3.358,8911.5,0.0,0.0,0.0,0.0
TH570902,ห้วยไคร้,Huai Khrai,87,2024-09-12T15:00:00+07:00,3.288,8911.5,0.0,0.0,0.0,0.0
TH570902,ห้วยไคร้,Huai Khrai,88,2024-09-12T16:00:00+07:00,3.217,8911.5,0.0,0.0,0.0,0.0
TH570902,ห้วยไคร้,Huai Khrai,89,2024-09-12T17:00:00+07:00,3.146,8911.5,0.0,0.0,0.0,0.0
TH570902,ห้วยไคร้,Huai Khrai,90,2024-09-12T18:00:00+07:00,3.075,8911.5,0.0,0.0,0.0,0.0
TH570902,ห้วยไคร้,Huai Khrai,91,2024-09-12T19:00:00+07:00,3.004,8911.5,0.0,0.0,0.0,0.0
TH570902,ห้วยไคร้,Huai Khrai,92,2024-09-12T20:00:00+07:00,2.933,8911.5,0.0,0.0,0.0,0.0
TH570902,ห้วยไคร้,Huai Khrai,93,2024-09-12T21:00:00+07:00,2.862,8911.5,0.0,0.0,0.0,0.0
TH570902,ห้วยไคร้,Huai Khrai,94,2024-09-12T22:00:00+07:00,2.792,8911.5,0.0,0.0,0.0,0.0
TH570902,ห้วยไคร้,Huai Khrai,95,2024-09-12T23:00:00+07:00,2.721,8911.5,0.0,0.0,0.0,0.0
TH570902,ห้วยไคร้,Huai Khrai,96,2024-09-13T00:00:00+07:00,2.65,8911.5,0.0,0.0,0.0,0.0
TH570902,ห้วยไคร้,Huai Khrai,97,2024-09-13T01:00:00+07:00,2.579,8911.5,0.0,0.0,0.0,0.0
TH570902,ห้วยไคร้,Huai Khrai,98,2024-09-13T02:00:00+07:00,2.508,8911.5,0.0,0.0,0.0,0.0
TH570902,ห้วยไคร้,Huai Khrai,99,2024-09-13T03:00:00+07:00,2.438,8911.5,0.0,0.0,0.0,0.0
TH570902,ห้วยไคร้,Huai Khrai,100,2024-09-13T04:00:00+07:00,2.367,8911.5,0.0,0.0,0.0,0.0
TH570902,ห้วยไคร้,Huai Khrai,101,2024-09-13T05:00:00+07:00,2.296,8911.5,0.0,0.0,0.0,0.0
TH570902,ห้วยไคร้,Huai Khrai,102,2024-09-13T06:00:00+07:00,2.225,8911.5,0.0,0.0,0.0,0.0
TH570902,ห้วยไคร้,Huai Khrai,103,2024-09-13T07:00:00+07:00,2.154,8911.5,0.0,0.0,0.0,0.0
TH570902,ห้วยไคร้,Huai Khrai,104,2024-09-13T08:00:00+07:00,2.083,8911.5,0.0,0.0,0.0,0.0
TH570902,ห้วยไคร้,Huai Khrai,105,2024-09-13T09:00:00+07:00,2.013,8911.5,0.0,0.0,0.0,0.0
TH570902,ห้วยไคร้,Huai Khrai,106,2024-09-13T10:00:00+07:00,1.942,8911.5,0.0,0.0,0.0,0.0
TH570902,ห้วยไคร้,Huai Khrai,107,2024-09-13T11:00:00+07:00,1.871,8911.5,0.0,0.0,0.0,0.0
TH570902,ห้วยไคร้,Huai Khrai,108,2024-09-13T12:00:00+07:00,1.8,8911.5,0.0,0.0,0.0,0.0
TH570902,ห้วยไคร้,Huai Khrai,109,2024-09-13T13:00:00+07:00,1.762,8911.5,0.0,0.0,0.0,0.0
TH570902,ห้วยไคร้,Huai Khrai,110,2024-09-13T14:00:00+07:00,1.725,8911.5,0.0,0.0,0.0,0.0
TH570902,ห้วยไคร้,Huai Khrai,111,2024-09-13T15:00:00+07:00,1.688,8911.5,0.0,0.0,0.0,0.0
TH570902,ห้วยไคร้,Huai Khrai,112,2024-09-13T16:00:00+07:00,1.65,8911.5,0.0,0.0,0.0,0.0
TH570902,ห้วยไคร้,Huai Khrai,113,2024-09-13T17:00:00+07:00,1.613,8911.5,0.0,0.0,0.0,0.0
TH570902,ห้วยไคร้,Huai Khrai,114,2024-09-13T18:00:00+07:00,1.575,8911.5,0.0,0.0,0.0,0.0
TH570902,ห้วยไคร้,Huai Khrai,115,2024-09-13T19:00:00+07:00,1.537,8911.5,0.0,0.0,0.0,0.0
TH570902,ห้วยไคร้,Huai Khrai,116,2024-09-13T20:00:00+07:00,1.5,8911.5,0.0,0.0,0.0,0.0
TH570902,ห้วยไคร้,Huai Khrai,117,2024-09-13T21:00:00+07:00,1.462,8911.5,0.0,0.0,0.0,0.0
TH570902,ห้วยไคร้,Huai Khrai,118,2024-09-13T22:00:00+07:00,1.425,8911.5,0.0,0.0,0.0,0.0
TH570902,ห้วยไคร้,Huai Khrai,119,2024-09-13T23:00:00+07:00,1.388,8911.5,0.0,0.0,0.0,0.0
TH570902,ห้วยไคร้,Huai Khrai,120,2024-09-14T00:00:00+07:00,1.35,8911.5,0.0,0.0,0.0,0.0
TH570902,ห้วยไคร้,Huai Khrai,121,2024-09-14T01:00:00+07:00,1.312,8911.5,0.0,0.0,0.0,0.0
TH570902,ห้วยไคร้,Huai Khrai,122,2024-09-14T02:00:00+07:00,1.275,8911.5,0.0,0.0,0.0,0.0
TH570902,ห้วยไคร้,Huai Khrai,123,2024-09-14T03:00:00+07:00,1.238,8911.5,0.0,0.0,0.0,0.0
TH570902,ห้วยไคร้,Huai Khrai,124,2024-09-14T04:00:00+07:00,1.2,8911.5,0.0,0.0,0.0,0.0
TH570902,ห้วยไคร้,Huai Khrai,125,2024-09-14T05:00:00+07:00,1.163,8911.5,0.0,0.0,0.0,0.0
TH570902,ห้วยไคร้,Huai Khrai,126,2024-09-14T06:00:00+07:00,1.125,8911.5,0.0,0.0,0.0,0.0
TH570902,ห้วยไคร้,Huai Khrai,127,2024-09-14T07:00:00+07:00,1.087,8911.5,0.0,0.0,0.0,0.0
TH570902,ห้วยไคร้,Huai Khrai,128,2024-09-14T08:00:00+07:00,1.05,8911.5,0.0,0.0,0.0,0.0
TH570902,ห้วยไคร้,Huai Khrai,129,2024-09-14T09:00:00+07:00,1.013,8911.5,0.0,0.0,0.0,0.0
TH570902,ห้วยไคร้,Huai Khrai,130,2024-09-14T10:00:00+07:00,0.975,8911.5,0.0,0.0,0.0,0.0
TH570902,ห้วยไคร้,Huai Khrai,131,2024-09-14T11:00:00+07:00,0.938,8911.5,0.0,0.0,0.0,0.0
TH570902,ห้วยไคร้,Huai Khrai,132,2024-09-14T12:00:00+07:00,0.9,8911.5,0.0,0.0,0.0,0.0
TH570902,ห้วยไคร้,Huai Khrai,133,2024-09-14T13:00:00+07:00,0.873,8911.5,0.0,0.0,0.0,0.0
TH570902,ห้วยไคร้,Huai Khrai,134,2024-09-14T14:00:00+07:00,0.846,8911.5,0.0,0.0,0.0,0.0
TH570902,ห้วยไคร้,Huai Khrai,135,2024-09-14T15:00:00+07:00,0.819,8911.5,0.0,0.0,0.0,0.0
TH570902,ห้วยไคร้,Huai Khrai,136,2024-09-14T16:00:00+07:00,0.792,8911.5,0.0,0.0,0.0,0.0
TH570902,ห้วยไคร้,Huai Khrai,137,2024-09-14T17:00:00+07:00,0.765,8911.5,0.0,0.0,0.0,0.0
TH570902,ห้วยไคร้,Huai Khrai,138,2024-09-14T18:00:00+07:00,0.738,8911.5,0.0,0.0,0.0,0.0
TH570902,ห้วยไคร้,Huai Khrai,139,2024-09-14T19:00:00+07:00,0.71,8911.5,0.0,0.0,0.0,0.0
TH570902,ห้วยไคร้,Huai Khrai,140,2024-09-14T20:00:00+07:00,0.683,8911.5,0.0,0.0,0.0,0.0
TH570902,ห้วยไคร้,Huai Khrai,141,2024-09-14T21:00:00+07:00,0.656,8911.5,0.0,0.0,0.0,0.0
TH570902,ห้วยไคร้,Huai Khrai,142,2024-09-14T22:00:00+07:00,0.629,8911.5,0.0,0.0,0.0,0.0
TH570902,ห้วยไคร้,Huai Khrai,143,2024-09-14T23:00:00+07:00,0.602,8911.5,0.0,0.0,0.0,0.0
TH570902,ห้วยไคร้,Huai Khrai,144,2024-09-15T00:00:00+07:00,0.575,8911.5,0.0,0.0,0.0,0.0
TH570902,ห้วยไคร้,Huai Khrai,145,2024-09-15T01:00:00+07:00,0.548,8911.5,0.0,0.0,0.0,0.0
TH570902,ห้วยไคร้,Huai Khrai,146,2024-09-15T02:00:00+07:00,0.521,8911.5,0.0,0.0,0.0,0.0
TH570902,ห้วยไคร้,Huai Khrai,147,2024-09-15T03:00:00+07:00,0.494,8911.5,0.0,0.0,0.0,0.0
TH570902,ห้วยไคร้,Huai Khrai,148,2024-09-15T04:00:00+07:00,0.467,8911.5,0.0,0.0,0.0,0.0
TH570902,ห้วยไคร้,Huai Khrai,149,2024-09-15T05:00:00+07:00,0.44,8911.5,0.0,0.0,0.0,0.0
TH570902,ห้วยไคร้,Huai Khrai,150,2024-09-15T06:00:00+07:00,0.412,8911.5,0.0,0.0,0.0,0.0
TH570902,ห้วยไคร้,Huai Khrai,151,2024-09-15T07:00:00+07:00,0.385,8911.5,0.0,0.0,0.0,0.0
TH570902,ห้วยไคร้,Huai Khrai,152,2024-09-15T08:00:00+07:00,0.358,8911.5,0.0,0.0,0.0,0.0
TH570902,ห้วยไคร้,Huai Khrai,153,2024-09-15T09:00:00+07:00,0.331,8911.5,0.0,0.0,0.0,0.0
TH570902,ห้วยไคร้,Huai Khrai,154,2024-09-15T10:00:00+07:00,0.304,8911.5,0.0,0.0,0.0,0.0
TH570902,ห้วยไคร้,Huai Khrai,155,2024-09-15T11:00:00+07:00,0.277,8911.5,0.0,0.0,0.0,0.0
TH570902,ห้วยไคร้,Huai Khrai,156,2024-09-15T12:00:00+07:00,0.25,8911.5,0.0,0.0,0.0,0.0
TH570902,ห้วยไคร้,Huai Khrai,157,2024-09-15T13:00:00+07:00,0.243,8911.5,0.0,0.0,0.0,0.0
TH570902,ห้วยไคร้,Huai Khrai,158,2024-09-15T14:00:00+07:00,0.236,8911.5,0.0,0.0,0.0,0.0
TH570902,ห้วยไคร้,Huai Khrai,159,2024-09-15T15:00:00+07:00,0.229,8911.5,0.0,0.0,0.0,0.0
TH570902,ห้วยไคร้,Huai Khrai,160,2024-09-15T16:00:00+07:00,0.222,8911.5,0.0,0.0,0.0,0.0
TH570902,ห้วยไคร้,Huai Khrai,161,2024-09-15T17:00:00+07:00,0.215,8911.5,0.0,0.0,0.0,0.0
TH570902,ห้วยไคร้,Huai Khrai,162,2024-09-15T18:00:00+07:00,0.208,8911.5,0.0,0.0,0.0,0.0
TH570902,ห้วยไคร้,Huai Khrai,163,2024-09-15T19:00:00+07:00,0.2,8911.5,0.0,0.0,0.0,0.0
TH570902,ห้วยไคร้,Huai Khrai,164,2024-09-15T20:00:00+07:00,0.193,8911.5,0.0,0.0,0.0,0.0
TH570902,ห้วยไคร้,Huai Khrai,165,2024-09-15T21:00:00+07:00,0.186,8911.5,0.0,0.0,0.0,0.0
TH570902,ห้วยไคร้,Huai Khrai,166,2024-09-15T22:00:00+07:00,0.179,8911.5,0.0,0.0,0.0,0.0
TH570902,ห้วยไคร้,Huai Khrai,167,2024-09-15T23:00:00+07:00,0.172,8911.5,0.0,0.0,0.0,0.0
TH570902,ห้วยไคร้,Huai Khrai,168,2024-09-16T00:00:00+07:00,0.165,8911.5,0.0,0.0,0.0,0.0
TH570902,ห้วยไคร้,Huai Khrai,169,2024-09-16T01:00:00+07:00,0.158,8911.5,0.0,0.0,0.0,0.0
TH570902,ห้วยไคร้,Huai Khrai,170,2024-09-16T02:00:00+07:00,0.151,8911.5,0.0,0.0,0.0,0.0
TH570902,ห้วยไคร้,Huai Khrai,171,2024-09-16T03:00:00+07:00,0.144,8911.5,0.0,0.0,0.0,0.0
TH570902,ห้วยไคร้,Huai Khrai,172,2024-09-16T04:00:00+07:00,0.137,8911.5,0.0,0.0,0.0,0.0
TH570902,ห้วยไคร้,Huai Khrai,173,2024-09-16T05:00:00+07:00,0.13,8911.5,0.0,0.0,0.0,0.0
TH570902,ห้วยไคร้,Huai Khrai,174,2024-09-16T06:00:00+07:00,0.122,8911.5,0.0,0.0,0.0,0.0
TH570902,ห้วยไคร้,Huai Khrai,175,2024-09-16T07:00:00+07:00,0.115,8911.5,0.0,0.0,0.0,0.0
TH570902,ห้วยไคร้,Huai Khrai,176,2024-09-16T08:00:00+07:00,0.108,8911.5,0.0,0.0,0.0,0.0
TH570902,ห้วยไคร้,Huai Khrai,177,2024-09-16T09:00:00+07:00,0.101,8911.5,0.0,0.0,0.0,0.0
TH570902,ห้วยไคร้,Huai Khrai,178,2024-09-16T10:00:00+07:00,0.094,8911.5,0.0,0.0,0.0,0.0
TH570902,ห้วยไคร้,Huai Khrai,179,2024-09-16T11:00:00+07:00,0.087,8911.5,0.0,0.0,0.0,0.0
TH570902,ห้วยไคร้,Huai Khrai,180,2024-09-16T12:00:00+07:00,0.08,8911.5,0.0,0.0,0.0,0.0
TH570902,ห้วยไคร้,Huai Khrai,181,2024-09-16T13:00:00+07:00,0.078,8911.5,0.0,0.0,0.0,0.0
TH570902,ห้วยไคร้,Huai Khrai,182,2024-09-16T14:00:00+07:00,0.077,8911.5,0.0,0.0,0.0,0.0
TH570902,ห้วยไคร้,Huai Khrai,183,2024-09-16T15:00:00+07:00,0.075,8911.5,0.0,0.0,0.0,0.0
TH570902,ห้วยไคร้,Huai Khrai,184,2024-09-16T16:00:00+07:00,0.073,8911.5,0.0,0.0,0.0,0.0
TH570902,ห้วยไคร้,Huai Khrai,185,2024-09-16T17:00:00+07:00,0.072,8911.5,0.0,0.0,0.0,0.0
TH570902,ห้วยไคร้,Huai Khrai,186,2024-09-16T18:00:00+07:00,0.07,8911.5,0.0,0.0,0.0,0.0
TH570902,ห้วยไคร้,Huai Khrai,187,2024-09-16T19:00:00+07:00,0.068,8911.5,0.0,0.0,0.0,0.0
TH570902,ห้วยไคร้,Huai Khrai,188,2024-09-16T20:00:00+07:00,0.067,8911.5,0.0,0.0,0.0,0.0
TH570902,ห้วยไคร้,Huai Khrai,189,2024-09-16T21:00:00+07:00,0.065,8911.5,0.0,0.0,0.0,0.0
TH570902,ห้วยไคร้,Huai Khrai,190,2024-09-16T22:00:00+07:00,0.063,8911.5,0.0,0.0,0.0,0.0
TH570902,ห้วยไคร้,Huai Khrai,191,2024-09-16T23:00:00+07:00,0.062,8911.5,0.0,0.0,0.0,0.0
TH570902,ห้วยไคร้,Huai Khrai,192,2024-09-17T00:00:00+07:00,0.06,8911.5,0.0,0.0,0.0,0.0
TH570902,ห้วยไคร้,Huai Khrai,193,2024-09-17T01:00:00+07:00,0.058,8911.5,0.0,0.0,0.0,0.0
TH570902,ห้วยไคร้,Huai Khrai,194,2024-09-17T02:00:00+07:00,0.057,8911.5,0.0,0.0,0.0,0.0
TH570902,ห้วยไคร้,Huai Khrai,195,2024-09-17T03:00:00+07:00,0.055,8911.5,0.0,0.0,0.0,0.0
TH570902,ห้วยไคร้,Huai Khrai,196,2024-09-17T04:00:00+07:00,0.053,8911.5,0.0,0.0,0.0,0.0
TH570902,ห้วยไคร้,Huai Khrai,197,2024-09-17T05:00:00+07:00,0.052,8911.5,0.0,0.0,0.0,0.0
TH570902,ห้วยไคร้,Huai Khrai,198,2024-09-17T06:00:00+07:00,0.05,8911.5,0.0,0.0,0.0,0.0
TH570902,ห้วยไคร้,Huai Khrai,199,2024-09-17T07:00:00+07:00,0.048,8911.5,0.0,0.0,0.0,0.0
TH570902,ห้วยไคร้,Huai Khrai,200,2024-09-17T08:00:00+07:00,0.047,8911.5,0.0,0.0,0.0,0.0
TH570902,ห้วยไคร้,Huai Khrai,201,2024-09-17T09:00:00+07:00,0.045,8911.5,0.0,0.0,0.0,0.0
TH570902,ห้วยไคร้,Huai Khrai,202,2024-09-17T10:00:00+07:00,0.043,8911.5,0.0,0.0,0.0,0.0
TH570902,ห้วยไคร้,Huai Khrai,203,2024-09-17T11:00:00+07:00,0.042,8911.5,0.0,0.0,0.0,0.0
TH570902,ห้วยไคร้,Huai Khrai,204,2024-09-17T12:00:00+07:00,0.04,8911.5,0.0,0.0,0.0,0.0
TH570902,ห้วยไคร้,Huai Khrai,205,2024-09-17T13:00:00+07:00,0.039,8911.5,0.0,0.0,0.0,0.0
TH570902,ห้วยไคร้,Huai Khrai,206,2024-09-17T14:00:00+07:00,0.038,8911.5,0.0,0.0,0.0,0.0
TH570902,ห้วยไคร้,Huai Khrai,207,2024-09-17T15:00:00+07:00,0.037,8911.5,0.0,0.0,0.0,0.0
TH570902,ห้วยไคร้,Huai Khrai,208,2024-09-17T16:00:00+07:00,0.037,8911.5,0.0,0.0,0.0,0.0
TH570902,ห้วยไคร้,Huai Khrai,209,2024-09-17T17:00:00+07:00,0.036,8911.5,0.0,0.0,0.0,0.0
TH570902,ห้วยไคร้,Huai Khrai,210,2024-09-17T18:00:00+07:00,0.035,8911.5,0.0,0.0,0.0,0.0
TH570902,ห้วยไคร้,Huai Khrai,211,2024-09-17T19:00:00+07:00,0.034,8911.5,0.0,0.0,0.0,0.0
TH570902,ห้วยไคร้,Huai Khrai,212,2024-09-17T20:00:00+07:00,0.033,8911.5,0.0,0.0,0.0,0.0
TH570902,ห้วยไคร้,Huai Khrai,213,2024-09-17T21:00:00+07:00,0.033,8911.5,0.0,0.0,0.0,0.0
TH570902,ห้วยไคร้,Huai Khrai,214,2024-09-17T22:00:00+07:00,0.032,8911.5,0.0,0.0,0.0,0.0
TH570902,ห้วยไคร้,Huai Khrai,215,2024-09-17T23:00:00+07:00,0.031,8911.5,0.0,0.0,0.0,0.0
TH570902,ห้วยไคร้,Huai Khrai,216,2024-09-18T00:00:00+07:00,0.03,8911.5,0.0,0.0,0.0,0.0
TH570902,ห้วยไคร้,Huai Khrai,217,2024-09-18T01:00:00+07:00,0.029,8911.5,0.0,0.0,0.0,0.0
TH570902,ห้วยไคร้,Huai Khrai,218,2024-09-18T02:00:00+07:00,0.028,8911.5,0.0,0.0,0.0,0.0
TH570902,ห้วยไคร้,Huai Khrai,219,2024-09-18T03:00:00+07:00,0.028,8911.5,0.0,0.0,0.0,0.0
TH570902,ห้วยไคร้,Huai Khrai,220,2024-09-18T04:00:00+07:00,0.027,8911.5,0.0,0.0,0.0,0.0
TH570902,ห้วยไคร้,Huai Khrai,221,2024-09-18T05:00:00+07:00,0.026,8911.5,0.0,0.0,0.0,0.0
TH570902,ห้วยไคร้,Huai Khrai,222,2024-09-18T06:00:00+07:00,0.025,8911.5,0.0,0.0,0.0,0.0
TH570902,ห้วยไคร้,Huai Khrai,223,2024-09-18T07:00:00+07:00,0.024,8911.5,0.0,0.0,0.0,0.0
TH570902,ห้วยไคร้,Huai Khrai,224,2024-09-18T08:00:00+07:00,0.023,8911.5,0.0,0.0,0.0,0.0
TH570902,ห้วยไคร้,Huai Khrai,225,2024-09-18T09:00:00+07:00,0.022,8911.5,0.0,0.0,0.0,0.0
TH570902,ห้วยไคร้,Huai Khrai,226,2024-09-18T10:00:00+07:00,0.022,8911.5,0.0,0.0,0.0,0.0
TH570902,ห้วยไคร้,Huai Khrai,227,2024-09-18T11:00:00+07:00,0.021,8911.5,0.0,0.0,0.0,0.0
TH570902,ห้วยไคร้,Huai Khrai,228,2024-09-18T12:00:00+07:00,0.02,8911.5,0.0,0.0,0.0,0.0
TH570902,ห้วยไคร้,Huai Khrai,229,2024-09-18T13:00:00+07:00,0.019,8911.5,0.0,0.0,0.0,0.0
TH570902,ห้วยไคร้,Huai Khrai,230,2024-09-18T14:00:00+07:00,0.018,8911.5,0.0,0.0,0.0,0.0
TH570902,ห้วยไคร้,Huai Khrai,231,2024-09-18T15:00:00+07:00,0.018,8911.5,0.0,0.0,0.0,0.0
TH570902,ห้วยไคร้,Huai Khrai,232,2024-09-18T16:00:00+07:00,0.017,8911.5,0.0,0.0,0.0,0.0
TH570902,ห้วยไคร้,Huai Khrai,233,2024-09-18T17:00:00+07:00,0.016,8911.5,0.0,0.0,0.0,0.0
TH570902,ห้วยไคร้,Huai Khrai,234,2024-09-18T18:00:00+07:00,0.015,8911.5,0.0,0.0,0.0,0.0
TH570902,ห้วยไคร้,Huai Khrai,235,2024-09-18T19:00:00+07:00,0.014,8911.5,0.0,0.0,0.0,0.0
TH570902,ห้วยไคร้,Huai Khrai,236,2024-09-18T20:00:00+07:00,0.013,8911.5,0.0,0.0,0.0,0.0
TH570902,ห้วยไคร้,Huai Khrai,237,2024-09-18T21:00:00+07:00,0.013,8911.5,0.0,0.0,0.0,0.0
TH570902,ห้วยไคร้,Huai Khrai,238,2024-09-18T22:00:00+07:00,0.012,8911.5,0.0,0.0,0.0,0.0
TH570902,ห้วยไคร้,Huai Khrai,239,2024-09-18T23:00:00+07:00,0.011,8911.5,0.0,0.0,0.0,0.0
TH570902,ห้วยไคร้,Huai Khrai,240,2024-09-19T00:00:00+07:00,0.01,8911.5,0.0,0.0,0.0,0.0
TH570902,ห้วยไคร้,Huai Khrai,241,2024-09-19T01:00:00+07:00,0.009,8911.5,0.0,0.0,0.0,0.0
TH570902,ห้วยไคร้,Huai Khrai,242,2024-09-19T02:00:00+07:00,0.008,8911.5,0.0,0.0,0.0,0.0
TH570902,ห้วยไคร้,Huai Khrai,243,2024-09-19T03:00:00+07:00,0.007,8911.5,0.0,0.0,0.0,0.0
TH570902,ห้วยไคร้,Huai Khrai,244,2024-09-19T04:00:00+07:00,0.007,8911.5,0.0,0.0,0.0,0.0
TH570902,ห้วยไคร้,Huai Khrai,245,2024-09-19T05:00:00+07:00,0.006,8911.5,0.0,0.0,0.0,0.0
TH570902,ห้วยไคร้,Huai Khrai,246,2024-09-19T06:00:00+07:00,0.005,8911.5,0.0,0.0,0.0,0.0
TH570902,ห้วยไคร้,Huai Khrai,247,2024-09-19T07:00:00+07:00,0.004,8911.5,0.0,0.0,0.0,0.0
TH570902,ห้วยไคร้,Huai Khrai,248,2024-09-19T08:00:00+07:00,0.003,8911.5,0.0,0.0,0.0,0.0
TH570902,ห้วยไคร้,Huai Khrai,249,2024-09-19T09:00:00+07:00,0.002,8911.5,0.0,0.0,0.0,0.0
TH570902,ห้วยไคร้,Huai Khrai,250,2024-09-19T10:00:00+07:00,0.002,8911.5,0.0,0.0,0.0,0.0
TH570902,ห้วยไคร้,Huai Khrai,251,2024-09-19T11:00:00+07:00,0.001,8911.5,0.0,0.0,0.0,0.0
TH570902,ห้วยไคร้,Huai Khrai,252,2024-09-19T12:00:00+07:00,0.0,8911.5,0.0,0.0,0.0,0.0
TH570902,ห้วยไคร้,Huai Khrai,253,2024-09-19T13:00:00+07:00,0.0,8911.5,0.0,0.0,0.0,0.0
TH570902,ห้วยไคร้,Huai Khrai,254,2024-09-19T14:00:00+07:00,0.0,8911.5,0.0,0.0,0.0,0.0
TH570902,ห้วยไคร้,Huai Khrai,255,2024-09-19T15:00:00+07:00,0.0,8911.5,0.0,0.0,0.0,0.0
TH570902,ห้วยไคร้,Huai Khrai,256,2024-09-19T16:00:00+07:00,0.0,8911.5,0.0,0.0,0.0,0.0
TH570902,ห้วยไคร้,Huai Khrai,257,2024-09-19T17:00:00+07:00,0.0,8911.5,0.0,0.0,0.0,0.0
TH570902,ห้วยไคร้,Huai Khrai,258,2024-09-19T18:00:00+07:00,0.0,8911.5,0.0,0.0,0.0,0.0
TH570902,ห้วยไคร้,Huai Khrai,259,2024-09-19T19:00:00+07:00,0.0,8911.5,0.0,0.0,0.0,0.0
TH570902,ห้วยไคร้,Huai Khrai,260,2024-09-19T20:00:00+07:00,0.0,8911.5,0.0,0.0,0.0,0.0
TH570902,ห้วยไคร้,Huai Khrai,261,2024-09-19T21:00:00+07:00,0.0,8911.5,0.0,0.0,0.0,0.0
TH570902,ห้วยไคร้,Huai Khrai,262,2024-09-19T22:00:00+07:00,0.0,8911.5,0.0,0.0,0.0,0.0
TH570902,ห้วยไคร้,Huai Khrai,263,2024-09-19T23:00:00+07:00,0.0,8911.5,0.0,0.0,0.0,0.0
TH570903,เกาะช้าง,Ko Chang,0,2024-09-09T00:00:00+07:00,0.0,6708.4,2853.7,0.0,0.0,0.0
TH570903,เกาะช้าง,Ko Chang,1,2024-09-09T01:00:00+07:00,0.0,6708.4,2853.7,0.0,0.0,0.0
TH570903,เกาะช้าง,Ko Chang,2,2024-09-09T02:00:00+07:00,0.0,6708.4,2853.7,0.0,0.0,0.0
TH570903,เกาะช้าง,Ko Chang,3,2024-09-09T03:00:00+07:00,0.0,6708.4,2853.7,0.0,0.0,0.0
TH570903,เกาะช้าง,Ko Chang,4,2024-09-09T04:00:00+07:00,0.0,6708.4,2853.7,0.0,0.0,0.0
TH570903,เกาะช้าง,Ko Chang,5,2024-09-09T05:00:00+07:00,0.0,6708.4,2853.7,0.0,0.0,0.0
TH570903,เกาะช้าง,Ko Chang,6,2024-09-09T06:00:00+07:00,0.0,6708.4,2853.7,0.0,0.0,0.0
TH570903,เกาะช้าง,Ko Chang,7,2024-09-09T07:00:00+07:00,0.0,6708.4,2853.7,0.0,0.0,0.0
TH570903,เกาะช้าง,Ko Chang,8,2024-09-09T08:00:00+07:00,0.0,6708.4,2853.7,0.0,0.0,0.0
TH570903,เกาะช้าง,Ko Chang,9,2024-09-09T09:00:00+07:00,0.0,6708.4,2853.7,0.0,0.0,0.0
TH570903,เกาะช้าง,Ko Chang,10,2024-09-09T10:00:00+07:00,0.0,6708.4,2853.7,0.0,0.0,0.0
TH570903,เกาะช้าง,Ko Chang,11,2024-09-09T11:00:00+07:00,0.0,6708.4,2853.7,0.0,0.0,0.0
TH570903,เกาะช้าง,Ko Chang,12,2024-09-09T12:00:00+07:00,0.0,6708.4,2853.7,0.0,0.0,0.0
TH570903,เกาะช้าง,Ko Chang,13,2024-09-09T13:00:00+07:00,0.0,6708.4,2853.7,0.0,0.0,0.0
TH570903,เกาะช้าง,Ko Chang,14,2024-09-09T14:00:00+07:00,0.0,6708.4,2853.7,0.0,0.0,0.0
TH570903,เกาะช้าง,Ko Chang,15,2024-09-09T15:00:00+07:00,0.0,6708.4,2853.7,0.0,0.0,0.0
TH570903,เกาะช้าง,Ko Chang,16,2024-09-09T16:00:00+07:00,0.0,6708.4,2853.7,0.0,0.0,0.0
TH570903,เกาะช้าง,Ko Chang,17,2024-09-09T17:00:00+07:00,0.0,6708.4,2853.7,0.0,0.0,0.0
TH570903,เกาะช้าง,Ko Chang,18,2024-09-09T18:00:00+07:00,0.0,6708.4,2853.7,0.0,0.0,0.0
TH570903,เกาะช้าง,Ko Chang,19,2024-09-09T19:00:00+07:00,0.0,6708.4,2853.7,0.0,0.0,0.0
TH570903,เกาะช้าง,Ko Chang,20,2024-09-09T20:00:00+07:00,0.0,6708.4,2853.7,0.0,0.0,0.0
TH570903,เกาะช้าง,Ko Chang,21,2024-09-09T21:00:00+07:00,0.0,6708.4,2853.7,0.0,0.0,0.0
TH570903,เกาะช้าง,Ko Chang,22,2024-09-09T22:00:00+07:00,0.0,6708.4,2853.7,0.0,0.0,0.0
TH570903,เกาะช้าง,Ko Chang,23,2024-09-09T23:00:00+07:00,0.0,6708.4,2853.7,0.0,0.0,0.0
TH570903,เกาะช้าง,Ko Chang,24,2024-09-10T00:00:00+07:00,0.0,6708.4,2853.7,0.0,0.0,0.0
TH570903,เกาะช้าง,Ko Chang,25,2024-09-10T01:00:00+07:00,0.008,6708.4,2853.7,0.0,0.0,0.0
TH570903,เกาะช้าง,Ko Chang,26,2024-09-10T02:00:00+07:00,0.017,6708.4,2853.7,0.0,0.0,0.0
TH570903,เกาะช้าง,Ko Chang,27,2024-09-10T03:00:00+07:00,0.025,6708.4,2853.7,0.0,0.0,0.0
TH570903,เกาะช้าง,Ko Chang,28,2024-09-10T04:00:00+07:00,0.033,6708.4,2853.7,0.0,0.0,0.0
TH570903,เกาะช้าง,Ko Chang,29,2024-09-10T05:00:00+07:00,0.042,6708.4,2853.7,0.0,0.0,0.0
TH570903,เกาะช้าง,Ko Chang,30,2024-09-10T06:00:00+07:00,0.05,6708.4,2853.7,0.0,0.0,0.0
TH570903,เกาะช้าง,Ko Chang,31,2024-09-10T07:00:00+07:00,0.058,6708.4,2853.7,0.0,0.0,0.0
TH570903,เกาะช้าง,Ko Chang,32,2024-09-10T08:00:00+07:00,0.067,6708.4,2853.7,0.0,0.0,0.0
TH570903,เกาะช้าง,Ko Chang,33,2024-09-10T09:00:00+07:00,0.075,6708.4,2853.7,0.0,0.0,0.0
TH570903,เกาะช้าง,Ko Chang,34,2024-09-10T10:00:00+07:00,0.083,6708.4,2853.7,0.0,0.0,0.0
TH570903,เกาะช้าง,Ko Chang,35,2024-09-10T11:00:00+07:00,0.092,6708.4,2853.7,0.0,0.0,0.0
TH570903,เกาะช้าง,Ko Chang,36,2024-09-10T12:00:00+07:00,0.1,6708.4,2853.7,0.0,0.0,0.0
TH570903,เกาะช้าง,Ko Chang,37,2024-09-10T13:00:00+07:00,0.1,6708.4,2853.7,0.0,0.0,0.0
TH570903,เกาะช้าง,Ko Chang,38,2024-09-10T14:00:00+07:00,0.1,6708.4,2853.7,0.0,0.0,0.0
TH570903,เกาะช้าง,Ko Chang,39,2024-09-10T15:00:00+07:00,0.1,6708.4,2853.7,0.0,0.0,0.0
TH570903,เกาะช้าง,Ko Chang,40,2024-09-10T16:00:00+07:00,0.1,6708.4,2853.7,0.0,0.0,0.0
TH570903,เกาะช้าง,Ko Chang,41,2024-09-10T17:00:00+07:00,0.1,6708.4,2853.7,0.0,0.0,0.0
TH570903,เกาะช้าง,Ko Chang,42,2024-09-10T18:00:00+07:00,0.1,6708.4,2853.7,0.0,0.0,0.0
TH570903,เกาะช้าง,Ko Chang,43,2024-09-10T19:00:00+07:00,0.332,6708.4,2853.7,0.0,0.0,0.0
TH570903,เกาะช้าง,Ko Chang,44,2024-09-10T20:00:00+07:00,0.642,6708.4,2853.7,161.3,0.0,0.0
TH570903,เกาะช้าง,Ko Chang,45,2024-09-10T21:00:00+07:00,0.952,6708.4,2853.7,299.4,0.0,0.0
TH570903,เกาะช้าง,Ko Chang,46,2024-09-10T22:00:00+07:00,1.261,6708.4,2853.7,306.5,0.0,0.0
TH570903,เกาะช้าง,Ko Chang,47,2024-09-10T23:00:00+07:00,1.571,6708.4,2853.7,401.6,0.0,0.0
TH570903,เกาะช้าง,Ko Chang,48,2024-09-11T00:00:00+07:00,1.881,6708.4,2853.7,401.6,0.0,0.0
TH570903,เกาะช้าง,Ko Chang,49,2024-09-11T01:00:00+07:00,2.19,6708.4,2853.7,403.4,0.0,0.0
TH570903,เกาะช้าง,Ko Chang,50,2024-09-11T02:00:00+07:00,2.5,6708.4,2853.7,417.3,0.0,0.0
TH570903,เกาะช้าง,Ko Chang,51,2024-09-11T03:00:00+07:00,2.57,6708.4,2853.7,417.3,0.0,0.0
TH570903,เกาะช้าง,Ko Chang,52,2024-09-11T04:00:00+07:00,2.64,6708.4,2853.7,417.3,0.0,0.0
TH570903,เกาะช้าง,Ko Chang,53,2024-09-11T05:00:00+07:00,2.71,6708.4,2853.7,425.8,0.0,0.0
TH570903,เกาะช้าง,Ko Chang,54,2024-09-11T06:00:00+07:00,2.78,6708.4,2853.7,443.2,0.0,0.0
TH570903,เกาะช้าง,Ko Chang,55,2024-09-11T07:00:00+07:00,2.85,6708.4,2853.7,443.2,0.0,0.0
TH570903,เกาะช้าง,Ko Chang,56,2024-09-11T08:00:00+07:00,2.92,6708.4,2853.7,443.2,0.0,0.0
TH570903,เกาะช้าง,Ko Chang,57,2024-09-11T09:00:00+07:00,2.99,6708.4,2853.7,443.2,0.0,0.0
TH570903,เกาะช้าง,Ko Chang,58,2024-09-11T10:00:00+07:00,3.06,6708.4,2853.7,445.3,0.0,0.0
TH570903,เกาะช้าง,Ko Chang,59,2024-09-11T11:00:00+07:00,3.13,6708.4,2853.7,446.0,0.0,0.0
TH570903,เกาะช้าง,Ko Chang,60,2024-09-11T12:00:00+07:00,3.2,6708.4,2853.7,454.6,0.0,0.0
TH570903,เกาะช้าง,Ko Chang,61,2024-09-11T13:00:00+07:00,3.212,6708.4,2853.7,454.6,0.0,0.0
TH570903,เกาะช้าง,Ko Chang,62,2024-09-11T14:00:00+07:00,3.225,6708.4,2853.7,454.6,0.0,0.0
TH570903,เกาะช้าง,Ko Chang,63,2024-09-11T15:00:00+07:00,3.238,6708.4,2853.7,454.6,0.0,0.0
TH570903,เกาะช้าง,Ko Chang,64,2024-09-11T16:00:00+07:00,3.25,6708.4,2853.7,454.6,0.0,0.0
TH570903,เกาะช้าง,Ko Chang,65,2024-09-11T17:00:00+07:00,3.263,6708.4,2853.7,454.6,0.0,0.0
TH570903,เกาะช้าง,Ko Chang,66,2024-09-11T18:00:00+07:00,3.275,6708.4,2853.7,454.6,0.0,0.0
TH570903,เกาะช้าง,Ko Chang,67,2024-09-11T19:00:00+07:00,3.288,6708.4,2853.7,454.6,0.0,0.0
TH570903,เกาะช้าง,Ko Chang,68,2024-09-11T20:00:00+07:00,3.3,6708.4,2853.7,454.6,0.0,0.0
TH570903,เกาะช้าง,Ko Chang,69,2024-09-11T21:00:00+07:00,3.312,6708.4,2853.7,454.6,0.0,0.0
TH570903,เกาะช้าง,Ko Chang,70,2024-09-11T22:00:00+07:00,3.325,6708.4,2853.7,454.6,0.0,0.0
TH570903,เกาะช้าง,Ko Chang,71,2024-09-11T23:00:00+07:00,3.338,6708.4,2853.7,454.6,0.0,0.0
TH570903,เกาะช้าง,Ko Chang,72,2024-09-12T00:00:00+07:00,3.35,6708.4,2853.7,454.6,0.0,0.0
TH570903,เกาะช้าง,Ko Chang,73,2024-09-12T01:00:00+07:00,3.362,6708.4,2853.7,454.6,0.0,0.0
TH570903,เกาะช้าง,Ko Chang,74,2024-09-12T02:00:00+07:00,3.375,6708.4,2853.7,454.6,0.0,0.0
TH570903,เกาะช้าง,Ko Chang,75,2024-09-12T03:00:00+07:00,3.388,6708.4,2853.7,454.6,0.0,0.0
TH570903,เกาะช้าง,Ko Chang,76,2024-09-12T04:00:00+07:00,3.4,6708.4,2853.7,454.6,0.0,0.0
TH570903,เกาะช้าง,Ko Chang,77,2024-09-12T05:00:00+07:00,3.413,6708.4,2853.7,454.6,0.0,0.0
TH570903,เกาะช้าง,Ko Chang,78,2024-09-12T06:00:00+07:00,3.425,6708.4,2853.7,454.6,0.0,0.0
TH570903,เกาะช้าง,Ko Chang,79,2024-09-12T07:00:00+07:00,3.438,6708.4,2853.7,454.6,0.0,0.0
TH570903,เกาะช้าง,Ko Chang,80,2024-09-12T08:00:00+07:00,3.45,6708.4,2853.7,457.8,0.0,0.0
TH570903,เกาะช้าง,Ko Chang,81,2024-09-12T09:00:00+07:00,3.462,6708.4,2853.7,457.8,0.0,0.0
TH570903,เกาะช้าง,Ko Chang,82,2024-09-12T10:00:00+07:00,3.475,6708.4,2853.7,457.8,0.0,0.0
TH570903,เกาะช้าง,Ko Chang,83,2024-09-12T11:00:00+07:00,3.487,6708.4,2853.7,457.8,0.0,0.0
TH570903,เกาะช้าง,Ko Chang,84,2024-09-12T12:00:00+07:00,3.5,6708.4,2853.7,457.8,0.0,0.0
TH570903,เกาะช้าง,Ko Chang,85,2024-09-12T13:00:00+07:00,3.429,6708.4,2853.7,454.6,0.0,0.0
TH570903,เกาะช้าง,Ko Chang,86,2024-09-12T14:00:00+07:00,3.358,6708.4,2853.7,454.6,0.0,0.0
TH570903,เกาะช้าง,Ko Chang,87,2024-09-12T15:00:00+07:00,3.288,6708.4,2853.7,454.6,0.0,0.0
TH570903,เกาะช้าง,Ko Chang,88,2024-09-12T16:00:00+07:00,3.217,6708.4,2853.7,454.6,0.0,0.0
TH570903,เกาะช้าง,Ko Chang,89,2024-09-12T17:00:00+07:00,3.146,6708.4,2853.7,446.0,0.0,0.0
TH570903,เกาะช้าง,Ko Chang,90,2024-09-12T18:00:00+07:00,3.075,6708.4,2853.7,445.3,0.0,0.0
TH570903,เกาะช้าง,Ko Chang,91,2024-09-12T19:00:00+07:00,3.004,6708.4,2853.7,445.3,0.0,0.0
TH570903,เกาะช้าง,Ko Chang,92,2024-09-12T20:00:00+07:00,2.933,6708.4,2853.7,443.2,0.0,0.0
TH570903,เกาะช้าง,Ko Chang,93,2024-09-12T21:00:00+07:00,2.862,6708.4,2853.7,443.2,0.0,0.0
TH570903,เกาะช้าง,Ko Chang,94,2024-09-12T22:00:00+07:00,2.792,6708.4,2853.7,443.2,0.0,0.0
TH570903,เกาะช้าง,Ko Chang,95,2024-09-12T23:00:00+07:00,2.721,6708.4,2853.7,425.8,0.0,0.0
TH570903,เกาะช้าง,Ko Chang,96,2024-09-13T00:00:00+07:00,2.65,6708.4,2853.7,425.8,0.0,0.0
TH570903,เกาะช้าง,Ko Chang,97,2024-09-13T01:00:00+07:00,2.579,6708.4,2853.7,417.3,0.0,0.0
TH570903,เกาะช้าง,Ko Chang,98,2024-09-13T02:00:00+07:00,2.508,6708.4,2853.7,417.3,0.0,0.0
TH570903,เกาะช้าง,Ko Chang,99,2024-09-13T03:00:00+07:00,2.438,6708.4,2853.7,417.3,0.0,0.0
TH570903,เกาะช้าง,Ko Chang,100,2024-09-13T04:00:00+07:00,2.367,6708.4,2853.7,409.6,0.0,0.0
TH570903,เกาะช้าง,Ko Chang,101,2024-09-13T05:00:00+07:00,2.296,6708.4,2853.7,404.6,0.0,0.0
TH570903,เกาะช้าง,Ko Chang,102,2024-09-13T06:00:00+07:00,2.225,6708.4,2853.7,403.4,0.0,0.0
TH570903,เกาะช้าง,Ko Chang,103,2024-09-13T07:00:00+07:00,2.154,6708.4,2853.7,403.4,0.0,0.0
TH570903,เกาะช้าง,Ko Chang,104,2024-09-13T08:00:00+07:00,2.083,6708.4,2853.7,403.4,0.0,0.0
TH570903,เกาะช้าง,Ko Chang,105,2024-09-13T09:00:00+07:00,2.013,6708.4,2853.7,403.4,0.0,0.0
TH570903,เกาะช้าง,Ko Chang,106,2024-09-13T10:00:00+07:00,1.942,6708.4,2853.7,401.6,0.0,0.0
TH570903,เกาะช้าง,Ko Chang,107,2024-09-13T11:00:00+07:00,1.871,6708.4,2853.7,401.6,0.0,0.0
TH570903,เกาะช้าง,Ko Chang,108,2024-09-13T12:00:00+07:00,1.8,6708.4,2853.7,401.6,0.0,0.0
TH570903,เกาะช้าง,Ko Chang,109,2024-09-13T13:00:00+07:00,1.762,6708.4,2853.7,401.6,0.0,0.0
TH570903,เกาะช้าง,Ko Chang,110,2024-09-13T14:00:00+07:00,1.725,6708.4,2853.7,401.6,0.0,0.0
TH570903,เกาะช้าง,Ko Chang,111,2024-09-13T15:00:00+07:00,1.688,6708.4,2853.7,401.6,0.0,0.0
TH570903,เกาะช้าง,Ko Chang,112,2024-09-13T16:00:00+07:00,1.65,6708.4,2853.7,401.6,0.0,0.0
TH570903,เกาะช้าง,Ko Chang,113,2024-09-13T17:00:00+07:00,1.613,6708.4,2853.7,401.6,0.0,0.0
TH570903,เกาะช้าง,Ko Chang,114,2024-09-13T18:00:00+07:00,1.575,6708.4,2853.7,401.6,0.0,0.0
TH570903,เกาะช้าง,Ko Chang,115,2024-09-13T19:00:00+07:00,1.537,6708.4,2853.7,401.6,0.0,0.0
TH570903,เกาะช้าง,Ko Chang,116,2024-09-13T20:00:00+07:00,1.5,6708.4,2853.7,401.6,0.0,0.0
TH570903,เกาะช้าง,Ko Chang,117,2024-09-13T21:00:00+07:00,1.462,6708.4,2853.7,308.1,0.0,0.0
TH570903,เกาะช้าง,Ko Chang,118,2024-09-13T22:00:00+07:00,1.425,6708.4,2853.7,308.1,0.0,0.0
TH570903,เกาะช้าง,Ko Chang,119,2024-09-13T23:00:00+07:00,1.388,6708.4,2853.7,308.1,0.0,0.0
TH570903,เกาะช้าง,Ko Chang,120,2024-09-14T00:00:00+07:00,1.35,6708.4,2853.7,308.1,0.0,0.0
TH570903,เกาะช้าง,Ko Chang,121,2024-09-14T01:00:00+07:00,1.312,6708.4,2853.7,308.1,0.0,0.0
TH570903,เกาะช้าง,Ko Chang,122,2024-09-14T02:00:00+07:00,1.275,6708.4,2853.7,306.5,0.0,0.0
TH570903,เกาะช้าง,Ko Chang,123,2024-09-14T03:00:00+07:00,1.238,6708.4,2853.7,306.5,0.0,0.0
TH570903,เกาะช้าง,Ko Chang,124,2024-09-14T04:00:00+07:00,1.2,6708.4,2853.7,306.5,0.0,0.0
TH570903,เกาะช้าง,Ko Chang,125,2024-09-14T05:00:00+07:00,1.163,6708.4,2853.7,304.9,0.0,0.0
TH570903,เกาะช้าง,Ko Chang,126,2024-09-14T06:00:00+07:00,1.125,6708.4,2853.7,304.9,0.0,0.0
TH570903,เกาะช้าง,Ko Chang,127,2024-09-14T07:00:00+07:00,1.087,6708.4,2853.7,302.2,0.0,0.0
TH570903,เกาะช้าง,Ko Chang,128,2024-09-14T08:00:00+07:00,1.05,6708.4,2853.7,302.2,0.0,0.0
TH570903,เกาะช้าง,Ko Chang,129,2024-09-14T09:00:00+07:00,1.013,6708.4,2853.7,302.2,0.0,0.0
TH570903,เกาะช้าง,Ko Chang,130,2024-09-14T10:00:00+07:00,0.975,6708.4,2853.7,299.4,0.0,0.0
TH570903,เกาะช้าง,Ko Chang,131,2024-09-14T11:00:00+07:00,0.938,6708.4,2853.7,299.4,0.0,0.0
TH570903,เกาะช้าง,Ko Chang,132,2024-09-14T12:00:00+07:00,0.9,6708.4,2853.7,299.4,0.0,0.0
TH570903,เกาะช้าง,Ko Chang,133,2024-09-14T13:00:00+07:00,0.873,6708.4,2853.7,297.0,0.0,0.0
TH570903,เกาะช้าง,Ko Chang,134,2024-09-14T14:00:00+07:00,0.846,6708.4,2853.7,287.9,0.0,0.0
TH570903,เกาะช้าง,Ko Chang,135,2024-09-14T15:00:00+07:00,0.819,6708.4,2853.7,287.9,0.0,0.0
TH570903,เกาะช้าง,Ko Chang,136,2024-09-14T16:00:00+07:00,0.792,6708.4,2853.7,285.0,0.0,0.0
TH570903,เกาะช้าง,Ko Chang,137,2024-09-14T17:00:00+07:00,0.765,6708.4,2853.7,285.0,0.0,0.0
TH570903,เกาะช้าง,Ko Chang,138,2024-09-14T18:00:00+07:00,0.738,6708.4,2853.7,280.7,0.0,0.0
TH570903,เกาะช้าง,Ko Chang,139,2024-09-14T19:00:00+07:00,0.71,6708.4,2853.7,280.7,0.0,0.0
TH570903,เกาะช้าง,Ko Chang,140,2024-09-14T20:00:00+07:00,0.683,6708.4,2853.7,280.7,0.0,0.0
TH570903,เกาะช้าง,Ko Chang,141,2024-09-14T21:00:00+07:00,0.656,6708.4,2853.7,280.7,0.0,0.0
TH570903,เกาะช้าง,Ko Chang,142,2024-09-14T22:00:00+07:00,0.629,6708.4,2853.7,161.3,0.0,0.0
TH570903,เกาะช้าง,Ko Chang,143,2024-09-14T23:00:00+07:00,0.602,6708.4,2853.7,161.3,0.0,0.0
TH570903,เกาะช้าง,Ko Chang,144,2024-09-15T00:00:00+07:00,0.575,6708.4,2853.7,155.5,0.0,0.0
TH570903,เกาะช้าง,Ko Chang,145,2024-09-15T01:00:00+07:00,0.548,6708.4,2853.7,151.6,0.0,0.0
TH570903,เกาะช้าง,Ko Chang,146,2024-09-15T02:00:00+07:00,0.521,6708.4,2853.7,151.6,0.0,0.0
TH570903,เกาะช้าง,Ko Chang,147,2024-09-15T03:00:00+07:00,0.494,6708.4,2853.7,139.8,0.0,0.0
TH570903,เกาะช้าง,Ko Chang,148,2024-09-15T04:00:00+07:00,0.467,6708.4,2853.7,139.8,0.0,0.0
TH570903,เกาะช้าง,Ko Chang,149,2024-09-15T05:00:00+07:00,0.44,6708.4,2853.7,135.7,0.0,0.0
TH570903,เกาะช้าง,Ko Chang,150,2024-09-15T06:00:00+07:00,0.412,6708.4,2853.7,135.7,0.0,0.0
TH570903,เกาะช้าง,Ko Chang,151,2024-09-15T07:00:00+07:00,0.385,6708.4,2853.7,128.6,0.0,0.0
TH570903,เกาะช้าง,Ko Chang,152,2024-09-15T08:00:00+07:00,0.358,6708.4,2853.7,128.6,0.0,0.0
TH570903,เกาะช้าง,Ko Chang,153,2024-09-15T09:00:00+07:00,0.331,6708.4,2853.7,0.0,0.0,0.0
TH570903,เกาะช้าง,Ko Chang,154,2024-09-15T10:00:00+07:00,0.304,6708.4,2853.7,0.0,0.0,0.0
TH570903,เกาะช้าง,Ko Chang,155,2024-09-15T11:00:00+07:00,0.277,6708.4,2853.7,0.0,0.0,0.0
TH570903,เกาะช้าง,Ko Chang,156,2024-09-15T12:00:00+07:00,0.25,6708.4,2853.7,0.0,0.0,0.0
TH570903,เกาะช้าง,Ko Chang,157,2024-09-15T13:00:00+07:00,0.243,6708.4,2853.7,0.0,0.0,0.0
TH570903,เกาะช้าง,Ko Chang,158,2024-09-15T14:00:00+07:00,0.236,6708.4,2853.7,0.0,0.0,0.0
TH570903,เกาะช้าง,Ko Chang,159,2024-09-15T15:00:00+07:00,0.229,6708.4,2853.7,0.0,0.0,0.0
TH570903,เกาะช้าง,Ko Chang,160,2024-09-15T16:00:00+07:00,0.222,6708.4,2853.7,0.0,0.0,0.0
TH570903,เกาะช้าง,Ko Chang,161,2024-09-15T17:00:00+07:00,0.215,6708.4,2853.7,0.0,0.0,0.0
TH570903,เกาะช้าง,Ko Chang,162,2024-09-15T18:00:00+07:00,0.208,6708.4,2853.7,0.0,0.0,0.0
TH570903,เกาะช้าง,Ko Chang,163,2024-09-15T19:00:00+07:00,0.2,6708.4,2853.7,0.0,0.0,0.0
TH570903,เกาะช้าง,Ko Chang,164,2024-09-15T20:00:00+07:00,0.193,6708.4,2853.7,0.0,0.0,0.0
TH570903,เกาะช้าง,Ko Chang,165,2024-09-15T21:00:00+07:00,0.186,6708.4,2853.7,0.0,0.0,0.0
TH570903,เกาะช้าง,Ko Chang,166,2024-09-15T22:00:00+07:00,0.179,6708.4,2853.7,0.0,0.0,0.0
TH570903,เกาะช้าง,Ko Chang,167,2024-09-15T23:00:00+07:00,0.172,6708.4,2853.7,0.0,0.0,0.0
TH570903,เกาะช้าง,Ko Chang,168,2024-09-16T00:00:00+07:00,0.165,6708.4,2853.7,0.0,0.0,0.0
TH570903,เกาะช้าง,Ko Chang,169,2024-09-16T01:00:00+07:00,0.158,6708.4,2853.7,0.0,0.0,0.0
TH570903,เกาะช้าง,Ko Chang,170,2024-09-16T02:00:00+07:00,0.151,6708.4,2853.7,0.0,0.0,0.0
TH570903,เกาะช้าง,Ko Chang,171,2024-09-16T03:00:00+07:00,0.144,6708.4,2853.7,0.0,0.0,0.0
TH570903,เกาะช้าง,Ko Chang,172,2024-09-16T04:00:00+07:00,0.137,6708.4,2853.7,0.0,0.0,0.0
TH570903,เกาะช้าง,Ko Chang,173,2024-09-16T05:00:00+07:00,0.13,6708.4,2853.7,0.0,0.0,0.0
TH570903,เกาะช้าง,Ko Chang,174,2024-09-16T06:00:00+07:00,0.122,6708.4,2853.7,0.0,0.0,0.0
TH570903,เกาะช้าง,Ko Chang,175,2024-09-16T07:00:00+07:00,0.115,6708.4,2853.7,0.0,0.0,0.0
TH570903,เกาะช้าง,Ko Chang,176,2024-09-16T08:00:00+07:00,0.108,6708.4,2853.7,0.0,0.0,0.0
TH570903,เกาะช้าง,Ko Chang,177,2024-09-16T09:00:00+07:00,0.101,6708.4,2853.7,0.0,0.0,0.0
TH570903,เกาะช้าง,Ko Chang,178,2024-09-16T10:00:00+07:00,0.094,6708.4,2853.7,0.0,0.0,0.0
TH570903,เกาะช้าง,Ko Chang,179,2024-09-16T11:00:00+07:00,0.087,6708.4,2853.7,0.0,0.0,0.0
TH570903,เกาะช้าง,Ko Chang,180,2024-09-16T12:00:00+07:00,0.08,6708.4,2853.7,0.0,0.0,0.0
TH570903,เกาะช้าง,Ko Chang,181,2024-09-16T13:00:00+07:00,0.078,6708.4,2853.7,0.0,0.0,0.0
TH570903,เกาะช้าง,Ko Chang,182,2024-09-16T14:00:00+07:00,0.077,6708.4,2853.7,0.0,0.0,0.0
TH570903,เกาะช้าง,Ko Chang,183,2024-09-16T15:00:00+07:00,0.075,6708.4,2853.7,0.0,0.0,0.0
TH570903,เกาะช้าง,Ko Chang,184,2024-09-16T16:00:00+07:00,0.073,6708.4,2853.7,0.0,0.0,0.0
TH570903,เกาะช้าง,Ko Chang,185,2024-09-16T17:00:00+07:00,0.072,6708.4,2853.7,0.0,0.0,0.0
TH570903,เกาะช้าง,Ko Chang,186,2024-09-16T18:00:00+07:00,0.07,6708.4,2853.7,0.0,0.0,0.0
TH570903,เกาะช้าง,Ko Chang,187,2024-09-16T19:00:00+07:00,0.068,6708.4,2853.7,0.0,0.0,0.0
TH570903,เกาะช้าง,Ko Chang,188,2024-09-16T20:00:00+07:00,0.067,6708.4,2853.7,0.0,0.0,0.0
TH570903,เกาะช้าง,Ko Chang,189,2024-09-16T21:00:00+07:00,0.065,6708.4,2853.7,0.0,0.0,0.0
TH570903,เกาะช้าง,Ko Chang,190,2024-09-16T22:00:00+07:00,0.063,6708.4,2853.7,0.0,0.0,0.0
TH570903,เกาะช้าง,Ko Chang,191,2024-09-16T23:00:00+07:00,0.062,6708.4,2853.7,0.0,0.0,0.0
TH570903,เกาะช้าง,Ko Chang,192,2024-09-17T00:00:00+07:00,0.06,6708.4,2853.7,0.0,0.0,0.0
TH570903,เกาะช้าง,Ko Chang,193,2024-09-17T01:00:00+07:00,0.058,6708.4,2853.7,0.0,0.0,0.0
TH570903,เกาะช้าง,Ko Chang,194,2024-09-17T02:00:00+07:00,0.057,6708.4,2853.7,0.0,0.0,0.0
TH570903,เกาะช้าง,Ko Chang,195,2024-09-17T03:00:00+07:00,0.055,6708.4,2853.7,0.0,0.0,0.0
TH570903,เกาะช้าง,Ko Chang,196,2024-09-17T04:00:00+07:00,0.053,6708.4,2853.7,0.0,0.0,0.0
TH570903,เกาะช้าง,Ko Chang,197,2024-09-17T05:00:00+07:00,0.052,6708.4,2853.7,0.0,0.0,0.0
TH570903,เกาะช้าง,Ko Chang,198,2024-09-17T06:00:00+07:00,0.05,6708.4,2853.7,0.0,0.0,0.0
TH570903,เกาะช้าง,Ko Chang,199,2024-09-17T07:00:00+07:00,0.048,6708.4,2853.7,0.0,0.0,0.0
TH570903,เกาะช้าง,Ko Chang,200,2024-09-17T08:00:00+07:00,0.047,6708.4,2853.7,0.0,0.0,0.0
TH570903,เกาะช้าง,Ko Chang,201,2024-09-17T09:00:00+07:00,0.045,6708.4,2853.7,0.0,0.0,0.0
TH570903,เกาะช้าง,Ko Chang,202,2024-09-17T10:00:00+07:00,0.043,6708.4,2853.7,0.0,0.0,0.0
TH570903,เกาะช้าง,Ko Chang,203,2024-09-17T11:00:00+07:00,0.042,6708.4,2853.7,0.0,0.0,0.0
TH570903,เกาะช้าง,Ko Chang,204,2024-09-17T12:00:00+07:00,0.04,6708.4,2853.7,0.0,0.0,0.0
TH570903,เกาะช้าง,Ko Chang,205,2024-09-17T13:00:00+07:00,0.039,6708.4,2853.7,0.0,0.0,0.0
TH570903,เกาะช้าง,Ko Chang,206,2024-09-17T14:00:00+07:00,0.038,6708.4,2853.7,0.0,0.0,0.0
TH570903,เกาะช้าง,Ko Chang,207,2024-09-17T15:00:00+07:00,0.037,6708.4,2853.7,0.0,0.0,0.0
TH570903,เกาะช้าง,Ko Chang,208,2024-09-17T16:00:00+07:00,0.037,6708.4,2853.7,0.0,0.0,0.0
TH570903,เกาะช้าง,Ko Chang,209,2024-09-17T17:00:00+07:00,0.036,6708.4,2853.7,0.0,0.0,0.0
TH570903,เกาะช้าง,Ko Chang,210,2024-09-17T18:00:00+07:00,0.035,6708.4,2853.7,0.0,0.0,0.0
TH570903,เกาะช้าง,Ko Chang,211,2024-09-17T19:00:00+07:00,0.034,6708.4,2853.7,0.0,0.0,0.0
TH570903,เกาะช้าง,Ko Chang,212,2024-09-17T20:00:00+07:00,0.033,6708.4,2853.7,0.0,0.0,0.0
TH570903,เกาะช้าง,Ko Chang,213,2024-09-17T21:00:00+07:00,0.033,6708.4,2853.7,0.0,0.0,0.0
TH570903,เกาะช้าง,Ko Chang,214,2024-09-17T22:00:00+07:00,0.032,6708.4,2853.7,0.0,0.0,0.0
TH570903,เกาะช้าง,Ko Chang,215,2024-09-17T23:00:00+07:00,0.031,6708.4,2853.7,0.0,0.0,0.0
TH570903,เกาะช้าง,Ko Chang,216,2024-09-18T00:00:00+07:00,0.03,6708.4,2853.7,0.0,0.0,0.0
TH570903,เกาะช้าง,Ko Chang,217,2024-09-18T01:00:00+07:00,0.029,6708.4,2853.7,0.0,0.0,0.0
TH570903,เกาะช้าง,Ko Chang,218,2024-09-18T02:00:00+07:00,0.028,6708.4,2853.7,0.0,0.0,0.0
TH570903,เกาะช้าง,Ko Chang,219,2024-09-18T03:00:00+07:00,0.028,6708.4,2853.7,0.0,0.0,0.0
TH570903,เกาะช้าง,Ko Chang,220,2024-09-18T04:00:00+07:00,0.027,6708.4,2853.7,0.0,0.0,0.0
TH570903,เกาะช้าง,Ko Chang,221,2024-09-18T05:00:00+07:00,0.026,6708.4,2853.7,0.0,0.0,0.0
TH570903,เกาะช้าง,Ko Chang,222,2024-09-18T06:00:00+07:00,0.025,6708.4,2853.7,0.0,0.0,0.0
TH570903,เกาะช้าง,Ko Chang,223,2024-09-18T07:00:00+07:00,0.024,6708.4,2853.7,0.0,0.0,0.0
TH570903,เกาะช้าง,Ko Chang,224,2024-09-18T08:00:00+07:00,0.023,6708.4,2853.7,0.0,0.0,0.0
TH570903,เกาะช้าง,Ko Chang,225,2024-09-18T09:00:00+07:00,0.022,6708.4,2853.7,0.0,0.0,0.0
TH570903,เกาะช้าง,Ko Chang,226,2024-09-18T10:00:00+07:00,0.022,6708.4,2853.7,0.0,0.0,0.0
TH570903,เกาะช้าง,Ko Chang,227,2024-09-18T11:00:00+07:00,0.021,6708.4,2853.7,0.0,0.0,0.0
TH570903,เกาะช้าง,Ko Chang,228,2024-09-18T12:00:00+07:00,0.02,6708.4,2853.7,0.0,0.0,0.0
TH570903,เกาะช้าง,Ko Chang,229,2024-09-18T13:00:00+07:00,0.019,6708.4,2853.7,0.0,0.0,0.0
TH570903,เกาะช้าง,Ko Chang,230,2024-09-18T14:00:00+07:00,0.018,6708.4,2853.7,0.0,0.0,0.0
TH570903,เกาะช้าง,Ko Chang,231,2024-09-18T15:00:00+07:00,0.018,6708.4,2853.7,0.0,0.0,0.0
TH570903,เกาะช้าง,Ko Chang,232,2024-09-18T16:00:00+07:00,0.017,6708.4,2853.7,0.0,0.0,0.0
TH570903,เกาะช้าง,Ko Chang,233,2024-09-18T17:00:00+07:00,0.016,6708.4,2853.7,0.0,0.0,0.0
TH570903,เกาะช้าง,Ko Chang,234,2024-09-18T18:00:00+07:00,0.015,6708.4,2853.7,0.0,0.0,0.0
TH570903,เกาะช้าง,Ko Chang,235,2024-09-18T19:00:00+07:00,0.014,6708.4,2853.7,0.0,0.0,0.0
TH570903,เกาะช้าง,Ko Chang,236,2024-09-18T20:00:00+07:00,0.013,6708.4,2853.7,0.0,0.0,0.0
TH570903,เกาะช้าง,Ko Chang,237,2024-09-18T21:00:00+07:00,0.013,6708.4,2853.7,0.0,0.0,0.0
TH570903,เกาะช้าง,Ko Chang,238,2024-09-18T22:00:00+07:00,0.012,6708.4,2853.7,0.0,0.0,0.0
TH570903,เกาะช้าง,Ko Chang,239,2024-09-18T23:00:00+07:00,0.011,6708.4,2853.7,0.0,0.0,0.0
TH570903,เกาะช้าง,Ko Chang,240,2024-09-19T00:00:00+07:00,0.01,6708.4,2853.7,0.0,0.0,0.0
TH570903,เกาะช้าง,Ko Chang,241,2024-09-19T01:00:00+07:00,0.009,6708.4,2853.7,0.0,0.0,0.0
TH570903,เกาะช้าง,Ko Chang,242,2024-09-19T02:00:00+07:00,0.008,6708.4,2853.7,0.0,0.0,0.0
TH570903,เกาะช้าง,Ko Chang,243,2024-09-19T03:00:00+07:00,0.007,6708.4,2853.7,0.0,0.0,0.0
TH570903,เกาะช้าง,Ko Chang,244,2024-09-19T04:00:00+07:00,0.007,6708.4,2853.7,0.0,0.0,0.0
TH570903,เกาะช้าง,Ko Chang,245,2024-09-19T05:00:00+07:00,0.006,6708.4,2853.7,0.0,0.0,0.0
TH570903,เกาะช้าง,Ko Chang,246,2024-09-19T06:00:00+07:00,0.005,6708.4,2853.7,0.0,0.0,0.0
TH570903,เกาะช้าง,Ko Chang,247,2024-09-19T07:00:00+07:00,0.004,6708.4,2853.7,0.0,0.0,0.0
TH570903,เกาะช้าง,Ko Chang,248,2024-09-19T08:00:00+07:00,0.003,6708.4,2853.7,0.0,0.0,0.0
TH570903,เกาะช้าง,Ko Chang,249,2024-09-19T09:00:00+07:00,0.002,6708.4,2853.7,0.0,0.0,0.0
TH570903,เกาะช้าง,Ko Chang,250,2024-09-19T10:00:00+07:00,0.002,6708.4,2853.7,0.0,0.0,0.0
TH570903,เกาะช้าง,Ko Chang,251,2024-09-19T11:00:00+07:00,0.001,6708.4,2853.7,0.0,0.0,0.0
TH570903,เกาะช้าง,Ko Chang,252,2024-09-19T12:00:00+07:00,0.0,6708.4,2853.7,0.0,0.0,0.0
TH570903,เกาะช้าง,Ko Chang,253,2024-09-19T13:00:00+07:00,0.0,6708.4,2853.7,0.0,0.0,0.0
TH570903,เกาะช้าง,Ko Chang,254,2024-09-19T14:00:00+07:00,0.0,6708.4,2853.7,0.0,0.0,0.0
TH570903,เกาะช้าง,Ko Chang,255,2024-09-19T15:00:00+07:00,0.0,6708.4,2853.7,0.0,0.0,0.0
TH570903,เกาะช้าง,Ko Chang,256,2024-09-19T16:00:00+07:00,0.0,6708.4,2853.7,0.0,0.0,0.0
TH570903,เกาะช้าง,Ko Chang,257,2024-09-19T17:00:00+07:00,0.0,6708.4,2853.7,0.0,0.0,0.0
TH570903,เกาะช้าง,Ko Chang,258,2024-09-19T18:00:00+07:00,0.0,6708.4,2853.7,0.0,0.0,0.0
TH570903,เกาะช้าง,Ko Chang,259,2024-09-19T19:00:00+07:00,0.0,6708.4,2853.7,0.0,0.0,0.0
TH570903,เกาะช้าง,Ko Chang,260,2024-09-19T20:00:00+07:00,0.0,6708.4,2853.7,0.0,0.0,0.0
TH570903,เกาะช้าง,Ko Chang,261,2024-09-19T21:00:00+07:00,0.0,6708.4,2853.7,0.0,0.0,0.0
TH570903,เกาะช้าง,Ko Chang,262,2024-09-19T22:00:00+07:00,0.0,6708.4,2853.7,0.0,0.0,0.0
TH570903,เกาะช้าง,Ko Chang,263,2024-09-19T23:00:00+07:00,0.0,6708.4,2853.7,0.0,0.0,0.0
TH570904,โป่งผา,Pong Pha,0,2024-09-09T00:00:00+07:00,0.0,9311.6,3678.3,0.0,3797.6,0.0
TH570904,โป่งผา,Pong Pha,1,2024-09-09T01:00:00+07:00,0.0,9311.6,3678.3,0.0,3797.6,0.0
TH570904,โป่งผา,Pong Pha,2,2024-09-09T02:00:00+07:00,0.0,9311.6,3678.3,0.0,3797.6,0.0
TH570904,โป่งผา,Pong Pha,3,2024-09-09T03:00:00+07:00,0.0,9311.6,3678.3,0.0,3797.6,0.0
TH570904,โป่งผา,Pong Pha,4,2024-09-09T04:00:00+07:00,0.0,9311.6,3678.3,0.0,3797.6,0.0
TH570904,โป่งผา,Pong Pha,5,2024-09-09T05:00:00+07:00,0.0,9311.6,3678.3,0.0,3797.6,0.0
TH570904,โป่งผา,Pong Pha,6,2024-09-09T06:00:00+07:00,0.0,9311.6,3678.3,0.0,3797.6,0.0
TH570904,โป่งผา,Pong Pha,7,2024-09-09T07:00:00+07:00,0.0,9311.6,3678.3,0.0,3797.6,0.0
TH570904,โป่งผา,Pong Pha,8,2024-09-09T08:00:00+07:00,0.0,9311.6,3678.3,0.0,3797.6,0.0
TH570904,โป่งผา,Pong Pha,9,2024-09-09T09:00:00+07:00,0.0,9311.6,3678.3,0.0,3797.6,0.0
TH570904,โป่งผา,Pong Pha,10,2024-09-09T10:00:00+07:00,0.0,9311.6,3678.3,0.0,3797.6,0.0
TH570904,โป่งผา,Pong Pha,11,2024-09-09T11:00:00+07:00,0.0,9311.6,3678.3,0.0,3797.6,0.0
TH570904,โป่งผา,Pong Pha,12,2024-09-09T12:00:00+07:00,0.0,9311.6,3678.3,0.0,3797.6,0.0
TH570904,โป่งผา,Pong Pha,13,2024-09-09T13:00:00+07:00,0.0,9311.6,3678.3,0.0,3797.6,0.0
TH570904,โป่งผา,Pong Pha,14,2024-09-09T14:00:00+07:00,0.0,9311.6,3678.3,0.0,3797.6,0.0
TH570904,โป่งผา,Pong Pha,15,2024-09-09T15:00:00+07:00,0.0,9311.6,3678.3,0.0,3797.6,0.0
TH570904,โป่งผา,Pong Pha,16,2024-09-09T16:00:00+07:00,0.0,9311.6,3678.3,0.0,3797.6,0.0
TH570904,โป่งผา,Pong Pha,17,2024-09-09T17:00:00+07:00,0.0,9311.6,3678.3,0.0,3797.6,0.0
TH570904,โป่งผา,Pong Pha,18,2024-09-09T18:00:00+07:00,0.0,9311.6,3678.3,0.0,3797.6,0.0
TH570904,โป่งผา,Pong Pha,19,2024-09-09T19:00:00+07:00,0.0,9311.6,3678.3,0.0,3797.6,0.0
TH570904,โป่งผา,Pong Pha,20,2024-09-09T20:00:00+07:00,0.0,9311.6,3678.3,0.0,3797.6,0.0
TH570904,โป่งผา,Pong Pha,21,2024-09-09T21:00:00+07:00,0.0,9311.6,3678.3,0.0,3797.6,0.0
TH570904,โป่งผา,Pong Pha,22,2024-09-09T22:00:00+07:00,0.0,9311.6,3678.3,0.0,3797.6,0.0
TH570904,โป่งผา,Pong Pha,23,2024-09-09T23:00:00+07:00,0.0,9311.6,3678.3,0.0,3797.6,0.0
TH570904,โป่งผา,Pong Pha,24,2024-09-10T00:00:00+07:00,0.0,9311.6,3678.3,0.0,3797.6,0.0
TH570904,โป่งผา,Pong Pha,25,2024-09-10T01:00:00+07:00,0.008,9311.6,3678.3,0.0,3797.6,0.0
TH570904,โป่งผา,Pong Pha,26,2024-09-10T02:00:00+07:00,0.017,9311.6,3678.3,0.0,3797.6,0.0
TH570904,โป่งผา,Pong Pha,27,2024-09-10T03:00:00+07:00,0.025,9311.6,3678.3,0.0,3797.6,0.0
TH570904,โป่งผา,Pong Pha,28,2024-09-10T04:00:00+07:00,0.033,9311.6,3678.3,0.0,3797.6,0.0
TH570904,โป่งผา,Pong Pha,29,2024-09-10T05:00:00+07:00,0.042,9311.6,3678.3,0.0,3797.6,0.0
TH570904,โป่งผา,Pong Pha,30,2024-09-10T06:00:00+07:00,0.05,9311.6,3678.3,0.0,3797.6,0.0
TH570904,โป่งผา,Pong Pha,31,2024-09-10T07:00:00+07:00,0.058,9311.6,3678.3,0.0,3797.6,0.0
TH570904,โป่งผา,Pong Pha,32,2024-09-10T08:00:00+07:00,0.067,9311.6,3678.3,0.0,3797.6,0.0
TH570904,โป่งผา,Pong Pha,33,2024-09-10T09:00:00+07:00,0.075,9311.6,3678.3,0.0,3797.6,0.0
TH570904,โป่งผา,Pong Pha,34,2024-09-10T10:00:00+07:00,0.083,9311.6,3678.3,0.0,3797.6,0.0
TH570904,โป่งผา,Pong Pha,35,2024-09-10T11:00:00+07:00,0.092,9311.6,3678.3,0.0,3797.6,0.0
TH570904,โป่งผา,Pong Pha,36,2024-09-10T12:00:00+07:00,0.1,9311.6,3678.3,0.0,3797.6,0.0
TH570904,โป่งผา,Pong Pha,37,2024-09-10T13:00:00+07:00,0.1,9311.6,3678.3,0.0,3797.6,0.0
TH570904,โป่งผา,Pong Pha,38,2024-09-10T14:00:00+07:00,0.1,9311.6,3678.3,0.0,3797.6,0.0
TH570904,โป่งผา,Pong Pha,39,2024-09-10T15:00:00+07:00,0.1,9311.6,3678.3,0.0,3797.6,0.0
TH570904,โป่งผา,Pong Pha,40,2024-09-10T16:00:00+07:00,0.1,9311.6,3678.3,0.0,3797.6,0.0
TH570904,โป่งผา,Pong Pha,41,2024-09-10T17:00:00+07:00,0.1,9311.6,3678.3,0.0,3797.6,0.0
TH570904,โป่งผา,Pong Pha,42,2024-09-10T18:00:00+07:00,0.1,9311.6,3678.3,0.0,3797.6,0.0
TH570904,โป่งผา,Pong Pha,43,2024-09-10T19:00:00+07:00,0.332,9311.6,3678.3,0.0,3797.6,0.0
TH570904,โป่งผา,Pong Pha,44,2024-09-10T20:00:00+07:00,0.642,9311.6,3678.3,0.0,3797.6,0.7
TH570904,โป่งผา,Pong Pha,45,2024-09-10T21:00:00+07:00,0.952,9311.6,3678.3,268.4,3797.6,363.5
TH570904,โป่งผา,Pong Pha,46,2024-09-10T22:00:00+07:00,1.261,9311.6,3678.3,285.9,3797.6,385.7
TH570904,โป่งผา,Pong Pha,47,2024-09-10T23:00:00+07:00,1.571,9311.6,3678.3,329.2,3797.6,398.7
TH570904,โป่งผา,Pong Pha,48,2024-09-11T00:00:00+07:00,1.881,9311.6,3678.3,354.0,3797.6,425.3
TH570904,โป่งผา,Pong Pha,49,2024-09-11T01:00:00+07:00,2.19,9311.6,3678.3,361.0,3797.6,533.0
TH570904,โป่งผา,Pong Pha,50,2024-09-11T02:00:00+07:00,2.5,9311.6,3678.3,515.0,3797.6,555.9
TH570904,โป่งผา,Pong Pha,51,2024-09-11T03:00:00+07:00,2.57,9311.6,3678.3,515.0,3797.6,555.9
TH570904,โป่งผา,Pong Pha,52,2024-09-11T04:00:00+07:00,2.64,9311.6,3678.3,515.0,3797.6,555.9
TH570904,โป่งผา,Pong Pha,53,2024-09-11T05:00:00+07:00,2.71,9311.6,3678.3,527.0,3797.6,576.9
TH570904,โป่งผา,Pong Pha,54,2024-09-11T06:00:00+07:00,2.78,9311.6,3678.3,527.0,3797.6,578.1
TH570904,โป่งผา,Pong Pha,55,2024-09-11T07:00:00+07:00,2.85,9311.6,3678.3,531.5,3797.6,642.1
TH570904,โป่งผา,Pong Pha,56,2024-09-11T08:00:00+07:00,2.92,9311.6,3678.3,531.5,3797.6,643.8
TH570904,โป่งผา,Pong Pha,57,2024-09-11T09:00:00+07:00,2.99,9311.6,3678.3,538.0,3797.6,650.8
TH570904,โป่งผา,Pong Pha,58,2024-09-11T10:00:00+07:00,3.06,9311.6,3678.3,556.5,3797.6,697.4
TH570904,โป่งผา,Pong Pha,59,2024-09-11T11:00:00+07:00,3.13,9311.6,3678.3,556.5,3797.6,697.4
TH570904,โป่งผา,Pong Pha,60,2024-09-11T12:00:00+07:00,3.2,9311.6,3678.3,556.5,3797.6,748.8
TH570904,โป่งผา,Pong Pha,61,2024-09-11T13:00:00+07:00,3.212,9311.6,3678.3,556.5,3797.6,748.8
TH570904,โป่งผา,Pong Pha,62,2024-09-11T14:00:00+07:00,3.225,9311.6,3678.3,556.5,3797.6,748.8
TH570904,โป่งผา,Pong Pha,63,2024-09-11T15:00:00+07:00,3.238,9311.6,3678.3,556.5,3797.6,748.8
TH570904,โป่งผา,Pong Pha,64,2024-09-11T16:00:00+07:00,3.25,9311.6,3678.3,556.5,3797.6,763.2
TH570904,โป่งผา,Pong Pha,65,2024-09-11T17:00:00+07:00,3.263,9311.6,3678.3,556.5,3797.6,763.2
TH570904,โป่งผา,Pong Pha,66,2024-09-11T18:00:00+07:00,3.275,9311.6,3678.3,556.5,3797.6,763.2
TH570904,โป่งผา,Pong Pha,67,2024-09-11T19:00:00+07:00,3.288,9311.6,3678.3,556.5,3797.6,763.2
TH570904,โป่งผา,Pong Pha,68,2024-09-11T20:00:00+07:00,3.3,9311.6,3678.3,556.5,3797.6,768.5
TH570904,โป่งผา,Pong Pha,69,2024-09-11T21:00:00+07:00,3.312,9311.6,3678.3,556.5,3797.6,768.5
TH570904,โป่งผา,Pong Pha,70,2024-09-11T22:00:00+07:00,3.325,9311.6,3678.3,556.5,3797.6,768.5
TH570904,โป่งผา,Pong Pha,71,2024-09-11T23:00:00+07:00,3.338,9311.6,3678.3,556.5,3797.6,768.5
TH570904,โป่งผา,Pong Pha,72,2024-09-12T00:00:00+07:00,3.35,9311.6,3678.3,556.5,3797.6,774.1
TH570904,โป่งผา,Pong Pha,73,2024-09-12T01:00:00+07:00,3.362,9311.6,3678.3,556.5,3797.6,774.1
TH570904,โป่งผา,Pong Pha,74,2024-09-12T02:00:00+07:00,3.375,9311.6,3678.3,556.5,3797.6,774.1
TH570904,โป่งผา,Pong Pha,75,2024-09-12T03:00:00+07:00,3.388,9311.6,3678.3,556.5,3797.6,774.1
TH570904,โป่งผา,Pong Pha,76,2024-09-12T04:00:00+07:00,3.4,9311.6,3678.3,556.5,3797.6,802.2
TH570904,โป่งผา,Pong Pha,77,2024-09-12T05:00:00+07:00,3.413,9311.6,3678.3,556.5,3797.6,802.2
TH570904,โป่งผา,Pong Pha,78,2024-09-12T06:00:00+07:00,3.425,9311.6,3678.3,556.5,3797.6,802.2
TH570904,โป่งผา,Pong Pha,79,2024-09-12T07:00:00+07:00,3.438,9311.6,3678.3,556.5,3797.6,802.2
TH570904,โป่งผา,Pong Pha,80,2024-09-12T08:00:00+07:00,3.45,9311.6,3678.3,558.2,3797.6,804.9
TH570904,โป่งผา,Pong Pha,81,2024-09-12T09:00:00+07:00,3.462,9311.6,3678.3,558.2,3797.6,804.9
TH570904,โป่งผา,Pong Pha,82,2024-09-12T10:00:00+07:00,3.475,9311.6,3678.3,558.2,3797.6,804.9
TH570904,โป่งผา,Pong Pha,83,2024-09-12T11:00:00+07:00,3.487,9311.6,3678.3,558.2,3797.6,804.9
TH570904,โป่งผา,Pong Pha,84,2024-09-12T12:00:00+07:00,3.5,9311.6,3678.3,558.2,3797.6,804.9
TH570904,โป่งผา,Pong Pha,85,2024-09-12T13:00:00+07:00,3.429,9311.6,3678.3,556.5,3797.6,802.2
TH570904,โป่งผา,Pong Pha,86,2024-09-12T14:00:00+07:00,3.358,9311.6,3678.3,556.5,3797.6,774.1
TH570904,โป่งผา,Pong Pha,87,2024-09-12T15:00:00+07:00,3.288,9311.6,3678.3,556.5,3797.6,763.2
TH570904,โป่งผา,Pong Pha,88,2024-09-12T16:00:00+07:00,3.217,9311.6,3678.3,556.5,3797.6,748.8
TH570904,โป่งผา,Pong Pha,89,2024-09-12T17:00:00+07:00,3.146,9311.6,3678.3,556.5,3797.6,697.4
TH570904,โป่งผา,Pong Pha,90,2024-09-12T18:00:00+07:00,3.075,9311.6,3678.3,556.5,3797.6,697.4
TH570904,โป่งผา,Pong Pha,91,2024-09-12T19:00:00+07:00,3.004,9311.6,3678.3,556.5,3797.6,695.0
TH570904,โป่งผา,Pong Pha,92,2024-09-12T20:00:00+07:00,2.933,9311.6,3678.3,531.5,3797.6,643.8
TH570904,โป่งผา,Pong Pha,93,2024-09-12T21:00:00+07:00,2.862,9311.6,3678.3,531.5,3797.6,642.1
TH570904,โป่งผา,Pong Pha,94,2024-09-12T22:00:00+07:00,2.792,9311.6,3678.3,527.0,3797.6,578.1
TH570904,โป่งผา,Pong Pha,95,2024-09-12T23:00:00+07:00,2.721,9311.6,3678.3,527.0,3797.6,576.9
TH570904,โป่งผา,Pong Pha,96,2024-09-13T00:00:00+07:00,2.65,9311.6,3678.3,515.0,3797.6,557.9
TH570904,โป่งผา,Pong Pha,97,2024-09-13T01:00:00+07:00,2.579,9311.6,3678.3,515.0,3797.6,555.9
TH570904,โป่งผา,Pong Pha,98,2024-09-13T02:00:00+07:00,2.508,9311.6,3678.3,515.0,3797.6,555.9
TH570904,โป่งผา,Pong Pha,99,2024-09-13T03:00:00+07:00,2.438,9311.6,3678.3,382.2,3797.6,549.8
TH570904,โป่งผา,Pong Pha,100,2024-09-13T04:00:00+07:00,2.367,9311.6,3678.3,379.5,3797.6,547.0
TH570904,โป่งผา,Pong Pha,101,2024-09-13T05:00:00+07:00,2.296,9311.6,3678.3,379.5,3797.6,547.0
TH570904,โป่งผา,Pong Pha,102,2024-09-13T06:00:00+07:00,2.225,9311.6,3678.3,365.4,3797.6,533.0
TH570904,โป่งผา,Pong Pha,103,2024-09-13T07:00:00+07:00,2.154,9311.6,3678.3,361.0,3797.6,533.0
TH570904,โป่งผา,Pong Pha,104,2024-09-13T08:00:00+07:00,2.083,9311.6,3678.3,361.0,3797.6,533.0
TH570904,โป่งผา,Pong Pha,105,2024-09-13T09:00:00+07:00,2.013,9311.6,3678.3,361.0,3797.6,533.0
TH570904,โป่งผา,Pong Pha,106,2024-09-13T10:00:00+07:00,1.942,9311.6,3678.3,354.0,3797.6,425.3
TH570904,โป่งผา,Pong Pha,107,2024-09-13T11:00:00+07:00,1.871,9311.6,3678.3,354.0,3797.6,425.3
TH570904,โป่งผา,Pong Pha,108,2024-09-13T12:00:00+07:00,1.8,9311.6,3678.3,354.0,3797.6,425.3
TH570904,โป่งผา,Pong Pha,109,2024-09-13T13:00:00+07:00,1.762,9311.6,3678.3,347.3,3797.6,418.7
TH570904,โป่งผา,Pong Pha,110,2024-09-13T14:00:00+07:00,1.725,9311.6,3678.3,335.4,3797.6,406.7
TH570904,โป่งผา,Pong Pha,111,2024-09-13T15:00:00+07:00,1.688,9311.6,3678.3,335.4,3797.6,404.9
TH570904,โป่งผา,Pong Pha,112,2024-09-13T16:00:00+07:00,1.65,9311.6,3678.3,335.4,3797.6,404.9
TH570904,โป่งผา,Pong Pha,113,2024-09-13T17:00:00+07:00,1.613,9311.6,3678.3,331.1,3797.6,400.6
TH570904,โป่งผา,Pong Pha,114,2024-09-13T18:00:00+07:00,1.575,9311.6,3678.3,329.2,3797.6,398.7
TH570904,โป่งผา,Pong Pha,115,2024-09-13T19:00:00+07:00,1.537,9311.6,3678.3,329.2,3797.6,398.7
TH570904,โป่งผา,Pong Pha,116,2024-09-13T20:00:00+07:00,1.5,9311.6,3678.3,329.2,3797.6,398.7
TH570904,โป่งผา,Pong Pha,117,2024-09-13T21:00:00+07:00,1.462,9311.6,3678.3,311.1,3797.6,398.7
TH570904,โป่งผา,Pong Pha,118,2024-09-13T22:00:00+07:00,1.425,9311.6,3678.3,307.5,3797.6,395.1
TH570904,โป่งผา,Pong Pha,119,2024-09-13T23:00:00+07:00,1.388,9311.6,3678.3,303.0,3797.6,392.1
TH570904,โป่งผา,Pong Pha,120,2024-09-14T00:00:00+07:00,1.35,9311.6,3678.3,303.0,3797.6,392.1
TH570904,โป่งผา,Pong Pha,121,2024-09-14T01:00:00+07:00,1.312,9311.6,3678.3,298.1,3797.6,389.1
TH570904,โป่งผา,Pong Pha,122,2024-09-14T02:00:00+07:00,1.275,9311.6,3678.3,285.9,3797.6,385.7
TH570904,โป่งผา,Pong Pha,123,2024-09-14T03:00:00+07:00,1.238,9311.6,3678.3,285.9,3797.6,375.9
TH570904,โป่งผา,Pong Pha,124,2024-09-14T04:00:00+07:00,1.2,9311.6,3678.3,285.9,3797.6,375.9
TH570904,โป่งผา,Pong Pha,125,2024-09-14T05:00:00+07:00,1.163,9311.6,3678.3,285.9,3797.6,375.9
TH570904,โป่งผา,Pong Pha,126,2024-09-14T06:00:00+07:00,1.125,9311.6,3678.3,282.2,3797.6,372.1
TH570904,โป่งผา,Pong Pha,127,2024-09-14T07:00:00+07:00,1.087,9311.6,3678.3,277.0,3797.6,372.1
TH570904,โป่งผา,Pong Pha,128,2024-09-14T08:00:00+07:00,1.05,9311.6,3678.3,277.0,3797.6,372.1
TH570904,โป่งผา,Pong Pha,129,2024-09-14T09:00:00+07:00,1.013,9311.6,3678.3,272.4,3797.6,367.5
TH570904,โป่งผา,Pong Pha,130,2024-09-14T10:00:00+07:00,0.975,9311.6,3678.3,268.4,3797.6,363.5
TH570904,โป่งผา,Pong Pha,131,2024-09-14T11:00:00+07:00,0.938,9311.6,3678.3,0.0,3797.6,66.3
TH570904,โป่งผา,Pong Pha,132,2024-09-14T12:00:00+07:00,0.9,9311.6,3678.3,0.0,3797.6,66.3
TH570904,โป่งผา,Pong Pha,133,2024-09-14T13:00:00+07:00,0.873,9311.6,3678.3,0.0,3797.6,66.3
TH570904,โป่งผา,Pong Pha,134,2024-09-14T14:00:00+07:00,0.846,9311.6,3678.3,0.0,3797.6,0.7
TH570904,โป่งผา,Pong Pha,135,2024-09-14T15:00:00+07:00,0.819,9311.6,3678.3,0.0,3797.6,0.7
TH570904,โป่งผา,Pong Pha,136,2024-09-14T16:00:00+07:00,0.792,9311.6,3678.3,0.0,3797.6,0.7
TH570904,โป่งผา,Pong Pha,137,2024-09-14T17:00:00+07:00,0.765,9311.6,3678.3,0.0,3797.6,0.7
TH570904,โป่งผา,Pong Pha,138,2024-09-14T18:00:00+07:00,0.738,9311.6,3678.3,0.0,3797.6,0.7
TH570904,โป่งผา,Pong Pha,139,2024-09-14T19:00:00+07:00,0.71,9311.6,3678.3,0.0,3797.6,0.7
TH570904,โป่งผา,Pong Pha,140,2024-09-14T20:00:00+07:00,0.683,9311.6,3678.3,0.0,3797.6,0.7
TH570904,โป่งผา,Pong Pha,141,2024-09-14T21:00:00+07:00,0.656,9311.6,3678.3,0.0,3797.6,0.7
TH570904,โป่งผา,Pong Pha,142,2024-09-14T22:00:00+07:00,0.629,9311.6,3678.3,0.0,3797.6,0.7
TH570904,โป่งผา,Pong Pha,143,2024-09-14T23:00:00+07:00,0.602,9311.6,3678.3,0.0,3797.6,0.7
TH570904,โป่งผา,Pong Pha,144,2024-09-15T00:00:00+07:00,0.575,9311.6,3678.3,0.0,3797.6,0.0
TH570904,โป่งผา,Pong Pha,145,2024-09-15T01:00:00+07:00,0.548,9311.6,3678.3,0.0,3797.6,0.0
TH570904,โป่งผา,Pong Pha,146,2024-09-15T02:00:00+07:00,0.521,9311.6,3678.3,0.0,3797.6,0.0
TH570904,โป่งผา,Pong Pha,147,2024-09-15T03:00:00+07:00,0.494,9311.6,3678.3,0.0,3797.6,0.0
TH570904,โป่งผา,Pong Pha,148,2024-09-15T04:00:00+07:00,0.467,9311.6,3678.3,0.0,3797.6,0.0
TH570904,โป่งผา,Pong Pha,149,2024-09-15T05:00:00+07:00,0.44,9311.6,3678.3,0.0,3797.6,0.0
TH570904,โป่งผา,Pong Pha,150,2024-09-15T06:00:00+07:00,0.412,9311.6,3678.3,0.0,3797.6,0.0
TH570904,โป่งผา,Pong Pha,151,2024-09-15T07:00:00+07:00,0.385,9311.6,3678.3,0.0,3797.6,0.0
TH570904,โป่งผา,Pong Pha,152,2024-09-15T08:00:00+07:00,0.358,9311.6,3678.3,0.0,3797.6,0.0
TH570904,โป่งผา,Pong Pha,153,2024-09-15T09:00:00+07:00,0.331,9311.6,3678.3,0.0,3797.6,0.0
TH570904,โป่งผา,Pong Pha,154,2024-09-15T10:00:00+07:00,0.304,9311.6,3678.3,0.0,3797.6,0.0
TH570904,โป่งผา,Pong Pha,155,2024-09-15T11:00:00+07:00,0.277,9311.6,3678.3,0.0,3797.6,0.0
TH570904,โป่งผา,Pong Pha,156,2024-09-15T12:00:00+07:00,0.25,9311.6,3678.3,0.0,3797.6,0.0
TH570904,โป่งผา,Pong Pha,157,2024-09-15T13:00:00+07:00,0.243,9311.6,3678.3,0.0,3797.6,0.0
TH570904,โป่งผา,Pong Pha,158,2024-09-15T14:00:00+07:00,0.236,9311.6,3678.3,0.0,3797.6,0.0
TH570904,โป่งผา,Pong Pha,159,2024-09-15T15:00:00+07:00,0.229,9311.6,3678.3,0.0,3797.6,0.0
TH570904,โป่งผา,Pong Pha,160,2024-09-15T16:00:00+07:00,0.222,9311.6,3678.3,0.0,3797.6,0.0
TH570904,โป่งผา,Pong Pha,161,2024-09-15T17:00:00+07:00,0.215,9311.6,3678.3,0.0,3797.6,0.0
TH570904,โป่งผา,Pong Pha,162,2024-09-15T18:00:00+07:00,0.208,9311.6,3678.3,0.0,3797.6,0.0
TH570904,โป่งผา,Pong Pha,163,2024-09-15T19:00:00+07:00,0.2,9311.6,3678.3,0.0,3797.6,0.0
TH570904,โป่งผา,Pong Pha,164,2024-09-15T20:00:00+07:00,0.193,9311.6,3678.3,0.0,3797.6,0.0
TH570904,โป่งผา,Pong Pha,165,2024-09-15T21:00:00+07:00,0.186,9311.6,3678.3,0.0,3797.6,0.0
TH570904,โป่งผา,Pong Pha,166,2024-09-15T22:00:00+07:00,0.179,9311.6,3678.3,0.0,3797.6,0.0
TH570904,โป่งผา,Pong Pha,167,2024-09-15T23:00:00+07:00,0.172,9311.6,3678.3,0.0,3797.6,0.0
TH570904,โป่งผา,Pong Pha,168,2024-09-16T00:00:00+07:00,0.165,9311.6,3678.3,0.0,3797.6,0.0
TH570904,โป่งผา,Pong Pha,169,2024-09-16T01:00:00+07:00,0.158,9311.6,3678.3,0.0,3797.6,0.0
TH570904,โป่งผา,Pong Pha,170,2024-09-16T02:00:00+07:00,0.151,9311.6,3678.3,0.0,3797.6,0.0
TH570904,โป่งผา,Pong Pha,171,2024-09-16T03:00:00+07:00,0.144,9311.6,3678.3,0.0,3797.6,0.0
TH570904,โป่งผา,Pong Pha,172,2024-09-16T04:00:00+07:00,0.137,9311.6,3678.3,0.0,3797.6,0.0
TH570904,โป่งผา,Pong Pha,173,2024-09-16T05:00:00+07:00,0.13,9311.6,3678.3,0.0,3797.6,0.0
TH570904,โป่งผา,Pong Pha,174,2024-09-16T06:00:00+07:00,0.122,9311.6,3678.3,0.0,3797.6,0.0
TH570904,โป่งผา,Pong Pha,175,2024-09-16T07:00:00+07:00,0.115,9311.6,3678.3,0.0,3797.6,0.0
TH570904,โป่งผา,Pong Pha,176,2024-09-16T08:00:00+07:00,0.108,9311.6,3678.3,0.0,3797.6,0.0
TH570904,โป่งผา,Pong Pha,177,2024-09-16T09:00:00+07:00,0.101,9311.6,3678.3,0.0,3797.6,0.0
TH570904,โป่งผา,Pong Pha,178,2024-09-16T10:00:00+07:00,0.094,9311.6,3678.3,0.0,3797.6,0.0
TH570904,โป่งผา,Pong Pha,179,2024-09-16T11:00:00+07:00,0.087,9311.6,3678.3,0.0,3797.6,0.0
TH570904,โป่งผา,Pong Pha,180,2024-09-16T12:00:00+07:00,0.08,9311.6,3678.3,0.0,3797.6,0.0
TH570904,โป่งผา,Pong Pha,181,2024-09-16T13:00:00+07:00,0.078,9311.6,3678.3,0.0,3797.6,0.0
TH570904,โป่งผา,Pong Pha,182,2024-09-16T14:00:00+07:00,0.077,9311.6,3678.3,0.0,3797.6,0.0
TH570904,โป่งผา,Pong Pha,183,2024-09-16T15:00:00+07:00,0.075,9311.6,3678.3,0.0,3797.6,0.0
TH570904,โป่งผา,Pong Pha,184,2024-09-16T16:00:00+07:00,0.073,9311.6,3678.3,0.0,3797.6,0.0
TH570904,โป่งผา,Pong Pha,185,2024-09-16T17:00:00+07:00,0.072,9311.6,3678.3,0.0,3797.6,0.0
TH570904,โป่งผา,Pong Pha,186,2024-09-16T18:00:00+07:00,0.07,9311.6,3678.3,0.0,3797.6,0.0
TH570904,โป่งผา,Pong Pha,187,2024-09-16T19:00:00+07:00,0.068,9311.6,3678.3,0.0,3797.6,0.0
TH570904,โป่งผา,Pong Pha,188,2024-09-16T20:00:00+07:00,0.067,9311.6,3678.3,0.0,3797.6,0.0
TH570904,โป่งผา,Pong Pha,189,2024-09-16T21:00:00+07:00,0.065,9311.6,3678.3,0.0,3797.6,0.0
TH570904,โป่งผา,Pong Pha,190,2024-09-16T22:00:00+07:00,0.063,9311.6,3678.3,0.0,3797.6,0.0
TH570904,โป่งผา,Pong Pha,191,2024-09-16T23:00:00+07:00,0.062,9311.6,3678.3,0.0,3797.6,0.0
TH570904,โป่งผา,Pong Pha,192,2024-09-17T00:00:00+07:00,0.06,9311.6,3678.3,0.0,3797.6,0.0
TH570904,โป่งผา,Pong Pha,193,2024-09-17T01:00:00+07:00,0.058,9311.6,3678.3,0.0,3797.6,0.0
TH570904,โป่งผา,Pong Pha,194,2024-09-17T02:00:00+07:00,0.057,9311.6,3678.3,0.0,3797.6,0.0
TH570904,โป่งผา,Pong Pha,195,2024-09-17T03:00:00+07:00,0.055,9311.6,3678.3,0.0,3797.6,0.0
TH570904,โป่งผา,Pong Pha,196,2024-09-17T04:00:00+07:00,0.053,9311.6,3678.3,0.0,3797.6,0.0
TH570904,โป่งผา,Pong Pha,197,2024-09-17T05:00:00+07:00,0.052,9311.6,3678.3,0.0,3797.6,0.0
TH570904,โป่งผา,Pong Pha,198,2024-09-17T06:00:00+07:00,0.05,9311.6,3678.3,0.0,3797.6,0.0
TH570904,โป่งผา,Pong Pha,199,2024-09-17T07:00:00+07:00,0.048,9311.6,3678.3,0.0,3797.6,0.0
TH570904,โป่งผา,Pong Pha,200,2024-09-17T08:00:00+07:00,0.047,9311.6,3678.3,0.0,3797.6,0.0
TH570904,โป่งผา,Pong Pha,201,2024-09-17T09:00:00+07:00,0.045,9311.6,3678.3,0.0,3797.6,0.0
TH570904,โป่งผา,Pong Pha,202,2024-09-17T10:00:00+07:00,0.043,9311.6,3678.3,0.0,3797.6,0.0
TH570904,โป่งผา,Pong Pha,203,2024-09-17T11:00:00+07:00,0.042,9311.6,3678.3,0.0,3797.6,0.0
TH570904,โป่งผา,Pong Pha,204,2024-09-17T12:00:00+07:00,0.04,9311.6,3678.3,0.0,3797.6,0.0
TH570904,โป่งผา,Pong Pha,205,2024-09-17T13:00:00+07:00,0.039,9311.6,3678.3,0.0,3797.6,0.0
TH570904,โป่งผา,Pong Pha,206,2024-09-17T14:00:00+07:00,0.038,9311.6,3678.3,0.0,3797.6,0.0
TH570904,โป่งผา,Pong Pha,207,2024-09-17T15:00:00+07:00,0.037,9311.6,3678.3,0.0,3797.6,0.0
TH570904,โป่งผา,Pong Pha,208,2024-09-17T16:00:00+07:00,0.037,9311.6,3678.3,0.0,3797.6,0.0
TH570904,โป่งผา,Pong Pha,209,2024-09-17T17:00:00+07:00,0.036,9311.6,3678.3,0.0,3797.6,0.0
TH570904,โป่งผา,Pong Pha,210,2024-09-17T18:00:00+07:00,0.035,9311.6,3678.3,0.0,3797.6,0.0
TH570904,โป่งผา,Pong Pha,211,2024-09-17T19:00:00+07:00,0.034,9311.6,3678.3,0.0,3797.6,0.0
TH570904,โป่งผา,Pong Pha,212,2024-09-17T20:00:00+07:00,0.033,9311.6,3678.3,0.0,3797.6,0.0
TH570904,โป่งผา,Pong Pha,213,2024-09-17T21:00:00+07:00,0.033,9311.6,3678.3,0.0,3797.6,0.0
TH570904,โป่งผา,Pong Pha,214,2024-09-17T22:00:00+07:00,0.032,9311.6,3678.3,0.0,3797.6,0.0
TH570904,โป่งผา,Pong Pha,215,2024-09-17T23:00:00+07:00,0.031,9311.6,3678.3,0.0,3797.6,0.0
TH570904,โป่งผา,Pong Pha,216,2024-09-18T00:00:00+07:00,0.03,9311.6,3678.3,0.0,3797.6,0.0
TH570904,โป่งผา,Pong Pha,217,2024-09-18T01:00:00+07:00,0.029,9311.6,3678.3,0.0,3797.6,0.0
TH570904,โป่งผา,Pong Pha,218,2024-09-18T02:00:00+07:00,0.028,9311.6,3678.3,0.0,3797.6,0.0
TH570904,โป่งผา,Pong Pha,219,2024-09-18T03:00:00+07:00,0.028,9311.6,3678.3,0.0,3797.6,0.0
TH570904,โป่งผา,Pong Pha,220,2024-09-18T04:00:00+07:00,0.027,9311.6,3678.3,0.0,3797.6,0.0
TH570904,โป่งผา,Pong Pha,221,2024-09-18T05:00:00+07:00,0.026,9311.6,3678.3,0.0,3797.6,0.0
TH570904,โป่งผา,Pong Pha,222,2024-09-18T06:00:00+07:00,0.025,9311.6,3678.3,0.0,3797.6,0.0
TH570904,โป่งผา,Pong Pha,223,2024-09-18T07:00:00+07:00,0.024,9311.6,3678.3,0.0,3797.6,0.0
TH570904,โป่งผา,Pong Pha,224,2024-09-18T08:00:00+07:00,0.023,9311.6,3678.3,0.0,3797.6,0.0
TH570904,โป่งผา,Pong Pha,225,2024-09-18T09:00:00+07:00,0.022,9311.6,3678.3,0.0,3797.6,0.0
TH570904,โป่งผา,Pong Pha,226,2024-09-18T10:00:00+07:00,0.022,9311.6,3678.3,0.0,3797.6,0.0
TH570904,โป่งผา,Pong Pha,227,2024-09-18T11:00:00+07:00,0.021,9311.6,3678.3,0.0,3797.6,0.0
TH570904,โป่งผา,Pong Pha,228,2024-09-18T12:00:00+07:00,0.02,9311.6,3678.3,0.0,3797.6,0.0
TH570904,โป่งผา,Pong Pha,229,2024-09-18T13:00:00+07:00,0.019,9311.6,3678.3,0.0,3797.6,0.0
TH570904,โป่งผา,Pong Pha,230,2024-09-18T14:00:00+07:00,0.018,9311.6,3678.3,0.0,3797.6,0.0
TH570904,โป่งผา,Pong Pha,231,2024-09-18T15:00:00+07:00,0.018,9311.6,3678.3,0.0,3797.6,0.0
TH570904,โป่งผา,Pong Pha,232,2024-09-18T16:00:00+07:00,0.017,9311.6,3678.3,0.0,3797.6,0.0
TH570904,โป่งผา,Pong Pha,233,2024-09-18T17:00:00+07:00,0.016,9311.6,3678.3,0.0,3797.6,0.0
TH570904,โป่งผา,Pong Pha,234,2024-09-18T18:00:00+07:00,0.015,9311.6,3678.3,0.0,3797.6,0.0
TH570904,โป่งผา,Pong Pha,235,2024-09-18T19:00:00+07:00,0.014,9311.6,3678.3,0.0,3797.6,0.0
TH570904,โป่งผา,Pong Pha,236,2024-09-18T20:00:00+07:00,0.013,9311.6,3678.3,0.0,3797.6,0.0
TH570904,โป่งผา,Pong Pha,237,2024-09-18T21:00:00+07:00,0.013,9311.6,3678.3,0.0,3797.6,0.0
TH570904,โป่งผา,Pong Pha,238,2024-09-18T22:00:00+07:00,0.012,9311.6,3678.3,0.0,3797.6,0.0
TH570904,โป่งผา,Pong Pha,239,2024-09-18T23:00:00+07:00,0.011,9311.6,3678.3,0.0,3797.6,0.0
TH570904,โป่งผา,Pong Pha,240,2024-09-19T00:00:00+07:00,0.01,9311.6,3678.3,0.0,3797.6,0.0
TH570904,โป่งผา,Pong Pha,241,2024-09-19T01:00:00+07:00,0.009,9311.6,3678.3,0.0,3797.6,0.0
TH570904,โป่งผา,Pong Pha,242,2024-09-19T02:00:00+07:00,0.008,9311.6,3678.3,0.0,3797.6,0.0
TH570904,โป่งผา,Pong Pha,243,2024-09-19T03:00:00+07:00,0.007,9311.6,3678.3,0.0,3797.6,0.0
TH570904,โป่งผา,Pong Pha,244,2024-09-19T04:00:00+07:00,0.007,9311.6,3678.3,0.0,3797.6,0.0
TH570904,โป่งผา,Pong Pha,245,2024-09-19T05:00:00+07:00,0.006,9311.6,3678.3,0.0,3797.6,0.0
TH570904,โป่งผา,Pong Pha,246,2024-09-19T06:00:00+07:00,0.005,9311.6,3678.3,0.0,3797.6,0.0
TH570904,โป่งผา,Pong Pha,247,2024-09-19T07:00:00+07:00,0.004,9311.6,3678.3,0.0,3797.6,0.0
TH570904,โป่งผา,Pong Pha,248,2024-09-19T08:00:00+07:00,0.003,9311.6,3678.3,0.0,3797.6,0.0
TH570904,โป่งผา,Pong Pha,249,2024-09-19T09:00:00+07:00,0.002,9311.6,3678.3,0.0,3797.6,0.0
TH570904,โป่งผา,Pong Pha,250,2024-09-19T10:00:00+07:00,0.002,9311.6,3678.3,0.0,3797.6,0.0
TH570904,โป่งผา,Pong Pha,251,2024-09-19T11:00:00+07:00,0.001,9311.6,3678.3,0.0,3797.6,0.0
TH570904,โป่งผา,Pong Pha,252,2024-09-19T12:00:00+07:00,0.0,9311.6,3678.3,0.0,3797.6,0.0
TH570904,โป่งผา,Pong Pha,253,2024-09-19T13:00:00+07:00,0.0,9311.6,3678.3,0.0,3797.6,0.0
TH570904,โป่งผา,Pong Pha,254,2024-09-19T14:00:00+07:00,0.0,9311.6,3678.3,0.0,3797.6,0.0
TH570904,โป่งผา,Pong Pha,255,2024-09-19T15:00:00+07:00,0.0,9311.6,3678.3,0.0,3797.6,0.0
TH570904,โป่งผา,Pong Pha,256,2024-09-19T16:00:00+07:00,0.0,9311.6,3678.3,0.0,3797.6,0.0
TH570904,โป่งผา,Pong Pha,257,2024-09-19T17:00:00+07:00,0.0,9311.6,3678.3,0.0,3797.6,0.0
TH570904,โป่งผา,Pong Pha,258,2024-09-19T18:00:00+07:00,0.0,9311.6,3678.3,0.0,3797.6,0.0
TH570904,โป่งผา,Pong Pha,259,2024-09-19T19:00:00+07:00,0.0,9311.6,3678.3,0.0,3797.6,0.0
TH570904,โป่งผา,Pong Pha,260,2024-09-19T20:00:00+07:00,0.0,9311.6,3678.3,0.0,3797.6,0.0
TH570904,โป่งผา,Pong Pha,261,2024-09-19T21:00:00+07:00,0.0,9311.6,3678.3,0.0,3797.6,0.0
TH570904,โป่งผา,Pong Pha,262,2024-09-19T22:00:00+07:00,0.0,9311.6,3678.3,0.0,3797.6,0.0
TH570904,โป่งผา,Pong Pha,263,2024-09-19T23:00:00+07:00,0.0,9311.6,3678.3,0.0,3797.6,0.0
TH570905,ศรีเมืองชุม,Si Mueang Chum,0,2024-09-09T00:00:00+07:00,0.0,7157.0,1584.4,0.0,3702.9,0.0
TH570905,ศรีเมืองชุม,Si Mueang Chum,1,2024-09-09T01:00:00+07:00,0.0,7157.0,1584.4,0.0,3702.9,0.0
TH570905,ศรีเมืองชุม,Si Mueang Chum,2,2024-09-09T02:00:00+07:00,0.0,7157.0,1584.4,0.0,3702.9,0.0
TH570905,ศรีเมืองชุม,Si Mueang Chum,3,2024-09-09T03:00:00+07:00,0.0,7157.0,1584.4,0.0,3702.9,0.0
TH570905,ศรีเมืองชุม,Si Mueang Chum,4,2024-09-09T04:00:00+07:00,0.0,7157.0,1584.4,0.0,3702.9,0.0
TH570905,ศรีเมืองชุม,Si Mueang Chum,5,2024-09-09T05:00:00+07:00,0.0,7157.0,1584.4,0.0,3702.9,0.0
TH570905,ศรีเมืองชุม,Si Mueang Chum,6,2024-09-09T06:00:00+07:00,0.0,7157.0,1584.4,0.0,3702.9,0.0
TH570905,ศรีเมืองชุม,Si Mueang Chum,7,2024-09-09T07:00:00+07:00,0.0,7157.0,1584.4,0.0,3702.9,0.0
TH570905,ศรีเมืองชุม,Si Mueang Chum,8,2024-09-09T08:00:00+07:00,0.0,7157.0,1584.4,0.0,3702.9,0.0
TH570905,ศรีเมืองชุม,Si Mueang Chum,9,2024-09-09T09:00:00+07:00,0.0,7157.0,1584.4,0.0,3702.9,0.0
TH570905,ศรีเมืองชุม,Si Mueang Chum,10,2024-09-09T10:00:00+07:00,0.0,7157.0,1584.4,0.0,3702.9,0.0
TH570905,ศรีเมืองชุม,Si Mueang Chum,11,2024-09-09T11:00:00+07:00,0.0,7157.0,1584.4,0.0,3702.9,0.0
TH570905,ศรีเมืองชุม,Si Mueang Chum,12,2024-09-09T12:00:00+07:00,0.0,7157.0,1584.4,0.0,3702.9,0.0
TH570905,ศรีเมืองชุม,Si Mueang Chum,13,2024-09-09T13:00:00+07:00,0.0,7157.0,1584.4,0.0,3702.9,0.0
TH570905,ศรีเมืองชุม,Si Mueang Chum,14,2024-09-09T14:00:00+07:00,0.0,7157.0,1584.4,0.0,3702.9,0.0
TH570905,ศรีเมืองชุม,Si Mueang Chum,15,2024-09-09T15:00:00+07:00,0.0,7157.0,1584.4,0.0,3702.9,0.0
TH570905,ศรีเมืองชุม,Si Mueang Chum,16,2024-09-09T16:00:00+07:00,0.0,7157.0,1584.4,0.0,3702.9,0.0
TH570905,ศรีเมืองชุม,Si Mueang Chum,17,2024-09-09T17:00:00+07:00,0.0,7157.0,1584.4,0.0,3702.9,0.0
TH570905,ศรีเมืองชุม,Si Mueang Chum,18,2024-09-09T18:00:00+07:00,0.0,7157.0,1584.4,0.0,3702.9,0.0
TH570905,ศรีเมืองชุม,Si Mueang Chum,19,2024-09-09T19:00:00+07:00,0.0,7157.0,1584.4,0.0,3702.9,0.0
TH570905,ศรีเมืองชุม,Si Mueang Chum,20,2024-09-09T20:00:00+07:00,0.0,7157.0,1584.4,0.0,3702.9,0.0
TH570905,ศรีเมืองชุม,Si Mueang Chum,21,2024-09-09T21:00:00+07:00,0.0,7157.0,1584.4,0.0,3702.9,0.0
TH570905,ศรีเมืองชุม,Si Mueang Chum,22,2024-09-09T22:00:00+07:00,0.0,7157.0,1584.4,0.0,3702.9,0.0
TH570905,ศรีเมืองชุม,Si Mueang Chum,23,2024-09-09T23:00:00+07:00,0.0,7157.0,1584.4,0.0,3702.9,0.0
TH570905,ศรีเมืองชุม,Si Mueang Chum,24,2024-09-10T00:00:00+07:00,0.0,7157.0,1584.4,0.0,3702.9,0.0
TH570905,ศรีเมืองชุม,Si Mueang Chum,25,2024-09-10T01:00:00+07:00,0.008,7157.0,1584.4,0.0,3702.9,0.0
TH570905,ศรีเมืองชุม,Si Mueang Chum,26,2024-09-10T02:00:00+07:00,0.017,7157.0,1584.4,0.0,3702.9,0.0
TH570905,ศรีเมืองชุม,Si Mueang Chum,27,2024-09-10T03:00:00+07:00,0.025,7157.0,1584.4,0.0,3702.9,0.0
TH570905,ศรีเมืองชุม,Si Mueang Chum,28,2024-09-10T04:00:00+07:00,0.033,7157.0,1584.4,0.0,3702.9,0.0
TH570905,ศรีเมืองชุม,Si Mueang Chum,29,2024-09-10T05:00:00+07:00,0.042,7157.0,1584.4,0.0,3702.9,0.0
TH570905,ศรีเมืองชุม,Si Mueang Chum,30,2024-09-10T06:00:00+07:00,0.05,7157.0,1584.4,0.0,3702.9,0.0
TH570905,ศรีเมืองชุม,Si Mueang Chum,31,2024-09-10T07:00:00+07:00,0.058,7157.0,1584.4,0.0,3702.9,0.0
TH570905,ศรีเมืองชุม,Si Mueang Chum,32,2024-09-10T08:00:00+07:00,0.067,7157.0,1584.4,0.0,3702.9,0.0
TH570905,ศรีเมืองชุม,Si Mueang Chum,33,2024-09-10T09:00:00+07:00,0.075,7157.0,1584.4,0.0,3702.9,0.0
TH570905,ศรีเมืองชุม,Si Mueang Chum,34,2024-09-10T10:00:00+07:00,0.083,7157.0,1584.4,0.0,3702.9,0.0
TH570905,ศรีเมืองชุม,Si Mueang Chum,35,2024-09-10T11:00:00+07:00,0.092,7157.0,1584.4,0.0,3702.9,0.0
TH570905,ศรีเมืองชุม,Si Mueang Chum,36,2024-09-10T12:00:00+07:00,0.1,7157.0,1584.4,0.0,3702.9,0.0
TH570905,ศรีเมืองชุม,Si Mueang Chum,37,2024-09-10T13:00:00+07:00,0.1,7157.0,1584.4,0.0,3702.9,0.0
TH570905,ศรีเมืองชุม,Si Mueang Chum,38,2024-09-10T14:00:00+07:00,0.1,7157.0,1584.4,0.0,3702.9,0.0
TH570905,ศรีเมืองชุม,Si Mueang Chum,39,2024-09-10T15:00:00+07:00,0.1,7157.0,1584.4,0.0,3702.9,0.0
TH570905,ศรีเมืองชุม,Si Mueang Chum,40,2024-09-10T16:00:00+07:00,0.1,7157.0,1584.4,0.0,3702.9,0.0
TH570905,ศรีเมืองชุม,Si Mueang Chum,41,2024-09-10T17:00:00+07:00,0.1,7157.0,1584.4,0.0,3702.9,0.0
TH570905,ศรีเมืองชุม,Si Mueang Chum,42,2024-09-10T18:00:00+07:00,0.1,7157.0,1584.4,0.0,3702.9,0.0
TH570905,ศรีเมืองชุม,Si Mueang Chum,43,2024-09-10T19:00:00+07:00,0.332,7157.0,1584.4,0.0,3702.9,0.0
TH570905,ศรีเมืองชุม,Si Mueang Chum,44,2024-09-10T20:00:00+07:00,0.642,7157.0,1584.4,13.7,3702.9,125.7
TH570905,ศรีเมืองชุม,Si Mueang Chum,45,2024-09-10T21:00:00+07:00,0.952,7157.0,1584.4,33.7,3702.9,315.2
TH570905,ศรีเมืองชุม,Si Mueang Chum,46,2024-09-10T22:00:00+07:00,1.261,7157.0,1584.4,37.0,3702.9,394.4
TH570905,ศรีเมืองชุม,Si Mueang Chum,47,2024-09-10T23:00:00+07:00,1.571,7157.0,1584.4,98.5,3702.9,515.0
TH570905,ศรีเมืองชุม,Si Mueang Chum,48,2024-09-11T00:00:00+07:00,1.881,7157.0,1584.4,108.4,3702.9,715.3
TH570905,ศรีเมืองชุม,Si Mueang Chum,49,2024-09-11T01:00:00+07:00,2.19,7157.0,1584.4,127.1,3702.9,1255.4
TH570905,ศรีเมืองชุม,Si Mueang Chum,50,2024-09-11T02:00:00+07:00,2.5,7157.0,1584.4,332.1,3702.9,1573.2
TH570905,ศรีเมืองชุม,Si Mueang Chum,51,2024-09-11T03:00:00+07:00,2.57,7157.0,1584.4,337.9,3702.9,1594.2
TH570905,ศรีเมืองชุม,Si Mueang Chum,52,2024-09-11T04:00:00+07:00,2.64,7157.0,1584.4,348.7,3702.9,1612.6
TH570905,ศรีเมืองชุม,Si Mueang Chum,53,2024-09-11T05:00:00+07:00,2.71,7157.0,1584.4,348.7,3702.9,1616.3
TH570905,ศรีเมืองชุม,Si Mueang Chum,54,2024-09-11T06:00:00+07:00,2.78,7157.0,1584.4,351.6,3702.9,1619.2
TH570905,ศรีเมืองชุม,Si Mueang Chum,55,2024-09-11T07:00:00+07:00,2.85,7157.0,1584.4,351.6,3702.9,1619.2
TH570905,ศรีเมืองชุม,Si Mueang Chum,56,2024-09-11T08:00:00+07:00,2.92,7157.0,1584.4,351.6,3702.9,1635.2
TH570905,ศรีเมืองชุม,Si Mueang Chum,57,2024-09-11T09:00:00+07:00,2.99,7157.0,1584.4,351.6,3702.9,1647.8
TH570905,ศรีเมืองชุม,Si Mueang Chum,58,2024-09-11T10:00:00+07:00,3.06,7157.0,1584.4,351.6,3702.9,1705.3
TH570905,ศรีเมืองชุม,Si Mueang Chum,59,2024-09-11T11:00:00+07:00,3.13,7157.0,1584.4,351.6,3702.9,1705.3
TH570905,ศรีเมืองชุม,Si Mueang Chum,60,2024-09-11T12:00:00+07:00,3.2,7157.0,1584.4,355.1,3702.9,1828.3
TH570905,ศรีเมืองชุม,Si Mueang Chum,61,2024-09-11T13:00:00+07:00,3.212,7157.0,1584.4,355.1,3702.9,1828.3
TH570905,ศรีเมืองชุม,Si Mueang Chum,62,2024-09-11T14:00:00+07:00,3.225,7157.0,1584.4,355.1,3702.9,1828.3
TH570905,ศรีเมืองชุม,Si Mueang Chum,63,2024-09-11T15:00:00+07:00,3.238,7157.0,1584.4,355.1,3702.9,1828.3
TH570905,ศรีเมืองชุม,Si Mueang Chum,64,2024-09-11T16:00:00+07:00,3.25,7157.0,1584.4,366.8,3702.9,1840.0
TH570905,ศรีเมืองชุม,Si Mueang Chum,65,2024-09-11T17:00:00+07:00,3.263,7157.0,1584.4,366.8,3702.9,1840.0
TH570905,ศรีเมืองชุม,Si Mueang Chum,66,2024-09-11T18:00:00+07:00,3.275,7157.0,1584.4,366.8,3702.9,1840.0
TH570905,ศรีเมืองชุม,Si Mueang Chum,67,2024-09-11T19:00:00+07:00,3.288,7157.0,1584.4,366.8,3702.9,1840.0
TH570905,ศรีเมืองชุม,Si Mueang Chum,68,2024-09-11T20:00:00+07:00,3.3,7157.0,1584.4,389.3,3702.9,1872.9
TH570905,ศรีเมืองชุม,Si Mueang Chum,69,2024-09-11T21:00:00+07:00,3.312,7157.0,1584.4,389.3,3702.9,1872.9
TH570905,ศรีเมืองชุม,Si Mueang Chum,70,2024-09-11T22:00:00+07:00,3.325,7157.0,1584.4,389.3,3702.9,1872.9
TH570905,ศรีเมืองชุม,Si Mueang Chum,71,2024-09-11T23:00:00+07:00,3.338,7157.0,1584.4,389.3,3702.9,1872.9
TH570905,ศรีเมืองชุม,Si Mueang Chum,72,2024-09-12T00:00:00+07:00,3.35,7157.0,1584.4,389.3,3702.9,1887.0
TH570905,ศรีเมืองชุม,Si Mueang Chum,73,2024-09-12T01:00:00+07:00,3.362,7157.0,1584.4,389.3,3702.9,1887.0
TH570905,ศรีเมืองชุม,Si Mueang Chum,74,2024-09-12T02:00:00+07:00,3.375,7157.0,1584.4,389.3,3702.9,1887.0
TH570905,ศรีเมืองชุม,Si Mueang Chum,75,2024-09-12T03:00:00+07:00,3.388,7157.0,1584.4,389.3,3702.9,1887.0
TH570905,ศรีเมืองชุม,Si Mueang Chum,76,2024-09-12T04:00:00+07:00,3.4,7157.0,1584.4,389.3,3702.9,1892.7
TH570905,ศรีเมืองชุม,Si Mueang Chum,77,2024-09-12T05:00:00+07:00,3.413,7157.0,1584.4,389.3,3702.9,1892.7
TH570905,ศรีเมืองชุม,Si Mueang Chum,78,2024-09-12T06:00:00+07:00,3.425,7157.0,1584.4,389.3,3702.9,1892.7
TH570905,ศรีเมืองชุม,Si Mueang Chum,79,2024-09-12T07:00:00+07:00,3.438,7157.0,1584.4,389.3,3702.9,1892.7
TH570905,ศรีเมืองชุม,Si Mueang Chum,80,2024-09-12T08:00:00+07:00,3.45,7157.0,1584.4,407.1,3702.9,1965.5
TH570905,ศรีเมืองชุม,Si Mueang Chum,81,2024-09-12T09:00:00+07:00,3.462,7157.0,1584.4,407.1,3702.9,1965.5
TH570905,ศรีเมืองชุม,Si Mueang Chum,82,2024-09-12T10:00:00+07:00,3.475,7157.0,1584.4,407.1,3702.9,1965.5
TH570905,ศรีเมืองชุม,Si Mueang Chum,83,2024-09-12T11:00:00+07:00,3.487,7157.0,1584.4,407.1,3702.9,1965.5
TH570905,ศรีเมืองชุม,Si Mueang Chum,84,2024-09-12T12:00:00+07:00,3.5,7157.0,1584.4,407.1,3702.9,1965.5
TH570905,ศรีเมืองชุม,Si Mueang Chum,85,2024-09-12T13:00:00+07:00,3.429,7157.0,1584.4,389.3,3702.9,1892.7
TH570905,ศรีเมืองชุม,Si Mueang Chum,86,2024-09-12T14:00:00+07:00,3.358,7157.0,1584.4,389.3,3702.9,1887.0
TH570905,ศรีเมืองชุม,Si Mueang Chum,87,2024-09-12T15:00:00+07:00,3.288,7157.0,1584.4,366.8,3702.9,1840.0
TH570905,ศรีเมืองชุม,Si Mueang Chum,88,2024-09-12T16:00:00+07:00,3.217,7157.0,1584.4,355.1,3702.9,1828.3
TH570905,ศรีเมืองชุม,Si Mueang Chum,89,2024-09-12T17:00:00+07:00,3.146,7157.0,1584.4,351.6,3702.9,1705.3
TH570905,ศรีเมืองชุม,Si Mueang Chum,90,2024-09-12T18:00:00+07:00,3.075,7157.0,1584.4,351.6,3702.9,1705.3
TH570905,ศรีเมืองชุม,Si Mueang Chum,91,2024-09-12T19:00:00+07:00,3.004,7157.0,1584.4,351.6,3702.9,1647.8
TH570905,ศรีเมืองชุม,Si Mueang Chum,92,2024-09-12T20:00:00+07:00,2.933,7157.0,1584.4,351.6,3702.9,1635.2
TH570905,ศรีเมืองชุม,Si Mueang Chum,93,2024-09-12T21:00:00+07:00,2.862,7157.0,1584.4,351.6,3702.9,1619.2
TH570905,ศรีเมืองชุม,Si Mueang Chum,94,2024-09-12T22:00:00+07:00,2.792,7157.0,1584.4,351.6,3702.9,1619.2
TH570905,ศรีเมืองชุม,Si Mueang Chum,95,2024-09-12T23:00:00+07:00,2.721,7157.0,1584.4,348.7,3702.9,1616.3
TH570905,ศรีเมืองชุม,Si Mueang Chum,96,2024-09-13T00:00:00+07:00,2.65,7157.0,1584.4,348.7,3702.9,1616.3
TH570905,ศรีเมืองชุม,Si Mueang Chum,97,2024-09-13T01:00:00+07:00,2.579,7157.0,1584.4,337.9,3702.9,1594.2
TH570905,ศรีเมืองชุม,Si Mueang Chum,98,2024-09-13T02:00:00+07:00,2.508,7157.0,1584.4,332.1,3702.9,1573.2
TH570905,ศรีเมืองชุม,Si Mueang Chum,99,2024-09-13T03:00:00+07:00,2.438,7157.0,1584.4,179.7,3702.9,1370.0
TH570905,ศรีเมืองชุม,Si Mueang Chum,100,2024-09-13T04:00:00+07:00,2.367,7157.0,1584.4,177.7,3702.9,1366.9
TH570905,ศรีเมืองชุม,Si Mueang Chum,101,2024-09-13T05:00:00+07:00,2.296,7157.0,1584.4,163.6,3702.9,1314.7
TH570905,ศรีเมืองชุม,Si Mueang Chum,102,2024-09-13T06:00:00+07:00,2.225,7157.0,1584.4,127.1,3702.9,1276.5
TH570905,ศรีเมืองชุม,Si Mueang Chum,103,2024-09-13T07:00:00+07:00,2.154,7157.0,1584.4,127.1,3702.9,1255.4
TH570905,ศรีเมืองชุม,Si Mueang Chum,104,2024-09-13T08:00:00+07:00,2.083,7157.0,1584.4,119.4,3702.9,1111.5
TH570905,ศรีเมืองชุม,Si Mueang Chum,105,2024-09-13T09:00:00+07:00,2.013,7157.0,1584.4,113.3,3702.9,1097.5
TH570905,ศรีเมืองชุม,Si Mueang Chum,106,2024-09-13T10:00:00+07:00,1.942,7157.0,1584.4,110.4,3702.9,1020.7
TH570905,ศรีเมืองชุม,Si Mueang Chum,107,2024-09-13T11:00:00+07:00,1.871,7157.0,1584.4,108.4,3702.9,715.3
TH570905,ศรีเมืองชุม,Si Mueang Chum,108,2024-09-13T12:00:00+07:00,1.8,7157.0,1584.4,108.4,3702.9,707.3
TH570905,ศรีเมืองชุม,Si Mueang Chum,109,2024-09-13T13:00:00+07:00,1.762,7157.0,1584.4,98.5,3702.9,582.7
TH570905,ศรีเมืองชุม,Si Mueang Chum,110,2024-09-13T14:00:00+07:00,1.725,7157.0,1584.4,98.5,3702.9,556.7
TH570905,ศรีเมืองชุม,Si Mueang Chum,111,2024-09-13T15:00:00+07:00,1.688,7157.0,1584.4,98.5,3702.9,523.5
TH570905,ศรีเมืองชุม,Si Mueang Chum,112,2024-09-13T16:00:00+07:00,1.65,7157.0,1584.4,98.5,3702.9,523.5
TH570905,ศรีเมืองชุม,Si Mueang Chum,113,2024-09-13T17:00:00+07:00,1.613,7157.0,1584.4,98.5,3702.9,515.0
TH570905,ศรีเมืองชุม,Si Mueang Chum,114,2024-09-13T18:00:00+07:00,1.575,7157.0,1584.4,98.5,3702.9,515.0
TH570905,ศรีเมืองชุม,Si Mueang Chum,115,2024-09-13T19:00:00+07:00,1.537,7157.0,1584.4,98.5,3702.9,495.9
TH570905,ศรีเมืองชุม,Si Mueang Chum,116,2024-09-13T20:00:00+07:00,1.5,7157.0,1584.4,98.5,3702.9,495.9
TH570905,ศรีเมืองชุม,Si Mueang Chum,117,2024-09-13T21:00:00+07:00,1.462,7157.0,1584.4,98.5,3702.9,495.9
TH570905,ศรีเมืองชุม,Si Mueang Chum,118,2024-09-13T22:00:00+07:00,1.425,7157.0,1584.4,92.9,3702.9,484.5
TH570905,ศรีเมืองชุม,Si Mueang Chum,119,2024-09-13T23:00:00+07:00,1.388,7157.0,1584.4,92.9,3702.9,462.6
TH570905,ศรีเมืองชุม,Si Mueang Chum,120,2024-09-14T00:00:00+07:00,1.35,7157.0,1584.4,92.9,3702.9,462.6
TH570905,ศรีเมืองชุม,Si Mueang Chum,121,2024-09-14T01:00:00+07:00,1.312,7157.0,1584.4,92.9,3702.9,450.0
TH570905,ศรีเมืองชุม,Si Mueang Chum,122,2024-09-14T02:00:00+07:00,1.275,7157.0,1584.4,37.0,3702.9,394.4
TH570905,ศรีเมืองชุม,Si Mueang Chum,123,2024-09-14T03:00:00+07:00,1.238,7157.0,1584.4,37.0,3702.9,394.4
TH570905,ศรีเมืองชุม,Si Mueang Chum,124,2024-09-14T04:00:00+07:00,1.2,7157.0,1584.4,37.0,3702.9,394.4
TH570905,ศรีเมืองชุม,Si Mueang Chum,125,2024-09-14T05:00:00+07:00,1.163,7157.0,1584.4,37.0,3702.9,357.3
TH570905,ศรีเมืองชุม,Si Mueang Chum,126,2024-09-14T06:00:00+07:00,1.125,7157.0,1584.4,37.0,3702.9,357.3
TH570905,ศรีเมืองชุม,Si Mueang Chum,127,2024-09-14T07:00:00+07:00,1.087,7157.0,1584.4,37.0,3702.9,334.0
TH570905,ศรีเมืองชุม,Si Mueang Chum,128,2024-09-14T08:00:00+07:00,1.05,7157.0,1584.4,37.0,3702.9,334.0
TH570905,ศรีเมืองชุม,Si Mueang Chum,129,2024-09-14T09:00:00+07:00,1.013,7157.0,1584.4,33.7,3702.9,321.2
TH570905,ศรีเมืองชุม,Si Mueang Chum,130,2024-09-14T10:00:00+07:00,0.975,7157.0,1584.4,33.7,3702.9,315.2
TH570905,ศรีเมืองชุม,Si Mueang Chum,131,2024-09-14T11:00:00+07:00,0.938,7157.0,1584.4,33.7,3702.9,285.5
TH570905,ศรีเมืองชุม,Si Mueang Chum,132,2024-09-14T12:00:00+07:00,0.9,7157.0,1584.4,33.7,3702.9,285.5
TH570905,ศรีเมืองชุม,Si Mueang Chum,133,2024-09-14T13:00:00+07:00,0.873,7157.0,1584.4,33.7,3702.9,275.6
TH570905,ศรีเมืองชุม,Si Mueang Chum,134,2024-09-14T14:00:00+07:00,0.846,7157.0,1584.4,13.7,3702.9,216.9
TH570905,ศรีเมืองชุม,Si Mueang Chum,135,2024-09-14T15:00:00+07:00,0.819,7157.0,1584.4,13.7,3702.9,216.9
TH570905,ศรีเมืองชุม,Si Mueang Chum,136,2024-09-14T16:00:00+07:00,0.792,7157.0,1584.4,13.7,3702.9,192.9
TH570905,ศรีเมืองชุม,Si Mueang Chum,137,2024-09-14T17:00:00+07:00,0.765,7157.0,1584.4,13.7,3702.9,192.9
TH570905,ศรีเมืองชุม,Si Mueang Chum,138,2024-09-14T18:00:00+07:00,0.738,7157.0,1584.4,13.7,3702.9,182.5
TH570905,ศรีเมืองชุม,Si Mueang Chum,139,2024-09-14T19:00:00+07:00,0.71,7157.0,1584.4,13.7,3702.9,182.5
TH570905,ศรีเมืองชุม,Si Mueang Chum,140,2024-09-14T20:00:00+07:00,0.683,7157.0,1584.4,13.7,3702.9,150.9
TH570905,ศรีเมืองชุม,Si Mueang Chum,141,2024-09-14T21:00:00+07:00,0.656,7157.0,1584.4,13.7,3702.9,150.9
TH570905,ศรีเมืองชุม,Si Mueang Chum,142,2024-09-14T22:00:00+07:00,0.629,7157.0,1584.4,13.7,3702.9,125.7
TH570905,ศรีเมืองชุม,Si Mueang Chum,143,2024-09-14T23:00:00+07:00,0.602,7157.0,1584.4,13.7,3702.9,125.7
TH570905,ศรีเมืองชุม,Si Mueang Chum,144,2024-09-15T00:00:00+07:00,0.575,7157.0,1584.4,13.7,3702.9,110.9
TH570905,ศรีเมืองชุม,Si Mueang Chum,145,2024-09-15T01:00:00+07:00,0.548,7157.0,1584.4,13.7,3702.9,110.9
TH570905,ศรีเมืองชุม,Si Mueang Chum,146,2024-09-15T02:00:00+07:00,0.521,7157.0,1584.4,13.7,3702.9,110.9
TH570905,ศรีเมืองชุม,Si Mueang Chum,147,2024-09-15T03:00:00+07:00,0.494,7157.0,1584.4,0.0,3702.9,0.9
TH570905,ศรีเมืองชุม,Si Mueang Chum,148,2024-09-15T04:00:00+07:00,0.467,7157.0,1584.4,0.0,3702.9,0.9
TH570905,ศรีเมืองชุม,Si Mueang Chum,149,2024-09-15T05:00:00+07:00,0.44,7157.0,1584.4,0.0,3702.9,0.0
TH570905,ศรีเมืองชุม,Si Mueang Chum,150,2024-09-15T06:00:00+07:00,0.412,7157.0,1584.4,0.0,3702.9,0.0
TH570905,ศรีเมืองชุม,Si Mueang Chum,151,2024-09-15T07:00:00+07:00,0.385,7157.0,1584.4,0.0,3702.9,0.0
TH570905,ศรีเมืองชุม,Si Mueang Chum,152,2024-09-15T08:00:00+07:00,0.358,7157.0,1584.4,0.0,3702.9,0.0
TH570905,ศรีเมืองชุม,Si Mueang Chum,153,2024-09-15T09:00:00+07:00,0.331,7157.0,1584.4,0.0,3702.9,0.0
TH570905,ศรีเมืองชุม,Si Mueang Chum,154,2024-09-15T10:00:00+07:00,0.304,7157.0,1584.4,0.0,3702.9,0.0
TH570905,ศรีเมืองชุม,Si Mueang Chum,155,2024-09-15T11:00:00+07:00,0.277,7157.0,1584.4,0.0,3702.9,0.0
TH570905,ศรีเมืองชุม,Si Mueang Chum,156,2024-09-15T12:00:00+07:00,0.25,7157.0,1584.4,0.0,3702.9,0.0
TH570905,ศรีเมืองชุม,Si Mueang Chum,157,2024-09-15T13:00:00+07:00,0.243,7157.0,1584.4,0.0,3702.9,0.0
TH570905,ศรีเมืองชุม,Si Mueang Chum,158,2024-09-15T14:00:00+07:00,0.236,7157.0,1584.4,0.0,3702.9,0.0
TH570905,ศรีเมืองชุม,Si Mueang Chum,159,2024-09-15T15:00:00+07:00,0.229,7157.0,1584.4,0.0,3702.9,0.0
TH570905,ศรีเมืองชุม,Si Mueang Chum,160,2024-09-15T16:00:00+07:00,0.222,7157.0,1584.4,0.0,3702.9,0.0
TH570905,ศรีเมืองชุม,Si Mueang Chum,161,2024-09-15T17:00:00+07:00,0.215,7157.0,1584.4,0.0,3702.9,0.0
TH570905,ศรีเมืองชุม,Si Mueang Chum,162,2024-09-15T18:00:00+07:00,0.208,7157.0,1584.4,0.0,3702.9,0.0
TH570905,ศรีเมืองชุม,Si Mueang Chum,163,2024-09-15T19:00:00+07:00,0.2,7157.0,1584.4,0.0,3702.9,0.0
TH570905,ศรีเมืองชุม,Si Mueang Chum,164,2024-09-15T20:00:00+07:00,0.193,7157.0,1584.4,0.0,3702.9,0.0
TH570905,ศรีเมืองชุม,Si Mueang Chum,165,2024-09-15T21:00:00+07:00,0.186,7157.0,1584.4,0.0,3702.9,0.0
TH570905,ศรีเมืองชุม,Si Mueang Chum,166,2024-09-15T22:00:00+07:00,0.179,7157.0,1584.4,0.0,3702.9,0.0
TH570905,ศรีเมืองชุม,Si Mueang Chum,167,2024-09-15T23:00:00+07:00,0.172,7157.0,1584.4,0.0,3702.9,0.0
TH570905,ศรีเมืองชุม,Si Mueang Chum,168,2024-09-16T00:00:00+07:00,0.165,7157.0,1584.4,0.0,3702.9,0.0
TH570905,ศรีเมืองชุม,Si Mueang Chum,169,2024-09-16T01:00:00+07:00,0.158,7157.0,1584.4,0.0,3702.9,0.0
TH570905,ศรีเมืองชุม,Si Mueang Chum,170,2024-09-16T02:00:00+07:00,0.151,7157.0,1584.4,0.0,3702.9,0.0
TH570905,ศรีเมืองชุม,Si Mueang Chum,171,2024-09-16T03:00:00+07:00,0.144,7157.0,1584.4,0.0,3702.9,0.0
TH570905,ศรีเมืองชุม,Si Mueang Chum,172,2024-09-16T04:00:00+07:00,0.137,7157.0,1584.4,0.0,3702.9,0.0
TH570905,ศรีเมืองชุม,Si Mueang Chum,173,2024-09-16T05:00:00+07:00,0.13,7157.0,1584.4,0.0,3702.9,0.0
TH570905,ศรีเมืองชุม,Si Mueang Chum,174,2024-09-16T06:00:00+07:00,0.122,7157.0,1584.4,0.0,3702.9,0.0
TH570905,ศรีเมืองชุม,Si Mueang Chum,175,2024-09-16T07:00:00+07:00,0.115,7157.0,1584.4,0.0,3702.9,0.0
TH570905,ศรีเมืองชุม,Si Mueang Chum,176,2024-09-16T08:00:00+07:00,0.108,7157.0,1584.4,0.0,3702.9,0.0
TH570905,ศรีเมืองชุม,Si Mueang Chum,177,2024-09-16T09:00:00+07:00,0.101,7157.0,1584.4,0.0,3702.9,0.0
TH570905,ศรีเมืองชุม,Si Mueang Chum,178,2024-09-16T10:00:00+07:00,0.094,7157.0,1584.4,0.0,3702.9,0.0
TH570905,ศรีเมืองชุม,Si Mueang Chum,179,2024-09-16T11:00:00+07:00,0.087,7157.0,1584.4,0.0,3702.9,0.0
TH570905,ศรีเมืองชุม,Si Mueang Chum,180,2024-09-16T12:00:00+07:00,0.08,7157.0,1584.4,0.0,3702.9,0.0
TH570905,ศรีเมืองชุม,Si Mueang Chum,181,2024-09-16T13:00:00+07:00,0.078,7157.0,1584.4,0.0,3702.9,0.0
TH570905,ศรีเมืองชุม,Si Mueang Chum,182,2024-09-16T14:00:00+07:00,0.077,7157.0,1584.4,0.0,3702.9,0.0
TH570905,ศรีเมืองชุม,Si Mueang Chum,183,2024-09-16T15:00:00+07:00,0.075,7157.0,1584.4,0.0,3702.9,0.0
TH570905,ศรีเมืองชุม,Si Mueang Chum,184,2024-09-16T16:00:00+07:00,0.073,7157.0,1584.4,0.0,3702.9,0.0
TH570905,ศรีเมืองชุม,Si Mueang Chum,185,2024-09-16T17:00:00+07:00,0.072,7157.0,1584.4,0.0,3702.9,0.0
TH570905,ศรีเมืองชุม,Si Mueang Chum,186,2024-09-16T18:00:00+07:00,0.07,7157.0,1584.4,0.0,3702.9,0.0
TH570905,ศรีเมืองชุม,Si Mueang Chum,187,2024-09-16T19:00:00+07:00,0.068,7157.0,1584.4,0.0,3702.9,0.0
TH570905,ศรีเมืองชุม,Si Mueang Chum,188,2024-09-16T20:00:00+07:00,0.067,7157.0,1584.4,0.0,3702.9,0.0
TH570905,ศรีเมืองชุม,Si Mueang Chum,189,2024-09-16T21:00:00+07:00,0.065,7157.0,1584.4,0.0,3702.9,0.0
TH570905,ศรีเมืองชุม,Si Mueang Chum,190,2024-09-16T22:00:00+07:00,0.063,7157.0,1584.4,0.0,3702.9,0.0
TH570905,ศรีเมืองชุม,Si Mueang Chum,191,2024-09-16T23:00:00+07:00,0.062,7157.0,1584.4,0.0,3702.9,0.0
TH570905,ศรีเมืองชุม,Si Mueang Chum,192,2024-09-17T00:00:00+07:00,0.06,7157.0,1584.4,0.0,3702.9,0.0
TH570905,ศรีเมืองชุม,Si Mueang Chum,193,2024-09-17T01:00:00+07:00,0.058,7157.0,1584.4,0.0,3702.9,0.0
TH570905,ศรีเมืองชุม,Si Mueang Chum,194,2024-09-17T02:00:00+07:00,0.057,7157.0,1584.4,0.0,3702.9,0.0
TH570905,ศรีเมืองชุม,Si Mueang Chum,195,2024-09-17T03:00:00+07:00,0.055,7157.0,1584.4,0.0,3702.9,0.0
TH570905,ศรีเมืองชุม,Si Mueang Chum,196,2024-09-17T04:00:00+07:00,0.053,7157.0,1584.4,0.0,3702.9,0.0
TH570905,ศรีเมืองชุม,Si Mueang Chum,197,2024-09-17T05:00:00+07:00,0.052,7157.0,1584.4,0.0,3702.9,0.0
TH570905,ศรีเมืองชุม,Si Mueang Chum,198,2024-09-17T06:00:00+07:00,0.05,7157.0,1584.4,0.0,3702.9,0.0
TH570905,ศรีเมืองชุม,Si Mueang Chum,199,2024-09-17T07:00:00+07:00,0.048,7157.0,1584.4,0.0,3702.9,0.0
TH570905,ศรีเมืองชุม,Si Mueang Chum,200,2024-09-17T08:00:00+07:00,0.047,7157.0,1584.4,0.0,3702.9,0.0
TH570905,ศรีเมืองชุม,Si Mueang Chum,201,2024-09-17T09:00:00+07:00,0.045,7157.0,1584.4,0.0,3702.9,0.0
TH570905,ศรีเมืองชุม,Si Mueang Chum,202,2024-09-17T10:00:00+07:00,0.043,7157.0,1584.4,0.0,3702.9,0.0
TH570905,ศรีเมืองชุม,Si Mueang Chum,203,2024-09-17T11:00:00+07:00,0.042,7157.0,1584.4,0.0,3702.9,0.0
TH570905,ศรีเมืองชุม,Si Mueang Chum,204,2024-09-17T12:00:00+07:00,0.04,7157.0,1584.4,0.0,3702.9,0.0
TH570905,ศรีเมืองชุม,Si Mueang Chum,205,2024-09-17T13:00:00+07:00,0.039,7157.0,1584.4,0.0,3702.9,0.0
TH570905,ศรีเมืองชุม,Si Mueang Chum,206,2024-09-17T14:00:00+07:00,0.038,7157.0,1584.4,0.0,3702.9,0.0
TH570905,ศรีเมืองชุม,Si Mueang Chum,207,2024-09-17T15:00:00+07:00,0.037,7157.0,1584.4,0.0,3702.9,0.0
TH570905,ศรีเมืองชุม,Si Mueang Chum,208,2024-09-17T16:00:00+07:00,0.037,7157.0,1584.4,0.0,3702.9,0.0
TH570905,ศรีเมืองชุม,Si Mueang Chum,209,2024-09-17T17:00:00+07:00,0.036,7157.0,1584.4,0.0,3702.9,0.0
TH570905,ศรีเมืองชุม,Si Mueang Chum,210,2024-09-17T18:00:00+07:00,0.035,7157.0,1584.4,0.0,3702.9,0.0
TH570905,ศรีเมืองชุม,Si Mueang Chum,211,2024-09-17T19:00:00+07:00,0.034,7157.0,1584.4,0.0,3702.9,0.0
TH570905,ศรีเมืองชุม,Si Mueang Chum,212,2024-09-17T20:00:00+07:00,0.033,7157.0,1584.4,0.0,3702.9,0.0
TH570905,ศรีเมืองชุม,Si Mueang Chum,213,2024-09-17T21:00:00+07:00,0.033,7157.0,1584.4,0.0,3702.9,0.0
TH570905,ศรีเมืองชุม,Si Mueang Chum,214,2024-09-17T22:00:00+07:00,0.032,7157.0,1584.4,0.0,3702.9,0.0
TH570905,ศรีเมืองชุม,Si Mueang Chum,215,2024-09-17T23:00:00+07:00,0.031,7157.0,1584.4,0.0,3702.9,0.0
TH570905,ศรีเมืองชุม,Si Mueang Chum,216,2024-09-18T00:00:00+07:00,0.03,7157.0,1584.4,0.0,3702.9,0.0
TH570905,ศรีเมืองชุม,Si Mueang Chum,217,2024-09-18T01:00:00+07:00,0.029,7157.0,1584.4,0.0,3702.9,0.0
TH570905,ศรีเมืองชุม,Si Mueang Chum,218,2024-09-18T02:00:00+07:00,0.028,7157.0,1584.4,0.0,3702.9,0.0
TH570905,ศรีเมืองชุม,Si Mueang Chum,219,2024-09-18T03:00:00+07:00,0.028,7157.0,1584.4,0.0,3702.9,0.0
TH570905,ศรีเมืองชุม,Si Mueang Chum,220,2024-09-18T04:00:00+07:00,0.027,7157.0,1584.4,0.0,3702.9,0.0
TH570905,ศรีเมืองชุม,Si Mueang Chum,221,2024-09-18T05:00:00+07:00,0.026,7157.0,1584.4,0.0,3702.9,0.0
TH570905,ศรีเมืองชุม,Si Mueang Chum,222,2024-09-18T06:00:00+07:00,0.025,7157.0,1584.4,0.0,3702.9,0.0
TH570905,ศรีเมืองชุม,Si Mueang Chum,223,2024-09-18T07:00:00+07:00,0.024,7157.0,1584.4,0.0,3702.9,0.0
TH570905,ศรีเมืองชุม,Si Mueang Chum,224,2024-09-18T08:00:00+07:00,0.023,7157.0,1584.4,0.0,3702.9,0.0
TH570905,ศรีเมืองชุม,Si Mueang Chum,225,2024-09-18T09:00:00+07:00,0.022,7157.0,1584.4,0.0,3702.9,0.0
TH570905,ศรีเมืองชุม,Si Mueang Chum,226,2024-09-18T10:00:00+07:00,0.022,7157.0,1584.4,0.0,3702.9,0.0
TH570905,ศรีเมืองชุม,Si Mueang Chum,227,2024-09-18T11:00:00+07:00,0.021,7157.0,1584.4,0.0,3702.9,0.0
TH570905,ศรีเมืองชุม,Si Mueang Chum,228,2024-09-18T12:00:00+07:00,0.02,7157.0,1584.4,0.0,3702.9,0.0
TH570905,ศรีเมืองชุม,Si Mueang Chum,229,2024-09-18T13:00:00+07:00,0.019,7157.0,1584.4,0.0,3702.9,0.0
TH570905,ศรีเมืองชุม,Si Mueang Chum,230,2024-09-18T14:00:00+07:00,0.018,7157.0,1584.4,0.0,3702.9,0.0
TH570905,ศรีเมืองชุม,Si Mueang Chum,231,2024-09-18T15:00:00+07:00,0.018,7157.0,1584.4,0.0,3702.9,0.0
TH570905,ศรีเมืองชุม,Si Mueang Chum,232,2024-09-18T16:00:00+07:00,0.017,7157.0,1584.4,0.0,3702.9,0.0
TH570905,ศรีเมืองชุม,Si Mueang Chum,233,2024-09-18T17:00:00+07:00,0.016,7157.0,1584.4,0.0,3702.9,0.0
TH570905,ศรีเมืองชุม,Si Mueang Chum,234,2024-09-18T18:00:00+07:00,0.015,7157.0,1584.4,0.0,3702.9,0.0
TH570905,ศรีเมืองชุม,Si Mueang Chum,235,2024-09-18T19:00:00+07:00,0.014,7157.0,1584.4,0.0,3702.9,0.0
TH570905,ศรีเมืองชุม,Si Mueang Chum,236,2024-09-18T20:00:00+07:00,0.013,7157.0,1584.4,0.0,3702.9,0.0
TH570905,ศรีเมืองชุม,Si Mueang Chum,237,2024-09-18T21:00:00+07:00,0.013,7157.0,1584.4,0.0,3702.9,0.0
TH570905,ศรีเมืองชุม,Si Mueang Chum,238,2024-09-18T22:00:00+07:00,0.012,7157.0,1584.4,0.0,3702.9,0.0
TH570905,ศรีเมืองชุม,Si Mueang Chum,239,2024-09-18T23:00:00+07:00,0.011,7157.0,1584.4,0.0,3702.9,0.0
TH570905,ศรีเมืองชุม,Si Mueang Chum,240,2024-09-19T00:00:00+07:00,0.01,7157.0,1584.4,0.0,3702.9,0.0
TH570905,ศรีเมืองชุม,Si Mueang Chum,241,2024-09-19T01:00:00+07:00,0.009,7157.0,1584.4,0.0,3702.9,0.0
TH570905,ศรีเมืองชุม,Si Mueang Chum,242,2024-09-19T02:00:00+07:00,0.008,7157.0,1584.4,0.0,3702.9,0.0
TH570905,ศรีเมืองชุม,Si Mueang Chum,243,2024-09-19T03:00:00+07:00,0.007,7157.0,1584.4,0.0,3702.9,0.0
TH570905,ศรีเมืองชุม,Si Mueang Chum,244,2024-09-19T04:00:00+07:00,0.007,7157.0,1584.4,0.0,3702.9,0.0
TH570905,ศรีเมืองชุม,Si Mueang Chum,245,2024-09-19T05:00:00+07:00,0.006,7157.0,1584.4,0.0,3702.9,0.0
TH570905,ศรีเมืองชุม,Si Mueang Chum,246,2024-09-19T06:00:00+07:00,0.005,7157.0,1584.4,0.0,3702.9,0.0
TH570905,ศรีเมืองชุม,Si Mueang Chum,247,2024-09-19T07:00:00+07:00,0.004,7157.0,1584.4,0.0,3702.9,0.0
TH570905,ศรีเมืองชุม,Si Mueang Chum,248,2024-09-19T08:00:00+07:00,0.003,7157.0,1584.4,0.0,3702.9,0.0
TH570905,ศรีเมืองชุม,Si Mueang Chum,249,2024-09-19T09:00:00+07:00,0.002,7157.0,1584.4,0.0,3702.9,0.0
TH570905,ศรีเมืองชุม,Si Mueang Chum,250,2024-09-19T10:00:00+07:00,0.002,7157.0,1584.4,0.0,3702.9,0.0
TH570905,ศรีเมืองชุม,Si Mueang Chum,251,2024-09-19T11:00:00+07:00,0.001,7157.0,1584.4,0.0,3702.9,0.0
TH570905,ศรีเมืองชุม,Si Mueang Chum,252,2024-09-19T12:00:00+07:00,0.0,7157.0,1584.4,0.0,3702.9,0.0
TH570905,ศรีเมืองชุม,Si Mueang Chum,253,2024-09-19T13:00:00+07:00,0.0,7157.0,1584.4,0.0,3702.9,0.0
TH570905,ศรีเมืองชุม,Si Mueang Chum,254,2024-09-19T14:00:00+07:00,0.0,7157.0,1584.4,0.0,3702.9,0.0
TH570905,ศรีเมืองชุม,Si Mueang Chum,255,2024-09-19T15:00:00+07:00,0.0,7157.0,1584.4,0.0,3702.9,0.0
TH570905,ศรีเมืองชุม,Si Mueang Chum,256,2024-09-19T16:00:00+07:00,0.0,7157.0,1584.4,0.0,3702.9,0.0
TH570905,ศรีเมืองชุม,Si Mueang Chum,257,2024-09-19T17:00:00+07:00,0.0,7157.0,1584.4,0.0,3702.9,0.0
TH570905,ศรีเมืองชุม,Si Mueang Chum,258,2024-09-19T18:00:00+07:00,0.0,7157.0,1584.4,0.0,3702.9,0.0
TH570905,ศรีเมืองชุม,Si Mueang Chum,259,2024-09-19T19:00:00+07:00,0.0,7157.0,1584.4,0.0,3702.9,0.0
TH570905,ศรีเมืองชุม,Si Mueang Chum,260,2024-09-19T20:00:00+07:00,0.0,7157.0,1584.4,0.0,3702.9,0.0
TH570905,ศรีเมืองชุม,Si Mueang Chum,261,2024-09-19T21:00:00+07:00,0.0,7157.0,1584.4,0.0,3702.9,0.0
TH570905,ศรีเมืองชุม,Si Mueang Chum,262,2024-09-19T22:00:00+07:00,0.0,7157.0,1584.4,0.0,3702.9,0.0
TH570905,ศรีเมืองชุม,Si Mueang Chum,263,2024-09-19T23:00:00+07:00,0.0,7157.0,1584.4,0.0,3702.9,0.0
TH570906,เวียงพางคำ,Wiang Phang Kham,0,2024-09-09T00:00:00+07:00,0.0,19532.1,11732.9,0.0,2740.0,0.0
TH570906,เวียงพางคำ,Wiang Phang Kham,1,2024-09-09T01:00:00+07:00,0.0,19532.1,11732.9,0.0,2740.0,0.0
TH570906,เวียงพางคำ,Wiang Phang Kham,2,2024-09-09T02:00:00+07:00,0.0,19532.1,11732.9,0.0,2740.0,0.0
TH570906,เวียงพางคำ,Wiang Phang Kham,3,2024-09-09T03:00:00+07:00,0.0,19532.1,11732.9,0.0,2740.0,0.0
TH570906,เวียงพางคำ,Wiang Phang Kham,4,2024-09-09T04:00:00+07:00,0.0,19532.1,11732.9,0.0,2740.0,0.0
TH570906,เวียงพางคำ,Wiang Phang Kham,5,2024-09-09T05:00:00+07:00,0.0,19532.1,11732.9,0.0,2740.0,0.0
TH570906,เวียงพางคำ,Wiang Phang Kham,6,2024-09-09T06:00:00+07:00,0.0,19532.1,11732.9,0.0,2740.0,0.0
TH570906,เวียงพางคำ,Wiang Phang Kham,7,2024-09-09T07:00:00+07:00,0.0,19532.1,11732.9,0.0,2740.0,0.0
TH570906,เวียงพางคำ,Wiang Phang Kham,8,2024-09-09T08:00:00+07:00,0.0,19532.1,11732.9,0.0,2740.0,0.0
TH570906,เวียงพางคำ,Wiang Phang Kham,9,2024-09-09T09:00:00+07:00,0.0,19532.1,11732.9,0.0,2740.0,0.0
TH570906,เวียงพางคำ,Wiang Phang Kham,10,2024-09-09T10:00:00+07:00,0.0,19532.1,11732.9,0.0,2740.0,0.0
TH570906,เวียงพางคำ,Wiang Phang Kham,11,2024-09-09T11:00:00+07:00,0.0,19532.1,11732.9,0.0,2740.0,0.0
TH570906,เวียงพางคำ,Wiang Phang Kham,12,2024-09-09T12:00:00+07:00,0.0,19532.1,11732.9,0.0,2740.0,0.0
TH570906,เวียงพางคำ,Wiang Phang Kham,13,2024-09-09T13:00:00+07:00,0.0,19532.1,11732.9,0.0,2740.0,0.0
TH570906,เวียงพางคำ,Wiang Phang Kham,14,2024-09-09T14:00:00+07:00,0.0,19532.1,11732.9,0.0,2740.0,0.0
TH570906,เวียงพางคำ,Wiang Phang Kham,15,2024-09-09T15:00:00+07:00,0.0,19532.1,11732.9,0.0,2740.0,0.0
TH570906,เวียงพางคำ,Wiang Phang Kham,16,2024-09-09T16:00:00+07:00,0.0,19532.1,11732.9,0.0,2740.0,0.0
TH570906,เวียงพางคำ,Wiang Phang Kham,17,2024-09-09T17:00:00+07:00,0.0,19532.1,11732.9,0.0,2740.0,0.0
TH570906,เวียงพางคำ,Wiang Phang Kham,18,2024-09-09T18:00:00+07:00,0.0,19532.1,11732.9,0.0,2740.0,0.0
TH570906,เวียงพางคำ,Wiang Phang Kham,19,2024-09-09T19:00:00+07:00,0.0,19532.1,11732.9,0.0,2740.0,0.0
TH570906,เวียงพางคำ,Wiang Phang Kham,20,2024-09-09T20:00:00+07:00,0.0,19532.1,11732.9,0.0,2740.0,0.0
TH570906,เวียงพางคำ,Wiang Phang Kham,21,2024-09-09T21:00:00+07:00,0.0,19532.1,11732.9,0.0,2740.0,0.0
TH570906,เวียงพางคำ,Wiang Phang Kham,22,2024-09-09T22:00:00+07:00,0.0,19532.1,11732.9,0.0,2740.0,0.0
TH570906,เวียงพางคำ,Wiang Phang Kham,23,2024-09-09T23:00:00+07:00,0.0,19532.1,11732.9,0.0,2740.0,0.0
TH570906,เวียงพางคำ,Wiang Phang Kham,24,2024-09-10T00:00:00+07:00,0.0,19532.1,11732.9,0.0,2740.0,0.0
TH570906,เวียงพางคำ,Wiang Phang Kham,25,2024-09-10T01:00:00+07:00,0.008,19532.1,11732.9,0.0,2740.0,0.0
TH570906,เวียงพางคำ,Wiang Phang Kham,26,2024-09-10T02:00:00+07:00,0.017,19532.1,11732.9,0.0,2740.0,0.0
TH570906,เวียงพางคำ,Wiang Phang Kham,27,2024-09-10T03:00:00+07:00,0.025,19532.1,11732.9,0.0,2740.0,0.0
TH570906,เวียงพางคำ,Wiang Phang Kham,28,2024-09-10T04:00:00+07:00,0.033,19532.1,11732.9,0.0,2740.0,0.0
TH570906,เวียงพางคำ,Wiang Phang Kham,29,2024-09-10T05:00:00+07:00,0.042,19532.1,11732.9,0.0,2740.0,0.0
TH570906,เวียงพางคำ,Wiang Phang Kham,30,2024-09-10T06:00:00+07:00,0.05,19532.1,11732.9,0.0,2740.0,0.0
TH570906,เวียงพางคำ,Wiang Phang Kham,31,2024-09-10T07:00:00+07:00,0.058,19532.1,11732.9,0.0,2740.0,0.0
TH570906,เวียงพางคำ,Wiang Phang Kham,32,2024-09-10T08:00:00+07:00,0.067,19532.1,11732.9,0.0,2740.0,0.0
TH570906,เวียงพางคำ,Wiang Phang Kham,33,2024-09-10T09:00:00+07:00,0.075,19532.1,11732.9,0.0,2740.0,0.0
TH570906,เวียงพางคำ,Wiang Phang Kham,34,2024-09-10T10:00:00+07:00,0.083,19532.1,11732.9,0.0,2740.0,0.0
TH570906,เวียงพางคำ,Wiang Phang Kham,35,2024-09-10T11:00:00+07:00,0.092,19532.1,11732.9,0.0,2740.0,0.0
TH570906,เวียงพางคำ,Wiang Phang Kham,36,2024-09-10T12:00:00+07:00,0.1,19532.1,11732.9,0.0,2740.0,0.0
TH570906,เวียงพางคำ,Wiang Phang Kham,37,2024-09-10T13:00:00+07:00,0.1,19532.1,11732.9,0.0,2740.0,0.0
TH570906,เวียงพางคำ,Wiang Phang Kham,38,2024-09-10T14:00:00+07:00,0.1,19532.1,11732.9,0.0,2740.0,0.0
TH570906,เวียงพางคำ,Wiang Phang Kham,39,2024-09-10T15:00:00+07:00,0.1,19532.1,11732.9,0.0,2740.0,0.0
TH570906,เวียงพางคำ,Wiang Phang Kham,40,2024-09-10T16:00:00+07:00,0.1,19532.1,11732.9,0.0,2740.0,0.0
TH570906,เวียงพางคำ,Wiang Phang Kham,41,2024-09-10T17:00:00+07:00,0.1,19532.1,11732.9,0.0,2740.0,0.0
TH570906,เวียงพางคำ,Wiang Phang Kham,42,2024-09-10T18:00:00+07:00,0.1,19532.1,11732.9,0.0,2740.0,0.0
TH570906,เวียงพางคำ,Wiang Phang Kham,43,2024-09-10T19:00:00+07:00,0.332,19532.1,11732.9,0.0,2740.0,0.0
TH570906,เวียงพางคำ,Wiang Phang Kham,44,2024-09-10T20:00:00+07:00,0.642,19532.1,11732.9,0.0,2740.0,0.0
TH570906,เวียงพางคำ,Wiang Phang Kham,45,2024-09-10T21:00:00+07:00,0.952,19532.1,11732.9,0.0,2740.0,0.0
TH570906,เวียงพางคำ,Wiang Phang Kham,46,2024-09-10T22:00:00+07:00,1.261,19532.1,11732.9,0.0,2740.0,0.0
TH570906,เวียงพางคำ,Wiang Phang Kham,47,2024-09-10T23:00:00+07:00,1.571,19532.1,11732.9,0.0,2740.0,0.0
TH570906,เวียงพางคำ,Wiang Phang Kham,48,2024-09-11T00:00:00+07:00,1.881,19532.1,11732.9,0.0,2740.0,0.0
TH570906,เวียงพางคำ,Wiang Phang Kham,49,2024-09-11T01:00:00+07:00,2.19,19532.1,11732.9,0.0,2740.0,1670.9
TH570906,เวียงพางคำ,Wiang Phang Kham,50,2024-09-11T02:00:00+07:00,2.5,19532.1,11732.9,0.0,2740.0,1670.9
TH570906,เวียงพางคำ,Wiang Phang Kham,51,2024-09-11T03:00:00+07:00,2.57,19532.1,11732.9,0.0,2740.0,1670.9
TH570906,เวียงพางคำ,Wiang Phang Kham,52,2024-09-11T04:00:00+07:00,2.64,19532.1,11732.9,0.0,2740.0,1670.9
TH570906,เวียงพางคำ,Wiang Phang Kham,53,2024-09-11T05:00:00+07:00,2.71,19532.1,11732.9,0.0,2740.0,1670.9
TH570906,เวียงพางคำ,Wiang Phang Kham,54,2024-09-11T06:00:00+07:00,2.78,19532.1,11732.9,0.0,2740.0,1670.9
TH570906,เวียงพางคำ,Wiang Phang Kham,55,2024-09-11T07:00:00+07:00,2.85,19532.1,11732.9,0.0,2740.0,1670.9
TH570906,เวียงพางคำ,Wiang Phang Kham,56,2024-09-11T08:00:00+07:00,2.92,19532.1,11732.9,0.0,2740.0,1670.9
TH570906,เวียงพางคำ,Wiang Phang Kham,57,2024-09-11T09:00:00+07:00,2.99,19532.1,11732.9,0.0,2740.0,1670.9
TH570906,เวียงพางคำ,Wiang Phang Kham,58,2024-09-11T10:00:00+07:00,3.06,19532.1,11732.9,0.0,2740.0,1670.9
TH570906,เวียงพางคำ,Wiang Phang Kham,59,2024-09-11T11:00:00+07:00,3.13,19532.1,11732.9,0.0,2740.0,1670.9
TH570906,เวียงพางคำ,Wiang Phang Kham,60,2024-09-11T12:00:00+07:00,3.2,19532.1,11732.9,0.0,2740.0,1670.9
TH570906,เวียงพางคำ,Wiang Phang Kham,61,2024-09-11T13:00:00+07:00,3.212,19532.1,11732.9,0.0,2740.0,1670.9
TH570906,เวียงพางคำ,Wiang Phang Kham,62,2024-09-11T14:00:00+07:00,3.225,19532.1,11732.9,0.0,2740.0,1670.9
TH570906,เวียงพางคำ,Wiang Phang Kham,63,2024-09-11T15:00:00+07:00,3.238,19532.1,11732.9,0.0,2740.0,1670.9
TH570906,เวียงพางคำ,Wiang Phang Kham,64,2024-09-11T16:00:00+07:00,3.25,19532.1,11732.9,0.0,2740.0,1670.9
TH570906,เวียงพางคำ,Wiang Phang Kham,65,2024-09-11T17:00:00+07:00,3.263,19532.1,11732.9,0.0,2740.0,1670.9
TH570906,เวียงพางคำ,Wiang Phang Kham,66,2024-09-11T18:00:00+07:00,3.275,19532.1,11732.9,0.0,2740.0,1670.9
TH570906,เวียงพางคำ,Wiang Phang Kham,67,2024-09-11T19:00:00+07:00,3.288,19532.1,11732.9,0.0,2740.0,1670.9
TH570906,เวียงพางคำ,Wiang Phang Kham,68,2024-09-11T20:00:00+07:00,3.3,19532.1,11732.9,0.0,2740.0,1670.9
TH570906,เวียงพางคำ,Wiang Phang Kham,69,2024-09-11T21:00:00+07:00,3.312,19532.1,11732.9,0.0,2740.0,1670.9
TH570906,เวียงพางคำ,Wiang Phang Kham,70,2024-09-11T22:00:00+07:00,3.325,19532.1,11732.9,0.0,2740.0,1670.9
TH570906,เวียงพางคำ,Wiang Phang Kham,71,2024-09-11T23:00:00+07:00,3.338,19532.1,11732.9,0.0,2740.0,1670.9
TH570906,เวียงพางคำ,Wiang Phang Kham,72,2024-09-12T00:00:00+07:00,3.35,19532.1,11732.9,0.0,2740.0,1670.9
TH570906,เวียงพางคำ,Wiang Phang Kham,73,2024-09-12T01:00:00+07:00,3.362,19532.1,11732.9,0.0,2740.0,1670.9
TH570906,เวียงพางคำ,Wiang Phang Kham,74,2024-09-12T02:00:00+07:00,3.375,19532.1,11732.9,0.0,2740.0,1670.9
TH570906,เวียงพางคำ,Wiang Phang Kham,75,2024-09-12T03:00:00+07:00,3.388,19532.1,11732.9,0.0,2740.0,1670.9
TH570906,เวียงพางคำ,Wiang Phang Kham,76,2024-09-12T04:00:00+07:00,3.4,19532.1,11732.9,0.0,2740.0,1670.9
TH570906,เวียงพางคำ,Wiang Phang Kham,77,2024-09-12T05:00:00+07:00,3.413,19532.1,11732.9,0.0,2740.0,1670.9
TH570906,เวียงพางคำ,Wiang Phang Kham,78,2024-09-12T06:00:00+07:00,3.425,19532.1,11732.9,0.0,2740.0,1670.9
TH570906,เวียงพางคำ,Wiang Phang Kham,79,2024-09-12T07:00:00+07:00,3.438,19532.1,11732.9,0.0,2740.0,1670.9
TH570906,เวียงพางคำ,Wiang Phang Kham,80,2024-09-12T08:00:00+07:00,3.45,19532.1,11732.9,0.0,2740.0,1670.9
TH570906,เวียงพางคำ,Wiang Phang Kham,81,2024-09-12T09:00:00+07:00,3.462,19532.1,11732.9,0.0,2740.0,1670.9
TH570906,เวียงพางคำ,Wiang Phang Kham,82,2024-09-12T10:00:00+07:00,3.475,19532.1,11732.9,0.0,2740.0,1670.9
TH570906,เวียงพางคำ,Wiang Phang Kham,83,2024-09-12T11:00:00+07:00,3.487,19532.1,11732.9,0.0,2740.0,1670.9
TH570906,เวียงพางคำ,Wiang Phang Kham,84,2024-09-12T12:00:00+07:00,3.5,19532.1,11732.9,0.0,2740.0,1670.9
TH570906,เวียงพางคำ,Wiang Phang Kham,85,2024-09-12T13:00:00+07:00,3.429,19532.1,11732.9,0.0,2740.0,1670.9
TH570906,เวียงพางคำ,Wiang Phang Kham,86,2024-09-12T14:00:00+07:00,3.358,19532.1,11732.9,0.0,2740.0,1670.9
TH570906,เวียงพางคำ,Wiang Phang Kham,87,2024-09-12T15:00:00+07:00,3.288,19532.1,11732.9,0.0,2740.0,1670.9
TH570906,เวียงพางคำ,Wiang Phang Kham,88,2024-09-12T16:00:00+07:00,3.217,19532.1,11732.9,0.0,2740.0,1670.9
TH570906,เวียงพางคำ,Wiang Phang Kham,89,2024-09-12T17:00:00+07:00,3.146,19532.1,11732.9,0.0,2740.0,1670.9
TH570906,เวียงพางคำ,Wiang Phang Kham,90,2024-09-12T18:00:00+07:00,3.075,19532.1,11732.9,0.0,2740.0,1670.9
TH570906,เวียงพางคำ,Wiang Phang Kham,91,2024-09-12T19:00:00+07:00,3.004,19532.1,11732.9,0.0,2740.0,1670.9
TH570906,เวียงพางคำ,Wiang Phang Kham,92,2024-09-12T20:00:00+07:00,2.933,19532.1,11732.9,0.0,2740.0,1670.9
TH570906,เวียงพางคำ,Wiang Phang Kham,93,2024-09-12T21:00:00+07:00,2.862,19532.1,11732.9,0.0,2740.0,1670.9
TH570906,เวียงพางคำ,Wiang Phang Kham,94,2024-09-12T22:00:00+07:00,2.792,19532.1,11732.9,0.0,2740.0,1670.9
TH570906,เวียงพางคำ,Wiang Phang Kham,95,2024-09-12T23:00:00+07:00,2.721,19532.1,11732.9,0.0,2740.0,1670.9
TH570906,เวียงพางคำ,Wiang Phang Kham,96,2024-09-13T00:00:00+07:00,2.65,19532.1,11732.9,0.0,2740.0,1670.9
TH570906,เวียงพางคำ,Wiang Phang Kham,97,2024-09-13T01:00:00+07:00,2.579,19532.1,11732.9,0.0,2740.0,1670.9
TH570906,เวียงพางคำ,Wiang Phang Kham,98,2024-09-13T02:00:00+07:00,2.508,19532.1,11732.9,0.0,2740.0,1670.9
TH570906,เวียงพางคำ,Wiang Phang Kham,99,2024-09-13T03:00:00+07:00,2.438,19532.1,11732.9,0.0,2740.0,1670.9
TH570906,เวียงพางคำ,Wiang Phang Kham,100,2024-09-13T04:00:00+07:00,2.367,19532.1,11732.9,0.0,2740.0,1670.9
TH570906,เวียงพางคำ,Wiang Phang Kham,101,2024-09-13T05:00:00+07:00,2.296,19532.1,11732.9,0.0,2740.0,1670.9
TH570906,เวียงพางคำ,Wiang Phang Kham,102,2024-09-13T06:00:00+07:00,2.225,19532.1,11732.9,0.0,2740.0,1670.9
TH570906,เวียงพางคำ,Wiang Phang Kham,103,2024-09-13T07:00:00+07:00,2.154,19532.1,11732.9,0.0,2740.0,1670.9
TH570906,เวียงพางคำ,Wiang Phang Kham,104,2024-09-13T08:00:00+07:00,2.083,19532.1,11732.9,0.0,2740.0,0.0
TH570906,เวียงพางคำ,Wiang Phang Kham,105,2024-09-13T09:00:00+07:00,2.013,19532.1,11732.9,0.0,2740.0,0.0
TH570906,เวียงพางคำ,Wiang Phang Kham,106,2024-09-13T10:00:00+07:00,1.942,19532.1,11732.9,0.0,2740.0,0.0
TH570906,เวียงพางคำ,Wiang Phang Kham,107,2024-09-13T11:00:00+07:00,1.871,19532.1,11732.9,0.0,2740.0,0.0
TH570906,เวียงพางคำ,Wiang Phang Kham,108,2024-09-13T12:00:00+07:00,1.8,19532.1,11732.9,0.0,2740.0,0.0
TH570906,เวียงพางคำ,Wiang Phang Kham,109,2024-09-13T13:00:00+07:00,1.762,19532.1,11732.9,0.0,2740.0,0.0
TH570906,เวียงพางคำ,Wiang Phang Kham,110,2024-09-13T14:00:00+07:00,1.725,19532.1,11732.9,0.0,2740.0,0.0
TH570906,เวียงพางคำ,Wiang Phang Kham,111,2024-09-13T15:00:00+07:00,1.688,19532.1,11732.9,0.0,2740.0,0.0
TH570906,เวียงพางคำ,Wiang Phang Kham,112,2024-09-13T16:00:00+07:00,1.65,19532.1,11732.9,0.0,2740.0,0.0
TH570906,เวียงพางคำ,Wiang Phang Kham,113,2024-09-13T17:00:00+07:00,1.613,19532.1,11732.9,0.0,2740.0,0.0
TH570906,เวียงพางคำ,Wiang Phang Kham,114,2024-09-13T18:00:00+07:00,1.575,19532.1,11732.9,0.0,2740.0,0.0
TH570906,เวียงพางคำ,Wiang Phang Kham,115,2024-09-13T19:00:00+07:00,1.537,19532.1,11732.9,0.0,2740.0,0.0
TH570906,เวียงพางคำ,Wiang Phang Kham,116,2024-09-13T20:00:00+07:00,1.5,19532.1,11732.9,0.0,2740.0,0.0
TH570906,เวียงพางคำ,Wiang Phang Kham,117,2024-09-13T21:00:00+07:00,1.462,19532.1,11732.9,0.0,2740.0,0.0
TH570906,เวียงพางคำ,Wiang Phang Kham,118,2024-09-13T22:00:00+07:00,1.425,19532.1,11732.9,0.0,2740.0,0.0
TH570906,เวียงพางคำ,Wiang Phang Kham,119,2024-09-13T23:00:00+07:00,1.388,19532.1,11732.9,0.0,2740.0,0.0
TH570906,เวียงพางคำ,Wiang Phang Kham,120,2024-09-14T00:00:00+07:00,1.35,19532.1,11732.9,0.0,2740.0,0.0
TH570906,เวียงพางคำ,Wiang Phang Kham,121,2024-09-14T01:00:00+07:00,1.312,19532.1,11732.9,0.0,2740.0,0.0
TH570906,เวียงพางคำ,Wiang Phang Kham,122,2024-09-14T02:00:00+07:00,1.275,19532.1,11732.9,0.0,2740.0,0.0
TH570906,เวียงพางคำ,Wiang Phang Kham,123,2024-09-14T03:00:00+07:00,1.238,19532.1,11732.9,0.0,2740.0,0.0
TH570906,เวียงพางคำ,Wiang Phang Kham,124,2024-09-14T04:00:00+07:00,1.2,19532.1,11732.9,0.0,2740.0,0.0
TH570906,เวียงพางคำ,Wiang Phang Kham,125,2024-09-14T05:00:00+07:00,1.163,19532.1,11732.9,0.0,2740.0,0.0
TH570906,เวียงพางคำ,Wiang Phang Kham,126,2024-09-14T06:00:00+07:00,1.125,19532.1,11732.9,0.0,2740.0,0.0
TH570906,เวียงพางคำ,Wiang Phang Kham,127,2024-09-14T07:00:00+07:00,1.087,19532.1,11732.9,0.0,2740.0,0.0
TH570906,เวียงพางคำ,Wiang Phang Kham,128,2024-09-14T08:00:00+07:00,1.05,19532.1,11732.9,0.0,2740.0,0.0
TH570906,เวียงพางคำ,Wiang Phang Kham,129,2024-09-14T09:00:00+07:00,1.013,19532.1,11732.9,0.0,2740.0,0.0
TH570906,เวียงพางคำ,Wiang Phang Kham,130,2024-09-14T10:00:00+07:00,0.975,19532.1,11732.9,0.0,2740.0,0.0
TH570906,เวียงพางคำ,Wiang Phang Kham,131,2024-09-14T11:00:00+07:00,0.938,19532.1,11732.9,0.0,2740.0,0.0
TH570906,เวียงพางคำ,Wiang Phang Kham,132,2024-09-14T12:00:00+07:00,0.9,19532.1,11732.9,0.0,2740.0,0.0
TH570906,เวียงพางคำ,Wiang Phang Kham,133,2024-09-14T13:00:00+07:00,0.873,19532.1,11732.9,0.0,2740.0,0.0
TH570906,เวียงพางคำ,Wiang Phang Kham,134,2024-09-14T14:00:00+07:00,0.846,19532.1,11732.9,0.0,2740.0,0.0
TH570906,เวียงพางคำ,Wiang Phang Kham,135,2024-09-14T15:00:00+07:00,0.819,19532.1,11732.9,0.0,2740.0,0.0
TH570906,เวียงพางคำ,Wiang Phang Kham,136,2024-09-14T16:00:00+07:00,0.792,19532.1,11732.9,0.0,2740.0,0.0
TH570906,เวียงพางคำ,Wiang Phang Kham,137,2024-09-14T17:00:00+07:00,0.765,19532.1,11732.9,0.0,2740.0,0.0
TH570906,เวียงพางคำ,Wiang Phang Kham,138,2024-09-14T18:00:00+07:00,0.738,19532.1,11732.9,0.0,2740.0,0.0
TH570906,เวียงพางคำ,Wiang Phang Kham,139,2024-09-14T19:00:00+07:00,0.71,19532.1,11732.9,0.0,2740.0,0.0
TH570906,เวียงพางคำ,Wiang Phang Kham,140,2024-09-14T20:00:00+07:00,0.683,19532.1,11732.9,0.0,2740.0,0.0
TH570906,เวียงพางคำ,Wiang Phang Kham,141,2024-09-14T21:00:00+07:00,0.656,19532.1,11732.9,0.0,2740.0,0.0
TH570906,เวียงพางคำ,Wiang Phang Kham,142,2024-09-14T22:00:00+07:00,0.629,19532.1,11732.9,0.0,2740.0,0.0
TH570906,เวียงพางคำ,Wiang Phang Kham,143,2024-09-14T23:00:00+07:00,0.602,19532.1,11732.9,0.0,2740.0,0.0
TH570906,เวียงพางคำ,Wiang Phang Kham,144,2024-09-15T00:00:00+07:00,0.575,19532.1,11732.9,0.0,2740.0,0.0
TH570906,เวียงพางคำ,Wiang Phang Kham,145,2024-09-15T01:00:00+07:00,0.548,19532.1,11732.9,0.0,2740.0,0.0
TH570906,เวียงพางคำ,Wiang Phang Kham,146,2024-09-15T02:00:00+07:00,0.521,19532.1,11732.9,0.0,2740.0,0.0
TH570906,เวียงพางคำ,Wiang Phang Kham,147,2024-09-15T03:00:00+07:00,0.494,19532.1,11732.9,0.0,2740.0,0.0
TH570906,เวียงพางคำ,Wiang Phang Kham,148,2024-09-15T04:00:00+07:00,0.467,19532.1,11732.9,0.0,2740.0,0.0
TH570906,เวียงพางคำ,Wiang Phang Kham,149,2024-09-15T05:00:00+07:00,0.44,19532.1,11732.9,0.0,2740.0,0.0
TH570906,เวียงพางคำ,Wiang Phang Kham,150,2024-09-15T06:00:00+07:00,0.412,19532.1,11732.9,0.0,2740.0,0.0
TH570906,เวียงพางคำ,Wiang Phang Kham,151,2024-09-15T07:00:00+07:00,0.385,19532.1,11732.9,0.0,2740.0,0.0
TH570906,เวียงพางคำ,Wiang Phang Kham,152,2024-09-15T08:00:00+07:00,0.358,19532.1,11732.9,0.0,2740.0,0.0
TH570906,เวียงพางคำ,Wiang Phang Kham,153,2024-09-15T09:00:00+07:00,0.331,19532.1,11732.9,0.0,2740.0,0.0
TH570906,เวียงพางคำ,Wiang Phang Kham,154,2024-09-15T10:00:00+07:00,0.304,19532.1,11732.9,0.0,2740.0,0.0
TH570906,เวียงพางคำ,Wiang Phang Kham,155,2024-09-15T11:00:00+07:00,0.277,19532.1,11732.9,0.0,2740.0,0.0
TH570906,เวียงพางคำ,Wiang Phang Kham,156,2024-09-15T12:00:00+07:00,0.25,19532.1,11732.9,0.0,2740.0,0.0
TH570906,เวียงพางคำ,Wiang Phang Kham,157,2024-09-15T13:00:00+07:00,0.243,19532.1,11732.9,0.0,2740.0,0.0
TH570906,เวียงพางคำ,Wiang Phang Kham,158,2024-09-15T14:00:00+07:00,0.236,19532.1,11732.9,0.0,2740.0,0.0
TH570906,เวียงพางคำ,Wiang Phang Kham,159,2024-09-15T15:00:00+07:00,0.229,19532.1,11732.9,0.0,2740.0,0.0
TH570906,เวียงพางคำ,Wiang Phang Kham,160,2024-09-15T16:00:00+07:00,0.222,19532.1,11732.9,0.0,2740.0,0.0
TH570906,เวียงพางคำ,Wiang Phang Kham,161,2024-09-15T17:00:00+07:00,0.215,19532.1,11732.9,0.0,2740.0,0.0
TH570906,เวียงพางคำ,Wiang Phang Kham,162,2024-09-15T18:00:00+07:00,0.208,19532.1,11732.9,0.0,2740.0,0.0
TH570906,เวียงพางคำ,Wiang Phang Kham,163,2024-09-15T19:00:00+07:00,0.2,19532.1,11732.9,0.0,2740.0,0.0
TH570906,เวียงพางคำ,Wiang Phang Kham,164,2024-09-15T20:00:00+07:00,0.193,19532.1,11732.9,0.0,2740.0,0.0
TH570906,เวียงพางคำ,Wiang Phang Kham,165,2024-09-15T21:00:00+07:00,0.186,19532.1,11732.9,0.0,2740.0,0.0
TH570906,เวียงพางคำ,Wiang Phang Kham,166,2024-09-15T22:00:00+07:00,0.179,19532.1,11732.9,0.0,2740.0,0.0
TH570906,เวียงพางคำ,Wiang Phang Kham,167,2024-09-15T23:00:00+07:00,0.172,19532.1,11732.9,0.0,2740.0,0.0
TH570906,เวียงพางคำ,Wiang Phang Kham,168,2024-09-16T00:00:00+07:00,0.165,19532.1,11732.9,0.0,2740.0,0.0
TH570906,เวียงพางคำ,Wiang Phang Kham,169,2024-09-16T01:00:00+07:00,0.158,19532.1,11732.9,0.0,2740.0,0.0
TH570906,เวียงพางคำ,Wiang Phang Kham,170,2024-09-16T02:00:00+07:00,0.151,19532.1,11732.9,0.0,2740.0,0.0
TH570906,เวียงพางคำ,Wiang Phang Kham,171,2024-09-16T03:00:00+07:00,0.144,19532.1,11732.9,0.0,2740.0,0.0
TH570906,เวียงพางคำ,Wiang Phang Kham,172,2024-09-16T04:00:00+07:00,0.137,19532.1,11732.9,0.0,2740.0,0.0
TH570906,เวียงพางคำ,Wiang Phang Kham,173,2024-09-16T05:00:00+07:00,0.13,19532.1,11732.9,0.0,2740.0,0.0
TH570906,เวียงพางคำ,Wiang Phang Kham,174,2024-09-16T06:00:00+07:00,0.122,19532.1,11732.9,0.0,2740.0,0.0
TH570906,เวียงพางคำ,Wiang Phang Kham,175,2024-09-16T07:00:00+07:00,0.115,19532.1,11732.9,0.0,2740.0,0.0
TH570906,เวียงพางคำ,Wiang Phang Kham,176,2024-09-16T08:00:00+07:00,0.108,19532.1,11732.9,0.0,2740.0,0.0
TH570906,เวียงพางคำ,Wiang Phang Kham,177,2024-09-16T09:00:00+07:00,0.101,19532.1,11732.9,0.0,2740.0,0.0
TH570906,เวียงพางคำ,Wiang Phang Kham,178,2024-09-16T10:00:00+07:00,0.094,19532.1,11732.9,0.0,2740.0,0.0
TH570906,เวียงพางคำ,Wiang Phang Kham,179,2024-09-16T11:00:00+07:00,0.087,19532.1,11732.9,0.0,2740.0,0.0
TH570906,เวียงพางคำ,Wiang Phang Kham,180,2024-09-16T12:00:00+07:00,0.08,19532.1,11732.9,0.0,2740.0,0.0
TH570906,เวียงพางคำ,Wiang Phang Kham,181,2024-09-16T13:00:00+07:00,0.078,19532.1,11732.9,0.0,2740.0,0.0
TH570906,เวียงพางคำ,Wiang Phang Kham,182,2024-09-16T14:00:00+07:00,0.077,19532.1,11732.9,0.0,2740.0,0.0
TH570906,เวียงพางคำ,Wiang Phang Kham,183,2024-09-16T15:00:00+07:00,0.075,19532.1,11732.9,0.0,2740.0,0.0
TH570906,เวียงพางคำ,Wiang Phang Kham,184,2024-09-16T16:00:00+07:00,0.073,19532.1,11732.9,0.0,2740.0,0.0
TH570906,เวียงพางคำ,Wiang Phang Kham,185,2024-09-16T17:00:00+07:00,0.072,19532.1,11732.9,0.0,2740.0,0.0
TH570906,เวียงพางคำ,Wiang Phang Kham,186,2024-09-16T18:00:00+07:00,0.07,19532.1,11732.9,0.0,2740.0,0.0
TH570906,เวียงพางคำ,Wiang Phang Kham,187,2024-09-16T19:00:00+07:00,0.068,19532.1,11732.9,0.0,2740.0,0.0
TH570906,เวียงพางคำ,Wiang Phang Kham,188,2024-09-16T20:00:00+07:00,0.067,19532.1,11732.9,0.0,2740.0,0.0
TH570906,เวียงพางคำ,Wiang Phang Kham,189,2024-09-16T21:00:00+07:00,0.065,19532.1,11732.9,0.0,2740.0,0.0
TH570906,เวียงพางคำ,Wiang Phang Kham,190,2024-09-16T22:00:00+07:00,0.063,19532.1,11732.9,0.0,2740.0,0.0
TH570906,เวียงพางคำ,Wiang Phang Kham,191,2024-09-16T23:00:00+07:00,0.062,19532.1,11732.9,0.0,2740.0,0.0
TH570906,เวียงพางคำ,Wiang Phang Kham,192,2024-09-17T00:00:00+07:00,0.06,19532.1,11732.9,0.0,2740.0,0.0
TH570906,เวียงพางคำ,Wiang Phang Kham,193,2024-09-17T01:00:00+07:00,0.058,19532.1,11732.9,0.0,2740.0,0.0
TH570906,เวียงพางคำ,Wiang Phang Kham,194,2024-09-17T02:00:00+07:00,0.057,19532.1,11732.9,0.0,2740.0,0.0
TH570906,เวียงพางคำ,Wiang Phang Kham,195,2024-09-17T03:00:00+07:00,0.055,19532.1,11732.9,0.0,2740.0,0.0
TH570906,เวียงพางคำ,Wiang Phang Kham,196,2024-09-17T04:00:00+07:00,0.053,19532.1,11732.9,0.0,2740.0,0.0
TH570906,เวียงพางคำ,Wiang Phang Kham,197,2024-09-17T05:00:00+07:00,0.052,19532.1,11732.9,0.0,2740.0,0.0
TH570906,เวียงพางคำ,Wiang Phang Kham,198,2024-09-17T06:00:00+07:00,0.05,19532.1,11732.9,0.0,2740.0,0.0
TH570906,เวียงพางคำ,Wiang Phang Kham,199,2024-09-17T07:00:00+07:00,0.048,19532.1,11732.9,0.0,2740.0,0.0
TH570906,เวียงพางคำ,Wiang Phang Kham,200,2024-09-17T08:00:00+07:00,0.047,19532.1,11732.9,0.0,2740.0,0.0
TH570906,เวียงพางคำ,Wiang Phang Kham,201,2024-09-17T09:00:00+07:00,0.045,19532.1,11732.9,0.0,2740.0,0.0
TH570906,เวียงพางคำ,Wiang Phang Kham,202,2024-09-17T10:00:00+07:00,0.043,19532.1,11732.9,0.0,2740.0,0.0
TH570906,เวียงพางคำ,Wiang Phang Kham,203,2024-09-17T11:00:00+07:00,0.042,19532.1,11732.9,0.0,2740.0,0.0
TH570906,เวียงพางคำ,Wiang Phang Kham,204,2024-09-17T12:00:00+07:00,0.04,19532.1,11732.9,0.0,2740.0,0.0
TH570906,เวียงพางคำ,Wiang Phang Kham,205,2024-09-17T13:00:00+07:00,0.039,19532.1,11732.9,0.0,2740.0,0.0
TH570906,เวียงพางคำ,Wiang Phang Kham,206,2024-09-17T14:00:00+07:00,0.038,19532.1,11732.9,0.0,2740.0,0.0
TH570906,เวียงพางคำ,Wiang Phang Kham,207,2024-09-17T15:00:00+07:00,0.037,19532.1,11732.9,0.0,2740.0,0.0
TH570906,เวียงพางคำ,Wiang Phang Kham,208,2024-09-17T16:00:00+07:00,0.037,19532.1,11732.9,0.0,2740.0,0.0
TH570906,เวียงพางคำ,Wiang Phang Kham,209,2024-09-17T17:00:00+07:00,0.036,19532.1,11732.9,0.0,2740.0,0.0
TH570906,เวียงพางคำ,Wiang Phang Kham,210,2024-09-17T18:00:00+07:00,0.035,19532.1,11732.9,0.0,2740.0,0.0
TH570906,เวียงพางคำ,Wiang Phang Kham,211,2024-09-17T19:00:00+07:00,0.034,19532.1,11732.9,0.0,2740.0,0.0
TH570906,เวียงพางคำ,Wiang Phang Kham,212,2024-09-17T20:00:00+07:00,0.033,19532.1,11732.9,0.0,2740.0,0.0
TH570906,เวียงพางคำ,Wiang Phang Kham,213,2024-09-17T21:00:00+07:00,0.033,19532.1,11732.9,0.0,2740.0,0.0
TH570906,เวียงพางคำ,Wiang Phang Kham,214,2024-09-17T22:00:00+07:00,0.032,19532.1,11732.9,0.0,2740.0,0.0
TH570906,เวียงพางคำ,Wiang Phang Kham,215,2024-09-17T23:00:00+07:00,0.031,19532.1,11732.9,0.0,2740.0,0.0
TH570906,เวียงพางคำ,Wiang Phang Kham,216,2024-09-18T00:00:00+07:00,0.03,19532.1,11732.9,0.0,2740.0,0.0
TH570906,เวียงพางคำ,Wiang Phang Kham,217,2024-09-18T01:00:00+07:00,0.029,19532.1,11732.9,0.0,2740.0,0.0
TH570906,เวียงพางคำ,Wiang Phang Kham,218,2024-09-18T02:00:00+07:00,0.028,19532.1,11732.9,0.0,2740.0,0.0
TH570906,เวียงพางคำ,Wiang Phang Kham,219,2024-09-18T03:00:00+07:00,0.028,19532.1,11732.9,0.0,2740.0,0.0
TH570906,เวียงพางคำ,Wiang Phang Kham,220,2024-09-18T04:00:00+07:00,0.027,19532.1,11732.9,0.0,2740.0,0.0
TH570906,เวียงพางคำ,Wiang Phang Kham,221,2024-09-18T05:00:00+07:00,0.026,19532.1,11732.9,0.0,2740.0,0.0
TH570906,เวียงพางคำ,Wiang Phang Kham,222,2024-09-18T06:00:00+07:00,0.025,19532.1,11732.9,0.0,2740.0,0.0
TH570906,เวียงพางคำ,Wiang Phang Kham,223,2024-09-18T07:00:00+07:00,0.024,19532.1,11732.9,0.0,2740.0,0.0
TH570906,เวียงพางคำ,Wiang Phang Kham,224,2024-09-18T08:00:00+07:00,0.023,19532.1,11732.9,0.0,2740.0,0.0
TH570906,เวียงพางคำ,Wiang Phang Kham,225,2024-09-18T09:00:00+07:00,0.022,19532.1,11732.9,0.0,2740.0,0.0
TH570906,เวียงพางคำ,Wiang Phang Kham,226,2024-09-18T10:00:00+07:00,0.022,19532.1,11732.9,0.0,2740.0,0.0
TH570906,เวียงพางคำ,Wiang Phang Kham,227,2024-09-18T11:00:00+07:00,0.021,19532.1,11732.9,0.0,2740.0,0.0
TH570906,เวียงพางคำ,Wiang Phang Kham,228,2024-09-18T12:00:00+07:00,0.02,19532.1,11732.9,0.0,2740.0,0.0
TH570906,เวียงพางคำ,Wiang Phang Kham,229,2024-09-18T13:00:00+07:00,0.019,19532.1,11732.9,0.0,2740.0,0.0
TH570906,เวียงพางคำ,Wiang Phang Kham,230,2024-09-18T14:00:00+07:00,0.018,19532.1,11732.9,0.0,2740.0,0.0
TH570906,เวียงพางคำ,Wiang Phang Kham,231,2024-09-18T15:00:00+07:00,0.018,19532.1,11732.9,0.0,2740.0,0.0
TH570906,เวียงพางคำ,Wiang Phang Kham,232,2024-09-18T16:00:00+07:00,0.017,19532.1,11732.9,0.0,2740.0,0.0
TH570906,เวียงพางคำ,Wiang Phang Kham,233,2024-09-18T17:00:00+07:00,0.016,19532.1,11732.9,0.0,2740.0,0.0
TH570906,เวียงพางคำ,Wiang Phang Kham,234,2024-09-18T18:00:00+07:00,0.015,19532.1,11732.9,0.0,2740.0,0.0
TH570906,เวียงพางคำ,Wiang Phang Kham,235,2024-09-18T19:00:00+07:00,0.014,19532.1,11732.9,0.0,2740.0,0.0
TH570906,เวียงพางคำ,Wiang Phang Kham,236,2024-09-18T20:00:00+07:00,0.013,19532.1,11732.9,0.0,2740.0,0.0
TH570906,เวียงพางคำ,Wiang Phang Kham,237,2024-09-18T21:00:00+07:00,0.013,19532.1,11732.9,0.0,2740.0,0.0
TH570906,เวียงพางคำ,Wiang Phang Kham,238,2024-09-18T22:00:00+07:00,0.012,19532.1,11732.9,0.0,2740.0,0.0
TH570906,เวียงพางคำ,Wiang Phang Kham,239,2024-09-18T23:00:00+07:00,0.011,19532.1,11732.9,0.0,2740.0,0.0
TH570906,เวียงพางคำ,Wiang Phang Kham,240,2024-09-19T00:00:00+07:00,0.01,19532.1,11732.9,0.0,2740.0,0.0
TH570906,เวียงพางคำ,Wiang Phang Kham,241,2024-09-19T01:00:00+07:00,0.009,19532.1,11732.9,0.0,2740.0,0.0
TH570906,เวียงพางคำ,Wiang Phang Kham,242,2024-09-19T02:00:00+07:00,0.008,19532.1,11732.9,0.0,2740.0,0.0
TH570906,เวียงพางคำ,Wiang Phang Kham,243,2024-09-19T03:00:00+07:00,0.007,19532.1,11732.9,0.0,2740.0,0.0
TH570906,เวียงพางคำ,Wiang Phang Kham,244,2024-09-19T04:00:00+07:00,0.007,19532.1,11732.9,0.0,2740.0,0.0
TH570906,เวียงพางคำ,Wiang Phang Kham,245,2024-09-19T05:00:00+07:00,0.006,19532.1,11732.9,0.0,2740.0,0.0
TH570906,เวียงพางคำ,Wiang Phang Kham,246,2024-09-19T06:00:00+07:00,0.005,19532.1,11732.9,0.0,2740.0,0.0
TH570906,เวียงพางคำ,Wiang Phang Kham,247,2024-09-19T07:00:00+07:00,0.004,19532.1,11732.9,0.0,2740.0,0.0
TH570906,เวียงพางคำ,Wiang Phang Kham,248,2024-09-19T08:00:00+07:00,0.003,19532.1,11732.9,0.0,2740.0,0.0
TH570906,เวียงพางคำ,Wiang Phang Kham,249,2024-09-19T09:00:00+07:00,0.002,19532.1,11732.9,0.0,2740.0,0.0
TH570906,เวียงพางคำ,Wiang Phang Kham,250,2024-09-19T10:00:00+07:00,0.002,19532.1,11732.9,0.0,2740.0,0.0
TH570906,เวียงพางคำ,Wiang Phang Kham,251,2024-09-19T11:00:00+07:00,0.001,19532.1,11732.9,0.0,2740.0,0.0
TH570906,เวียงพางคำ,Wiang Phang Kham,252,2024-09-19T12:00:00+07:00,0.0,19532.1,11732.9,0.0,2740.0,0.0
TH570906,เวียงพางคำ,Wiang Phang Kham,253,2024-09-19T13:00:00+07:00,0.0,19532.1,11732.9,0.0,2740.0,0.0
TH570906,เวียงพางคำ,Wiang Phang Kham,254,2024-09-19T14:00:00+07:00,0.0,19532.1,11732.9,0.0,2740.0,0.0
TH570906,เวียงพางคำ,Wiang Phang Kham,255,2024-09-19T15:00:00+07:00,0.0,19532.1,11732.9,0.0,2740.0,0.0
TH570906,เวียงพางคำ,Wiang Phang Kham,256,2024-09-19T16:00:00+07:00,0.0,19532.1,11732.9,0.0,2740.0,0.0
TH570906,เวียงพางคำ,Wiang Phang Kham,257,2024-09-19T17:00:00+07:00,0.0,19532.1,11732.9,0.0,2740.0,0.0
TH570906,เวียงพางคำ,Wiang Phang Kham,258,2024-09-19T18:00:00+07:00,0.0,19532.1,11732.9,0.0,2740.0,0.0
TH570906,เวียงพางคำ,Wiang Phang Kham,259,2024-09-19T19:00:00+07:00,0.0,19532.1,11732.9,0.0,2740.0,0.0
TH570906,เวียงพางคำ,Wiang Phang Kham,260,2024-09-19T20:00:00+07:00,0.0,19532.1,11732.9,0.0,2740.0,0.0
TH570906,เวียงพางคำ,Wiang Phang Kham,261,2024-09-19T21:00:00+07:00,0.0,19532.1,11732.9,0.0,2740.0,0.0
TH570906,เวียงพางคำ,Wiang Phang Kham,262,2024-09-19T22:00:00+07:00,0.0,19532.1,11732.9,0.0,2740.0,0.0
TH570906,เวียงพางคำ,Wiang Phang Kham,263,2024-09-19T23:00:00+07:00,0.0,19532.1,11732.9,0.0,2740.0,0.0
TH570908,บ้านด้าย,Ban Dai,0,2024-09-09T00:00:00+07:00,0.0,5036.1,2.9,0.0,772.1,0.0
TH570908,บ้านด้าย,Ban Dai,1,2024-09-09T01:00:00+07:00,0.0,5036.1,2.9,0.0,772.1,0.0
TH570908,บ้านด้าย,Ban Dai,2,2024-09-09T02:00:00+07:00,0.0,5036.1,2.9,0.0,772.1,0.0
TH570908,บ้านด้าย,Ban Dai,3,2024-09-09T03:00:00+07:00,0.0,5036.1,2.9,0.0,772.1,0.0
TH570908,บ้านด้าย,Ban Dai,4,2024-09-09T04:00:00+07:00,0.0,5036.1,2.9,0.0,772.1,0.0
TH570908,บ้านด้าย,Ban Dai,5,2024-09-09T05:00:00+07:00,0.0,5036.1,2.9,0.0,772.1,0.0
TH570908,บ้านด้าย,Ban Dai,6,2024-09-09T06:00:00+07:00,0.0,5036.1,2.9,0.0,772.1,0.0
TH570908,บ้านด้าย,Ban Dai,7,2024-09-09T07:00:00+07:00,0.0,5036.1,2.9,0.0,772.1,0.0
TH570908,บ้านด้าย,Ban Dai,8,2024-09-09T08:00:00+07:00,0.0,5036.1,2.9,0.0,772.1,0.0
TH570908,บ้านด้าย,Ban Dai,9,2024-09-09T09:00:00+07:00,0.0,5036.1,2.9,0.0,772.1,0.0
TH570908,บ้านด้าย,Ban Dai,10,2024-09-09T10:00:00+07:00,0.0,5036.1,2.9,0.0,772.1,0.0
TH570908,บ้านด้าย,Ban Dai,11,2024-09-09T11:00:00+07:00,0.0,5036.1,2.9,0.0,772.1,0.0
TH570908,บ้านด้าย,Ban Dai,12,2024-09-09T12:00:00+07:00,0.0,5036.1,2.9,0.0,772.1,0.0
TH570908,บ้านด้าย,Ban Dai,13,2024-09-09T13:00:00+07:00,0.0,5036.1,2.9,0.0,772.1,0.0
TH570908,บ้านด้าย,Ban Dai,14,2024-09-09T14:00:00+07:00,0.0,5036.1,2.9,0.0,772.1,0.0
TH570908,บ้านด้าย,Ban Dai,15,2024-09-09T15:00:00+07:00,0.0,5036.1,2.9,0.0,772.1,0.0
TH570908,บ้านด้าย,Ban Dai,16,2024-09-09T16:00:00+07:00,0.0,5036.1,2.9,0.0,772.1,0.0
TH570908,บ้านด้าย,Ban Dai,17,2024-09-09T17:00:00+07:00,0.0,5036.1,2.9,0.0,772.1,0.0
TH570908,บ้านด้าย,Ban Dai,18,2024-09-09T18:00:00+07:00,0.0,5036.1,2.9,0.0,772.1,0.0
TH570908,บ้านด้าย,Ban Dai,19,2024-09-09T19:00:00+07:00,0.0,5036.1,2.9,0.0,772.1,0.0
TH570908,บ้านด้าย,Ban Dai,20,2024-09-09T20:00:00+07:00,0.0,5036.1,2.9,0.0,772.1,0.0
TH570908,บ้านด้าย,Ban Dai,21,2024-09-09T21:00:00+07:00,0.0,5036.1,2.9,0.0,772.1,0.0
TH570908,บ้านด้าย,Ban Dai,22,2024-09-09T22:00:00+07:00,0.0,5036.1,2.9,0.0,772.1,0.0
TH570908,บ้านด้าย,Ban Dai,23,2024-09-09T23:00:00+07:00,0.0,5036.1,2.9,0.0,772.1,0.0
TH570908,บ้านด้าย,Ban Dai,24,2024-09-10T00:00:00+07:00,0.0,5036.1,2.9,0.0,772.1,0.0
TH570908,บ้านด้าย,Ban Dai,25,2024-09-10T01:00:00+07:00,0.008,5036.1,2.9,0.0,772.1,0.0
TH570908,บ้านด้าย,Ban Dai,26,2024-09-10T02:00:00+07:00,0.017,5036.1,2.9,0.0,772.1,0.0
TH570908,บ้านด้าย,Ban Dai,27,2024-09-10T03:00:00+07:00,0.025,5036.1,2.9,0.0,772.1,0.0
TH570908,บ้านด้าย,Ban Dai,28,2024-09-10T04:00:00+07:00,0.033,5036.1,2.9,0.0,772.1,0.0
TH570908,บ้านด้าย,Ban Dai,29,2024-09-10T05:00:00+07:00,0.042,5036.1,2.9,0.0,772.1,0.0
TH570908,บ้านด้าย,Ban Dai,30,2024-09-10T06:00:00+07:00,0.05,5036.1,2.9,0.0,772.1,0.0
TH570908,บ้านด้าย,Ban Dai,31,2024-09-10T07:00:00+07:00,0.058,5036.1,2.9,0.0,772.1,0.0
TH570908,บ้านด้าย,Ban Dai,32,2024-09-10T08:00:00+07:00,0.067,5036.1,2.9,0.0,772.1,0.0
TH570908,บ้านด้าย,Ban Dai,33,2024-09-10T09:00:00+07:00,0.075,5036.1,2.9,0.0,772.1,0.0
TH570908,บ้านด้าย,Ban Dai,34,2024-09-10T10:00:00+07:00,0.083,5036.1,2.9,0.0,772.1,0.0
TH570908,บ้านด้าย,Ban Dai,35,2024-09-10T11:00:00+07:00,0.092,5036.1,2.9,0.0,772.1,0.0
TH570908,บ้านด้าย,Ban Dai,36,2024-09-10T12:00:00+07:00,0.1,5036.1,2.9,0.0,772.1,0.0
TH570908,บ้านด้าย,Ban Dai,37,2024-09-10T13:00:00+07:00,0.1,5036.1,2.9,0.0,772.1,0.0
TH570908,บ้านด้าย,Ban Dai,38,2024-09-10T14:00:00+07:00,0.1,5036.1,2.9,0.0,772.1,0.0
TH570908,บ้านด้าย,Ban Dai,39,2024-09-10T15:00:00+07:00,0.1,5036.1,2.9,0.0,772.1,0.0
TH570908,บ้านด้าย,Ban Dai,40,2024-09-10T16:00:00+07:00,0.1,5036.1,2.9,0.0,772.1,0.0
TH570908,บ้านด้าย,Ban Dai,41,2024-09-10T17:00:00+07:00,0.1,5036.1,2.9,0.0,772.1,0.0
TH570908,บ้านด้าย,Ban Dai,42,2024-09-10T18:00:00+07:00,0.1,5036.1,2.9,0.0,772.1,0.0
TH570908,บ้านด้าย,Ban Dai,43,2024-09-10T19:00:00+07:00,0.332,5036.1,2.9,0.0,772.1,0.0
TH570908,บ้านด้าย,Ban Dai,44,2024-09-10T20:00:00+07:00,0.642,5036.1,2.9,1.9,772.1,95.2
TH570908,บ้านด้าย,Ban Dai,45,2024-09-10T21:00:00+07:00,0.952,5036.1,2.9,1.9,772.1,95.2
TH570908,บ้านด้าย,Ban Dai,46,2024-09-10T22:00:00+07:00,1.261,5036.1,2.9,1.9,772.1,95.2
TH570908,บ้านด้าย,Ban Dai,47,2024-09-10T23:00:00+07:00,1.571,5036.1,2.9,1.9,772.1,199.7
TH570908,บ้านด้าย,Ban Dai,48,2024-09-11T00:00:00+07:00,1.881,5036.1,2.9,1.9,772.1,231.0
TH570908,บ้านด้าย,Ban Dai,49,2024-09-11T01:00:00+07:00,2.19,5036.1,2.9,2.9,772.1,325.7
TH570908,บ้านด้าย,Ban Dai,50,2024-09-11T02:00:00+07:00,2.5,5036.1,2.9,2.9,772.1,358.4
TH570908,บ้านด้าย,Ban Dai,51,2024-09-11T03:00:00+07:00,2.57,5036.1,2.9,2.9,772.1,362.1
TH570908,บ้านด้าย,Ban Dai,52,2024-09-11T04:00:00+07:00,2.64,5036.1,2.9,2.9,772.1,362.1
TH570908,บ้านด้าย,Ban Dai,53,2024-09-11T05:00:00+07:00,2.71,5036.1,2.9,2.9,772.1,370.0
TH570908,บ้านด้าย,Ban Dai,54,2024-09-11T06:00:00+07:00,2.78,5036.1,2.9,2.9,772.1,370.0
TH570908,บ้านด้าย,Ban Dai,55,2024-09-11T07:00:00+07:00,2.85,5036.1,2.9,2.9,772.1,423.6
TH570908,บ้านด้าย,Ban Dai,56,2024-09-11T08:00:00+07:00,2.92,5036.1,2.9,2.9,772.1,423.6
TH570908,บ้านด้าย,Ban Dai,57,2024-09-11T09:00:00+07:00,2.99,5036.1,2.9,2.9,772.1,423.6
TH570908,บ้านด้าย,Ban Dai,58,2024-09-11T10:00:00+07:00,3.06,5036.1,2.9,2.9,772.1,486.2
TH570908,บ้านด้าย,Ban Dai,59,2024-09-11T11:00:00+07:00,3.13,5036.1,2.9,2.9,772.1,486.2
TH570908,บ้านด้าย,Ban Dai,60,2024-09-11T12:00:00+07:00,3.2,5036.1,2.9,2.9,772.1,486.2
TH570908,บ้านด้าย,Ban Dai,61,2024-09-11T13:00:00+07:00,3.212,5036.1,2.9,2.9,772.1,486.2
TH570908,บ้านด้าย,Ban Dai,62,2024-09-11T14:00:00+07:00,3.225,5036.1,2.9,2.9,772.1,486.2
TH570908,บ้านด้าย,Ban Dai,63,2024-09-11T15:00:00+07:00,3.238,5036.1,2.9,2.9,772.1,486.2
TH570908,บ้านด้าย,Ban Dai,64,2024-09-11T16:00:00+07:00,3.25,5036.1,2.9,2.9,772.1,493.9
TH570908,บ้านด้าย,Ban Dai,65,2024-09-11T17:00:00+07:00,3.263,5036.1,2.9,2.9,772.1,493.9
TH570908,บ้านด้าย,Ban Dai,66,2024-09-11T18:00:00+07:00,3.275,5036.1,2.9,2.9,772.1,493.9
TH570908,บ้านด้าย,Ban Dai,67,2024-09-11T19:00:00+07:00,3.288,5036.1,2.9,2.9,772.1,493.9
TH570908,บ้านด้าย,Ban Dai,68,2024-09-11T20:00:00+07:00,3.3,5036.1,2.9,2.9,772.1,493.9
TH570908,บ้านด้าย,Ban Dai,69,2024-09-11T21:00:00+07:00,3.312,5036.1,2.9,2.9,772.1,493.9
TH570908,บ้านด้าย,Ban Dai,70,2024-09-11T22:00:00+07:00,3.325,5036.1,2.9,2.9,772.1,493.9
TH570908,บ้านด้าย,Ban Dai,71,2024-09-11T23:00:00+07:00,3.338,5036.1,2.9,2.9,772.1,493.9
TH570908,บ้านด้าย,Ban Dai,72,2024-09-12T00:00:00+07:00,3.35,5036.1,2.9,2.9,772.1,498.6
TH570908,บ้านด้าย,Ban Dai,73,2024-09-12T01:00:00+07:00,3.362,5036.1,2.9,2.9,772.1,498.6
TH570908,บ้านด้าย,Ban Dai,74,2024-09-12T02:00:00+07:00,3.375,5036.1,2.9,2.9,772.1,498.6
TH570908,บ้านด้าย,Ban Dai,75,2024-09-12T03:00:00+07:00,3.388,5036.1,2.9,2.9,772.1,498.6
TH570908,บ้านด้าย,Ban Dai,76,2024-09-12T04:00:00+07:00,3.4,5036.1,2.9,2.9,772.1,498.6
TH570908,บ้านด้าย,Ban Dai,77,2024-09-12T05:00:00+07:00,3.413,5036.1,2.9,2.9,772.1,498.6
TH570908,บ้านด้าย,Ban Dai,78,2024-09-12T06:00:00+07:00,3.425,5036.1,2.9,2.9,772.1,498.6
TH570908,บ้านด้าย,Ban Dai,79,2024-09-12T07:00:00+07:00,3.438,5036.1,2.9,2.9,772.1,498.6
TH570908,บ้านด้าย,Ban Dai,80,2024-09-12T08:00:00+07:00,3.45,5036.1,2.9,2.9,772.1,498.6
TH570908,บ้านด้าย,Ban Dai,81,2024-09-12T09:00:00+07:00,3.462,5036.1,2.9,2.9,772.1,498.6
TH570908,บ้านด้าย,Ban Dai,82,2024-09-12T10:00:00+07:00,3.475,5036.1,2.9,2.9,772.1,498.6
TH570908,บ้านด้าย,Ban Dai,83,2024-09-12T11:00:00+07:00,3.487,5036.1,2.9,2.9,772.1,498.6
TH570908,บ้านด้าย,Ban Dai,84,2024-09-12T12:00:00+07:00,3.5,5036.1,2.9,2.9,772.1,506.7
TH570908,บ้านด้าย,Ban Dai,85,2024-09-12T13:00:00+07:00,3.429,5036.1,2.9,2.9,772.1,498.6
TH570908,บ้านด้าย,Ban Dai,86,2024-09-12T14:00:00+07:00,3.358,5036.1,2.9,2.9,772.1,498.6
TH570908,บ้านด้าย,Ban Dai,87,2024-09-12T15:00:00+07:00,3.288,5036.1,2.9,2.9,772.1,493.9
TH570908,บ้านด้าย,Ban Dai,88,2024-09-12T16:00:00+07:00,3.217,5036.1,2.9,2.9,772.1,486.2
TH570908,บ้านด้าย,Ban Dai,89,2024-09-12T17:00:00+07:00,3.146,5036.1,2.9,2.9,772.1,486.2
TH570908,บ้านด้าย,Ban Dai,90,2024-09-12T18:00:00+07:00,3.075,5036.1,2.9,2.9,772.1,486.2
TH570908,บ้านด้าย,Ban Dai,91,2024-09-12T19:00:00+07:00,3.004,5036.1,2.9,2.9,772.1,468.2
TH570908,บ้านด้าย,Ban Dai,92,2024-09-12T20:00:00+07:00,2.933,5036.1,2.9,2.9,772.1,423.6
TH570908,บ้านด้าย,Ban Dai,93,2024-09-12T21:00:00+07:00,2.862,5036.1,2.9,2.9,772.1,423.6
TH570908,บ้านด้าย,Ban Dai,94,2024-09-12T22:00:00+07:00,2.792,5036.1,2.9,2.9,772.1,370.0
TH570908,บ้านด้าย,Ban Dai,95,2024-09-12T23:00:00+07:00,2.721,5036.1,2.9,2.9,772.1,370.0
TH570908,บ้านด้าย,Ban Dai,96,2024-09-13T00:00:00+07:00,2.65,5036.1,2.9,2.9,772.1,370.0
TH570908,บ้านด้าย,Ban Dai,97,2024-09-13T01:00:00+07:00,2.579,5036.1,2.9,2.9,772.1,362.1
TH570908,บ้านด้าย,Ban Dai,98,2024-09-13T02:00:00+07:00,2.508,5036.1,2.9,2.9,772.1,358.4
TH570908,บ้านด้าย,Ban Dai,99,2024-09-13T03:00:00+07:00,2.438,5036.1,2.9,2.9,772.1,358.4
TH570908,บ้านด้าย,Ban Dai,100,2024-09-13T04:00:00+07:00,2.367,5036.1,2.9,2.9,772.1,358.4
TH570908,บ้านด้าย,Ban Dai,101,2024-09-13T05:00:00+07:00,2.296,5036.1,2.9,2.9,772.1,358.4
TH570908,บ้านด้าย,Ban Dai,102,2024-09-13T06:00:00+07:00,2.225,5036.1,2.9,2.9,772.1,351.4
TH570908,บ้านด้าย,Ban Dai,103,2024-09-13T07:00:00+07:00,2.154,5036.1,2.9,2.9,772.1,325.7
TH570908,บ้านด้าย,Ban Dai,104,2024-09-13T08:00:00+07:00,2.083,5036.1,2.9,2.9,772.1,232.0
TH570908,บ้านด้าย,Ban Dai,105,2024-09-13T09:00:00+07:00,2.013,5036.1,2.9,2.9,772.1,232.0
TH570908,บ้านด้าย,Ban Dai,106,2024-09-13T10:00:00+07:00,1.942,5036.1,2.9,1.9,772.1,231.0
TH570908,บ้านด้าย,Ban Dai,107,2024-09-13T11:00:00+07:00,1.871,5036.1,2.9,1.9,772.1,231.0
TH570908,บ้านด้าย,Ban Dai,108,2024-09-13T12:00:00+07:00,1.8,5036.1,2.9,1.9,772.1,231.0
TH570908,บ้านด้าย,Ban Dai,109,2024-09-13T13:00:00+07:00,1.762,5036.1,2.9,1.9,772.1,199.7
TH570908,บ้านด้าย,Ban Dai,110,2024-09-13T14:00:00+07:00,1.725,5036.1,2.9,1.9,772.1,199.7
TH570908,บ้านด้าย,Ban Dai,111,2024-09-13T15:00:00+07:00,1.688,5036.1,2.9,1.9,772.1,199.7
TH570908,บ้านด้าย,Ban Dai,112,2024-09-13T16:00:00+07:00,1.65,5036.1,2.9,1.9,772.1,199.7
TH570908,บ้านด้าย,Ban Dai,113,2024-09-13T17:00:00+07:00,1.613,5036.1,2.9,1.9,772.1,199.7
TH570908,บ้านด้าย,Ban Dai,114,2024-09-13T18:00:00+07:00,1.575,5036.1,2.9,1.9,772.1,199.7
TH570908,บ้านด้าย,Ban Dai,115,2024-09-13T19:00:00+07:00,1.537,5036.1,2.9,1.9,772.1,170.4
TH570908,บ้านด้าย,Ban Dai,116,2024-09-13T20:00:00+07:00,1.5,5036.1,2.9,1.9,772.1,170.4
TH570908,บ้านด้าย,Ban Dai,117,2024-09-13T21:00:00+07:00,1.462,5036.1,2.9,1.9,772.1,170.4
TH570908,บ้านด้าย,Ban Dai,118,2024-09-13T22:00:00+07:00,1.425,5036.1,2.9,1.9,772.1,170.4
TH570908,บ้านด้าย,Ban Dai,119,2024-09-13T23:00:00+07:00,1.388,5036.1,2.9,1.9,772.1,170.4
TH570908,บ้านด้าย,Ban Dai,120,2024-09-14T00:00:00+07:00,1.35,5036.1,2.9,1.9,772.1,170.4
TH570908,บ้านด้าย,Ban Dai,121,2024-09-14T01:00:00+07:00,1.312,5036.1,2.9,1.9,772.1,95.2
TH570908,บ้านด้าย,Ban Dai,122,2024-09-14T02:00:00+07:00,1.275,5036.1,2.9,1.9,772.1,95.2
TH570908,บ้านด้าย,Ban Dai,123,2024-09-14T03:00:00+07:00,1.238,5036.1,2.9,1.9,772.1,95.2
TH570908,บ้านด้าย,Ban Dai,124,2024-09-14T04:00:00+07:00,1.2,5036.1,2.9,1.9,772.1,95.2
TH570908,บ้านด้าย,Ban Dai,125,2024-09-14T05:00:00+07:00,1.163,5036.1,2.9,1.9,772.1,95.2
TH570908,บ้านด้าย,Ban Dai,126,2024-09-14T06:00:00+07:00,1.125,5036.1,2.9,1.9,772.1,95.2
TH570908,บ้านด้าย,Ban Dai,127,2024-09-14T07:00:00+07:00,1.087,5036.1,2.9,1.9,772.1,95.2
TH570908,บ้านด้าย,Ban Dai,128,2024-09-14T08:00:00+07:00,1.05,5036.1,2.9,1.9,772.1,95.2
TH570908,บ้านด้าย,Ban Dai,129,2024-09-14T09:00:00+07:00,1.013,5036.1,2.9,1.9,772.1,95.2
TH570908,บ้านด้าย,Ban Dai,130,2024-09-14T10:00:00+07:00,0.975,5036.1,2.9,1.9,772.1,95.2
TH570908,บ้านด้าย,Ban Dai,131,2024-09-14T11:00:00+07:00,0.938,5036.1,2.9,1.9,772.1,95.2
TH570908,บ้านด้าย,Ban Dai,132,2024-09-14T12:00:00+07:00,0.9,5036.1,2.9,1.9,772.1,95.2
TH570908,บ้านด้าย,Ban Dai,133,2024-09-14T13:00:00+07:00,0.873,5036.1,2.9,1.9,772.1,95.2
TH570908,บ้านด้าย,Ban Dai,134,2024-09-14T14:00:00+07:00,0.846,5036.1,2.9,1.9,772.1,95.2
TH570908,บ้านด้าย,Ban Dai,135,2024-09-14T15:00:00+07:00,0.819,5036.1,2.9,1.9,772.1,95.2
TH570908,บ้านด้าย,Ban Dai,136,2024-09-14T16:00:00+07:00,0.792,5036.1,2.9,1.9,772.1,95.2
TH570908,บ้านด้าย,Ban Dai,137,2024-09-14T17:00:00+07:00,0.765,5036.1,2.9,1.9,772.1,95.2
TH570908,บ้านด้าย,Ban Dai,138,2024-09-14T18:00:00+07:00,0.738,5036.1,2.9,1.9,772.1,95.2
TH570908,บ้านด้าย,Ban Dai,139,2024-09-14T19:00:00+07:00,0.71,5036.1,2.9,1.9,772.1,95.2
TH570908,บ้านด้าย,Ban Dai,140,2024-09-14T20:00:00+07:00,0.683,5036.1,2.9,1.9,772.1,95.2
TH570908,บ้านด้าย,Ban Dai,141,2024-09-14T21:00:00+07:00,0.656,5036.1,2.9,1.9,772.1,95.2
TH570908,บ้านด้าย,Ban Dai,142,2024-09-14T22:00:00+07:00,0.629,5036.1,2.9,1.9,772.1,95.2
TH570908,บ้านด้าย,Ban Dai,143,2024-09-14T23:00:00+07:00,0.602,5036.1,2.9,1.9,772.1,95.2
TH570908,บ้านด้าย,Ban Dai,144,2024-09-15T00:00:00+07:00,0.575,5036.1,2.9,1.9,772.1,95.2
TH570908,บ้านด้าย,Ban Dai,145,2024-09-15T01:00:00+07:00,0.548,5036.1,2.9,1.9,772.1,2.8
TH570908,บ้านด้าย,Ban Dai,146,2024-09-15T02:00:00+07:00,0.521,5036.1,2.9,1.9,772.1,2.8
TH570908,บ้านด้าย,Ban Dai,147,2024-09-15T03:00:00+07:00,0.494,5036.1,2.9,0.0,772.1,0.0
TH570908,บ้านด้าย,Ban Dai,148,2024-09-15T04:00:00+07:00,0.467,5036.1,2.9,0.0,772.1,0.0
TH570908,บ้านด้าย,Ban Dai,149,2024-09-15T05:00:00+07:00,0.44,5036.1,2.9,0.0,772.1,0.0
TH570908,บ้านด้าย,Ban Dai,150,2024-09-15T06:00:00+07:00,0.412,5036.1,2.9,0.0,772.1,0.0
TH570908,บ้านด้าย,Ban Dai,151,2024-09-15T07:00:00+07:00,0.385,5036.1,2.9,0.0,772.1,0.0
TH570908,บ้านด้าย,Ban Dai,152,2024-09-15T08:00:00+07:00,0.358,5036.1,2.9,0.0,772.1,0.0
TH570908,บ้านด้าย,Ban Dai,153,2024-09-15T09:00:00+07:00,0.331,5036.1,2.9,0.0,772.1,0.0
TH570908,บ้านด้าย,Ban Dai,154,2024-09-15T10:00:00+07:00,0.304,5036.1,2.9,0.0,772.1,0.0
TH570908,บ้านด้าย,Ban Dai,155,2024-09-15T11:00:00+07:00,0.277,5036.1,2.9,0.0,772.1,0.0
TH570908,บ้านด้าย,Ban Dai,156,2024-09-15T12:00:00+07:00,0.25,5036.1,2.9,0.0,772.1,0.0
TH570908,บ้านด้าย,Ban Dai,157,2024-09-15T13:00:00+07:00,0.243,5036.1,2.9,0.0,772.1,0.0
TH570908,บ้านด้าย,Ban Dai,158,2024-09-15T14:00:00+07:00,0.236,5036.1,2.9,0.0,772.1,0.0
TH570908,บ้านด้าย,Ban Dai,159,2024-09-15T15:00:00+07:00,0.229,5036.1,2.9,0.0,772.1,0.0
TH570908,บ้านด้าย,Ban Dai,160,2024-09-15T16:00:00+07:00,0.222,5036.1,2.9,0.0,772.1,0.0
TH570908,บ้านด้าย,Ban Dai,161,2024-09-15T17:00:00+07:00,0.215,5036.1,2.9,0.0,772.1,0.0
TH570908,บ้านด้าย,Ban Dai,162,2024-09-15T18:00:00+07:00,0.208,5036.1,2.9,0.0,772.1,0.0
TH570908,บ้านด้าย,Ban Dai,163,2024-09-15T19:00:00+07:00,0.2,5036.1,2.9,0.0,772.1,0.0
TH570908,บ้านด้าย,Ban Dai,164,2024-09-15T20:00:00+07:00,0.193,5036.1,2.9,0.0,772.1,0.0
TH570908,บ้านด้าย,Ban Dai,165,2024-09-15T21:00:00+07:00,0.186,5036.1,2.9,0.0,772.1,0.0
TH570908,บ้านด้าย,Ban Dai,166,2024-09-15T22:00:00+07:00,0.179,5036.1,2.9,0.0,772.1,0.0
TH570908,บ้านด้าย,Ban Dai,167,2024-09-15T23:00:00+07:00,0.172,5036.1,2.9,0.0,772.1,0.0
TH570908,บ้านด้าย,Ban Dai,168,2024-09-16T00:00:00+07:00,0.165,5036.1,2.9,0.0,772.1,0.0
TH570908,บ้านด้าย,Ban Dai,169,2024-09-16T01:00:00+07:00,0.158,5036.1,2.9,0.0,772.1,0.0
TH570908,บ้านด้าย,Ban Dai,170,2024-09-16T02:00:00+07:00,0.151,5036.1,2.9,0.0,772.1,0.0
TH570908,บ้านด้าย,Ban Dai,171,2024-09-16T03:00:00+07:00,0.144,5036.1,2.9,0.0,772.1,0.0
TH570908,บ้านด้าย,Ban Dai,172,2024-09-16T04:00:00+07:00,0.137,5036.1,2.9,0.0,772.1,0.0
TH570908,บ้านด้าย,Ban Dai,173,2024-09-16T05:00:00+07:00,0.13,5036.1,2.9,0.0,772.1,0.0
TH570908,บ้านด้าย,Ban Dai,174,2024-09-16T06:00:00+07:00,0.122,5036.1,2.9,0.0,772.1,0.0
TH570908,บ้านด้าย,Ban Dai,175,2024-09-16T07:00:00+07:00,0.115,5036.1,2.9,0.0,772.1,0.0
TH570908,บ้านด้าย,Ban Dai,176,2024-09-16T08:00:00+07:00,0.108,5036.1,2.9,0.0,772.1,0.0
TH570908,บ้านด้าย,Ban Dai,177,2024-09-16T09:00:00+07:00,0.101,5036.1,2.9,0.0,772.1,0.0
TH570908,บ้านด้าย,Ban Dai,178,2024-09-16T10:00:00+07:00,0.094,5036.1,2.9,0.0,772.1,0.0
TH570908,บ้านด้าย,Ban Dai,179,2024-09-16T11:00:00+07:00,0.087,5036.1,2.9,0.0,772.1,0.0
TH570908,บ้านด้าย,Ban Dai,180,2024-09-16T12:00:00+07:00,0.08,5036.1,2.9,0.0,772.1,0.0
TH570908,บ้านด้าย,Ban Dai,181,2024-09-16T13:00:00+07:00,0.078,5036.1,2.9,0.0,772.1,0.0
TH570908,บ้านด้าย,Ban Dai,182,2024-09-16T14:00:00+07:00,0.077,5036.1,2.9,0.0,772.1,0.0
TH570908,บ้านด้าย,Ban Dai,183,2024-09-16T15:00:00+07:00,0.075,5036.1,2.9,0.0,772.1,0.0
TH570908,บ้านด้าย,Ban Dai,184,2024-09-16T16:00:00+07:00,0.073,5036.1,2.9,0.0,772.1,0.0
TH570908,บ้านด้าย,Ban Dai,185,2024-09-16T17:00:00+07:00,0.072,5036.1,2.9,0.0,772.1,0.0
TH570908,บ้านด้าย,Ban Dai,186,2024-09-16T18:00:00+07:00,0.07,5036.1,2.9,0.0,772.1,0.0
TH570908,บ้านด้าย,Ban Dai,187,2024-09-16T19:00:00+07:00,0.068,5036.1,2.9,0.0,772.1,0.0
TH570908,บ้านด้าย,Ban Dai,188,2024-09-16T20:00:00+07:00,0.067,5036.1,2.9,0.0,772.1,0.0
TH570908,บ้านด้าย,Ban Dai,189,2024-09-16T21:00:00+07:00,0.065,5036.1,2.9,0.0,772.1,0.0
TH570908,บ้านด้าย,Ban Dai,190,2024-09-16T22:00:00+07:00,0.063,5036.1,2.9,0.0,772.1,0.0
TH570908,บ้านด้าย,Ban Dai,191,2024-09-16T23:00:00+07:00,0.062,5036.1,2.9,0.0,772.1,0.0
TH570908,บ้านด้าย,Ban Dai,192,2024-09-17T00:00:00+07:00,0.06,5036.1,2.9,0.0,772.1,0.0
TH570908,บ้านด้าย,Ban Dai,193,2024-09-17T01:00:00+07:00,0.058,5036.1,2.9,0.0,772.1,0.0
TH570908,บ้านด้าย,Ban Dai,194,2024-09-17T02:00:00+07:00,0.057,5036.1,2.9,0.0,772.1,0.0
TH570908,บ้านด้าย,Ban Dai,195,2024-09-17T03:00:00+07:00,0.055,5036.1,2.9,0.0,772.1,0.0
TH570908,บ้านด้าย,Ban Dai,196,2024-09-17T04:00:00+07:00,0.053,5036.1,2.9,0.0,772.1,0.0
TH570908,บ้านด้าย,Ban Dai,197,2024-09-17T05:00:00+07:00,0.052,5036.1,2.9,0.0,772.1,0.0
TH570908,บ้านด้าย,Ban Dai,198,2024-09-17T06:00:00+07:00,0.05,5036.1,2.9,0.0,772.1,0.0
TH570908,บ้านด้าย,Ban Dai,199,2024-09-17T07:00:00+07:00,0.048,5036.1,2.9,0.0,772.1,0.0
TH570908,บ้านด้าย,Ban Dai,200,2024-09-17T08:00:00+07:00,0.047,5036.1,2.9,0.0,772.1,0.0
TH570908,บ้านด้าย,Ban Dai,201,2024-09-17T09:00:00+07:00,0.045,5036.1,2.9,0.0,772.1,0.0
TH570908,บ้านด้าย,Ban Dai,202,2024-09-17T10:00:00+07:00,0.043,5036.1,2.9,0.0,772.1,0.0
TH570908,บ้านด้าย,Ban Dai,203,2024-09-17T11:00:00+07:00,0.042,5036.1,2.9,0.0,772.1,0.0
TH570908,บ้านด้าย,Ban Dai,204,2024-09-17T12:00:00+07:00,0.04,5036.1,2.9,0.0,772.1,0.0
TH570908,บ้านด้าย,Ban Dai,205,2024-09-17T13:00:00+07:00,0.039,5036.1,2.9,0.0,772.1,0.0
TH570908,บ้านด้าย,Ban Dai,206,2024-09-17T14:00:00+07:00,0.038,5036.1,2.9,0.0,772.1,0.0
TH570908,บ้านด้าย,Ban Dai,207,2024-09-17T15:00:00+07:00,0.037,5036.1,2.9,0.0,772.1,0.0
TH570908,บ้านด้าย,Ban Dai,208,2024-09-17T16:00:00+07:00,0.037,5036.1,2.9,0.0,772.1,0.0
TH570908,บ้านด้าย,Ban Dai,209,2024-09-17T17:00:00+07:00,0.036,5036.1,2.9,0.0,772.1,0.0
TH570908,บ้านด้าย,Ban Dai,210,2024-09-17T18:00:00+07:00,0.035,5036.1,2.9,0.0,772.1,0.0
TH570908,บ้านด้าย,Ban Dai,211,2024-09-17T19:00:00+07:00,0.034,5036.1,2.9,0.0,772.1,0.0
TH570908,บ้านด้าย,Ban Dai,212,2024-09-17T20:00:00+07:00,0.033,5036.1,2.9,0.0,772.1,0.0
TH570908,บ้านด้าย,Ban Dai,213,2024-09-17T21:00:00+07:00,0.033,5036.1,2.9,0.0,772.1,0.0
TH570908,บ้านด้าย,Ban Dai,214,2024-09-17T22:00:00+07:00,0.032,5036.1,2.9,0.0,772.1,0.0
TH570908,บ้านด้าย,Ban Dai,215,2024-09-17T23:00:00+07:00,0.031,5036.1,2.9,0.0,772.1,0.0
TH570908,บ้านด้าย,Ban Dai,216,2024-09-18T00:00:00+07:00,0.03,5036.1,2.9,0.0,772.1,0.0
TH570908,บ้านด้าย,Ban Dai,217,2024-09-18T01:00:00+07:00,0.029,5036.1,2.9,0.0,772.1,0.0
TH570908,บ้านด้าย,Ban Dai,218,2024-09-18T02:00:00+07:00,0.028,5036.1,2.9,0.0,772.1,0.0
TH570908,บ้านด้าย,Ban Dai,219,2024-09-18T03:00:00+07:00,0.028,5036.1,2.9,0.0,772.1,0.0
TH570908,บ้านด้าย,Ban Dai,220,2024-09-18T04:00:00+07:00,0.027,5036.1,2.9,0.0,772.1,0.0
TH570908,บ้านด้าย,Ban Dai,221,2024-09-18T05:00:00+07:00,0.026,5036.1,2.9,0.0,772.1,0.0
TH570908,บ้านด้าย,Ban Dai,222,2024-09-18T06:00:00+07:00,0.025,5036.1,2.9,0.0,772.1,0.0
TH570908,บ้านด้าย,Ban Dai,223,2024-09-18T07:00:00+07:00,0.024,5036.1,2.9,0.0,772.1,0.0
TH570908,บ้านด้าย,Ban Dai,224,2024-09-18T08:00:00+07:00,0.023,5036.1,2.9,0.0,772.1,0.0
TH570908,บ้านด้าย,Ban Dai,225,2024-09-18T09:00:00+07:00,0.022,5036.1,2.9,0.0,772.1,0.0
TH570908,บ้านด้าย,Ban Dai,226,2024-09-18T10:00:00+07:00,0.022,5036.1,2.9,0.0,772.1,0.0
TH570908,บ้านด้าย,Ban Dai,227,2024-09-18T11:00:00+07:00,0.021,5036.1,2.9,0.0,772.1,0.0
TH570908,บ้านด้าย,Ban Dai,228,2024-09-18T12:00:00+07:00,0.02,5036.1,2.9,0.0,772.1,0.0
TH570908,บ้านด้าย,Ban Dai,229,2024-09-18T13:00:00+07:00,0.019,5036.1,2.9,0.0,772.1,0.0
TH570908,บ้านด้าย,Ban Dai,230,2024-09-18T14:00:00+07:00,0.018,5036.1,2.9,0.0,772.1,0.0
TH570908,บ้านด้าย,Ban Dai,231,2024-09-18T15:00:00+07:00,0.018,5036.1,2.9,0.0,772.1,0.0
TH570908,บ้านด้าย,Ban Dai,232,2024-09-18T16:00:00+07:00,0.017,5036.1,2.9,0.0,772.1,0.0
TH570908,บ้านด้าย,Ban Dai,233,2024-09-18T17:00:00+07:00,0.016,5036.1,2.9,0.0,772.1,0.0
TH570908,บ้านด้าย,Ban Dai,234,2024-09-18T18:00:00+07:00,0.015,5036.1,2.9,0.0,772.1,0.0
TH570908,บ้านด้าย,Ban Dai,235,2024-09-18T19:00:00+07:00,0.014,5036.1,2.9,0.0,772.1,0.0
TH570908,บ้านด้าย,Ban Dai,236,2024-09-18T20:00:00+07:00,0.013,5036.1,2.9,0.0,772.1,0.0
TH570908,บ้านด้าย,Ban Dai,237,2024-09-18T21:00:00+07:00,0.013,5036.1,2.9,0.0,772.1,0.0
TH570908,บ้านด้าย,Ban Dai,238,2024-09-18T22:00:00+07:00,0.012,5036.1,2.9,0.0,772.1,0.0
TH570908,บ้านด้าย,Ban Dai,239,2024-09-18T23:00:00+07:00,0.011,5036.1,2.9,0.0,772.1,0.0
TH570908,บ้านด้าย,Ban Dai,240,2024-09-19T00:00:00+07:00,0.01,5036.1,2.9,0.0,772.1,0.0
TH570908,บ้านด้าย,Ban Dai,241,2024-09-19T01:00:00+07:00,0.009,5036.1,2.9,0.0,772.1,0.0
TH570908,บ้านด้าย,Ban Dai,242,2024-09-19T02:00:00+07:00,0.008,5036.1,2.9,0.0,772.1,0.0
TH570908,บ้านด้าย,Ban Dai,243,2024-09-19T03:00:00+07:00,0.007,5036.1,2.9,0.0,772.1,0.0
TH570908,บ้านด้าย,Ban Dai,244,2024-09-19T04:00:00+07:00,0.007,5036.1,2.9,0.0,772.1,0.0
TH570908,บ้านด้าย,Ban Dai,245,2024-09-19T05:00:00+07:00,0.006,5036.1,2.9,0.0,772.1,0.0
TH570908,บ้านด้าย,Ban Dai,246,2024-09-19T06:00:00+07:00,0.005,5036.1,2.9,0.0,772.1,0.0
TH570908,บ้านด้าย,Ban Dai,247,2024-09-19T07:00:00+07:00,0.004,5036.1,2.9,0.0,772.1,0.0
TH570908,บ้านด้าย,Ban Dai,248,2024-09-19T08:00:00+07:00,0.003,5036.1,2.9,0.0,772.1,0.0
TH570908,บ้านด้าย,Ban Dai,249,2024-09-19T09:00:00+07:00,0.002,5036.1,2.9,0.0,772.1,0.0
TH570908,บ้านด้าย,Ban Dai,250,2024-09-19T10:00:00+07:00,0.002,5036.1,2.9,0.0,772.1,0.0
TH570908,บ้านด้าย,Ban Dai,251,2024-09-19T11:00:00+07:00,0.001,5036.1,2.9,0.0,772.1,0.0
TH570908,บ้านด้าย,Ban Dai,252,2024-09-19T12:00:00+07:00,0.0,5036.1,2.9,0.0,772.1,0.0
TH570908,บ้านด้าย,Ban Dai,253,2024-09-19T13:00:00+07:00,0.0,5036.1,2.9,0.0,772.1,0.0
TH570908,บ้านด้าย,Ban Dai,254,2024-09-19T14:00:00+07:00,0.0,5036.1,2.9,0.0,772.1,0.0
TH570908,บ้านด้าย,Ban Dai,255,2024-09-19T15:00:00+07:00,0.0,5036.1,2.9,0.0,772.1,0.0
TH570908,บ้านด้าย,Ban Dai,256,2024-09-19T16:00:00+07:00,0.0,5036.1,2.9,0.0,772.1,0.0
TH570908,บ้านด้าย,Ban Dai,257,2024-09-19T17:00:00+07:00,0.0,5036.1,2.9,0.0,772.1,0.0
TH570908,บ้านด้าย,Ban Dai,258,2024-09-19T18:00:00+07:00,0.0,5036.1,2.9,0.0,772.1,0.0
TH570908,บ้านด้าย,Ban Dai,259,2024-09-19T19:00:00+07:00,0.0,5036.1,2.9,0.0,772.1,0.0
TH570908,บ้านด้าย,Ban Dai,260,2024-09-19T20:00:00+07:00,0.0,5036.1,2.9,0.0,772.1,0.0
TH570908,บ้านด้าย,Ban Dai,261,2024-09-19T21:00:00+07:00,0.0,5036.1,2.9,0.0,772.1,0.0
TH570908,บ้านด้าย,Ban Dai,262,2024-09-19T22:00:00+07:00,0.0,5036.1,2.9,0.0,772.1,0.0
TH570908,บ้านด้าย,Ban Dai,263,2024-09-19T23:00:00+07:00,0.0,5036.1,2.9,0.0,772.1,0.0
TH570909,โป่งงาม,Pong Ngam,0,2024-09-09T00:00:00+07:00,0.0,7248.8,1212.5,0.0,82.0,0.0
TH570909,โป่งงาม,Pong Ngam,1,2024-09-09T01:00:00+07:00,0.0,7248.8,1212.5,0.0,82.0,0.0
TH570909,โป่งงาม,Pong Ngam,2,2024-09-09T02:00:00+07:00,0.0,7248.8,1212.5,0.0,82.0,0.0
TH570909,โป่งงาม,Pong Ngam,3,2024-09-09T03:00:00+07:00,0.0,7248.8,1212.5,0.0,82.0,0.0
TH570909,โป่งงาม,Pong Ngam,4,2024-09-09T04:00:00+07:00,0.0,7248.8,1212.5,0.0,82.0,0.0
TH570909,โป่งงาม,Pong Ngam,5,2024-09-09T05:00:00+07:00,0.0,7248.8,1212.5,0.0,82.0,0.0
TH570909,โป่งงาม,Pong Ngam,6,2024-09-09T06:00:00+07:00,0.0,7248.8,1212.5,0.0,82.0,0.0
TH570909,โป่งงาม,Pong Ngam,7,2024-09-09T07:00:00+07:00,0.0,7248.8,1212.5,0.0,82.0,0.0
TH570909,โป่งงาม,Pong Ngam,8,2024-09-09T08:00:00+07:00,0.0,7248.8,1212.5,0.0,82.0,0.0
TH570909,โป่งงาม,Pong Ngam,9,2024-09-09T09:00:00+07:00,0.0,7248.8,1212.5,0.0,82.0,0.0
TH570909,โป่งงาม,Pong Ngam,10,2024-09-09T10:00:00+07:00,0.0,7248.8,1212.5,0.0,82.0,0.0
TH570909,โป่งงาม,Pong Ngam,11,2024-09-09T11:00:00+07:00,0.0,7248.8,1212.5,0.0,82.0,0.0
TH570909,โป่งงาม,Pong Ngam,12,2024-09-09T12:00:00+07:00,0.0,7248.8,1212.5,0.0,82.0,0.0
TH570909,โป่งงาม,Pong Ngam,13,2024-09-09T13:00:00+07:00,0.0,7248.8,1212.5,0.0,82.0,0.0
TH570909,โป่งงาม,Pong Ngam,14,2024-09-09T14:00:00+07:00,0.0,7248.8,1212.5,0.0,82.0,0.0
TH570909,โป่งงาม,Pong Ngam,15,2024-09-09T15:00:00+07:00,0.0,7248.8,1212.5,0.0,82.0,0.0
TH570909,โป่งงาม,Pong Ngam,16,2024-09-09T16:00:00+07:00,0.0,7248.8,1212.5,0.0,82.0,0.0
TH570909,โป่งงาม,Pong Ngam,17,2024-09-09T17:00:00+07:00,0.0,7248.8,1212.5,0.0,82.0,0.0
TH570909,โป่งงาม,Pong Ngam,18,2024-09-09T18:00:00+07:00,0.0,7248.8,1212.5,0.0,82.0,0.0
TH570909,โป่งงาม,Pong Ngam,19,2024-09-09T19:00:00+07:00,0.0,7248.8,1212.5,0.0,82.0,0.0
TH570909,โป่งงาม,Pong Ngam,20,2024-09-09T20:00:00+07:00,0.0,7248.8,1212.5,0.0,82.0,0.0
TH570909,โป่งงาม,Pong Ngam,21,2024-09-09T21:00:00+07:00,0.0,7248.8,1212.5,0.0,82.0,0.0
TH570909,โป่งงาม,Pong Ngam,22,2024-09-09T22:00:00+07:00,0.0,7248.8,1212.5,0.0,82.0,0.0
TH570909,โป่งงาม,Pong Ngam,23,2024-09-09T23:00:00+07:00,0.0,7248.8,1212.5,0.0,82.0,0.0
TH570909,โป่งงาม,Pong Ngam,24,2024-09-10T00:00:00+07:00,0.0,7248.8,1212.5,0.0,82.0,0.0
TH570909,โป่งงาม,Pong Ngam,25,2024-09-10T01:00:00+07:00,0.008,7248.8,1212.5,0.0,82.0,0.0
TH570909,โป่งงาม,Pong Ngam,26,2024-09-10T02:00:00+07:00,0.017,7248.8,1212.5,0.0,82.0,0.0
TH570909,โป่งงาม,Pong Ngam,27,2024-09-10T03:00:00+07:00,0.025,7248.8,1212.5,0.0,82.0,0.0
TH570909,โป่งงาม,Pong Ngam,28,2024-09-10T04:00:00+07:00,0.033,7248.8,1212.5,0.0,82.0,0.0
TH570909,โป่งงาม,Pong Ngam,29,2024-09-10T05:00:00+07:00,0.042,7248.8,1212.5,0.0,82.0,0.0
TH570909,โป่งงาม,Pong Ngam,30,2024-09-10T06:00:00+07:00,0.05,7248.8,1212.5,0.0,82.0,0.0
TH570909,โป่งงาม,Pong Ngam,31,2024-09-10T07:00:00+07:00,0.058,7248.8,1212.5,0.0,82.0,0.0
TH570909,โป่งงาม,Pong Ngam,32,2024-09-10T08:00:00+07:00,0.067,7248.8,1212.5,0.0,82.0,0.0
TH570909,โป่งงาม,Pong Ngam,33,2024-09-10T09:00:00+07:00,0.075,7248.8,1212.5,0.0,82.0,0.0
TH570909,โป่งงาม,Pong Ngam,34,2024-09-10T10:00:00+07:00,0.083,7248.8,1212.5,0.0,82.0,0.0
TH570909,โป่งงาม,Pong Ngam,35,2024-09-10T11:00:00+07:00,0.092,7248.8,1212.5,0.0,82.0,0.0
TH570909,โป่งงาม,Pong Ngam,36,2024-09-10T12:00:00+07:00,0.1,7248.8,1212.5,0.0,82.0,0.0
TH570909,โป่งงาม,Pong Ngam,37,2024-09-10T13:00:00+07:00,0.1,7248.8,1212.5,0.0,82.0,0.0
TH570909,โป่งงาม,Pong Ngam,38,2024-09-10T14:00:00+07:00,0.1,7248.8,1212.5,0.0,82.0,0.0
TH570909,โป่งงาม,Pong Ngam,39,2024-09-10T15:00:00+07:00,0.1,7248.8,1212.5,0.0,82.0,0.0
TH570909,โป่งงาม,Pong Ngam,40,2024-09-10T16:00:00+07:00,0.1,7248.8,1212.5,0.0,82.0,0.0
TH570909,โป่งงาม,Pong Ngam,41,2024-09-10T17:00:00+07:00,0.1,7248.8,1212.5,0.0,82.0,0.0
TH570909,โป่งงาม,Pong Ngam,42,2024-09-10T18:00:00+07:00,0.1,7248.8,1212.5,0.0,82.0,0.0
TH570909,โป่งงาม,Pong Ngam,43,2024-09-10T19:00:00+07:00,0.332,7248.8,1212.5,0.0,82.0,0.0
TH570909,โป่งงาม,Pong Ngam,44,2024-09-10T20:00:00+07:00,0.642,7248.8,1212.5,0.0,82.0,9.0
TH570909,โป่งงาม,Pong Ngam,45,2024-09-10T21:00:00+07:00,0.952,7248.8,1212.5,0.0,82.0,51.0
TH570909,โป่งงาม,Pong Ngam,46,2024-09-10T22:00:00+07:00,1.261,7248.8,1212.5,0.0,82.0,62.1
TH570909,โป่งงาม,Pong Ngam,47,2024-09-10T23:00:00+07:00,1.571,7248.8,1212.5,0.0,82.0,66.7
TH570909,โป่งงาม,Pong Ngam,48,2024-09-11T00:00:00+07:00,1.881,7248.8,1212.5,0.0,82.0,68.3
TH570909,โป่งงาม,Pong Ngam,49,2024-09-11T01:00:00+07:00,2.19,7248.8,1212.5,0.0,82.0,69.1
TH570909,โป่งงาม,Pong Ngam,50,2024-09-11T02:00:00+07:00,2.5,7248.8,1212.5,0.0,82.0,69.1
TH570909,โป่งงาม,Pong Ngam,51,2024-09-11T03:00:00+07:00,2.57,7248.8,1212.5,0.0,82.0,69.1
TH570909,โป่งงาม,Pong Ngam,52,2024-09-11T04:00:00+07:00,2.64,7248.8,1212.5,0.0,82.0,69.1
TH570909,โป่งงาม,Pong Ngam,53,2024-09-11T05:00:00+07:00,2.71,7248.8,1212.5,0.0,82.0,81.2
TH570909,โป่งงาม,Pong Ngam,54,2024-09-11T06:00:00+07:00,2.78,7248.8,1212.5,0.0,82.0,81.2
TH570909,โป่งงาม,Pong Ngam,55,2024-09-11T07:00:00+07:00,2.85,7248.8,1212.5,0.0,82.0,81.2
TH570909,โป่งงาม,Pong Ngam,56,2024-09-11T08:00:00+07:00,2.92,7248.8,1212.5,0.0,82.0,81.2
TH570909,โป่งงาม,Pong Ngam,57,2024-09-11T09:00:00+07:00,2.99,7248.8,1212.5,0.0,82.0,81.2
TH570909,โป่งงาม,Pong Ngam,58,2024-09-11T10:00:00+07:00,3.06,7248.8,1212.5,0.0,82.0,82.0
TH570909,โป่งงาม,Pong Ngam,59,2024-09-11T11:00:00+07:00,3.13,7248.8,1212.5,0.0,82.0,82.0
TH570909,โป่งงาม,Pong Ngam,60,2024-09-11T12:00:00+07:00,3.2,7248.8,1212.5,0.0,82.0,82.0
TH570909,โป่งงาม,Pong Ngam,61,2024-09-11T13:00:00+07:00,3.212,7248.8,1212.5,0.0,82.0,82.0
TH570909,โป่งงาม,Pong Ngam,62,2024-09-11T14:00:00+07:00,3.225,7248.8,1212.5,0.0,82.0,82.0
TH570909,โป่งงาม,Pong Ngam,63,2024-09-11T15:00:00+07:00,3.238,7248.8,1212.5,0.0,82.0,82.0
TH570909,โป่งงาม,Pong Ngam,64,2024-09-11T16:00:00+07:00,3.25,7248.8,1212.5,0.0,82.0,82.0
TH570909,โป่งงาม,Pong Ngam,65,2024-09-11T17:00:00+07:00,3.263,7248.8,1212.5,0.0,82.0,82.0
TH570909,โป่งงาม,Pong Ngam,66,2024-09-11T18:00:00+07:00,3.275,7248.8,1212.5,0.0,82.0,82.0
TH570909,โป่งงาม,Pong Ngam,67,2024-09-11T19:00:00+07:00,3.288,7248.8,1212.5,0.0,82.0,82.0
TH570909,โป่งงาม,Pong Ngam,68,2024-09-11T20:00:00+07:00,3.3,7248.8,1212.5,0.0,82.0,82.0
TH570909,โป่งงาม,Pong Ngam,69,2024-09-11T21:00:00+07:00,3.312,7248.8,1212.5,0.0,82.0,82.0
TH570909,โป่งงาม,Pong Ngam,70,2024-09-11T22:00:00+07:00,3.325,7248.8,1212.5,0.0,82.0,82.0
TH570909,โป่งงาม,Pong Ngam,71,2024-09-11T23:00:00+07:00,3.338,7248.8,1212.5,0.0,82.0,82.0
TH570909,โป่งงาม,Pong Ngam,72,2024-09-12T00:00:00+07:00,3.35,7248.8,1212.5,0.0,82.0,82.0
TH570909,โป่งงาม,Pong Ngam,73,2024-09-12T01:00:00+07:00,3.362,7248.8,1212.5,0.0,82.0,82.0
TH570909,โป่งงาม,Pong Ngam,74,2024-09-12T02:00:00+07:00,3.375,7248.8,1212.5,0.0,82.0,82.0
TH570909,โป่งงาม,Pong Ngam,75,2024-09-12T03:00:00+07:00,3.388,7248.8,1212.5,0.0,82.0,82.0
TH570909,โป่งงาม,Pong Ngam,76,2024-09-12T04:00:00+07:00,3.4,7248.8,1212.5,0.0,82.0,82.0
TH570909,โป่งงาม,Pong Ngam,77,2024-09-12T05:00:00+07:00,3.413,7248.8,1212.5,0.0,82.0,82.0
TH570909,โป่งงาม,Pong Ngam,78,2024-09-12T06:00:00+07:00,3.425,7248.8,1212.5,0.0,82.0,82.0
TH570909,โป่งงาม,Pong Ngam,79,2024-09-12T07:00:00+07:00,3.438,7248.8,1212.5,0.0,82.0,82.0
TH570909,โป่งงาม,Pong Ngam,80,2024-09-12T08:00:00+07:00,3.45,7248.8,1212.5,0.0,82.0,82.0
TH570909,โป่งงาม,Pong Ngam,81,2024-09-12T09:00:00+07:00,3.462,7248.8,1212.5,0.0,82.0,82.0
TH570909,โป่งงาม,Pong Ngam,82,2024-09-12T10:00:00+07:00,3.475,7248.8,1212.5,0.0,82.0,82.0
TH570909,โป่งงาม,Pong Ngam,83,2024-09-12T11:00:00+07:00,3.487,7248.8,1212.5,0.0,82.0,82.0
TH570909,โป่งงาม,Pong Ngam,84,2024-09-12T12:00:00+07:00,3.5,7248.8,1212.5,0.0,82.0,82.0
TH570909,โป่งงาม,Pong Ngam,85,2024-09-12T13:00:00+07:00,3.429,7248.8,1212.5,0.0,82.0,82.0
TH570909,โป่งงาม,Pong Ngam,86,2024-09-12T14:00:00+07:00,3.358,7248.8,1212.5,0.0,82.0,82.0
TH570909,โป่งงาม,Pong Ngam,87,2024-09-12T15:00:00+07:00,3.288,7248.8,1212.5,0.0,82.0,82.0
TH570909,โป่งงาม,Pong Ngam,88,2024-09-12T16:00:00+07:00,3.217,7248.8,1212.5,0.0,82.0,82.0
TH570909,โป่งงาม,Pong Ngam,89,2024-09-12T17:00:00+07:00,3.146,7248.8,1212.5,0.0,82.0,82.0
TH570909,โป่งงาม,Pong Ngam,90,2024-09-12T18:00:00+07:00,3.075,7248.8,1212.5,0.0,82.0,82.0
TH570909,โป่งงาม,Pong Ngam,91,2024-09-12T19:00:00+07:00,3.004,7248.8,1212.5,0.0,82.0,82.0
TH570909,โป่งงาม,Pong Ngam,92,2024-09-12T20:00:00+07:00,2.933,7248.8,1212.5,0.0,82.0,81.2
TH570909,โป่งงาม,Pong Ngam,93,2024-09-12T21:00:00+07:00,2.862,7248.8,1212.5,0.0,82.0,81.2
TH570909,โป่งงาม,Pong Ngam,94,2024-09-12T22:00:00+07:00,2.792,7248.8,1212.5,0.0,82.0,81.2
TH570909,โป่งงาม,Pong Ngam,95,2024-09-12T23:00:00+07:00,2.721,7248.8,1212.5,0.0,82.0,81.2
TH570909,โป่งงาม,Pong Ngam,96,2024-09-13T00:00:00+07:00,2.65,7248.8,1212.5,0.0,82.0,81.2
TH570909,โป่งงาม,Pong Ngam,97,2024-09-13T01:00:00+07:00,2.579,7248.8,1212.5,0.0,82.0,69.1
TH570909,โป่งงาม,Pong Ngam,98,2024-09-13T02:00:00+07:00,2.508,7248.8,1212.5,0.0,82.0,69.1
TH570909,โป่งงาม,Pong Ngam,99,2024-09-13T03:00:00+07:00,2.438,7248.8,1212.5,0.0,82.0,69.1
TH570909,โป่งงาม,Pong Ngam,100,2024-09-13T04:00:00+07:00,2.367,7248.8,1212.5,0.0,82.0,69.1
TH570909,โป่งงาม,Pong Ngam,101,2024-09-13T05:00:00+07:00,2.296,7248.8,1212.5,0.0,82.0,69.1
TH570909,โป่งงาม,Pong Ngam,102,2024-09-13T06:00:00+07:00,2.225,7248.8,1212.5,0.0,82.0,69.1
TH570909,โป่งงาม,Pong Ngam,103,2024-09-13T07:00:00+07:00,2.154,7248.8,1212.5,0.0,82.0,69.1
TH570909,โป่งงาม,Pong Ngam,104,2024-09-13T08:00:00+07:00,2.083,7248.8,1212.5,0.0,82.0,69.1
TH570909,โป่งงาม,Pong Ngam,105,2024-09-13T09:00:00+07:00,2.013,7248.8,1212.5,0.0,82.0,69.1
TH570909,โป่งงาม,Pong Ngam,106,2024-09-13T10:00:00+07:00,1.942,7248.8,1212.5,0.0,82.0,68.3
TH570909,โป่งงาม,Pong Ngam,107,2024-09-13T11:00:00+07:00,1.871,7248.8,1212.5,0.0,82.0,68.3
TH570909,โป่งงาม,Pong Ngam,108,2024-09-13T12:00:00+07:00,1.8,7248.8,1212.5,0.0,82.0,68.3
TH570909,โป่งงาม,Pong Ngam,109,2024-09-13T13:00:00+07:00,1.762,7248.8,1212.5,0.0,82.0,68.3
TH570909,โป่งงาม,Pong Ngam,110,2024-09-13T14:00:00+07:00,1.725,7248.8,1212.5,0.0,82.0,68.3
TH570909,โป่งงาม,Pong Ngam,111,2024-09-13T15:00:00+07:00,1.688,7248.8,1212.5,0.0,82.0,68.3
TH570909,โป่งงาม,Pong Ngam,112,2024-09-13T16:00:00+07:00,1.65,7248.8,1212.5,0.0,82.0,68.3
TH570909,โป่งงาม,Pong Ngam,113,2024-09-13T17:00:00+07:00,1.613,7248.8,1212.5,0.0,82.0,66.7
TH570909,โป่งงาม,Pong Ngam,114,2024-09-13T18:00:00+07:00,1.575,7248.8,1212.5,0.0,82.0,66.7
TH570909,โป่งงาม,Pong Ngam,115,2024-09-13T19:00:00+07:00,1.537,7248.8,1212.5,0.0,82.0,66.7
TH570909,โป่งงาม,Pong Ngam,116,2024-09-13T20:00:00+07:00,1.5,7248.8,1212.5,0.0,82.0,66.7
TH570909,โป่งงาม,Pong Ngam,117,2024-09-13T21:00:00+07:00,1.462,7248.8,1212.5,0.0,82.0,66.7
TH570909,โป่งงาม,Pong Ngam,118,2024-09-13T22:00:00+07:00,1.425,7248.8,1212.5,0.0,82.0,66.7
TH570909,โป่งงาม,Pong Ngam,119,2024-09-13T23:00:00+07:00,1.388,7248.8,1212.5,0.0,82.0,62.1
TH570909,โป่งงาม,Pong Ngam,120,2024-09-14T00:00:00+07:00,1.35,7248.8,1212.5,0.0,82.0,62.1
TH570909,โป่งงาม,Pong Ngam,121,2024-09-14T01:00:00+07:00,1.312,7248.8,1212.5,0.0,82.0,62.1
TH570909,โป่งงาม,Pong Ngam,122,2024-09-14T02:00:00+07:00,1.275,7248.8,1212.5,0.0,82.0,62.1
TH570909,โป่งงาม,Pong Ngam,123,2024-09-14T03:00:00+07:00,1.238,7248.8,1212.5,0.0,82.0,62.1
TH570909,โป่งงาม,Pong Ngam,124,2024-09-14T04:00:00+07:00,1.2,7248.8,1212.5,0.0,82.0,62.1
TH570909,โป่งงาม,Pong Ngam,125,2024-09-14T05:00:00+07:00,1.163,7248.8,1212.5,0.0,82.0,62.1
TH570909,โป่งงาม,Pong Ngam,126,2024-09-14T06:00:00+07:00,1.125,7248.8,1212.5,0.0,82.0,51.0
TH570909,โป่งงาม,Pong Ngam,127,2024-09-14T07:00:00+07:00,1.087,7248.8,1212.5,0.0,82.0,51.0
TH570909,โป่งงาม,Pong Ngam,128,2024-09-14T08:00:00+07:00,1.05,7248.8,1212.5,0.0,82.0,51.0
TH570909,โป่งงาม,Pong Ngam,129,2024-09-14T09:00:00+07:00,1.013,7248.8,1212.5,0.0,82.0,51.0
TH570909,โป่งงาม,Pong Ngam,130,2024-09-14T10:00:00+07:00,0.975,7248.8,1212.5,0.0,82.0,51.0
TH570909,โป่งงาม,Pong Ngam,131,2024-09-14T11:00:00+07:00,0.938,7248.8,1212.5,0.0,82.0,9.0
TH570909,โป่งงาม,Pong Ngam,132,2024-09-14T12:00:00+07:00,0.9,7248.8,1212.5,0.0,82.0,9.0
TH570909,โป่งงาม,Pong Ngam,133,2024-09-14T13:00:00+07:00,0.873,7248.8,1212.5,0.0,82.0,9.0
TH570909,โป่งงาม,Pong Ngam,134,2024-09-14T14:00:00+07:00,0.846,7248.8,1212.5,0.0,82.0,9.0
TH570909,โป่งงาม,Pong Ngam,135,2024-09-14T15:00:00+07:00,0.819,7248.8,1212.5,0.0,82.0,9.0
TH570909,โป่งงาม,Pong Ngam,136,2024-09-14T16:00:00+07:00,0.792,7248.8,1212.5,0.0,82.0,9.0
TH570909,โป่งงาม,Pong Ngam,137,2024-09-14T17:00:00+07:00,0.765,7248.8,1212.5,0.0,82.0,9.0
TH570909,โป่งงาม,Pong Ngam,138,2024-09-14T18:00:00+07:00,0.738,7248.8,1212.5,0.0,82.0,9.0
TH570909,โป่งงาม,Pong Ngam,139,2024-09-14T19:00:00+07:00,0.71,7248.8,1212.5,0.0,82.0,9.0
TH570909,โป่งงาม,Pong Ngam,140,2024-09-14T20:00:00+07:00,0.683,7248.8,1212.5,0.0,82.0,9.0
TH570909,โป่งงาม,Pong Ngam,141,2024-09-14T21:00:00+07:00,0.656,7248.8,1212.5,0.0,82.0,9.0
TH570909,โป่งงาม,Pong Ngam,142,2024-09-14T22:00:00+07:00,0.629,7248.8,1212.5,0.0,82.0,9.0
TH570909,โป่งงาม,Pong Ngam,143,2024-09-14T23:00:00+07:00,0.602,7248.8,1212.5,0.0,82.0,9.0
TH570909,โป่งงาม,Pong Ngam,144,2024-09-15T00:00:00+07:00,0.575,7248.8,1212.5,0.0,82.0,0.0
TH570909,โป่งงาม,Pong Ngam,145,2024-09-15T01:00:00+07:00,0.548,7248.8,1212.5,0.0,82.0,0.0
TH570909,โป่งงาม,Pong Ngam,146,2024-09-15T02:00:00+07:00,0.521,7248.8,1212.5,0.0,82.0,0.0
TH570909,โป่งงาม,Pong Ngam,147,2024-09-15T03:00:00+07:00,0.494,7248.8,1212.5,0.0,82.0,0.0
TH570909,โป่งงาม,Pong Ngam,148,2024-09-15T04:00:00+07:00,0.467,7248.8,1212.5,0.0,82.0,0.0
TH570909,โป่งงาม,Pong Ngam,149,2024-09-15T05:00:00+07:00,0.44,7248.8,1212.5,0.0,82.0,0.0
TH570909,โป่งงาม,Pong Ngam,150,2024-09-15T06:00:00+07:00,0.412,7248.8,1212.5,0.0,82.0,0.0
TH570909,โป่งงาม,Pong Ngam,151,2024-09-15T07:00:00+07:00,0.385,7248.8,1212.5,0.0,82.0,0.0
TH570909,โป่งงาม,Pong Ngam,152,2024-09-15T08:00:00+07:00,0.358,7248.8,1212.5,0.0,82.0,0.0
TH570909,โป่งงาม,Pong Ngam,153,2024-09-15T09:00:00+07:00,0.331,7248.8,1212.5,0.0,82.0,0.0
TH570909,โป่งงาม,Pong Ngam,154,2024-09-15T10:00:00+07:00,0.304,7248.8,1212.5,0.0,82.0,0.0
TH570909,โป่งงาม,Pong Ngam,155,2024-09-15T11:00:00+07:00,0.277,7248.8,1212.5,0.0,82.0,0.0
TH570909,โป่งงาม,Pong Ngam,156,2024-09-15T12:00:00+07:00,0.25,7248.8,1212.5,0.0,82.0,0.0
TH570909,โป่งงาม,Pong Ngam,157,2024-09-15T13:00:00+07:00,0.243,7248.8,1212.5,0.0,82.0,0.0
TH570909,โป่งงาม,Pong Ngam,158,2024-09-15T14:00:00+07:00,0.236,7248.8,1212.5,0.0,82.0,0.0
TH570909,โป่งงาม,Pong Ngam,159,2024-09-15T15:00:00+07:00,0.229,7248.8,1212.5,0.0,82.0,0.0
TH570909,โป่งงาม,Pong Ngam,160,2024-09-15T16:00:00+07:00,0.222,7248.8,1212.5,0.0,82.0,0.0
TH570909,โป่งงาม,Pong Ngam,161,2024-09-15T17:00:00+07:00,0.215,7248.8,1212.5,0.0,82.0,0.0
TH570909,โป่งงาม,Pong Ngam,162,2024-09-15T18:00:00+07:00,0.208,7248.8,1212.5,0.0,82.0,0.0
TH570909,โป่งงาม,Pong Ngam,163,2024-09-15T19:00:00+07:00,0.2,7248.8,1212.5,0.0,82.0,0.0
TH570909,โป่งงาม,Pong Ngam,164,2024-09-15T20:00:00+07:00,0.193,7248.8,1212.5,0.0,82.0,0.0
TH570909,โป่งงาม,Pong Ngam,165,2024-09-15T21:00:00+07:00,0.186,7248.8,1212.5,0.0,82.0,0.0
TH570909,โป่งงาม,Pong Ngam,166,2024-09-15T22:00:00+07:00,0.179,7248.8,1212.5,0.0,82.0,0.0
TH570909,โป่งงาม,Pong Ngam,167,2024-09-15T23:00:00+07:00,0.172,7248.8,1212.5,0.0,82.0,0.0
TH570909,โป่งงาม,Pong Ngam,168,2024-09-16T00:00:00+07:00,0.165,7248.8,1212.5,0.0,82.0,0.0
TH570909,โป่งงาม,Pong Ngam,169,2024-09-16T01:00:00+07:00,0.158,7248.8,1212.5,0.0,82.0,0.0
TH570909,โป่งงาม,Pong Ngam,170,2024-09-16T02:00:00+07:00,0.151,7248.8,1212.5,0.0,82.0,0.0
TH570909,โป่งงาม,Pong Ngam,171,2024-09-16T03:00:00+07:00,0.144,7248.8,1212.5,0.0,82.0,0.0
TH570909,โป่งงาม,Pong Ngam,172,2024-09-16T04:00:00+07:00,0.137,7248.8,1212.5,0.0,82.0,0.0
TH570909,โป่งงาม,Pong Ngam,173,2024-09-16T05:00:00+07:00,0.13,7248.8,1212.5,0.0,82.0,0.0
TH570909,โป่งงาม,Pong Ngam,174,2024-09-16T06:00:00+07:00,0.122,7248.8,1212.5,0.0,82.0,0.0
TH570909,โป่งงาม,Pong Ngam,175,2024-09-16T07:00:00+07:00,0.115,7248.8,1212.5,0.0,82.0,0.0
TH570909,โป่งงาม,Pong Ngam,176,2024-09-16T08:00:00+07:00,0.108,7248.8,1212.5,0.0,82.0,0.0
TH570909,โป่งงาม,Pong Ngam,177,2024-09-16T09:00:00+07:00,0.101,7248.8,1212.5,0.0,82.0,0.0
TH570909,โป่งงาม,Pong Ngam,178,2024-09-16T10:00:00+07:00,0.094,7248.8,1212.5,0.0,82.0,0.0
TH570909,โป่งงาม,Pong Ngam,179,2024-09-16T11:00:00+07:00,0.087,7248.8,1212.5,0.0,82.0,0.0
TH570909,โป่งงาม,Pong Ngam,180,2024-09-16T12:00:00+07:00,0.08,7248.8,1212.5,0.0,82.0,0.0
TH570909,โป่งงาม,Pong Ngam,181,2024-09-16T13:00:00+07:00,0.078,7248.8,1212.5,0.0,82.0,0.0
TH570909,โป่งงาม,Pong Ngam,182,2024-09-16T14:00:00+07:00,0.077,7248.8,1212.5,0.0,82.0,0.0
TH570909,โป่งงาม,Pong Ngam,183,2024-09-16T15:00:00+07:00,0.075,7248.8,1212.5,0.0,82.0,0.0
TH570909,โป่งงาม,Pong Ngam,184,2024-09-16T16:00:00+07:00,0.073,7248.8,1212.5,0.0,82.0,0.0
TH570909,โป่งงาม,Pong Ngam,185,2024-09-16T17:00:00+07:00,0.072,7248.8,1212.5,0.0,82.0,0.0
TH570909,โป่งงาม,Pong Ngam,186,2024-09-16T18:00:00+07:00,0.07,7248.8,1212.5,0.0,82.0,0.0
TH570909,โป่งงาม,Pong Ngam,187,2024-09-16T19:00:00+07:00,0.068,7248.8,1212.5,0.0,82.0,0.0
TH570909,โป่งงาม,Pong Ngam,188,2024-09-16T20:00:00+07:00,0.067,7248.8,1212.5,0.0,82.0,0.0
TH570909,โป่งงาม,Pong Ngam,189,2024-09-16T21:00:00+07:00,0.065,7248.8,1212.5,0.0,82.0,0.0
TH570909,โป่งงาม,Pong Ngam,190,2024-09-16T22:00:00+07:00,0.063,7248.8,1212.5,0.0,82.0,0.0
TH570909,โป่งงาม,Pong Ngam,191,2024-09-16T23:00:00+07:00,0.062,7248.8,1212.5,0.0,82.0,0.0
TH570909,โป่งงาม,Pong Ngam,192,2024-09-17T00:00:00+07:00,0.06,7248.8,1212.5,0.0,82.0,0.0
TH570909,โป่งงาม,Pong Ngam,193,2024-09-17T01:00:00+07:00,0.058,7248.8,1212.5,0.0,82.0,0.0
TH570909,โป่งงาม,Pong Ngam,194,2024-09-17T02:00:00+07:00,0.057,7248.8,1212.5,0.0,82.0,0.0
TH570909,โป่งงาม,Pong Ngam,195,2024-09-17T03:00:00+07:00,0.055,7248.8,1212.5,0.0,82.0,0.0
TH570909,โป่งงาม,Pong Ngam,196,2024-09-17T04:00:00+07:00,0.053,7248.8,1212.5,0.0,82.0,0.0
TH570909,โป่งงาม,Pong Ngam,197,2024-09-17T05:00:00+07:00,0.052,7248.8,1212.5,0.0,82.0,0.0
TH570909,โป่งงาม,Pong Ngam,198,2024-09-17T06:00:00+07:00,0.05,7248.8,1212.5,0.0,82.0,0.0
TH570909,โป่งงาม,Pong Ngam,199,2024-09-17T07:00:00+07:00,0.048,7248.8,1212.5,0.0,82.0,0.0
TH570909,โป่งงาม,Pong Ngam,200,2024-09-17T08:00:00+07:00,0.047,7248.8,1212.5,0.0,82.0,0.0
TH570909,โป่งงาม,Pong Ngam,201,2024-09-17T09:00:00+07:00,0.045,7248.8,1212.5,0.0,82.0,0.0
TH570909,โป่งงาม,Pong Ngam,202,2024-09-17T10:00:00+07:00,0.043,7248.8,1212.5,0.0,82.0,0.0
TH570909,โป่งงาม,Pong Ngam,203,2024-09-17T11:00:00+07:00,0.042,7248.8,1212.5,0.0,82.0,0.0
TH570909,โป่งงาม,Pong Ngam,204,2024-09-17T12:00:00+07:00,0.04,7248.8,1212.5,0.0,82.0,0.0
TH570909,โป่งงาม,Pong Ngam,205,2024-09-17T13:00:00+07:00,0.039,7248.8,1212.5,0.0,82.0,0.0
TH570909,โป่งงาม,Pong Ngam,206,2024-09-17T14:00:00+07:00,0.038,7248.8,1212.5,0.0,82.0,0.0
TH570909,โป่งงาม,Pong Ngam,207,2024-09-17T15:00:00+07:00,0.037,7248.8,1212.5,0.0,82.0,0.0
TH570909,โป่งงาม,Pong Ngam,208,2024-09-17T16:00:00+07:00,0.037,7248.8,1212.5,0.0,82.0,0.0
TH570909,โป่งงาม,Pong Ngam,209,2024-09-17T17:00:00+07:00,0.036,7248.8,1212.5,0.0,82.0,0.0
TH570909,โป่งงาม,Pong Ngam,210,2024-09-17T18:00:00+07:00,0.035,7248.8,1212.5,0.0,82.0,0.0
TH570909,โป่งงาม,Pong Ngam,211,2024-09-17T19:00:00+07:00,0.034,7248.8,1212.5,0.0,82.0,0.0
TH570909,โป่งงาม,Pong Ngam,212,2024-09-17T20:00:00+07:00,0.033,7248.8,1212.5,0.0,82.0,0.0
TH570909,โป่งงาม,Pong Ngam,213,2024-09-17T21:00:00+07:00,0.033,7248.8,1212.5,0.0,82.0,0.0
TH570909,โป่งงาม,Pong Ngam,214,2024-09-17T22:00:00+07:00,0.032,7248.8,1212.5,0.0,82.0,0.0
TH570909,โป่งงาม,Pong Ngam,215,2024-09-17T23:00:00+07:00,0.031,7248.8,1212.5,0.0,82.0,0.0
TH570909,โป่งงาม,Pong Ngam,216,2024-09-18T00:00:00+07:00,0.03,7248.8,1212.5,0.0,82.0,0.0
TH570909,โป่งงาม,Pong Ngam,217,2024-09-18T01:00:00+07:00,0.029,7248.8,1212.5,0.0,82.0,0.0
TH570909,โป่งงาม,Pong Ngam,218,2024-09-18T02:00:00+07:00,0.028,7248.8,1212.5,0.0,82.0,0.0
TH570909,โป่งงาม,Pong Ngam,219,2024-09-18T03:00:00+07:00,0.028,7248.8,1212.5,0.0,82.0,0.0
TH570909,โป่งงาม,Pong Ngam,220,2024-09-18T04:00:00+07:00,0.027,7248.8,1212.5,0.0,82.0,0.0
TH570909,โป่งงาม,Pong Ngam,221,2024-09-18T05:00:00+07:00,0.026,7248.8,1212.5,0.0,82.0,0.0
TH570909,โป่งงาม,Pong Ngam,222,2024-09-18T06:00:00+07:00,0.025,7248.8,1212.5,0.0,82.0,0.0
TH570909,โป่งงาม,Pong Ngam,223,2024-09-18T07:00:00+07:00,0.024,7248.8,1212.5,0.0,82.0,0.0
TH570909,โป่งงาม,Pong Ngam,224,2024-09-18T08:00:00+07:00,0.023,7248.8,1212.5,0.0,82.0,0.0
TH570909,โป่งงาม,Pong Ngam,225,2024-09-18T09:00:00+07:00,0.022,7248.8,1212.5,0.0,82.0,0.0
TH570909,โป่งงาม,Pong Ngam,226,2024-09-18T10:00:00+07:00,0.022,7248.8,1212.5,0.0,82.0,0.0
TH570909,โป่งงาม,Pong Ngam,227,2024-09-18T11:00:00+07:00,0.021,7248.8,1212.5,0.0,82.0,0.0
TH570909,โป่งงาม,Pong Ngam,228,2024-09-18T12:00:00+07:00,0.02,7248.8,1212.5,0.0,82.0,0.0
TH570909,โป่งงาม,Pong Ngam,229,2024-09-18T13:00:00+07:00,0.019,7248.8,1212.5,0.0,82.0,0.0
TH570909,โป่งงาม,Pong Ngam,230,2024-09-18T14:00:00+07:00,0.018,7248.8,1212.5,0.0,82.0,0.0
TH570909,โป่งงาม,Pong Ngam,231,2024-09-18T15:00:00+07:00,0.018,7248.8,1212.5,0.0,82.0,0.0
TH570909,โป่งงาม,Pong Ngam,232,2024-09-18T16:00:00+07:00,0.017,7248.8,1212.5,0.0,82.0,0.0
TH570909,โป่งงาม,Pong Ngam,233,2024-09-18T17:00:00+07:00,0.016,7248.8,1212.5,0.0,82.0,0.0
TH570909,โป่งงาม,Pong Ngam,234,2024-09-18T18:00:00+07:00,0.015,7248.8,1212.5,0.0,82.0,0.0
TH570909,โป่งงาม,Pong Ngam,235,2024-09-18T19:00:00+07:00,0.014,7248.8,1212.5,0.0,82.0,0.0
TH570909,โป่งงาม,Pong Ngam,236,2024-09-18T20:00:00+07:00,0.013,7248.8,1212.5,0.0,82.0,0.0
TH570909,โป่งงาม,Pong Ngam,237,2024-09-18T21:00:00+07:00,0.013,7248.8,1212.5,0.0,82.0,0.0
TH570909,โป่งงาม,Pong Ngam,238,2024-09-18T22:00:00+07:00,0.012,7248.8,1212.5,0.0,82.0,0.0
TH570909,โป่งงาม,Pong Ngam,239,2024-09-18T23:00:00+07:00,0.011,7248.8,1212.5,0.0,82.0,0.0
TH570909,โป่งงาม,Pong Ngam,240,2024-09-19T00:00:00+07:00,0.01,7248.8,1212.5,0.0,82.0,0.0
TH570909,โป่งงาม,Pong Ngam,241,2024-09-19T01:00:00+07:00,0.009,7248.8,1212.5,0.0,82.0,0.0
TH570909,โป่งงาม,Pong Ngam,242,2024-09-19T02:00:00+07:00,0.008,7248.8,1212.5,0.0,82.0,0.0
TH570909,โป่งงาม,Pong Ngam,243,2024-09-19T03:00:00+07:00,0.007,7248.8,1212.5,0.0,82.0,0.0
TH570909,โป่งงาม,Pong Ngam,244,2024-09-19T04:00:00+07:00,0.007,7248.8,1212.5,0.0,82.0,0.0
TH570909,โป่งงาม,Pong Ngam,245,2024-09-19T05:00:00+07:00,0.006,7248.8,1212.5,0.0,82.0,0.0
TH570909,โป่งงาม,Pong Ngam,246,2024-09-19T06:00:00+07:00,0.005,7248.8,1212.5,0.0,82.0,0.0
TH570909,โป่งงาม,Pong Ngam,247,2024-09-19T07:00:00+07:00,0.004,7248.8,1212.5,0.0,82.0,0.0
TH570909,โป่งงาม,Pong Ngam,248,2024-09-19T08:00:00+07:00,0.003,7248.8,1212.5,0.0,82.0,0.0
TH570909,โป่งงาม,Pong Ngam,249,2024-09-19T09:00:00+07:00,0.002,7248.8,1212.5,0.0,82.0,0.0
TH570909,โป่งงาม,Pong Ngam,250,2024-09-19T10:00:00+07:00,0.002,7248.8,1212.5,0.0,82.0,0.0
TH570909,โป่งงาม,Pong Ngam,251,2024-09-19T11:00:00+07:00,0.001,7248.8,1212.5,0.0,82.0,0.0
TH570909,โป่งงาม,Pong Ngam,252,2024-09-19T12:00:00+07:00,0.0,7248.8,1212.5,0.0,82.0,0.0
TH570909,โป่งงาม,Pong Ngam,253,2024-09-19T13:00:00+07:00,0.0,7248.8,1212.5,0.0,82.0,0.0
TH570909,โป่งงาม,Pong Ngam,254,2024-09-19T14:00:00+07:00,0.0,7248.8,1212.5,0.0,82.0,0.0
TH570909,โป่งงาม,Pong Ngam,255,2024-09-19T15:00:00+07:00,0.0,7248.8,1212.5,0.0,82.0,0.0
TH570909,โป่งงาม,Pong Ngam,256,2024-09-19T16:00:00+07:00,0.0,7248.8,1212.5,0.0,82.0,0.0
TH570909,โป่งงาม,Pong Ngam,257,2024-09-19T17:00:00+07:00,0.0,7248.8,1212.5,0.0,82.0,0.0
TH570909,โป่งงาม,Pong Ngam,258,2024-09-19T18:00:00+07:00,0.0,7248.8,1212.5,0.0,82.0,0.0
TH570909,โป่งงาม,Pong Ngam,259,2024-09-19T19:00:00+07:00,0.0,7248.8,1212.5,0.0,82.0,0.0
TH570909,โป่งงาม,Pong Ngam,260,2024-09-19T20:00:00+07:00,0.0,7248.8,1212.5,0.0,82.0,0.0
TH570909,โป่งงาม,Pong Ngam,261,2024-09-19T21:00:00+07:00,0.0,7248.8,1212.5,0.0,82.0,0.0
TH570909,โป่งงาม,Pong Ngam,262,2024-09-19T22:00:00+07:00,0.0,7248.8,1212.5,0.0,82.0,0.0
TH570909,โป่งงาม,Pong Ngam,263,2024-09-19T23:00:00+07:00,0.0,7248.8,1212.5,0.0,82.0,0.0
