node_id,subdistrict_id,total_population,vulnerable_population,non_vulnerable_population
N-99.9335973-20.4538233,TH570901,2.904,0.0,2.904
N-99.9316624-20.4514823,TH570901,14.028,0.0,14.028
N-99.9340237-20.4536483,TH570901,2.856,0.0,2.856
N-99.9319736-20.4512612,TH570901,7.247,0.0,7.247
N-99.9333685-20.4510229,TH570901,3.465,0.0,3.465
N-99.9325860-20.4510026,TH570901,1.698,0.0,1.698
N-99.9303062-20.4478738,TH570901,7.657,0.0,7.657
N-99.9329499-20.4508490,TH570901,1.668,0.0,1.668
N-99.9334863-20.4506480,TH570901,1.693,0.0,1.693
N-99.9342266-20.4506279,TH570901,1.58,0.0,1.58
N-99.9345699-20.4505675,TH570901,1.534,0.0,1.534
N-99.9297021-20.4477419,TH570901,3.08,0.0,3.08
N-99.9315508-20.4482596,TH570901,3.748,0.0,3.748
N-99.9321248-20.4486260,TH570901,1.666,0.0,1.666
N-99.9325996-20.4488145,TH570901,1.6,0.0,1.6
N-99.9331360-20.4487919,TH570901,1.537,0.0,1.537
N-99.9334499-20.4485808,TH570901,2.926,0.0,2.926
N-99.9362329-20.4495824,TH570901,2.926,0.0,2.926
N-99.9366835-20.4493009,TH570901,1.164,0.0,1.164
N-99.9290201-20.4475107,TH570901,3.259,0.0,3.259
N-99.9293400-20.4476508,TH570901,3.181,0.0,3.181
N-99.9309285-20.4479844,TH570901,2.111,0.0,2.111
N-99.9323662-20.4487366,TH570901,1.645,0.0,1.645
N-99.9337663-20.4478990,TH570901,11.743,0.0,11.743
N-99.9368981-20.4490898,TH570901,2.352,0.0,2.352
N-99.9087409-20.4475556,TH570901,12.36,0.0,12.36
N-99.9111244-20.4467881,TH570901,13.354,0.0,13.354
N-99.9120256-20.4463106,TH570901,4.648,0.0,4.648
N-99.9139903-20.4467946,TH570901,4.276,0.0,4.276
N-99.9141043-20.4468553,TH570901,11.087,0.0,11.087
N-99.9152738-20.4478236,TH570901,6.155,0.0,6.155
N-99.9285065-20.4471463,TH570901,4.617,0.0,4.617
N-99.9291100-20.4475685,TH570901,3.461,0.0,3.461
N-99.9299005-20.4477815,TH570901,3.427,0.0,3.427
N-99.9308085-20.4479612,TH570901,2.398,0.0,2.398
N-99.9313201-20.4481302,TH570901,1.781,0.0,1.781
N-99.9318150-20.4484148,TH570901,1.581,0.0,1.581
N-99.9377000-20.4475717,TH570901,3.434,0.0,3.434
N-99.9070575-20.4467124,TH570901,6.828,0.0,6.828
N-99.9075456-20.4464203,TH570901,6.745,0.0,6.745
N-99.9083965-20.4464777,TH570901,6.289,0.0,6.289
N-99.9088808-20.4463724,TH570901,6.003,0.0,6.003
N-99.9102057-20.4462585,TH570901,7.21,0.0,7.21
N-99.9109353-20.4464847,TH570901,8.083,0.0,8.083
N-99.9117655-20.4463910,TH570901,13.385,0.0,13.385
N-99.9123824-20.4461674,TH570901,5.571,0.0,5.571
N-99.9136853-20.4465262,TH570901,4.789,0.0,4.789
N-99.9152024-20.4461055,TH570901,14.986,0.0,14.986
N-99.9162880-20.4467274,TH570901,6.348,0.0,6.348
N-99.9167652-20.4464607,TH570901,4.498,0.0,4.498
N-99.9261331-20.4463918,TH570901,4.992,0.0,4.992
N-99.9278037-20.4465707,TH570901,4.746,0.0,4.746
N-99.9281618-20.4468271,TH570901,8.449,0.0,8.449
N-99.9286996-20.4472832,TH570901,3.469,0.0,3.469
N-99.9296169-20.4477161,TH570901,3.37,0.0,3.37
N-99.9305439-20.4479112,TH570901,3.201,0.0,3.201
N-99.9311149-20.4480472,TH570901,1.626,0.0,1.626
N-99.9354725-20.4450658,TH570901,2.867,0.0,2.867
N-99.9366371-20.4453545,TH570901,5.447,0.0,5.447
N-99.9378664-20.4466594,TH570901,2.257,0.0,2.257
N-99.8996472-20.4460843,TH570901,17.142,0.0,17.142
N-99.9008358-20.4462520,TH570901,15.374,0.0,15.374
N-99.9021524-20.4458582,TH570901,8.61,0.0,8.61
N-99.9043943-20.4461222,TH570901,8.868,0.0,8.868
N-99.9050647-20.4457950,TH570901,8.621,0.0,8.621
N-99.9063539-20.4463107,TH570901,16.307,0.0,16.307
N-99.9074377-20.4458783,TH570901,8.103,0.0,8.103
N-99.9077877-20.4458444,TH570901,6.83,0.0,6.83
N-99.9094115-20.4458412,TH570901,6.094,0.0,6.094
N-99.9099536-20.4460298,TH570901,11.658,0.0,11.658
N-99.9107958-20.4463867,TH570901,7.113,0.0,7.113
N-99.9125715-20.4461472,TH570901,4.704,0.0,4.704
N-99.9131066-20.4460970,TH570901,5.243,0.0,5.243
N-99.9145859-20.4460902,TH570901,7.029,0.0,7.029
N-99.9161434-20.4458123,TH570901,7.461,0.0,7.461
N-99.9169269-20.4458212,TH570901,6.262,0.0,6.262
N-99.9175689-20.4454834,TH570901,6.189,0.0,6.189
N-99.9249246-20.4451121,TH570901,15.121,0.0,15.121
N-99.9259365-20.4455836,TH570901,6.296,0.0,6.296
N-99.9265547-20.4457425,TH570901,5.905,0.0,5.905
N-99.9272612-20.4460467,TH570901,4.704,0.0,4.704
N-99.9275798-20.4463521,TH570901,4.294,0.0,4.294
N-99.9306214-20.4440336,TH570901,12.95,0.0,12.95
N-99.9308869-20.4441291,TH570901,12.307,0.0,12.307
N-99.9316996-20.4443302,TH570901,9.262,0.0,9.262
N-99.9327850-20.4444963,TH570901,3.34,0.0,3.34
N-99.9337190-20.4447020,TH570901,4.955,0.0,4.955
N-99.9345316-20.4448420,TH570901,3.057,0.0,3.057
N-99.9356111-20.4450601,TH570901,6.049,0.0,6.049
N-99.9374751-20.4455335,TH570901,1.079,0.0,1.079
N-99.9382793-20.4456461,TH570901,1.078,0.0,1.078
N-99.8978918-20.4448520,TH570901,7.05,0.0,7.05
N-99.8992541-20.4446544,TH570901,7.717,0.0,7.717
N-99.8993542-20.4446678,TH570901,8.671,0.0,8.671
N-99.9023455-20.4449434,TH570901,26.382,0.0,26.382
N-99.9044059-20.4451778,TH570901,9.06,0.0,9.06
N-99.9050336-20.4450141,TH570901,9.026,0.0,9.026
N-99.9056500-20.4448529,TH570901,9.418,0.0,9.418
N-99.9069858-20.4448831,TH570901,8.532,0.0,8.532
N-99.9076030-20.4451352,TH570901,8.409,0.0,8.409
N-99.9087659-20.4445917,TH570901,7.556,0.0,7.556
N-99.9091230-20.4452341,TH570901,12.122,0.0,12.122
N-99.9129108-20.4445237,TH570901,4.452,0.0,4.452
N-99.9129282-20.4445513,TH570901,4.388,0.0,4.388
N-99.9133801-20.4448580,TH570901,12.814,0.0,12.814
N-99.9156421-20.4451225,TH570901,16.158,0.0,16.158
N-99.9165728-20.4450145,TH570901,8.069,0.0,8.069
N-99.9171674-20.4449939,TH570901,7.633,0.0,7.633
N-99.9179935-20.4450188,TH570901,7.124,0.0,7.124
N-99.9209265-20.4447323,TH570901,18.262,0.0,18.262
N-99.9258698-20.4450706,TH570901,7.336,0.0,7.336
N-99.9267493-20.4453160,TH570901,6.047,0.0,6.047
N-99.9270406-20.4445265,TH570901,9.313,0.0,9.313
N-99.9295834-20.4436038,TH570901,8.25,0.0,8.25
N-99.9324207-20.4444351,TH570901,6.116,0.0,6.116
N-99.9350079-20.4448989,TH570901,5.285,0.0,5.285
N-99.9376173-20.4454373,TH570901,1.118,0.0,1.118
N-99.9388148-20.4449475,TH570901,1.102,0.0,1.102
N-99.8966388-20.4441831,TH570901,11.651,0.0,11.651
N-99.8974710-20.4438536,TH570901,8.859,0.0,8.859
N-99.8980876-20.4439475,TH570901,6.984,0.0,6.984
N-99.8990093-20.4443225,TH570901,6.928,0.0,6.928
N-99.8994578-20.4440048,TH570901,7.562,0.0,7.562
N-99.8995043-20.4438005,TH570901,28.713,0.0,28.713
N-99.9024957-20.4442196,TH570901,15.841,0.0,15.841
N-99.9026781-20.4437521,TH570901,17.97,0.0,17.97
N-99.9042962-20.4445906,TH570901,7.856,0.0,7.856
N-99.9045122-20.4444883,TH570901,7.685,0.0,7.685
N-99.9061543-20.4444081,TH570901,7.684,0.0,7.684
N-99.9063635-20.4443101,TH570901,7.682,0.0,7.682
N-99.9082713-20.4443138,TH570901,8.648,0.0,8.648
N-99.9083815-20.4441100,TH570901,7.876,0.0,7.876
N-99.9091262-20.4440738,TH570901,36.407,0.0,36.407
N-99.9129027-20.4444634,TH570901,11.769,0.0,11.769
N-99.9133681-20.4446104,TH570901,6.229,0.0,6.229
N-99.9140239-20.4441995,TH570901,7.178,0.0,7.178
N-99.9153583-20.4436453,TH570901,8.736,0.0,8.736
N-99.9159133-20.4440558,TH570901,8.919,0.0,8.919
N-99.9162219-20.4440237,TH570901,9.822,0.0,9.822
N-99.9177360-20.4442801,TH570901,9.457,0.0,9.457
N-99.9183655-20.4443270,TH570901,8.886,0.0,8.886
N-99.9189940-20.4444495,TH570901,8.747,0.0,8.747
N-99.9193963-20.4445061,TH570901,9.231,0.0,9.231
N-99.9243037-20.4443868,TH570901,9.492,0.0,9.492
N-99.9253896-20.4440223,TH570901,9.247,0.0,9.247
N-99.9262654-20.4441473,TH570901,8.044,0.0,8.044
N-99.9264611-20.4438993,TH570901,5.961,0.0,5.961
N-99.9270266-20.4442893,TH570901,5.197,0.0,5.197
N-99.9278828-20.4436164,TH570901,14.581,0.0,14.581
N-99.9381530-20.4441016,TH570901,5.19,0.0,5.19
N-99.9384888-20.4441940,TH570901,1.233,0.0,1.233
N-99.9391190-20.4442644,TH570901,1.213,0.0,1.213
N-99.8854983-20.4437925,TH570901,31.055,0.0,31.055
N-99.8865875-20.4433149,TH570901,29.293,0.0,29.293
N-99.8875593-20.4432657,TH570901,28.174,0.0,28.174
N-99.8901178-20.4430923,TH570901,10.319,0.0,10.319
N-99.8953693-20.4434149,TH570901,10.548,0.0,10.548
N-99.8970636-20.4440108,TH570901,11.0,0.0,11.0
N-99.8980414-20.4432541,TH570901,17.576,0.0,17.576
N-99.9028069-20.4435561,TH570901,20.29,0.0,20.29
N-99.9031395-20.4432595,TH570901,11.066,0.0,11.066
N-99.9041320-20.4434309,TH570901,13.276,0.0,13.276
N-99.9055705-20.4430524,TH570901,13.342,0.0,13.342
N-99.9057904-20.4431781,TH570901,11.908,0.0,11.908
N-99.9066387-20.4432229,TH570901,10.885,0.0,10.885
N-99.9074091-20.4432957,TH570901,14.138,0.0,14.138
N-99.9081939-20.4434878,TH570901,11.802,0.0,11.802
N-99.9085550-20.4433127,TH570901,10.836,0.0,10.836
N-99.9128893-20.4434757,TH570901,29.52,0.0,29.52
N-99.9140580-20.4433488,TH570901,10.959,0.0,10.959
N-99.9146361-20.4433299,TH570901,16.239,0.0,16.239
N-99.9163426-20.4435888,TH570901,17.65,0.0,17.65
N-99.9167543-20.4435714,TH570901,19.343,0.0,19.343
N-99.9172179-20.4435740,TH570901,21.359,0.0,21.359
N-99.9187044-20.4433759,TH570901,19.209,0.0,19.209
N-99.9190959-20.4433137,TH570901,13.075,0.0,13.075
N-99.9221488-20.4432849,TH570901,13.883,0.0,13.883
N-99.9233968-20.4437473,TH570901,10.773,0.0,10.773
N-99.9245598-20.4433432,TH570901,21.877,0.0,21.877
N-99.9256662-20.4434792,TH570901,8.359,0.0,8.359
N-99.9266236-20.4434493,TH570901,6.951,0.0,6.951
N-99.9295405-20.4434606,TH570901,4.026,0.0,4.026
N-99.9296531-20.4430886,TH570901,3.448,0.0,3.448
N-99.9337014-20.4421533,TH570901,32.898,0.0,32.898
N-99.9373443-20.4419934,TH570901,8.722,0.0,8.722
N-99.9392477-20.4438824,TH570901,1.744,0.0,1.744
N-99.8814423-20.4422809,TH570901,43.756,0.0,43.756
N-99.8824420-20.4422916,TH570901,43.621,0.0,43.621
N-99.8832642-20.4425426,TH570901,44.016,0.0,44.016
N-99.8842145-20.4424707,TH570901,43.953,0.0,43.953
N-99.8846569-20.4426927,TH570901,42.852,0.0,42.852
N-99.8858871-20.4425072,TH570901,33.161,0.0,33.161
N-99.8864547-20.4427320,TH570901,32.365,0.0,32.365
N-99.8870587-20.4425158,TH570901,30.583,0.0,30.583
N-99.8886148-20.4425341,TH570901,27.151,0.0,27.151
N-99.8896634-20.4423868,TH570901,22.148,0.0,22.148
N-99.8899187-20.4423964,TH570901,11.205,0.0,11.205
N-99.8909102-20.4426279,TH570901,9.887,0.0,9.887
N-99.8918458-20.4425760,TH570901,9.289,0.0,9.289
N-99.8924885-20.4424815,TH570901,8.405,0.0,8.405
N-99.8933268-20.4423614,TH570901,8.742,8.742,0.0
N-99.8968591-20.4418822,TH570901,12.308,0.0,12.308
N-99.8979566-20.4426619,TH570901,19.409,0.0,19.409
N-99.8991671-20.4420280,TH570901,7.069,0.0,7.069
N-99.8996057-20.4417076,TH570901,38.649,0.0,38.649
N-99.9032862-20.4425722,TH570901,14.281,0.0,14.281
N-99.9033086-20.4424331,TH570901,12.673,0.0,12.673
N-99.9041718-20.4423214,TH570901,13.139,0.0,13.139
N-99.9048794-20.4422805,TH570901,12.697,0.0,12.697
N-99.9054135-20.4425812,TH570901,13.083,0.0,13.083
N-99.9066796-20.4429965,TH570901,14.419,0.0,14.419
N-99.9077749-20.4425256,TH570901,14.64,0.0,14.64
N-99.9083629-20.4421463,TH570901,12.541,0.0,12.541
N-99.9090158-20.4421486,TH570901,14.77,0.0,14.77
N-99.9095442-20.4417847,TH570901,14.767,0.0,14.767
N-99.9102649-20.4414813,TH570901,11.568,0.0,11.568
N-99.9128464-20.4425432,TH570901,35.886,0.0,35.886
N-99.9141580-20.4423195,TH570901,12.967,0.0,12.967
N-99.9152567-20.4420717,TH570901,16.916,0.0,16.916
N-99.9160982-20.4423359,TH570901,17.621,0.0,17.621
N-99.9166596-20.4426217,TH570901,19.773,0.0,19.773
N-99.9173143-20.4425006,TH570901,22.081,0.0,22.081
N-99.9186223-20.4423423,TH570901,23.449,0.0,23.449
N-99.9189790-20.4421621,TH570901,15.314,0.0,15.314
N-99.9201313-20.4424842,TH570901,15.889,0.0,15.889
N-99.9210589-20.4425147,TH570901,15.191,0.0,15.191
N-99.9214045-20.4426874,TH570901,12.67,0.0,12.67
N-99.9225600-20.4424911,TH570901,12.823,0.0,12.823
N-99.9234363-20.4428798,TH570901,10.273,0.0,10.273
N-99.9239866-20.4427394,TH570901,9.541,0.0,9.541
N-99.9254753-20.4423666,TH570901,30.717,0.0,30.717
N-99.9270361-20.4419581,TH570901,21.428,0.0,21.428
N-99.9283817-20.4421562,TH570901,4.621,0.0,4.621
N-99.9288216-20.4423924,TH570901,3.695,0.0,3.695
N-99.9296343-20.4430208,TH570901,6.609,0.0,6.609
N-99.9374215-20.4419187,TH570901,2.159,0.0,2.159
N-99.9394264-20.4426856,TH570901,1.836,0.0,1.836
N-99.8811428-20.4415932,TH570901,43.479,0.0,43.479
N-99.8824842-20.4414772,TH570901,43.587,0.0,43.587
N-99.8836216-20.4416643,TH570901,43.567,0.0,43.567
N-99.8840766-20.4419088,TH570901,44.947,0.0,44.947
N-99.8847717-20.4416970,TH570901,43.246,0.0,43.246
N-99.8858517-20.4415079,TH570901,35.151,0.0,35.151
N-99.8866179-20.4412559,TH570901,69.835,0.0,69.835
N-99.8876448-20.4413501,TH570901,32.847,0.0,32.847
N-99.8884340-20.4416703,TH570901,29.824,0.0,29.824
N-99.8888218-20.4419539,TH570901,28.647,0.0,28.647
N-99.8898424-20.4418772,TH570901,13.499,0.0,13.499
N-99.8908944-20.4414272,TH570901,12.904,0.0,12.904
N-99.8922087-20.4420151,TH570901,21.117,0.0,21.117
N-99.8935575-20.4410770,TH570901,23.174,0.0,23.174
N-99.8969141-20.4417063,TH570901,11.01,0.0,11.01
N-99.8976868-20.4416724,TH570901,11.471,0.0,11.471
N-99.8983842-20.4418231,TH570901,9.957,0.0,9.957
N-99.8992757-20.4416648,TH570901,8.455,0.0,8.455
N-99.9033042-20.4422850,TH570901,23.231,0.0,23.231
N-99.9033715-20.4422177,TH570901,13.833,0.0,13.833
N-99.9042963-20.4417835,TH570901,14.06,0.0,14.06
N-99.9050724-20.4419574,TH570901,15.29,0.0,15.29
N-99.9053282-20.4420292,TH570901,16.023,0.0,16.023
N-99.9068443-20.4416253,TH570901,18.742,0.0,18.742
N-99.9073108-20.4416780,TH570901,18.96,0.0,18.96
N-99.9081439-20.4415593,TH570901,15.885,0.0,15.885
N-99.9091686-20.4418603,TH570901,19.268,0.0,19.268
N-99.9098592-20.4415964,TH570901,18.263,0.0,18.263
N-99.9112928-20.4413189,TH570901,27.623,0.0,27.623
N-99.9129201-20.4416937,TH570901,14.4,0.0,14.4
N-99.9136913-20.4416232,TH570901,15.026,0.0,15.026
N-99.9140600-20.4417500,TH570901,15.471,0.0,15.471
N-99.9149394-20.4415921,TH570901,20.732,0.0,20.732
N-99.9158777-20.4418887,TH570901,20.662,0.0,20.662
N-99.9165494-20.4412484,TH570901,19.952,0.0,19.952
N-99.9175304-20.4416996,TH570901,19.233,0.0,19.233
N-99.9183554-20.4420584,TH570901,23.757,0.0,23.757
N-99.9191411-20.4417945,TH570901,15.645,0.0,15.645
N-99.9200722-20.4415896,TH570901,15.592,0.0,15.592
N-99.9209094-20.4414581,TH570901,14.967,0.0,14.967
N-99.9216516-20.4415636,TH570901,12.042,0.0,12.042
N-99.9227736-20.4417157,TH570901,9.682,0.0,9.682
N-99.9234437-20.4417982,TH570901,8.3,0.0,8.3
N-99.9238430-20.4416947,TH570901,21.001,0.0,21.001
N-99.9283269-20.4415688,TH570901,4.677,0.0,4.677
N-99.9285364-20.4415036,TH570901,9.133,0.0,9.133
N-99.9300467-20.4410236,TH570901,17.207,0.0,17.207
N-99.9306698-20.4407832,TH570901,20.316,0.0,20.316
N-99.9373524-20.4418313,TH570901,5.593,0.0,5.593
N-99.9375656-20.4416208,TH570901,5.342,0.0,5.342
N-99.9379706-20.4412451,TH570901,4.629,0.0,4.629
N-99.9395822-20.4417158,TH570901,1.911,0.0,1.911
N-99.8826906-20.4405112,TH570901,42.414,0.0,42.414
N-99.8831180-20.4406552,TH570901,43.66,0.0,43.66
N-99.8841031-20.4409334,TH570901,42.766,0.0,42.766
N-99.8849401-20.4408949,TH570901,42.057,0.0,42.057
N-99.8856827-20.4404966,TH570901,35.545,0.0,35.545
N-99.8871864-20.4404232,TH570901,34.721,0.0,34.721
N-99.8886586-20.4412808,TH570901,34.65,0.0,34.65
N-99.8891169-20.4408279,TH570901,29.414,0.0,29.414
N-99.8902219-20.4407534,TH570901,13.682,0.0,13.682
N-99.8908809-20.4407801,TH570901,14.108,0.0,14.108
N-99.8916868-20.4404212,TH570901,13.43,0.0,13.43
N-99.8927105-20.4407027,TH570901,12.915,12.915,0.0
N-99.8939668-20.4407959,TH570901,12.011,0.0,12.011
N-99.8950837-20.4408844,TH570901,13.57,0.0,13.57
N-99.8957312-20.4409322,TH570901,13.205,0.0,13.205
N-99.8970919-20.4408704,TH570901,24.134,0.0,24.134
N-99.8981717-20.4411128,TH570901,10.57,0.0,10.57
N-99.8986924-20.4408568,TH570901,9.737,0.0,9.737
N-99.8992686-20.4414595,TH570901,9.283,0.0,9.283
N-99.9015516-20.4392282,TH570901,48.9,0.0,48.9
N-99.9026882-20.4393701,TH570901,49.291,0.0,49.291
N-99.9044020-20.4412909,TH570901,32.08,0.0,32.08
N-99.9047039-20.4406185,TH570901,17.227,0.0,17.227
N-99.9057962-20.4407726,TH570901,18.028,0.0,18.028
N-99.9064726-20.4411675,TH570901,21.737,0.0,21.737
N-99.9073650-20.4409866,TH570901,20.026,0.0,20.026
N-99.9081295-20.4411592,TH570901,20.938,0.0,20.938
N-99.9091779-20.4408351,TH570901,20.854,0.0,20.854
N-99.9099871-20.4413921,TH570901,21.981,0.0,21.981
N-99.9112670-20.4411704,TH570901,15.798,0.0,15.798
N-99.9118592-20.4410666,TH570901,15.884,0.0,15.884
N-99.9125021-20.4410591,TH570901,15.771,0.0,15.771
N-99.9132987-20.4405918,TH570901,16.585,0.0,16.585
N-99.9143842-20.4409710,TH570901,16.581,0.0,16.581
N-99.9147672-20.4404444,TH570901,43.117,0.0,43.117
N-99.9156370-20.4408373,TH570901,21.74,0.0,21.74
N-99.9167876-20.4405459,TH570901,20.957,0.0,20.957
N-99.9178026-20.4407894,TH570901,17.523,0.0,17.523
N-99.9182520-20.4406487,TH570901,22.963,0.0,22.963
N-99.9192810-20.4411446,TH570901,15.505,0.0,15.505
N-99.9199650-20.4408442,TH570901,14.528,0.0,14.528
N-99.9210620-20.4411308,TH570901,13.513,0.0,13.513
N-99.9218050-20.4408480,TH570901,10.328,0.0,10.328
N-99.9228009-20.4408437,TH570901,14.725,0.0,14.725
N-99.9265340-20.4400203,TH570901,23.885,0.0,23.885
N-99.9282226-20.4415991,TH570901,5.047,0.0,5.047
N-99.9319070-20.4402390,TH570901,7.527,0.0,7.527
N-99.9319916-20.4402020,TH570901,8.25,0.0,8.25
N-99.9330816-20.4397257,TH570901,8.648,0.0,8.648
N-99.9345490-20.4392016,TH570901,19.857,0.0,19.857
N-99.9373557-20.4418213,TH570901,3.416,0.0,3.416
N-99.9382979-20.4409209,TH570901,4.641,0.0,4.641
N-99.9386948-20.4405426,TH570901,3.164,0.0,3.164
N-99.9401310-20.4411786,TH570901,2.771,0.0,2.771
N-99.8823396-20.4401715,TH570901,39.614,0.0,39.614
N-99.8833984-20.4400412,TH570901,40.684,0.0,40.684
N-99.8842912-20.4400606,TH570901,41.828,0.0,41.828
N-99.8850126-20.4404126,TH570901,40.093,0.0,40.093
N-99.8856259-20.4401669,TH570901,33.941,0.0,33.941
N-99.8867349-20.4398346,TH570901,34.405,0.0,34.405
N-99.8871994-20.4401353,TH570901,34.173,0.0,34.173
N-99.8885295-20.4400098,TH570901,32.796,0.0,32.796
N-99.8893635-20.4399730,TH570901,30.317,0.0,30.317
N-99.8902449-20.4397370,TH570901,38.154,0.0,38.154
N-99.8908669-20.4397577,TH570901,15.166,0.0,15.166
N-99.8917379-20.4400190,TH570901,13.016,0.0,13.016
N-99.8925236-20.4401262,TH570901,15.05,0.0,15.05
N-99.8931117-20.4400512,TH570901,14.276,0.0,14.276
N-99.8939154-20.4399042,TH570901,13.707,0.0,13.707
N-99.8947491-20.4400348,TH570901,13.536,0.0,13.536
N-99.8956462-20.4399301,TH570901,13.978,0.0,13.978
N-99.8969468-20.4401484,TH570901,13.532,0.0,13.532
N-99.8973543-20.4400364,TH570901,13.429,0.0,13.429
N-99.8986278-20.4399333,TH570901,24.816,0.0,24.816
N-99.8995224-20.4391826,TH570901,30.506,0.0,30.506
N-99.9046571-20.4399385,TH570901,18.836,0.0,18.836
N-99.9051088-20.4400137,TH570901,20.291,0.0,20.291
N-99.9055596-20.4400294,TH570901,20.557,0.0,20.557
N-99.9066170-20.4398447,TH570901,23.033,0.0,23.033
N-99.9075340-20.4401373,TH570901,23.068,0.0,23.068
N-99.9082400-20.4398412,TH570901,22.473,0.0,22.473
N-99.9090035-20.4398229,TH570901,22.308,0.0,22.308
N-99.9101712-20.4398379,TH570901,21.276,0.0,21.276
N-99.9102692-20.4398564,TH570901,16.043,0.0,16.043
N-99.9115029-20.4400722,TH570901,16.762,0.0,16.762
N-99.9123845-20.4397652,TH570901,16.554,0.0,16.554
N-99.9135510-20.4400332,TH570901,16.697,0.0,16.697
N-99.9142419-20.4402162,TH570901,16.741,0.0,16.741
N-99.9160083-20.4394939,TH570901,20.916,0.0,20.916
N-99.9164609-20.4396240,TH570901,20.934,0.0,20.934
N-99.9179454-20.4402441,TH570901,20.874,0.0,20.874
N-99.9183362-20.4396681,TH570901,21.62,0.0,21.62
N-99.9193627-20.4399055,TH570901,12.318,0.0,12.318
N-99.9196813-20.4395789,TH570901,10.928,0.0,10.928
N-99.9207079-20.4404168,TH570901,9.635,0.0,9.635
N-99.9217635-20.4399585,TH570901,8.896,0.0,8.896
N-99.9228129-20.4401909,TH570901,8.249,0.0,8.249
N-99.9231450-20.4398318,TH570901,6.759,0.0,6.759
N-99.9238990-20.4394728,TH570901,6.405,0.0,6.405
N-99.9248594-20.4392338,TH570901,6.053,0.0,6.053
N-99.9269199-20.4397114,TH570901,5.508,0.0,5.508
N-99.9271723-20.4394269,TH570901,13.307,0.0,13.307
N-99.9336811-20.4394865,TH570901,4.922,0.0,4.922
N-99.9354100-20.4389190,TH570901,22.657,0.0,22.657
N-99.9389242-20.4401933,TH570901,2.877,0.0,2.877
N-99.9390315-20.4400287,TH570901,9.416,0.0,9.416
N-99.9415620-20.4400068,TH570901,3.077,0.0,3.077
N-99.8834074-20.4393731,TH570901,42.79,0.0,42.79
N-99.8840870-20.4389616,TH570901,42.988,0.0,42.988
N-99.8847692-20.4388593,TH570901,40.182,0.0,40.182
N-99.8856238-20.4392461,TH570901,31.294,0.0,31.294
N-99.8869369-20.4392429,TH570901,32.597,0.0,32.597
N-99.8877516-20.4390845,TH570901,32.553,0.0,32.553
N-99.8882639-20.4391248,TH570901,32.624,0.0,32.624
N-99.8893104-20.4396129,TH570901,33.496,0.0,33.496
N-99.8909209-20.4386899,TH570901,39.068,0.0,39.068
N-99.8917459-20.4392389,TH570901,19.24,0.0,19.24
N-99.8923930-20.4395883,TH570901,19.731,0.0,19.731
N-99.8934261-20.4390331,TH570901,20.221,0.0,20.221
N-99.8942324-20.4391246,TH570901,23.533,0.0,23.533
N-99.8946341-20.4391907,TH570901,23.558,0.0,23.558
N-99.8956360-20.4393346,TH570901,27.886,0.0,27.886
N-99.8967017-20.4394267,TH570901,28.273,0.0,28.273
N-99.8974905-20.4393736,TH570901,25.094,0.0,25.094
N-99.8984103-20.4392130,TH570901,20.961,0.0,20.961
N-99.8990221-20.4391719,TH570901,21.807,0.0,21.807
N-99.9007485-20.4386716,TH570901,14.374,0.0,14.374
N-99.9023945-20.4393028,TH570901,18.795,0.0,18.795
N-99.9032866-20.4388021,TH570901,21.863,0.0,21.863
N-99.9043478-20.4390749,TH570901,22.734,0.0,22.734
N-99.9049974-20.4391290,TH570901,21.191,0.0,21.191
N-99.9064883-20.4392300,TH570901,21.883,0.0,21.883
N-99.9064912-20.4391109,TH570901,15.068,0.0,15.068
N-99.9075939-20.4391660,TH570901,14.457,0.0,14.457
N-99.9083206-20.4391907,TH570901,14.966,0.0,14.966
N-99.9091255-20.4392893,TH570901,14.645,0.0,14.645
N-99.9101159-20.4389793,TH570901,12.556,0.0,12.556
N-99.9108340-20.4393151,TH570901,11.653,0.0,11.653
N-99.9116696-20.4389862,TH570901,12.067,0.0,12.067
N-99.9124573-20.4391849,TH570901,12.018,0.0,12.018
N-99.9136294-20.4396268,TH570901,12.002,0.0,12.002
N-99.9143535-20.4388932,TH570901,11.985,0.0,11.985
N-99.9153320-20.4389536,TH570901,11.187,0.0,11.187
N-99.9161466-20.4391204,TH570901,20.039,0.0,20.039
N-99.9181473-20.4390504,TH570901,20.789,0.0,20.789
N-99.9192402-20.4392652,TH570901,10.054,0.0,10.054
N-99.9197850-20.4391265,TH570901,9.482,0.0,9.482
N-99.9209679-20.4390109,TH570901,9.282,0.0,9.282
N-99.9215788-20.4395509,TH570901,7.976,0.0,7.976
N-99.9224205-20.4391804,TH570901,7.23,0.0,7.23
N-99.9234592-20.4396523,TH570901,7.685,0.0,7.685
N-99.9242219-20.4393695,TH570901,6.719,0.0,6.719
N-99.9249734-20.4392152,TH570901,7.38,0.0,7.38
N-99.9275176-20.4388662,TH570901,7.112,0.0,7.112
N-99.9277659-20.4386673,TH570901,15.016,0.0,15.016
N-99.9286420-20.4382548,TH570901,13.121,0.0,13.121
N-99.9288803-20.4380723,TH570901,15.586,0.0,15.586
N-99.9315646-20.4381051,TH570901,17.53,0.0,17.53
N-99.9328475-20.4394544,TH570901,4.721,0.0,4.721
N-99.9334698-20.4388512,TH570901,5.745,0.0,5.745
N-99.9371710-20.4383530,TH570901,13.052,0.0,13.052
N-99.9395109-20.4391942,TH570901,3.697,0.0,3.697
N-99.9401300-20.4387773,TH570901,3.328,0.0,3.328
N-99.9415260-20.4394167,TH570901,6.29,0.0,6.29
N-99.8831331-20.4378752,TH570901,40.042,0.0,40.042
N-99.8840850-20.4381424,TH570901,41.584,0.0,41.584
N-99.8848213-20.4384176,TH570901,36.246,0.0,36.246
N-99.8860214-20.4385504,TH570901,29.959,0.0,29.959
N-99.8866230-20.4383958,TH570901,26.799,0.0,26.799
N-99.8873735-20.4384009,TH570901,48.739,0.0,48.739
N-99.8880235-20.4384452,TH570901,27.832,0.0,27.832
N-99.8892698-20.4384638,TH570901,28.034,0.0,28.034
N-99.8898007-20.4384457,TH570901,18.299,0.0,18.299
N-99.8917901-20.4388361,TH570901,19.714,0.0,19.714
N-99.8921746-20.4380955,TH570901,19.965,0.0,19.965
N-99.8934518-20.4381416,TH570901,20.252,0.0,20.252
N-99.8942586-20.4382763,TH570901,23.537,0.0,23.537
N-99.8954149-20.4386336,TH570901,26.259,0.0,26.259
N-99.8957151-20.4380934,TH570901,27.844,0.0,27.844
N-99.8966539-20.4385449,TH570901,29.936,0.0,29.936
N-99.8976637-20.4384655,TH570901,27.475,0.0,27.475
N-99.8983728-20.4384077,TH570901,24.552,0.0,24.552
N-99.8990926-20.4385276,TH570901,22.336,0.0,22.336
N-99.8999129-20.4384502,TH570901,19.382,0.0,19.382
N-99.9010246-20.4385680,TH570901,16.307,0.0,16.307
N-99.9018372-20.4381183,TH570901,34.937,0.0,34.937
N-99.9033787-20.4382785,TH570901,37.527,0.0,37.527
N-99.9049726-20.4387526,TH570901,20.985,0.0,20.985
N-99.9053124-20.4379161,TH570901,40.393,0.0,40.393
N-99.9065945-20.4382910,TH570901,12.781,0.0,12.781
N-99.9075053-20.4383643,TH570901,13.545,0.0,13.545
N-99.9083778-20.4381076,TH570901,23.121,0.0,23.121
N-99.9091984-20.4383972,TH570901,11.393,0.0,11.393
N-99.9097008-20.4384678,TH570901,9.378,0.0,9.378
N-99.9102379-20.4388951,TH570901,9.568,0.0,9.568
N-99.9123154-20.4382954,TH570901,9.549,0.0,9.549
N-99.9124856-20.4383251,TH570901,9.416,0.0,9.416
N-99.9131494-20.4382857,TH570901,10.964,0.0,10.964
N-99.9143956-20.4382664,TH570901,9.458,0.0,9.458
N-99.9149625-20.4382482,TH570901,9.237,0.0,9.237
N-99.9154770-20.4383895,TH570901,7.71,0.0,7.71
N-99.9166539-20.4382228,TH570901,7.629,0.0,7.629
N-99.9174979-20.4383649,TH570901,8.09,0.0,8.09
N-99.9181937-20.4383721,TH570901,8.628,0.0,8.628
N-99.9195612-20.4381732,TH570901,8.151,0.0,8.151
N-99.9199812-20.4383669,TH570901,8.389,0.0,8.389
N-99.9213051-20.4381876,TH570901,22.302,0.0,22.302
N-99.9217640-20.4382865,TH570901,8.024,0.0,8.024
N-99.9221912-20.4384365,TH570901,7.484,0.0,7.484
N-99.9233484-20.4385451,TH570901,8.058,0.0,8.058
N-99.9241649-20.4385207,TH570901,7.059,0.0,7.059
N-99.9253894-20.4385173,TH570901,8.517,0.0,8.517
N-99.9256271-20.4382862,TH570901,9.204,0.0,9.204
N-99.9265476-20.4380979,TH570901,9.237,0.0,9.237
N-99.9312986-20.4378131,TH570901,4.6,0.0,4.6
N-99.9337004-20.4383284,TH570901,21.461,0.0,21.461
N-99.9343388-20.4387255,TH570901,9.552,0.0,9.552
N-99.9373330-20.4383070,TH570901,3.322,0.0,3.322
N-99.9386252-20.4381083,TH570901,3.355,0.0,3.355
N-99.9389550-20.4381575,TH570901,3.5,0.0,3.5
N-99.9398214-20.4386293,TH570901,2.759,0.0,2.759
N-99.9406870-20.4383807,TH570901,2.797,0.0,2.797
N-99.9415828-20.4381499,TH570901,2.89,0.0,2.89
N-99.9428350-20.4382969,TH570901,2.649,0.0,2.649
N-99.8841485-20.4375984,TH570901,38.522,0.0,38.522
N-99.8849943-20.4371647,TH570901,33.969,0.0,33.969
N-99.8862770-20.4371428,TH570901,27.299,0.0,27.299
N-99.8864325-20.4377560,TH570901,24.278,0.0,24.278
N-99.8890150-20.4370993,TH570901,86.067,0.0,86.067
N-99.8902983-20.4372855,TH570901,14.453,0.0,14.453
N-99.8911358-20.4378209,TH570901,16.338,0.0,16.338
N-99.8919129-20.4375555,TH570901,17.766,0.0,17.766
N-99.8922906-20.4377136,TH570901,18.652,0.0,18.652
N-99.8932700-20.4377345,TH570901,17.886,0.0,17.886
N-99.8943230-20.4377252,TH570901,20.761,0.0,20.761
N-99.8948471-20.4373307,TH570901,19.712,0.0,19.712
N-99.8960114-20.4375592,TH570901,23.931,0.0,23.931
N-99.8964871-20.4375413,TH570901,26.385,0.0,26.385
N-99.8975729-20.4376051,TH570901,27.623,0.0,27.623
N-99.8983428-20.4375488,TH570901,22.089,0.0,22.089
N-99.8993189-20.4372092,TH570901,23.689,0.0,23.689
N-99.8998333-20.4375967,TH570901,21.575,0.0,21.575
N-99.9011517-20.4376036,TH570901,18.332,0.0,18.332
N-99.9018563-20.4377081,TH570901,14.149,0.0,14.149
N-99.9025861-20.4369130,TH570901,27.461,0.0,27.461
N-99.9035220-20.4374270,TH570901,33.291,0.0,33.291
N-99.9055162-20.4371470,TH570901,15.887,0.0,15.887
N-99.9066719-20.4376497,TH570901,10.999,0.0,10.999
N-99.9076619-20.4375951,TH570901,11.679,0.0,11.679
N-99.9093404-20.4373085,TH570901,8.143,0.0,8.143
N-99.9097333-20.4373161,TH570901,7.626,0.0,7.626
N-99.9097417-20.4372979,TH570901,6.424,0.0,6.424
N-99.9122697-20.4375907,TH570901,5.595,0.0,5.595
N-99.9126922-20.4375593,TH570901,7.247,0.0,7.247
N-99.9131012-20.4375430,TH570901,8.313,0.0,8.313
N-99.9148456-20.4373615,TH570901,31.036,0.0,31.036
N-99.9162402-20.4369631,TH570901,37.97,0.0,37.97
N-99.9174993-20.4382152,TH570901,6.736,0.0,6.736
N-99.9192113-20.4372929,TH570901,35.757,0.0,35.757
N-99.9220257-20.4380340,TH570901,6.67,0.0,6.67
N-99.9222245-20.4379234,TH570901,12.389,0.0,12.389
N-99.9236041-20.4371861,TH570901,21.34,0.0,21.34
N-99.9250657-20.4379047,TH570901,8.238,0.0,8.238
N-99.9257466-20.4375087,TH570901,9.4,0.0,9.4
N-99.9264586-20.4374733,TH570901,10.206,0.0,10.206
N-99.9272896-20.4372599,TH570901,8.236,0.0,8.236
N-99.9282336-20.4376783,TH570901,7.351,0.0,7.351
N-99.9291401-20.4374782,TH570901,5.68,0.0,5.68
N-99.9301878-20.4369532,TH570901,5.217,0.0,5.217
N-99.9309728-20.4374826,TH570901,4.969,0.0,4.969
N-99.9315213-20.4376699,TH570901,4.508,0.0,4.508
N-99.9315494-20.4377101,TH570901,4.445,0.0,4.445
N-99.9376706-20.4370468,TH570901,3.28,0.0,3.28
N-99.9383783-20.4376146,TH570901,3.563,0.0,3.563
N-99.9391487-20.4375031,TH570901,3.128,0.0,3.128
N-99.9398131-20.4376939,TH570901,2.407,0.0,2.407
N-99.9408035-20.4379939,TH570901,2.673,0.0,2.673
N-99.9422419-20.4374175,TH570901,7.513,0.0,7.513
N-99.8842366-20.4366520,TH570901,36.14,0.0,36.14
N-99.8849695-20.4369303,TH570901,32.092,0.0,32.092
N-99.8862464-20.4370249,TH570901,80.821,0.0,80.821
N-99.8901322-20.4367200,TH570901,13.363,0.0,13.363
N-99.8907430-20.4364146,TH570901,15.054,0.0,15.054
N-99.8916295-20.4370291,TH570901,15.515,0.0,15.515
N-99.8925691-20.4365001,TH570901,15.499,0.0,15.499
N-99.8934016-20.4365194,TH570901,15.735,0.0,15.735
N-99.8941198-20.4367341,TH570901,20.727,0.0,20.727
N-99.8949208-20.4365764,TH570901,17.178,0.0,17.178
N-99.8959081-20.4365181,TH570901,18.983,0.0,18.983
N-99.8964286-20.4366897,TH570901,24.695,0.0,24.695
N-99.8974973-20.4368401,TH570901,23.833,0.0,23.833
N-99.8983135-20.4367077,TH570901,18.236,0.0,18.236
N-99.8989540-20.4367587,TH570901,20.635,0.0,20.635
N-99.8997094-20.4366706,TH570901,24.755,0.0,24.755
N-99.9008897-20.4367335,TH570901,21.263,0.0,21.263
N-99.9018957-20.4368618,TH570901,14.938,0.0,14.938
N-99.9036410-20.4367877,TH570901,14.201,0.0,14.201
N-99.9041030-20.4367559,TH570901,17.231,0.0,17.231
N-99.9052751-20.4366762,TH570901,19.949,0.0,19.949
N-99.9056208-20.4366317,TH570901,16.915,0.0,16.915
N-99.9069705-20.4366617,TH570901,11.018,0.0,11.018
N-99.9076291-20.4366235,TH570901,12.025,0.0,12.025
N-99.9083281-20.4363566,TH570901,10.473,0.0,10.473
N-99.9090563-20.4360843,TH570901,7.799,0.0,7.799
N-99.9098316-20.4368216,TH570901,6.984,0.0,6.984
N-99.9099080-20.4363491,TH570901,5.023,0.0,5.023
N-99.9122322-20.4372376,TH570901,4.684,0.0,4.684
N-99.9126493-20.4371396,TH570901,10.801,0.0,10.801
N-99.9185488-20.4357019,TH570901,55.316,0.0,55.316
N-99.9231581-20.4363039,TH570901,5.952,0.0,5.952
N-99.9233130-20.4367010,TH570901,5.671,0.0,5.671
N-99.9256251-20.4369900,TH570901,8.095,0.0,8.095
N-99.9260616-20.4368782,TH570901,8.793,0.0,8.793
N-99.9265217-20.4366544,TH570901,8.828,0.0,8.828
N-99.9277380-20.4363127,TH570901,8.092,0.0,8.092
N-99.9281735-20.4365992,TH570901,6.336,0.0,6.336
N-99.9289194-20.4368101,TH570901,5.671,0.0,5.671
N-99.9298962-20.4365943,TH570901,5.119,0.0,5.119
N-99.9305034-20.4365952,TH570901,4.695,0.0,4.695
N-99.9312450-20.4374349,TH570901,4.342,0.0,4.342
N-99.9321822-20.4354579,TH570901,19.091,0.0,19.091
N-99.9375308-20.4361895,TH570901,3.402,0.0,3.402
N-99.9375656-20.4362523,TH570901,2.466,0.0,2.466
N-99.9377319-20.4365062,TH570901,3.197,0.0,3.197
N-99.9381638-20.4365414,TH570901,3.129,0.0,3.129
N-99.9399957-20.4368254,TH570901,10.407,0.0,10.407
N-99.9424110-20.4359725,TH570901,4.589,0.0,4.589
N-99.9439689-20.4364296,TH570901,2.351,0.0,2.351
N-99.8840046-20.4361509,TH570901,34.112,0.0,34.112
N-99.8847376-20.4364108,TH570901,31.586,0.0,31.586
N-99.8857552-20.4349629,TH570901,83.3,0.0,83.3
N-99.8899269-20.4358502,TH570901,23.128,0.0,23.128
N-99.8907289-20.4359155,TH570901,12.158,0.0,12.158
N-99.8914565-20.4360111,TH570901,12.066,0.0,12.066
N-99.8925491-20.4363089,TH570901,12.669,0.0,12.669
N-99.8933898-20.4360091,TH570901,20.861,0.0,20.861
N-99.8946250-20.4359055,TH570901,16.979,0.0,16.979
N-99.8949522-20.4361411,TH570901,15.95,0.0,15.95
N-99.8958305-20.4360399,TH570901,18.677,0.0,18.677
N-99.8966083-20.4363252,TH570901,23.38,0.0,23.38
N-99.8976334-20.4358200,TH570901,25.37,0.0,25.37
N-99.8986906-20.4359526,TH570901,22.078,0.0,22.078
N-99.8991928-20.4354762,TH570901,17.758,0.0,17.758
N-99.8997093-20.4357574,TH570901,21.642,0.0,21.642
N-99.9012894-20.4361330,TH570901,17.11,0.0,17.11
N-99.9019427-20.4358510,TH570901,27.846,0.0,27.846
N-99.9036587-20.4358808,TH570901,13.419,0.0,13.419
N-99.9044082-20.4359077,TH570901,14.237,0.0,14.237
N-99.9051848-20.4357446,TH570901,16.915,0.0,16.915
N-99.9058569-20.4354328,TH570901,13.023,0.0,13.023
N-99.9072981-20.4361943,TH570901,26.238,0.0,26.238
N-99.9082273-20.4361644,TH570901,8.106,0.0,8.106
N-99.9093459-20.4359708,TH570901,7.312,0.0,7.312
N-99.9098802-20.4355194,TH570901,6.077,0.0,6.077
N-99.9109781-20.4352225,TH570901,4.627,0.0,4.627
N-99.9115689-20.4351843,TH570901,4.406,0.0,4.406
N-99.9123659-20.4351776,TH570901,4.383,0.0,4.383
N-99.9131020-20.4348041,TH570901,4.364,0.0,4.364
N-99.9132164-20.4347615,TH570901,7.934,0.0,7.934
N-99.9231219-20.4356856,TH570901,10.105,0.0,10.105
N-99.9231528-20.4358891,TH570901,10.749,0.0,10.749
N-99.9263099-20.4357478,TH570901,24.74,0.0,24.74
N-99.9263728-20.4358682,TH570901,8.684,0.0,8.684
N-99.9278587-20.4358024,TH570901,7.433,0.0,7.433
N-99.9281712-20.4358150,TH570901,5.74,0.0,5.74
N-99.9292576-20.4359621,TH570901,5.214,0.0,5.214
N-99.9299992-20.4358264,TH570901,5.116,0.0,5.116
N-99.9308071-20.4361402,TH570901,4.689,0.0,4.689
N-99.9324563-20.4352285,TH570901,16.68,0.0,16.68
N-99.9368980-20.4345503,TH570901,5.825,0.0,5.825
N-99.9375334-20.4360864,TH570901,4.793,0.0,4.793
N-99.9376447-20.4356629,TH570901,1.871,0.0,1.871
N-99.9383555-20.4359168,TH570901,3.901,0.0,3.901
N-99.8843828-20.4348218,TH570901,31.368,0.0,31.368
N-99.8867485-20.4338797,TH570901,12.685,0.0,12.685
N-99.8898809-20.4354903,TH570901,21.148,0.0,21.148
N-99.8900963-20.4350774,TH570901,5.593,0.0,5.593
N-99.8910156-20.4351027,TH570901,15.394,0.0,15.394
N-99.8911258-20.4352858,TH570901,6.967,0.0,6.967
N-99.8911684-20.4353540,TH570901,6.624,0.0,6.624
N-99.8946487-20.4355468,TH570901,10.762,0.0,10.762
N-99.8950293-20.4350112,TH570901,31.391,0.0,31.391
N-99.8961191-20.4351133,TH570901,12.207,0.0,12.207
N-99.8967245-20.4351230,TH570901,14.501,0.0,14.501
N-99.8977544-20.4348046,TH570901,28.043,0.0,28.043
N-99.8992040-20.4349432,TH570901,13.026,0.0,13.026
N-99.8998711-20.4352013,TH570901,13.731,0.0,13.731
N-99.9008182-20.4346024,TH570901,22.573,0.0,22.573
N-99.9019974-20.4346756,TH570901,8.645,0.0,8.645
N-99.9029409-20.4348372,TH570901,15.229,0.0,15.229
N-99.9044685-20.4352269,TH570901,7.029,0.0,7.029
N-99.9049764-20.4348380,TH570901,6.687,0.0,6.687
N-99.9057526-20.4349628,TH570901,6.229,0.0,6.229
N-99.9059481-20.4349327,TH570901,6.329,0.0,6.329
N-99.9088043-20.4348247,TH570901,5.614,0.0,5.614
N-99.9093461-20.4352671,TH570901,5.039,0.0,5.039
N-99.9098074-20.4349730,TH570901,4.039,0.0,4.039
N-99.9108538-20.4351927,TH570901,3.881,0.0,3.881
N-99.9117718-20.4351685,TH570901,3.837,0.0,3.837
N-99.9125124-20.4350820,TH570901,3.813,0.0,3.813
N-99.9139267-20.4343611,TH570901,3.579,0.0,3.579
N-99.9146194-20.4341636,TH570901,6.275,0.0,6.275
N-99.9148464-20.4340645,TH570901,5.837,0.0,5.837
N-99.9151421-20.4337853,TH570901,5.491,0.0,5.491
N-99.9228423-20.4347594,TH570901,7.768,0.0,7.768
N-99.9229248-20.4349849,TH570901,13.118,0.0,13.118
N-99.9268666-20.4350359,TH570901,51.64,0.0,51.64
N-99.9274128-20.4352755,TH570901,5.63,0.0,5.63
N-99.9283553-20.4351618,TH570901,9.586,0.0,9.586
N-99.9289158-20.4350306,TH570901,9.358,0.0,9.358
N-99.9300047-20.4349904,TH570901,4.47,0.0,4.47
N-99.9309030-20.4342892,TH570901,7.801,0.0,7.801
N-99.9344558-20.4335425,TH570901,19.819,0.0,19.819
N-99.8871937-20.4336032,TH570901,13.601,0.0,13.601
N-99.8875102-20.4333292,TH570901,11.328,0.0,11.328
N-99.8897570-20.4336622,TH570901,16.477,0.0,16.477
N-99.8933881-20.4329243,TH570901,37.798,0.0,37.798
N-99.8961791-20.4342125,TH570901,13.386,0.0,13.386
N-99.8968644-20.4343066,TH570901,14.266,0.0,14.266
N-99.8975134-20.4343409,TH570901,14.834,0.0,14.834
N-99.8978350-20.4340725,TH570901,14.206,0.0,14.206
N-99.8990945-20.4340542,TH570901,12.837,0.0,12.837
N-99.8998018-20.4345263,TH570901,13.541,0.0,13.541
N-99.9020180-20.4342335,TH570901,19.327,0.0,19.327
N-99.9036563-20.4344815,TH570901,7.439,0.0,7.439
N-99.9045274-20.4344450,TH570901,6.328,0.0,6.328
N-99.9048469-20.4343314,TH570901,6.064,0.0,6.064
N-99.9060554-20.4344199,TH570901,6.007,0.0,6.007
N-99.9061626-20.4338619,TH570901,5.499,0.0,5.499
N-99.9087741-20.4343434,TH570901,10.176,0.0,10.176
N-99.9092549-20.4342190,TH570901,8.063,0.0,8.063
N-99.9097471-20.4341184,TH570901,11.531,0.0,11.531
N-99.9109004-20.4342605,TH570901,3.608,0.0,3.608
N-99.9114624-20.4342441,TH570901,5.725,0.0,5.725
N-99.9126915-20.4348173,TH570901,3.142,0.0,3.142
N-99.9136709-20.4344720,TH570901,3.217,0.0,3.217
N-99.9142134-20.4342963,TH570901,3.02,0.0,3.02
N-99.9154433-20.4334115,TH570901,5.274,0.0,5.274
N-99.9228182-20.4345495,TH570901,2.693,0.0,2.693
N-99.9228577-20.4343673,TH570901,6.263,0.0,6.263
N-99.9230561-20.4340169,TH570901,8.121,0.0,8.121
N-99.9230690-20.4339284,TH570901,23.062,0.0,23.062
N-99.9298248-20.4346361,TH570901,20.449,0.0,20.449
N-99.9311019-20.4340343,TH570901,28.805,0.0,28.805
N-99.8877919-20.4329748,TH570901,12.461,0.0,12.461
N-99.8896447-20.4335420,TH570901,11.455,0.0,11.455
N-99.8899607-20.4332869,TH570901,5.81,0.0,5.81
N-99.8908081-20.4328458,TH570901,5.584,0.0,5.584
N-99.8913673-20.4327122,TH570901,9.103,0.0,9.103
N-99.8952305-20.4322709,TH570901,24.527,0.0,24.527
N-99.8966576-20.4334124,TH570901,27.607,0.0,27.607
N-99.8976898-20.4332374,TH570901,14.473,0.0,14.473
N-99.8983933-20.4333041,TH570901,13.153,0.0,13.153
N-99.8990407-20.4334439,TH570901,13.353,0.0,13.353
N-99.8994984-20.4331791,TH570901,13.173,0.0,13.173
N-99.9011814-20.4333317,TH570901,24.373,0.0,24.373
N-99.9020586-20.4333620,TH570901,21.725,0.0,21.725
N-99.9029660-20.4344431,TH570901,9.302,0.0,9.302
N-99.9046424-20.4333161,TH570901,7.891,0.0,7.891
N-99.9051621-20.4330489,TH570901,7.706,0.0,7.706
N-99.9060599-20.4333333,TH570901,6.572,0.0,6.572
N-99.9062664-20.4332806,TH570901,5.121,0.0,5.121
N-99.9062860-20.4331557,TH570901,4.785,0.0,4.785
N-99.9088137-20.4342982,TH570901,4.137,0.0,4.137
N-99.9102091-20.4340104,TH570901,11.082,0.0,11.082
N-99.9102309-20.4340188,TH570901,2.946,0.0,2.946
N-99.9125886-20.4328133,TH570901,44.767,0.0,44.767
N-99.9155219-20.4332946,TH570901,2.61,0.0,2.61
N-99.9155615-20.4331262,TH570901,5.032,0.0,5.032
N-99.9225412-20.4321772,TH570901,30.058,0.0,30.058
N-99.9352624-20.4330529,TH570901,2.153,0.0,2.153
N-99.8879072-20.4327536,TH570901,15.647,0.0,15.647
N-99.8898422-20.4330832,TH570901,18.995,12.621,6.374
N-99.8908590-20.4323603,TH570901,4.668,0.0,4.668
N-99.8925527-20.4317275,TH570901,5.66,0.0,5.66
N-99.8935849-20.4322719,TH570901,30.101,0.0,30.101
N-99.8955891-20.4321881,TH570901,13.642,0.0,13.642
N-99.8965185-20.4325463,TH570901,14.181,0.0,14.181
N-99.8975396-20.4324120,TH570901,13.652,0.0,13.652
N-99.8986125-20.4321906,TH570901,10.963,0.0,10.963
N-99.8987897-20.4328179,TH570901,11.391,0.0,11.391
N-99.8998466-20.4325813,TH570901,12.56,0.0,12.56
N-99.9020856-20.4327809,TH570901,10.712,0.0,10.712
N-99.9021401-20.4322485,TH570901,9.873,0.0,9.873
N-99.9030122-20.4319072,TH570901,11.213,0.0,11.213
N-99.9049048-20.4325457,TH570901,18.115,0.0,18.115
N-99.9062840-20.4322103,TH570901,6.485,0.0,6.485
N-99.9064738-20.4321754,TH570901,14.634,0.0,14.634
N-99.9102222-20.4340129,TH570901,2.921,0.0,2.921
N-99.9155933-20.4328691,TH570901,2.664,0.0,2.664
N-99.9156668-20.4325646,TH570901,5.012,0.0,5.012
N-99.9157771-20.4323095,TH570901,2.402,0.0,2.402
N-99.9161145-20.4315520,TH570901,10.527,0.0,10.527
N-99.9166903-20.4308722,TH570901,8.473,0.0,8.473
N-99.9170882-20.4305143,TH570901,8.622,0.0,8.622
N-99.9223412-20.4316062,TH570901,6.889,0.0,6.889
N-99.8887155-20.4309135,TH570901,30.83,13.557,17.273
N-99.8908858-20.4322070,TH570901,10.597,0.0,10.597
N-99.8920738-20.4313411,TH570901,4.685,0.0,4.685
N-99.8924308-20.4316597,TH570901,5.78,0.0,5.78
N-99.8929608-20.4313406,TH570901,8.008,0.0,8.008
N-99.8952622-20.4318385,TH570901,12.028,0.0,12.028
N-99.8961370-20.4316801,TH570901,12.635,0.0,12.635
N-99.8968808-20.4315332,TH570901,13.004,0.0,13.004
N-99.8974805-20.4319785,TH570901,12.503,0.0,12.503
N-99.8985042-20.4317848,TH570901,10.073,0.0,10.073
N-99.8996166-20.4315818,TH570901,23.188,0.0,23.188
N-99.9014407-20.4312082,TH570901,10.866,0.0,10.866
N-99.9017099-20.4317824,TH570901,12.156,0.0,12.156
N-99.9022046-20.4318298,TH570901,10.738,0.0,10.738
N-99.9030927-20.4313651,TH570901,19.442,0.0,19.442
N-99.9036852-20.4314214,TH570901,8.619,0.0,8.619
N-99.9053172-20.4315764,TH570901,15.613,0.0,15.613
N-99.9063998-20.4316742,TH570901,17.322,0.0,17.322
N-99.9158073-20.4319622,TH570901,4.659,0.0,4.659
N-99.9159293-20.4317865,TH570901,2.178,0.0,2.178
N-99.9179075-20.4299636,TH570901,11.179,0.0,11.179
N-99.9223060-20.4313719,TH570901,4.252,0.0,4.252
N-99.9311255-20.4300389,TH570901,26.727,0.0,26.727
N-99.8899096-20.4304572,TH570901,8.451,0.0,8.451
N-99.8916522-20.4309011,TH570901,14.48,0.0,14.48
N-99.8927327-20.4312024,TH570901,6.706,0.0,6.706
N-99.8936147-20.4307327,TH570901,26.924,0.0,26.924
N-99.8954111-20.4306762,TH570901,10.873,0.0,10.873
N-99.8957024-20.4306599,TH570901,10.818,0.0,10.818
N-99.8968152-20.4308656,TH570901,10.217,0.0,10.217
N-99.8978469-20.4306569,TH570901,11.204,0.0,11.204
N-99.8982826-20.4305594,TH570901,9.879,0.0,9.879
N-99.8994536-20.4308184,TH570901,9.4,0.0,9.4
N-99.8996744-20.4305219,TH570901,9.394,0.0,9.394
N-99.9007382-20.4302274,TH570901,15.416,0.0,15.416
N-99.9014870-20.4307213,TH570901,9.198,0.0,9.198
N-99.9024837-20.4303828,TH570901,9.783,0.0,9.783
N-99.9038160-20.4302802,TH570901,22.554,0.0,22.554
N-99.9050724-20.4305088,TH570901,26.148,0.0,26.148
N-99.9056853-20.4307452,TH570901,8.389,0.0,8.389
N-99.9066472-20.4304871,TH570901,18.275,0.0,18.275
N-99.9074054-20.4293908,TH570901,10.333,0.0,10.333
N-99.9075358-20.4292146,TH570901,14.461,0.0,14.461
N-99.9158533-20.4318619,TH570901,2.134,0.0,2.134
N-99.9223153-20.4313042,TH570901,1.766,0.0,1.766
N-99.9224097-20.4310508,TH570901,5.406,0.0,5.406
N-99.9224616-20.4310179,TH570901,27.54,0.0,27.54
N-99.8873851-20.4299120,TH570901,25.597,0.0,25.597
N-99.8882608-20.4300106,TH570901,23.83,0.0,23.83
N-99.8892315-20.4300822,TH570901,22.422,0.0,22.422
N-99.8896582-20.4297550,TH570901,10.767,0.0,10.767
N-99.8907045-20.4298744,TH570901,9.219,0.0,9.219
N-99.8911397-20.4298132,TH570901,8.463,0.0,8.463
N-99.8924567-20.4288666,TH570901,17.041,0.0,17.041
N-99.8951101-20.4300189,TH570901,18.482,0.0,18.482
N-99.8954382-20.4303176,TH570901,9.479,0.0,9.479
N-99.8971468-20.4299702,TH570901,16.886,0.0,16.886
N-99.8986278-20.4299119,TH570901,9.264,0.0,9.264
N-99.8991394-20.4296426,TH570901,9.687,0.0,9.687
N-99.9002322-20.4301750,TH570901,8.436,0.0,8.436
N-99.9015789-20.4298363,TH570901,7.141,0.0,7.141
N-99.9025389-20.4300139,TH570901,7.85,0.0,7.85
N-99.9034119-20.4301991,TH570901,7.346,0.0,7.346
N-99.9059739-20.4304299,TH570901,8.591,0.0,8.591
N-99.9065990-20.4300182,TH570901,7.499,0.0,7.499
N-99.9071775-20.4296037,TH570901,6.997,0.0,6.997
N-99.9076743-20.4289743,TH570901,9.439,0.0,9.439
N-99.9087726-20.4278266,TH570901,22.343,0.0,22.343
N-99.9168038-20.4307140,TH570901,1.886,0.0,1.886
N-99.9175896-20.4300859,TH570901,1.82,0.0,1.82
N-99.9184964-20.4288157,TH570901,5.184,0.0,5.184
N-99.9308251-20.4289832,TH570901,13.806,0.0,13.806
N-99.8848196-20.4292972,TH570901,33.092,0.0,33.092
N-99.8857293-20.4291137,TH570901,32.174,0.0,32.174
N-99.8867237-20.4294588,TH570901,31.184,0.0,31.184
N-99.8875583-20.4292191,TH570901,29.347,0.0,29.347
N-99.8885121-20.4292028,TH570901,27.799,0.0,27.799
N-99.8891708-20.4287816,TH570901,25.494,0.0,25.494
N-99.8902712-20.4290732,TH570901,13.6,0.0,13.6
N-99.8908699-20.4292570,TH570901,12.129,0.0,12.129
N-99.8918122-20.4289740,TH570901,9.687,0.0,9.687
N-99.8929382-20.4288994,TH570901,8.533,0.0,8.533
N-99.8937838-20.4289569,TH570901,9.319,0.0,9.319
N-99.8951908-20.4290526,TH570901,9.347,0.0,9.347
N-99.8955470-20.4288185,TH570901,8.399,0.0,8.399
N-99.8963928-20.4283052,TH570901,13.443,0.0,13.443
N-99.8977293-20.4291015,TH570901,7.165,0.0,7.165
N-99.8982497-20.4290563,TH570901,7.864,0.0,7.864
N-99.8990354-20.4292463,TH570901,8.297,0.0,8.297
N-99.9001461-20.4293001,TH570901,6.834,0.0,6.834
N-99.9012234-20.4292476,TH570901,6.071,0.0,6.071
N-99.9017903-20.4291770,TH570901,6.059,0.0,6.059
N-99.9024415-20.4289505,TH570901,11.936,0.0,11.936
N-99.9068254-20.4295856,TH570901,7.704,0.0,7.704
N-99.9070856-20.4293737,TH570901,12.125,0.0,12.125
N-99.9083351-20.4280853,TH570901,9.57,0.0,9.57
N-99.9111692-20.4266641,TH570901,14.95,0.0,14.95
N-99.9124139-20.4261582,TH570901,9.236,0.0,9.236
N-99.9169925-20.4284063,TH570901,15.99,0.0,15.99
N-99.9172862-20.4283997,TH570901,4.793,0.0,4.793
N-99.9185108-20.4287876,TH570901,6.703,0.0,6.703
N-99.9265463-20.4258885,TH570901,6.536,0.0,6.536
N-99.9268274-20.4259284,TH570901,5.833,0.0,5.833
N-99.8846407-20.4285779,TH570901,31.711,0.0,31.711
N-99.8857988-20.4285012,TH570901,33.289,0.0,33.289
N-99.8866948-20.4281766,TH570901,34.633,0.0,34.633
N-99.8877012-20.4286682,TH570901,31.964,0.0,31.964
N-99.8881467-20.4282398,TH570901,30.402,0.0,30.402
N-99.8888971-20.4284748,TH570901,30.109,0.0,30.109
N-99.8901254-20.4283249,TH570901,14.993,0.0,14.993
N-99.8904848-20.4287396,TH570901,13.781,0.0,13.781
N-99.8917287-20.4283892,TH570901,11.322,0.0,11.322
N-99.8923103-20.4279531,TH570901,11.473,0.0,11.473
N-99.8930053-20.4281471,TH570901,11.384,0.0,11.384
N-99.8938842-20.4277882,TH570901,9.277,0.0,9.277
N-99.8952201-20.4287893,TH570901,9.667,0.0,9.667
N-99.8960158-20.4283411,TH570901,8.576,0.0,8.576
N-99.8975475-20.4285944,TH570901,6.193,0.0,6.193
N-99.8982792-20.4285184,TH570901,6.251,0.0,6.251
N-99.8990732-20.4278624,TH570901,12.186,0.0,12.186
N-99.9000871-20.4282746,TH570901,6.094,0.0,6.094
N-99.9011514-20.4282041,TH570901,9.391,0.0,9.391
N-99.9024877-20.4286190,TH570901,4.55,0.0,4.55
N-99.9032037-20.4277342,TH570901,4.542,0.0,4.542
N-99.9037781-20.4276034,TH570901,4.624,0.0,4.624
N-99.9053954-20.4275306,TH570901,4.639,0.0,4.639
N-99.9057546-20.4274839,TH570901,9.867,0.0,9.867
N-99.9080105-20.4281162,TH570901,5.23,0.0,5.23
N-99.9110120-20.4266739,TH570901,5.677,0.0,5.677
N-99.9126585-20.4260822,TH570901,4.484,0.0,4.484
N-99.9138638-20.4259017,TH570901,8.082,0.0,8.082
N-99.9196870-20.4269719,TH570901,6.992,0.0,6.992
N-99.9205634-20.4265021,TH570901,8.356,0.0,8.356
N-99.9218062-20.4260194,TH570901,7.829,0.0,7.829
N-99.9225393-20.4258206,TH570901,6.533,0.0,6.533
N-99.9245892-20.4256753,TH570901,5.468,0.0,5.468
N-99.9256866-20.4258049,TH570901,9.356,0.0,9.356
N-99.9271547-20.4259435,TH570901,11.914,0.0,11.914
N-99.9308037-20.4287017,TH570901,6.511,0.0,6.511
N-99.8841474-20.4274500,TH570901,27.952,0.0,27.952
N-99.8850701-20.4274331,TH570901,31.58,0.0,31.58
N-99.8859165-20.4273980,TH570901,33.396,0.0,33.396
N-99.8868878-20.4273520,TH570901,34.51,0.0,34.51
N-99.8875758-20.4275826,TH570901,35.943,0.0,35.943
N-99.8882049-20.4271636,TH570901,34.447,0.0,34.447
N-99.8891058-20.4276507,TH570901,33.408,0.0,33.408
N-99.8901052-20.4277279,TH570901,16.446,0.0,16.446
N-99.8907952-20.4274766,TH570901,14.57,0.0,14.57
N-99.8915370-20.4276476,TH570901,13.581,0.0,13.581
N-99.8925243-20.4270935,TH570901,11.49,0.0,11.49
N-99.8934488-20.4276680,TH570901,11.315,0.0,11.315
N-99.8941623-20.4274436,TH570901,11.823,0.0,11.823
N-99.8947769-20.4274273,TH570901,10.865,0.0,10.865
N-99.8958276-20.4275507,TH570901,9.323,0.0,9.323
N-99.8966403-20.4274867,TH570901,9.007,0.0,9.007
N-99.8974187-20.4273691,TH570901,8.153,0.0,8.153
N-99.8980673-20.4280534,TH570901,7.213,0.0,7.213
N-99.9001971-20.4277240,TH570901,6.523,0.0,6.523
N-99.9011229-20.4276710,TH570901,14.081,0.0,14.081
N-99.9025306-20.4275356,TH570901,5.961,0.0,5.961
N-99.9032535-20.4275428,TH570901,5.102,0.0,5.102
N-99.9042367-20.4273797,TH570901,5.152,0.0,5.152
N-99.9051672-20.4273672,TH570901,10.117,0.0,10.117
N-99.9065105-20.4270457,TH570901,3.707,0.0,3.707
N-99.9073939-20.4269592,TH570901,3.591,0.0,3.591
N-99.9084203-20.4279013,TH570901,3.817,0.0,3.817
N-99.9096363-20.4264511,TH570901,9.374,0.0,9.374
N-99.9130826-20.4259928,TH570901,4.486,0.0,4.486
N-99.9145281-20.4257135,TH570901,5.681,0.0,5.681
N-99.9189404-20.4273216,TH570901,5.471,0.0,5.471
N-99.9298208-20.4257827,TH570901,3.6,0.0,3.6
N-99.9311255-20.4271936,TH570901,3.021,0.0,3.021
N-99.8841374-20.4268620,TH570901,28.097,0.0,28.097
N-99.8849354-20.4265099,TH570901,30.758,0.0,30.758
N-99.8857040-20.4262082,TH570901,33.657,0.0,33.657
N-99.8865867-20.4266688,TH570901,33.907,0.0,33.907
N-99.8876242-20.4268922,TH570901,36.351,0.0,36.351
N-99.8880883-20.4263983,TH570901,36.443,0.0,36.443
N-99.8889367-20.4269557,TH570901,35.205,0.0,35.205
N-99.8899444-20.4269225,TH570901,27.791,0.0,27.791
N-99.8910433-20.4267749,TH570901,25.876,0.0,25.876
N-99.8914343-20.4265158,TH570901,22.758,0.0,22.758
N-99.8926006-20.4265819,TH570901,19.071,0.0,19.071
N-99.8933456-20.4263889,TH570901,18.621,0.0,18.621
N-99.8940615-20.4265547,TH570901,14.739,0.0,14.739
N-99.8953663-20.4265729,TH570901,24.024,0.0,24.024
N-99.8965319-20.4270531,TH570901,11.397,0.0,11.397
N-99.8974479-20.4264145,TH570901,11.791,0.0,11.791
N-99.8983222-20.4265045,TH570901,8.666,0.0,8.666
N-99.8995855-20.4263869,TH570901,7.64,0.0,7.64
N-99.9003392-20.4265099,TH570901,7.516,0.0,7.516
N-99.9008863-20.4266533,TH570901,8.726,0.0,8.726
N-99.9016141-20.4266597,TH570901,7.345,0.0,7.345
N-99.9023101-20.4265681,TH570901,5.543,0.0,5.543
N-99.9028687-20.4266408,TH570901,5.159,0.0,5.159
N-99.9041501-20.4265153,TH570901,5.47,0.0,5.47
N-99.9060322-20.4272064,TH570901,4.533,0.0,4.533
N-99.9066840-20.4268004,TH570901,3.705,0.0,3.705
N-99.9074484-20.4266964,TH570901,3.642,0.0,3.642
N-99.9085155-20.4266709,TH570901,3.655,0.0,3.655
N-99.9102243-20.4263636,TH570901,2.902,0.0,2.902
N-99.9109051-20.4266540,TH570901,2.617,0.0,2.617
N-99.9150400-20.4256311,TH570901,6.708,0.0,6.708
N-99.9152864-20.4256093,TH570901,1.639,0.0,1.639
N-99.9159599-20.4254891,TH570901,7.112,0.0,7.112
N-99.9232939-20.4255916,TH570901,4.393,0.0,4.393
N-99.9251445-20.4256476,TH570901,8.868,0.0,8.868
N-99.9293380-20.4256067,TH570901,15.586,0.0,15.586
N-99.9303036-20.4258530,TH570901,4.656,0.0,4.656
N-99.9312114-20.4269624,TH570901,1.186,0.0,1.186
N-99.8831748-20.4257369,TH570901,24.241,0.0,24.241
N-99.8844983-20.4260970,TH570901,26.681,0.0,26.681
N-99.8848274-20.4259024,TH570901,30.969,0.0,30.969
N-99.8861977-20.4260176,TH570901,32.646,0.0,32.646
N-99.8863827-20.4259329,TH570901,33.841,0.0,33.841
N-99.8872870-20.4257769,TH570901,35.297,0.0,35.297
N-99.8886074-20.4257648,TH570901,36.157,0.0,36.157
N-99.8886404-20.4258643,TH570901,36.47,0.0,36.47
N-99.8899724-20.4257346,TH570901,29.221,0.0,29.221
N-99.8909938-20.4261583,TH570901,27.529,0.0,27.529
N-99.8915879-20.4258367,TH570901,24.424,0.0,24.424
N-99.8922971-20.4260672,TH570901,23.899,0.0,23.899
N-99.8932770-20.4253514,TH570901,43.341,0.0,43.341
N-99.8939613-20.4257467,TH570901,12.751,0.0,12.751
N-99.8954773-20.4257830,TH570901,9.983,0.0,9.983
N-99.8958309-20.4258293,TH570901,22.124,0.0,22.124
N-99.8977431-20.4258012,TH570901,12.574,0.0,12.574
N-99.8978200-20.4255721,TH570901,9.212,0.0,9.212
N-99.8992631-20.4259379,TH570901,8.364,0.0,8.364
N-99.9000148-20.4257786,TH570901,8.045,0.0,8.045
N-99.9007309-20.4256027,TH570901,7.462,0.0,7.462
N-99.9011410-20.4258593,TH570901,6.456,0.0,6.456
N-99.9028224-20.4257939,TH570901,5.538,0.0,5.538
N-99.9032174-20.4258289,TH570901,5.187,0.0,5.187
N-99.9044783-20.4257676,TH570901,9.833,0.0,9.833
N-99.9046344-20.4254113,TH570901,12.573,0.0,12.573
N-99.9068128-20.4267602,TH570901,3.306,0.0,3.306
N-99.9077744-20.4251345,TH570901,5.821,0.0,5.821
N-99.9079940-20.4251601,TH570901,2.951,0.0,2.951
N-99.9103868-20.4259119,TH570901,5.326,0.0,5.326
N-99.9134639-20.4259254,TH570901,2.111,0.0,2.111
N-99.9171654-20.4251855,TH570901,5.353,0.0,5.353
N-99.9179922-20.4249644,TH570901,3.766,0.0,3.766
N-99.9185853-20.4247804,TH570901,2.261,0.0,2.261
N-99.9312799-20.4259687,TH570901,1.023,0.0,1.023
N-99.9316930-20.4259888,TH570901,5.149,0.0,5.149
N-99.8831546-20.4249863,TH570901,21.092,0.0,21.092
N-99.8842923-20.4247362,TH570901,27.041,0.0,27.041
N-99.8851094-20.4248087,TH570901,29.416,0.0,29.416
N-99.8859561-20.4251328,TH570901,31.074,0.0,31.074
N-99.8867376-20.4246702,TH570901,32.224,0.0,32.224
N-99.8877162-20.4254542,TH570901,34.724,0.0,34.724
N-99.8884648-20.4252328,TH570901,34.537,0.0,34.537
N-99.8890088-20.4250624,TH570901,35.525,0.0,35.525
N-99.8898840-20.4247179,TH570901,30.114,0.0,30.114
N-99.8910573-20.4253269,TH570901,28.828,0.0,28.828
N-99.8915616-20.4251786,TH570901,25.194,0.0,25.194
N-99.8924907-20.4248903,TH570901,23.884,0.0,23.884
N-99.8940544-20.4252986,TH570901,15.019,0.0,15.019
N-99.8949346-20.4247129,TH570901,11.788,0.0,11.788
N-99.8955732-20.4247829,TH570901,13.805,0.0,13.805
N-99.8966512-20.4245445,TH570901,22.559,0.0,22.559
N-99.8980972-20.4252633,TH570901,20.764,0.0,20.764
N-99.8990170-20.4248536,TH570901,9.483,0.0,9.483
N-99.9000208-20.4249998,TH570901,8.85,0.0,8.85
N-99.9007712-20.4249919,TH570901,8.385,0.0,8.385
N-99.9017582-20.4248385,TH570901,7.864,0.0,7.864
N-99.9025361-20.4252508,TH570901,5.629,0.0,5.629
N-99.9035365-20.4250899,TH570901,4.961,0.0,4.961
N-99.9041388-20.4251730,TH570901,5.194,0.0,5.194
N-99.9067749-20.4240103,TH570901,8.594,0.0,8.594
N-99.9080452-20.4249228,TH570901,5.413,0.0,5.413
N-99.9089050-20.4248720,TH570901,2.607,0.0,2.607
N-99.9103962-20.4253928,TH570901,2.645,0.0,2.645
N-99.9107999-20.4252596,TH570901,2.295,0.0,2.295
N-99.9117199-20.4249969,TH570901,2.141,0.0,2.141
N-99.9123569-20.4250975,TH570901,4.033,0.0,4.033
N-99.9177166-20.4250455,TH570901,2.585,0.0,2.585
N-99.9189125-20.4246608,TH570901,1.028,0.0,1.028
N-99.9192634-20.4243694,TH570901,3.267,0.0,3.267
N-99.9236572-20.4255128,TH570901,4.626,0.0,4.626
N-99.8834547-20.4240116,TH570901,23.975,0.0,23.975
N-99.8843185-20.4245819,TH570901,23.045,0.0,23.045
N-99.8849846-20.4242841,TH570901,25.252,0.0,25.252
N-99.8855681-20.4243020,TH570901,26.359,0.0,26.359
N-99.8866387-20.4242149,TH570901,30.473,0.0,30.473
N-99.8874853-20.4244565,TH570901,31.813,0.0,31.813
N-99.8882510-20.4242267,TH570901,31.684,0.0,31.684
N-99.8889891-20.4239631,TH570901,31.595,0.0,31.595
N-99.8900603-20.4241312,TH570901,27.116,0.0,27.116
N-99.8905685-20.4242189,TH570901,27.051,0.0,27.051
N-99.8918110-20.4242351,TH570901,25.381,0.0,25.381
N-99.8922477-20.4241596,TH570901,25.598,0.0,25.598
N-99.8931441-20.4242848,TH570901,23.542,0.0,23.542
N-99.8942411-20.4243565,TH570901,15.319,0.0,15.319
N-99.8950377-20.4242297,TH570901,13.454,0.0,13.454
N-99.8960084-20.4240462,TH570901,12.788,0.0,12.788
N-99.8976678-20.4235558,TH570901,35.448,0.0,35.448
N-99.8994160-20.4241878,TH570901,8.548,0.0,8.548
N-99.9002642-20.4239060,TH570901,8.848,0.0,8.848
N-99.9006726-20.4240206,TH570901,8.616,0.0,8.616
N-99.9019245-20.4238311,TH570901,8.046,0.0,8.046
N-99.9026751-20.4242931,TH570901,5.987,0.0,5.987
N-99.9030438-20.4245200,TH570901,5.239,0.0,5.239
N-99.9035875-20.4237376,TH570901,4.952,0.0,4.952
N-99.9054224-20.4233865,TH570901,8.869,0.0,8.869
N-99.9057386-20.4235264,TH570901,6.681,0.0,6.681
N-99.9090614-20.4246005,TH570901,2.446,0.0,2.446
N-99.9103251-20.4232839,TH570901,6.861,0.0,6.861
N-99.9121249-20.4248512,TH570901,2.142,0.0,2.142
N-99.9121557-20.4248512,TH570901,2.007,0.0,2.007
N-99.9121892-20.4248700,TH570901,1.945,0.0,1.945
N-99.9197340-20.4237739,TH570901,2.007,0.0,2.007
N-99.9199613-20.4234298,TH570901,3.032,0.0,3.032
N-99.9350523-20.4230010,TH570901,10.386,0.0,10.386
N-99.8835969-20.4236346,TH570901,23.594,0.0,23.594
N-99.8839082-20.4228560,TH570901,22.619,0.0,22.619
N-99.8849661-20.4233474,TH570901,28.68,0.0,28.68
N-99.8856226-20.4227387,TH570901,49.681,0.0,49.681
N-99.8867932-20.4228973,TH570901,27.566,0.0,27.566
N-99.8877333-20.4237625,TH570901,28.797,0.0,28.797
N-99.8883858-20.4234327,TH570901,28.606,0.0,28.606
N-99.8911453-20.4232861,TH570901,24.754,0.0,24.754
N-99.8917017-20.4230383,TH570901,22.831,0.0,22.831
N-99.8920795-20.4234603,TH570901,23.634,0.0,23.634
N-99.8931829-20.4237161,TH570901,21.874,0.0,21.874
N-99.8944783-20.4235995,TH570901,16.183,0.0,16.183
N-99.8951499-20.4235743,TH570901,14.457,0.0,14.457
N-99.8958775-20.4235300,TH570901,14.816,0.0,14.816
N-99.8966669-20.4232804,TH570901,10.897,0.0,10.897
N-99.8996339-20.4238532,TH570901,9.454,0.0,9.454
N-99.9002294-20.4230061,TH570901,7.845,0.0,7.845
N-99.9008007-20.4231393,TH570901,7.673,0.0,7.673
N-99.9015477-20.4235991,TH570901,7.012,0.0,7.012
N-99.9024288-20.4231142,TH570901,6.072,0.0,6.072
N-99.9032495-20.4234711,TH570901,5.232,0.0,5.232
N-99.9038175-20.4233482,TH570901,4.825,0.0,4.825
N-99.9068765-20.4235660,TH570901,2.806,0.0,2.806
N-99.9069003-20.4236073,TH570901,2.517,0.0,2.517
N-99.9082845-20.4226901,TH570901,7.678,0.0,7.678
N-99.9107221-20.4230464,TH570901,2.171,0.0,2.171
N-99.9112576-20.4229620,TH570901,2.07,0.0,2.07
N-99.9135753-20.4226483,TH570901,5.69,0.0,5.69
N-99.9137610-20.4226039,TH570901,1.644,0.0,1.644
N-99.9140482-20.4224479,TH570901,10.383,0.0,10.383
N-99.9201368-20.4230039,TH570901,3.258,0.0,3.258
N-99.9202758-20.4226788,TH570901,9.3,0.0,9.3
N-99.8833151-20.4222511,TH570901,19.971,0.0,19.971
N-99.8840332-20.4224710,TH570901,19.121,0.0,19.121
N-99.8848819-20.4225885,TH570901,22.122,0.0,22.122
N-99.8870203-20.4224958,TH570901,24.719,0.0,24.719
N-99.8917902-20.4224984,TH570901,23.097,0.0,23.097
N-99.8925505-20.4221603,TH570901,22.988,0.0,22.988
N-99.8936221-20.4228208,TH570901,22.441,0.0,22.441
N-99.8976336-20.4225846,TH570901,10.168,0.0,10.168
N-99.8981414-20.4222549,TH570901,6.926,0.0,6.926
N-99.8983734-20.4220736,TH570901,7.664,0.0,7.664
N-99.9003930-20.4228578,TH570901,7.267,0.0,7.267
N-99.9010206-20.4223224,TH570901,12.696,0.0,12.696
N-99.9020345-20.4229106,TH570901,6.452,0.0,6.452
N-99.9024021-20.4223274,TH570901,5.537,0.0,5.537
N-99.9033280-20.4224732,TH570901,5.477,0.0,5.477
N-99.9041028-20.4228008,TH570901,4.245,0.0,4.245
N-99.9045922-20.4224871,TH570901,8.024,0.0,8.024
N-99.9056552-20.4229726,TH570901,3.207,0.0,3.207
N-99.9070729-20.4226631,TH570901,2.914,0.0,2.914
N-99.9074739-20.4226103,TH570901,2.818,0.0,2.818
N-99.9085783-20.4221784,TH570901,2.557,0.0,2.557
N-99.9100531-20.4220392,TH570901,4.79,0.0,4.79
N-99.9106167-20.4225721,TH570901,2.109,0.0,2.109
N-99.9111107-20.4225319,TH570901,2.077,0.0,2.077
N-99.9123636-20.4219102,TH570901,4.125,0.0,4.125
N-99.9162258-20.4204436,TH570901,12.431,2.622,9.809
N-99.9216151-20.4208099,TH570901,9.09,0.0,9.09
N-99.9352669-20.4227094,TH570901,0.841,0.0,0.841
N-99.8990851-20.4214957,TH570901,6.238,0.0,6.238
N-99.8999660-20.4212478,TH570901,5.968,0.0,5.968
N-99.9015919-20.4217393,TH570901,5.633,0.0,5.633
N-99.9021042-20.4219303,TH570901,5.863,0.0,5.863
N-99.9028999-20.4222923,TH570901,5.33,0.0,5.33
N-99.9055454-20.4209211,TH570901,6.605,0.0,6.605
N-99.9063340-20.4215131,TH570901,5.927,0.0,5.927
N-99.9065995-20.4217293,TH570901,2.668,0.0,2.668
N-99.9066076-20.4217531,TH570901,2.523,0.0,2.523
N-99.9086072-20.4218799,TH570901,4.917,0.0,4.917
N-99.9108068-20.4216420,TH570901,2.278,0.0,2.278
N-99.9126767-20.4217563,TH570901,1.74,0.0,1.74
N-99.9128082-20.4216532,TH570901,1.685,0.0,1.685
N-99.9218433-20.4205278,TH570901,1.993,0.0,1.993
N-99.9225192-20.4199578,TH570901,2.993,0.0,2.993
N-99.9234683-20.4193003,TH570901,2.95,0.0,2.95
N-99.9239620-20.4190538,TH570901,5.884,0.0,5.884
N-99.9243328-20.4187577,TH570901,5.062,0.0,5.062
N-99.9258451-20.4179375,TH570901,6.378,0.0,6.378
N-99.9354600-20.4222972,TH570901,2.395,0.0,2.395
N-99.9356638-20.4219151,TH570901,21.048,0.0,21.048
N-99.9007894-20.4206974,TH570901,6.276,0.0,6.276
N-99.9018052-20.4215285,TH570901,10.926,0.0,10.926
N-99.9025075-20.4221264,TH570901,5.027,0.0,5.027
N-99.9053657-20.4206584,TH570901,7.262,0.0,7.262
N-99.9086497-20.4208989,TH570901,5.586,0.0,5.586
N-99.9090081-20.4207439,TH570901,2.642,0.0,2.642
N-99.9097592-20.4206936,TH570901,2.569,0.0,2.569
N-99.9106106-20.4210665,TH570901,1.976,0.0,1.976
N-99.9121119-20.4203179,TH570901,1.932,0.0,1.932
N-99.9124027-20.4208806,TH570901,1.763,0.0,1.763
N-99.9133970-20.4209233,TH570901,3.349,0.0,3.349
N-99.9163754-20.4202458,TH570901,4.06,0.0,4.06
N-99.9229069-20.4196613,TH570901,3.098,0.0,3.098
N-99.9254561-20.4180808,TH570901,5.239,0.0,5.239
N-99.9269206-20.4171909,TH570901,5.351,0.0,5.351
N-99.9013220-20.4200431,TH570901,11.037,0.0,11.037
N-99.9021515-20.4185663,TH570901,22.708,0.0,22.708
N-99.9053644-20.4198780,TH570901,12.206,0.0,12.206
N-99.9061596-20.4200363,TH570901,3.929,0.0,3.929
N-99.9063648-20.4197912,TH570901,3.346,0.0,3.346
N-99.9067564-20.4193890,TH570901,3.333,0.0,3.333
N-99.9089194-20.4196470,TH570901,6.066,0.0,6.066
N-99.9104190-20.4204825,TH570901,2.511,2.511,0.0
N-99.9109581-20.4200995,TH570901,1.979,1.979,0.0
N-99.9118687-20.4198478,TH570901,1.925,0.0,1.925
N-99.9128393-20.4199552,TH570901,1.89,0.0,1.89
N-99.9132592-20.4197458,TH570901,3.384,0.0,3.384
N-99.9164552-20.4199561,TH570901,11.236,0.0,11.236
N-99.9213195-20.4196429,TH570901,1.085,0.0,1.085
N-99.9213302-20.4197033,TH570901,2.175,0.0,2.175
N-99.9215019-20.4201256,TH570901,1.091,0.0,1.091
N-99.9260516-20.4177816,TH570901,3.886,0.0,3.886
N-99.9271137-20.4170451,TH570901,6.183,0.0,6.183
N-99.9055240-20.4195927,TH570901,3.988,0.0,3.988
N-99.9057318-20.4195700,TH570901,3.939,0.0,3.939
N-99.9067336-20.4192118,TH570901,3.474,0.0,3.474
N-99.9072392-20.4189328,TH570901,3.475,0.0,3.475
N-99.9089543-20.4192957,TH570901,2.965,0.0,2.965
N-99.9089752-20.4190272,TH570901,5.695,0.0,5.695
N-99.9116790-20.4196021,TH570901,2.545,0.0,2.545
N-99.9117064-20.4195964,TH570901,2.0,0.0,2.0
N-99.9127955-20.4187746,TH570901,1.908,0.0,1.908
N-99.9132569-20.4189688,TH570901,1.863,0.0,1.863
N-99.9132810-20.4189362,TH570901,1.699,0.0,1.699
N-99.9210513-20.4184163,TH570901,29.223,0.0,29.223
N-99.9211478-20.4186727,TH570901,1.136,0.0,1.136
N-99.9213678-20.4190598,TH570901,1.128,0.0,1.128
N-99.9214643-20.4193513,TH570901,1.114,0.0,1.114
N-99.9274437-20.4166982,TH570901,12.287,0.0,12.287
N-99.9028476-20.4173583,TH570901,10.547,0.0,10.547
N-99.9056244-20.4181312,TH570901,12.75,0.0,12.75
N-99.9068316-20.4182210,TH570901,4.643,0.0,4.643
N-99.9073709-20.4185268,TH570901,4.403,0.0,4.403
N-99.9080640-20.4181008,TH570901,4.167,0.0,4.167
N-99.9089321-20.4182875,TH570901,7.425,0.0,7.425
N-99.9120644-20.4185406,TH570901,2.716,0.0,2.716
N-99.9120803-20.4185041,TH570901,2.205,0.0,2.205
N-99.9124873-20.4183184,TH570901,2.054,0.0,2.054
N-99.9129009-20.4185659,TH570901,1.986,0.0,1.986
N-99.9132696-20.4188702,TH570901,1.793,0.0,1.793
N-99.9132783-20.4188859,TH570901,1.577,0.0,1.577
N-99.9166823-20.4169261,TH570901,30.042,0.0,30.042
N-99.9212712-20.4187782,TH570901,1.247,0.0,1.247
N-99.9213517-20.4189039,TH570901,1.23,0.0,1.23
N-99.9248831-20.4183007,TH570901,6.992,0.0,6.992
N-99.9284066-20.4153861,TH570901,28.673,0.0,28.673
N-99.9396684-20.4176414,TH570901,5.184,0.0,5.184
N-99.9034469-20.4166812,TH570901,11.686,0.0,11.686
N-99.9056663-20.4176370,TH570901,14.514,0.0,14.514
N-99.9061784-20.4171695,TH570901,24.801,0.0,24.801
N-99.9073118-20.4174176,TH570901,15.239,0.0,15.239
N-99.9083530-20.4176600,TH570901,5.757,0.0,5.757
N-99.9089760-20.4174749,TH570901,4.069,0.0,4.069
N-99.9092737-20.4169181,TH570901,3.481,0.0,3.481
N-99.9097458-20.4164430,TH570901,6.238,0.0,6.238
N-99.9122307-20.4183930,TH570901,2.545,0.0,2.545
N-99.9130345-20.4175364,TH570901,11.849,0.0,11.849
N-99.9263869-20.4174901,TH570901,8.724,0.0,8.724
N-99.9086046-20.4167046,TH570901,6.64,0.0,6.64
N-99.9091731-20.4167899,TH570901,4.484,0.0,4.484
N-99.9106725-20.4157819,TH570901,2.721,0.0,2.721
N-99.9107248-20.4157542,TH570901,5.405,0.0,5.405
N-99.9246965-20.4184330,TH570901,1.127,0.0,1.127
N-99.9294553-20.4140588,TH570901,20.48,0.0,20.48
N-99.9047187-20.4152643,TH570901,6.381,0.0,6.381
N-99.9051833-20.4150825,TH570901,13.422,0.0,13.422
N-99.9082839-20.4155747,TH570901,13.252,0.0,13.252
N-99.9098437-20.4160886,TH570901,4.103,0.0,4.103
N-99.9100649-20.4158472,TH570901,3.757,0.0,3.757
N-99.9111566-20.4152829,TH570901,5.257,0.0,5.257
N-99.9115670-20.4149385,TH570901,7.93,0.0,7.93
N-99.9139152-20.4152377,TH570901,11.606,0.0,11.606
N-99.9300561-20.4131513,TH570901,21.45,0.0,21.45
N-99.9062309-20.4143909,TH570901,7.119,0.0,7.119
N-99.9080272-20.4144791,TH570901,6.182,0.0,6.182
N-99.9084110-20.4155094,TH570901,10.215,0.0,10.215
N-99.9103653-20.4155808,TH570901,7.763,0.0,7.763
N-99.9120766-20.4145313,TH570901,2.242,0.0,2.242
N-99.9133936-20.4148631,TH570901,5.095,0.0,5.095
N-99.9168673-20.4140005,TH570901,21.622,0.0,21.622
N-99.9308554-20.4119372,TH570901,24.392,0.0,24.392
N-99.9068644-20.4139385,TH570901,8.584,0.0,8.584
N-99.9079268-20.4141105,TH570901,7.701,0.0,7.701
N-99.9080882-20.4139954,TH570901,11.54,0.0,11.54
N-99.9119773-20.4146055,TH570901,3.337,0.0,3.337
N-99.9124682-20.4142095,TH570901,6.183,0.0,6.183
N-99.9130234-20.4146004,TH570901,6.22,0.0,6.22
N-99.9081411-20.4132888,TH570901,7.111,0.0,7.111
N-99.9085154-20.4129965,TH570901,5.186,0.0,5.186
N-99.9091610-20.4126120,TH570901,3.634,0.0,3.634
N-99.9098025-20.4122713,TH570901,7.275,0.0,7.275
N-99.9123837-20.4141831,TH570901,3.271,0.0,3.271
N-99.9123998-20.4141794,TH570901,3.198,0.0,3.198
N-99.9167031-20.4125816,TH570901,16.988,0.0,16.988
N-99.9169078-20.4130614,TH570901,32.66,0.0,32.66
N-99.9103692-20.4116177,TH570901,3.403,0.0,3.403
N-99.9108477-20.4114005,TH570901,3.531,0.0,3.531
N-99.9124158-20.4108816,TH570901,8.877,0.0,8.877
N-99.9129429-20.4107468,TH570901,8.268,0.0,8.268
N-99.9155534-20.4112384,TH570901,18.853,0.0,18.853
N-99.9317218-20.4107054,TH570901,14.438,0.0,14.438
N-99.9112995-20.4111944,TH570901,5.042,0.0,5.042
N-99.9136012-20.4104924,TH570901,7.934,0.0,7.934
N-99.9189094-20.4081162,TH570901,17.59,0.0,17.59
N-99.9194776-20.4077129,TH570901,17.119,0.0,17.119
N-99.9131843-20.4106387,TH570901,5.353,0.0,5.353
N-99.9168371-20.4094519,TH570901,1.977,0.0,1.977
N-99.9172995-20.4092073,TH570901,6.28,0.0,6.28
N-99.9177629-20.4089193,TH570901,3.961,0.0,3.961
N-99.9181682-20.4086262,TH570901,6.839,0.0,6.839
N-99.9198523-20.4074009,TH570901,20.789,0.0,20.789
N-99.9161803-20.4097097,TH570901,5.193,0.0,5.193
N-99.9201986-20.4069810,TH570901,29.872,0.0,29.872
N-99.9326176-20.4094686,TH570901,6.448,0.0,6.448
N-99.9330092-20.4088779,TH570901,2.713,0.0,2.713
N-99.9214688-20.4053242,TH570901,27.41,0.0,27.41
N-99.9304389-20.4054047,TH570901,23.354,0.0,23.354
N-99.9220312-20.4046149,TH570901,13.104,0.0,13.104
N-99.9335805-20.4077064,TH570901,1.882,0.0,1.882
N-99.9204791-20.4060860,TH570901,6.491,0.0,6.491
N-99.9216567-20.4050728,TH570901,2.805,0.0,2.805
N-99.9223682-20.4041630,TH570901,6.713,0.0,6.713
N-99.9300526-20.4047209,TH570901,11.567,0.0,11.567
N-99.9337978-20.4070855,TH570901,0.932,0.0,0.932
N-99.9226025-20.4039001,TH570901,8.379,0.0,8.379
N-99.9215953-20.4049724,TH570901,2.785,0.0,2.785
N-99.9237388-20.4028206,TH570901,14.959,0.0,14.959
N-99.9294196-20.4033332,TH570901,5.129,0.0,5.129
N-99.9318551-20.4045600,TH570901,0.997,0.0,0.997
N-99.9288832-20.4026897,TH570901,12.907,0.0,12.907
N-99.9313213-20.4038456,TH570901,2.358,0.0,2.358
N-99.9248789-20.4016952,TH570901,6.639,0.0,6.639
N-99.9300788-20.4028814,TH570901,2.39,0.0,2.39
N-99.9237683-20.4026370,TH570901,1.768,0.0,1.768
N-99.9252732-20.4012771,TH570901,5.84,0.0,5.84
N-99.9299158-20.4020272,TH570901,1.397,0.0,1.397
N-99.9262336-20.3999140,TH570901,1.463,0.0,1.463
N-99.9268463-20.3997594,TH570901,4.326,0.0,4.326
N-99.9300018-20.4014646,TH570901,1.409,0.0,1.409
N-99.9276539-20.3989884,TH570901,2.787,0.0,2.787
N-99.8276793-20.3284153,TH570902,2.303,2.303,0.0
N-99.8278134-20.3284228,TH570902,9.473,9.473,0.0
N-99.8257671-20.3281298,TH570902,4.256,4.256,0.0
N-99.8274917-20.3283857,TH570902,3.297,3.297,0.0
N-99.8279797-20.3283398,TH570902,1.704,1.704,0.0
N-99.8285088-20.3280710,TH570902,3.541,3.541,0.0
N-99.8236656-20.3276405,TH570902,3.269,3.269,0.0
N-99.8256507-20.3281017,TH570902,2.936,2.936,0.0
N-99.8301174-20.3273438,TH570902,6.661,6.661,0.0
N-99.8325913-20.3262758,TH570902,11.404,11.404,0.0
N-99.8196772-20.3278144,TH570902,4.387,4.387,0.0
N-99.8475384-20.3336076,TH570902,0.741,0.741,0.0
N-99.8184566-20.3277456,TH570902,3.051,3.051,0.0
N-99.8195889-20.3278257,TH570902,2.715,2.715,0.0
N-99.8320608-20.3264328,TH570902,2.323,2.323,0.0
N-99.8476883-20.3327947,TH570902,0.775,0.775,0.0
N-99.8182207-20.3276656,TH570902,1.984,1.984,0.0
N-99.8233523-20.3275607,TH570902,1.032,1.032,0.0
N-99.8327086-20.3261681,TH570902,6.685,6.685,0.0
N-99.8476968-20.3327456,TH570902,0.422,0.422,0.0
N-99.8179289-20.3274608,TH570902,2.075,2.075,0.0
N-99.8183479-20.3277087,TH570902,0.393,0.393,0.0
N-99.8212747-20.3272949,TH570902,1.045,1.045,0.0
N-99.8477166-20.3326846,TH570902,0.426,0.426,0.0
N-99.8477406-20.3326262,TH570902,1.276,1.276,0.0
N-99.8170484-20.3269303,TH570902,2.513,2.513,0.0
N-99.8230755-20.3274694,TH570902,0.705,0.705,0.0
N-99.8238763-20.3276421,TH570902,0.665,0.665,0.0
N-99.8294876-20.3274831,TH570902,0.368,0.368,0.0
N-99.8323961-20.3263275,TH570902,0.779,0.779,0.0
N-99.8327858-20.3260270,TH570902,3.234,2.445,0.789
N-99.8175287-20.3272079,TH570902,1.211,1.211,0.0
N-99.8192897-20.3277440,TH570902,0.694,0.694,0.0
N-99.8211124-20.3273105,TH570902,0.348,0.348,0.0
N-99.8254335-20.3279136,TH570902,0.332,0.332,0.0
N-99.8262185-20.3279135,TH570902,0.333,0.333,0.0
N-99.8282560-20.3281512,TH570902,0.348,0.348,0.0
N-99.8285759-20.3279575,TH570902,0.358,0.358,0.0
N-99.8298932-20.3273635,TH570902,0.736,0.736,0.0
N-99.8301877-20.3272873,TH570902,0.752,0.752,0.0
N-99.8331585-20.3253124,TH570902,6.379,6.379,0.0
N-99.8169172-20.3268205,TH570902,0.859,0.0,0.859
N-99.8198365-20.3275405,TH570902,0.348,0.348,0.0
N-99.8209083-20.3272632,TH570902,0.354,0.354,0.0
N-99.8214171-20.3272436,TH570902,0.354,0.354,0.0
N-99.8227912-20.3273085,TH570902,0.691,0.691,0.0
N-99.8240755-20.3275695,TH570902,0.326,0.326,0.0
N-99.8250104-20.3273868,TH570902,0.339,0.0,0.339
N-99.8259615-20.3275196,TH570902,0.339,0.0,0.339
N-99.8266681-20.3273262,TH570902,0.706,0.368,0.338
N-99.8272890-20.3277520,TH570902,0.345,0.345,0.0
N-99.8286793-20.3276348,TH570902,0.354,0.0,0.354
N-99.8292459-20.3274424,TH570902,0.746,0.746,0.0
N-99.8318428-20.3264479,TH570902,0.376,0.0,0.376
N-99.8485326-20.3313125,TH570902,0.42,0.42,0.0
N-99.8162480-20.3261643,TH570902,0.937,0.937,0.0
N-99.8167683-20.3264818,TH570902,0.9,0.9,0.0
N-99.8172435-20.3269983,TH570902,0.862,0.862,0.0
N-99.8199575-20.3273312,TH570902,0.338,0.338,0.0
N-99.8202047-20.3271697,TH570902,2.073,2.073,0.0
N-99.8205823-20.3271625,TH570902,1.392,1.392,0.0
N-99.8218365-20.3270801,TH570902,0.683,0.683,0.0
N-99.8222800-20.3270331,TH570902,18.27,17.167,1.103
N-99.8246265-20.3273570,TH570902,1.035,1.035,0.0
N-99.8254036-20.3271599,TH570902,1.069,1.069,0.0
N-99.8257281-20.3270895,TH570902,8.394,8.394,0.0
N-99.8264017-20.3272613,TH570902,0.687,0.687,0.0
N-99.8269309-20.3274243,TH570902,0.366,0.366,0.0
N-99.8289467-20.3274652,TH570902,1.121,1.121,0.0
N-99.8302926-20.3269512,TH570902,0.391,0.391,0.0
N-99.8306507-20.3265224,TH570902,0.397,0.397,0.0
N-99.8316966-20.3264030,TH570902,0.379,0.379,0.0
N-99.8328595-20.3258560,TH570902,0.399,0.399,0.0
N-99.8332652-20.3249275,TH570902,17.179,16.763,0.417
N-99.8485694-20.3312603,TH570902,0.431,0.431,0.0
N-99.8486048-20.3312165,TH570902,1.316,1.316,0.0
N-99.8159977-20.3257359,TH570902,7.882,7.882,0.0
N-99.8163808-20.3262696,TH570902,0.9,0.9,0.0
N-99.8167204-20.3264104,TH570902,0.862,0.862,0.0
N-99.8225001-20.3271201,TH570902,0.691,0.346,0.345
N-99.8255496-20.3271124,TH570902,4.973,4.973,0.0
N-99.8268103-20.3273639,TH570902,0.732,0.732,0.0
N-99.8304366-20.3267654,TH570902,0.382,0.382,0.0
N-99.8308802-20.3262099,TH570902,1.909,1.909,0.0
N-99.8309912-20.3261275,TH570902,2.263,2.263,0.0
N-99.8313048-20.3261326,TH570902,0.377,0.377,0.0
N-99.8330103-20.3255379,TH570902,0.381,0.0,0.381
N-99.8203845-20.3271401,TH570902,6.549,6.549,0.0
N-99.8220772-20.3270343,TH570902,10.508,10.508,0.0
N-99.8259802-20.3271323,TH570902,1.765,1.765,0.0
N-99.8311671-20.3260930,TH570902,0.398,0.398,0.0
N-99.8328676-20.3248409,TH570902,0.378,0.378,0.0
N-99.8328992-20.3249574,TH570902,0.385,0.385,0.0
N-99.8328265-20.3243030,TH570902,104.551,104.551,0.0
N-99.8330959-20.3244301,TH570902,39.919,38.681,1.238
N-99.8522052-20.3259951,TH570902,4.451,4.451,0.0
N-99.8541463-20.3200112,TH570902,66.381,65.923,0.458
N-99.8580556-20.3169841,TH570902,3.618,3.618,0.0
N-99.8587844-20.3159108,TH570902,5.233,4.583,0.65
N-99.8601622-20.3131687,TH570902,1.887,1.887,0.0
N-99.8603596-20.3123564,TH570902,5.707,5.707,0.0
N-99.8604449-20.3120692,TH570902,2.793,2.793,0.0
N-99.8401155-20.2937046,TH570902,158.247,155.84,2.406
N-99.8607815-20.3078506,TH570902,12.208,11.626,0.583
N-99.8591243-20.3021934,TH570902,22.271,22.271,0.0
N-99.8591731-20.3022497,TH570902,4.436,4.436,0.0
N-99.8605077-20.3045430,TH570902,3.281,2.512,0.769
N-99.8583433-20.3002806,TH570902,59.429,56.479,2.95
N-99.8591113-20.3021507,TH570902,3.885,3.166,0.719
N-99.8814048-20.3055572,TH570902,2.668,0.0,2.668
N-99.8592559-20.3023031,TH570902,2.243,2.243,0.0
N-99.8608847-20.3045116,TH570902,1.822,1.822,0.0
N-99.8806062-20.3036238,TH570902,7.013,0.0,7.013
N-99.8808423-20.3035659,TH570902,30.939,0.0,30.939
N-99.8824395-20.3052111,TH570902,1.909,0.0,1.909
N-99.8837011-20.3048168,TH570902,2.543,0.0,2.543
N-99.8414968-20.2930781,TH570902,7.555,7.555,0.0
N-99.8593973-20.3022878,TH570902,0.779,0.779,0.0
N-99.8623889-20.3026593,TH570902,1.266,1.266,0.0
N-99.8627741-20.3038249,TH570902,1.361,0.0,1.361
N-99.8633037-20.3033627,TH570902,1.383,0.0,1.383
N-99.8643388-20.3032551,TH570902,1.424,0.0,1.424
N-99.8648296-20.3033260,TH570902,1.958,0.0,1.958
N-99.8658462-20.3030291,TH570902,2.022,0.0,2.022
N-99.8671619-20.3034471,TH570902,2.037,0.0,2.037
N-99.8789260-20.3036755,TH570902,2.63,0.0,2.63
N-99.8803809-20.3037596,TH570902,2.608,0.0,2.608
N-99.8843171-20.3038304,TH570902,2.931,0.0,2.931
N-99.8860994-20.3040967,TH570902,1.126,0.0,1.126
N-99.8916533-20.3038014,TH570902,4.846,0.0,4.846
N-99.8926070-20.3034210,TH570902,3.918,0.0,3.918
N-99.8589733-20.3015702,TH570902,1.872,0.695,1.176
N-99.8594623-20.3022360,TH570902,0.793,0.793,0.0
N-99.8611979-20.3017922,TH570902,1.019,1.019,0.0
N-99.8616373-20.3020178,TH570902,1.286,1.286,0.0
N-99.8623298-20.3025288,TH570902,1.387,0.0,1.387
N-99.8633202-20.3022892,TH570902,1.413,1.413,0.0
N-99.8646258-20.3022292,TH570902,1.807,0.0,1.807
N-99.8653458-20.3023836,TH570902,2.043,0.0,2.043
N-99.8658896-20.3026459,TH570902,2.156,0.0,2.156
N-99.8666539-20.3026146,TH570902,2.219,0.0,2.219
N-99.8672272-20.3024594,TH570902,2.079,0.0,2.079
N-99.8691975-20.3023887,TH570902,5.325,0.0,5.325
N-99.8716822-20.3020958,TH570902,29.158,0.0,29.158
N-99.8718441-20.3027703,TH570902,1.871,0.0,1.871
N-99.8785958-20.3034325,TH570902,22.836,0.0,22.836
N-99.8847961-20.3029229,TH570902,1.426,0.0,1.426
N-99.8848403-20.3028255,TH570902,1.422,1.422,0.0
N-99.8851211-20.3025651,TH570902,13.081,2.424,10.657
N-99.8857142-20.3024512,TH570902,36.561,2.621,33.941
N-99.8887201-20.3045542,TH570902,1.035,0.0,1.035
N-99.8892549-20.3045422,TH570902,1.034,0.0,1.034
N-99.8908442-20.3041432,TH570902,1.699,0.0,1.699
N-99.8941158-20.3027125,TH570902,2.813,0.0,2.813
N-99.8967881-20.3025146,TH570902,5.019,0.0,5.019
N-99.8589147-20.3013205,TH570902,0.696,0.696,0.0
N-99.8590204-20.3016829,TH570902,0.75,0.75,0.0
N-99.8600519-20.3017041,TH570902,0.813,0.813,0.0
N-99.8607478-20.3015780,TH570902,1.183,1.183,0.0
N-99.8618185-20.3018207,TH570902,1.271,1.271,0.0
N-99.8621529-20.3018861,TH570902,1.294,1.294,0.0
N-99.8632362-20.3022629,TH570902,1.367,1.367,0.0
N-99.8646412-20.3015560,TH570902,2.063,2.063,0.0
N-99.8650977-20.3018818,TH570902,2.477,0.0,2.477
N-99.8658667-20.3018883,TH570902,2.488,0.0,2.488
N-99.8666641-20.3015797,TH570902,2.325,0.0,2.325
N-99.8672300-20.3017299,TH570902,2.246,0.0,2.246
N-99.8684746-20.3015635,TH570902,1.579,0.0,1.579
N-99.8690513-20.3016151,TH570902,4.584,0.0,4.584
N-99.8733251-20.3030844,TH570902,4.321,0.0,4.321
N-99.8739759-20.3029498,TH570902,9.334,0.0,9.334
N-99.8758069-20.3024023,TH570902,42.309,0.0,42.309
N-99.8758247-20.3024271,TH570902,2.289,0.0,2.289
N-99.8849623-20.3026308,TH570902,12.073,0.0,12.073
N-99.8897618-20.3044776,TH570902,0.882,0.0,0.882
N-99.8944062-20.3008089,TH570902,5.329,0.0,5.329
N-99.8997395-20.3018940,TH570902,6.87,0.0,6.87
N-99.8416041-20.2930177,TH570902,7.337,7.337,0.0
N-99.8587902-20.3008377,TH570902,1.445,0.697,0.747
N-99.8601340-20.3016603,TH570902,0.81,0.81,0.0
N-99.8609159-20.3011265,TH570902,1.208,1.208,0.0
N-99.8616791-20.3006963,TH570902,1.285,0.0,1.285
N-99.8624583-20.3005032,TH570902,1.33,1.33,0.0
N-99.8632450-20.3002529,TH570902,1.723,1.723,0.0
N-99.8644902-20.3009087,TH570902,2.291,2.291,0.0
N-99.8651860-20.3006969,TH570902,2.67,0.0,2.67
N-99.8658069-20.3003514,TH570902,5.451,0.0,5.451
N-99.8669723-20.3005560,TH570902,2.551,0.0,2.551
N-99.8675586-20.3007435,TH570902,2.358,0.0,2.358
N-99.8682721-20.3009447,TH570902,2.267,0.0,2.267
N-99.8690271-20.3015598,TH570902,2.389,0.0,2.389
N-99.8695403-20.2997772,TH570902,12.345,0.0,12.345
N-99.9012194-20.3015083,TH570902,4.733,0.0,4.733
N-99.9025817-20.3010626,TH570902,2.148,0.0,2.148
N-99.9031740-20.3008540,TH570902,2.239,0.0,2.239
N-99.8587110-20.3004026,TH570902,1.523,1.523,0.0
N-99.8612718-20.3007676,TH570902,1.191,1.191,0.0
N-99.8618323-20.3006390,TH570902,1.286,1.286,0.0
N-99.8627434-20.3003615,TH570902,1.301,0.0,1.301
N-99.8633608-20.3002248,TH570902,1.357,1.357,0.0
N-99.8641337-20.2998900,TH570902,2.086,0.0,2.086
N-99.8648160-20.2996126,TH570902,2.435,2.435,0.0
N-99.8671152-20.3001088,TH570902,2.736,0.0,2.736
N-99.8675663-20.3000211,TH570902,2.647,0.0,2.647
N-99.8683730-20.2994640,TH570902,5.039,0.0,5.039
N-99.8691488-20.2997200,TH570902,3.254,0.0,3.254
N-99.8943874-20.2992681,TH570902,12.064,0.0,12.064
N-99.9038097-20.3006732,TH570902,1.553,0.0,1.553
N-99.9057702-20.3001898,TH570902,0.797,0.0,0.797
N-99.8420708-20.2926353,TH570902,3.476,3.076,0.4
N-99.8586262-20.3003443,TH570902,0.716,0.716,0.0
N-99.8611450-20.2978986,TH570902,3.073,3.073,0.0
N-99.8613628-20.2980171,TH570902,0.94,0.94,0.0
N-99.8616479-20.2980827,TH570902,2.457,2.457,0.0
N-99.8623580-20.2981761,TH570902,1.308,1.308,0.0
N-99.8638938-20.2985595,TH570902,1.319,0.0,1.319
N-99.8645016-20.2988042,TH570902,1.682,0.0,1.682
N-99.8648621-20.2989102,TH570902,2.406,2.406,0.0
N-99.8658058-20.2991881,TH570902,2.691,0.0,2.691
N-99.8667941-20.2992084,TH570902,2.739,0.0,2.739
N-99.8678953-20.2991204,TH570902,2.733,0.0,2.733
N-99.8690151-20.2993045,TH570902,3.342,0.0,3.342
N-99.8695777-20.2991082,TH570902,6.657,0.0,6.657
N-99.8709808-20.2976916,TH570902,11.333,0.0,11.333
N-99.8715801-20.2974058,TH570902,29.132,7.411,21.721
N-99.8734125-20.2968071,TH570902,13.853,0.0,13.853
N-99.8739356-20.2967172,TH570902,12.771,0.0,12.771
N-99.8741461-20.2966681,TH570902,7.268,0.0,7.268
N-99.8746665-20.2964795,TH570902,159.248,18.336,140.912
N-99.9049148-20.2983767,TH570902,2.361,0.0,2.361
N-99.8421459-20.2925649,TH570902,18.806,18.806,0.0
N-99.8625678-20.2981584,TH570902,1.307,0.0,1.307
N-99.8637190-20.2983098,TH570902,1.328,1.328,0.0
N-99.8639691-20.2986024,TH570902,1.686,1.686,0.0
N-99.8651176-20.2987765,TH570902,2.394,2.394,0.0
N-99.8657819-20.2986201,TH570902,2.681,0.0,2.681
N-99.8668258-20.2982967,TH570902,2.697,0.0,2.697
N-99.8675826-20.2982729,TH570902,2.759,0.0,2.759
N-99.8678850-20.2982332,TH570902,2.663,0.0,2.663
N-99.8690914-20.2985005,TH570902,3.327,0.0,3.327
N-99.8697871-20.2979584,TH570902,6.486,0.0,6.486
N-99.8704424-20.2978489,TH570902,6.549,0.0,6.549
N-99.8744023-20.2965876,TH570902,7.151,0.0,7.151
N-99.8943982-20.2986731,TH570902,8.167,0.0,8.167
N-99.9038113-20.2971649,TH570902,9.829,0.0,9.829
N-99.8611288-20.2978254,TH570902,13.59,12.996,0.594
N-99.8615242-20.2980626,TH570902,1.192,1.192,0.0
N-99.8629099-20.2973286,TH570902,1.28,0.0,1.28
N-99.8633494-20.2974086,TH570902,1.291,0.0,1.291
N-99.8641547-20.2974445,TH570902,1.322,0.0,1.322
N-99.8646706-20.2968489,TH570902,2.449,2.449,0.0
N-99.8665621-20.2974207,TH570902,5.473,2.706,2.768
N-99.8677266-20.2974665,TH570902,2.802,0.0,2.802
N-99.8687562-20.2972329,TH570902,8.569,0.0,8.569
N-99.8944860-20.2969971,TH570902,17.926,0.0,17.926
N-99.9041703-20.2971156,TH570902,1.485,0.0,1.485
N-99.8403059-20.2935814,TH570902,0.86,0.86,0.0
N-99.8625077-20.2966591,TH570902,7.137,7.137,0.0
N-99.8632926-20.2963084,TH570902,2.662,2.662,0.0
N-99.8640946-20.2963235,TH570902,3.051,0.0,3.051
N-99.8650595-20.2966766,TH570902,2.713,2.713,0.0
N-99.8660344-20.2963393,TH570902,2.98,2.98,0.0
N-99.8665657-20.2966526,TH570902,2.74,0.0,2.74
N-99.8674888-20.2965468,TH570902,2.165,0.0,2.165
N-99.8678403-20.2963348,TH570902,1.816,0.0,1.816
N-99.8731766-20.2966729,TH570902,39.711,0.0,39.711
N-99.8941366-20.2951185,TH570902,24.486,0.0,24.486
N-99.9031113-20.2946166,TH570902,13.792,0.0,13.792
N-99.8630834-20.2962782,TH570902,3.945,2.595,1.349
N-99.8650951-20.2960820,TH570902,2.538,0.0,2.538
N-99.8658675-20.2958531,TH570902,2.781,0.0,2.781
N-99.8667636-20.2958335,TH570902,2.543,0.0,2.543
N-99.8670824-20.2957893,TH570902,1.793,0.0,1.793
N-99.8686516-20.2958568,TH570902,30.337,0.0,30.337
N-99.8912677-20.2909202,TH570902,52.964,7.218,45.747
N-99.9038526-20.2951466,TH570902,1.419,0.0,1.419
N-99.9107704-20.2944317,TH570902,2.244,0.0,2.244
N-99.9117467-20.2956090,TH570902,6.793,0.0,6.793
N-99.9120833-20.2961537,TH570902,4.273,0.0,4.273
N-99.8407726-20.2933297,TH570902,0.898,0.898,0.0
N-99.8575137-20.2893092,TH570902,67.873,64.848,3.025
N-99.8645774-20.2962254,TH570902,1.352,0.0,1.352
N-99.8656529-20.2953965,TH570902,3.117,1.339,1.778
N-99.8658165-20.2953097,TH570902,1.816,1.816,0.0
N-99.8666881-20.2949952,TH570902,1.821,0.0,1.821
N-99.8667624-20.2952510,TH570902,1.798,0.0,1.798
N-99.9106309-20.2942971,TH570902,12.052,0.0,12.052
N-99.9109527-20.2945046,TH570902,4.619,0.0,4.619
N-99.9143940-20.2940216,TH570902,18.004,0.0,18.004
N-99.9149720-20.2949927,TH570902,13.714,0.0,13.714
N-99.9156721-20.2963625,TH570902,3.16,0.0,3.16
N-99.9212961-20.2932201,TH570902,5.588,0.0,5.588
N-99.8607064-20.2907869,TH570902,9.446,8.001,1.445
N-99.8622787-20.2921361,TH570902,4.982,4.982,0.0
N-99.8625509-20.2925311,TH570902,3.34,3.34,0.0
N-99.8625885-20.2925487,TH570902,2.203,2.203,0.0
N-99.8626247-20.2925462,TH570902,2.481,0.0,2.481
N-99.8663866-20.2938503,TH570902,3.577,1.768,1.809
N-99.8666558-20.2943553,TH570902,5.393,0.0,5.393
N-99.8931603-20.2922531,TH570902,9.056,0.0,9.056
N-99.9035169-20.2941972,TH570902,0.664,0.0,0.664
N-99.9201651-20.2922327,TH570902,2.865,0.0,2.865
N-99.9208473-20.2927488,TH570902,2.496,0.0,2.496
N-99.9214531-20.2933278,TH570902,1.446,0.0,1.446
N-99.9217942-20.2934445,TH570902,1.436,0.0,1.436
N-99.9227008-20.2937407,TH570902,1.438,0.0,1.438
N-99.9234323-20.2938708,TH570902,1.579,0.0,1.579
N-99.8396461-20.2912215,TH570902,4.882,4.177,0.705
N-99.8402389-20.2932644,TH570902,0.524,0.524,0.0
N-99.8625121-20.2924782,TH570902,1.73,1.73,0.0
N-99.8630445-20.2922417,TH570902,2.245,0.0,2.245
N-99.8664187-20.2937198,TH570902,3.509,0.0,3.509
N-99.8666710-20.2933167,TH570902,6.699,1.772,4.927
N-99.8965117-20.2900996,TH570902,8.14,0.0,8.14
N-99.8986883-20.2899592,TH570902,3.001,0.0,3.001
N-99.9000343-20.2900681,TH570902,2.159,0.0,2.159
N-99.9013099-20.2904372,TH570902,2.77,0.0,2.77
N-99.9036381-20.2928825,TH570902,1.342,0.0,1.342
N-99.9130073-20.2918858,TH570902,26.678,0.0,26.678
N-99.9198599-20.2919590,TH570902,2.574,0.0,2.574
N-99.8397105-20.2913422,TH570902,1.087,1.087,0.0
N-99.8400699-20.2922883,TH570902,1.077,1.077,0.0
N-99.8400940-20.2924166,TH570902,0.523,0.523,0.0
N-99.8406224-20.2925448,TH570902,0.486,0.486,0.0
N-99.8417275-20.2927661,TH570902,0.457,0.457,0.0
N-99.8421566-20.2924492,TH570902,11.221,10.767,0.454
N-99.8608769-20.2908711,TH570902,2.757,1.89,0.867
N-99.8639578-20.2917587,TH570902,1.028,0.0,1.028
N-99.8646136-20.2916103,TH570902,1.371,1.371,0.0
N-99.8664374-20.2924258,TH570902,1.506,1.506,0.0
N-99.8665389-20.2926593,TH570902,2.756,0.0,2.756
N-99.8666608-20.2929928,TH570902,4.613,0.0,4.613
N-99.8930369-20.2919298,TH570902,3.098,0.0,3.098
N-99.8994431-20.2899743,TH570902,2.962,0.0,2.962
N-99.9006233-20.2901856,TH570902,3.488,0.0,3.488
N-99.9016210-20.2905478,TH570902,2.779,0.0,2.779
N-99.9035737-20.2922586,TH570902,2.045,0.0,2.045
N-99.9064976-20.2906505,TH570902,11.636,0.0,11.636
N-99.9197612-20.2918064,TH570902,1.703,0.0,1.703
N-99.8393779-20.2903108,TH570902,2.885,2.885,0.0
N-99.8401990-20.2916354,TH570902,0.533,0.0,0.533
N-99.8404507-20.2920265,TH570902,0.493,0.493,0.0
N-99.8417114-20.2917196,TH570902,0.941,0.941,0.0
N-99.8635165-20.2918971,TH570902,0.941,0.0,0.941
N-99.8641308-20.2917336,TH570902,0.946,0.0,0.946
N-99.8648617-20.2914656,TH570902,1.272,1.272,0.0
N-99.8658179-20.2915650,TH570902,1.292,1.292,0.0
N-99.8664049-20.2918431,TH570902,7.302,0.0,7.302
N-99.8692559-20.2882204,TH570902,139.322,15.195,124.127
N-99.8916218-20.2908397,TH570902,1.578,0.0,1.578
N-99.9032840-20.2910812,TH570902,0.68,0.0,0.68
N-99.9036702-20.2915843,TH570902,0.672,0.0,0.672
N-99.9195772-20.2912948,TH570902,4.114,0.0,4.114
N-99.8393457-20.2901799,TH570902,6.573,6.573,0.0
N-99.8394416-20.2903927,TH570902,0.523,0.523,0.0
N-99.8397373-20.2909246,TH570902,0.528,0.528,0.0
N-99.8418723-20.2909045,TH570902,0.984,0.505,0.479
N-99.8418777-20.2907384,TH570902,12.635,12.635,0.0
N-99.8618640-20.2907280,TH570902,1.156,1.156,0.0
N-99.8624383-20.2909973,TH570902,1.191,1.191,0.0
N-99.8631743-20.2910032,TH570902,1.227,1.227,0.0
N-99.8645199-20.2908639,TH570902,1.3,1.3,0.0
N-99.8648879-20.2907069,TH570902,1.731,0.0,1.731
N-99.8658483-20.2907158,TH570902,1.801,0.0,1.801
N-99.8663612-20.2910585,TH570902,1.948,0.0,1.948
N-99.8664018-20.2904821,TH570902,1.841,0.0,1.841
N-99.8664577-20.2903010,TH570902,1.777,0.0,1.777
N-99.8675737-20.2891119,TH570902,13.263,0.0,13.263
N-99.8875880-20.2844465,TH570902,54.667,13.898,40.769
N-99.8925890-20.2906442,TH570902,0.807,0.0,0.807
N-99.8927137-20.2909637,TH570902,1.596,0.0,1.596
N-99.8954520-20.2895013,TH570902,5.037,0.0,5.037
N-99.8979411-20.2898183,TH570902,0.79,0.0,0.79
N-99.9029514-20.2907290,TH570902,1.334,0.0,1.334
N-99.9189983-20.2899035,TH570902,3.137,0.0,3.137
N-99.8394637-20.2896718,TH570902,0.514,0.514,0.0
N-99.8413788-20.2895963,TH570902,1.016,1.016,0.0
N-99.8581444-20.2889182,TH570902,4.793,4.793,0.0
N-99.8608362-20.2900594,TH570902,2.351,1.216,1.135
N-99.8621500-20.2900216,TH570902,1.225,1.225,0.0
N-99.8624869-20.2898766,TH570902,1.246,0.0,1.246
N-99.8634428-20.2901145,TH570902,1.32,1.32,0.0
N-99.8643842-20.2896845,TH570902,1.574,0.0,1.574
N-99.8650762-20.2897851,TH570902,2.233,2.233,0.0
N-99.8656140-20.2900291,TH570902,2.365,2.365,0.0
N-99.8664831-20.2899437,TH570902,2.368,0.0,2.368
N-99.8671161-20.2893544,TH570902,5.607,0.0,5.607
N-99.8919408-20.2905049,TH570902,1.267,0.0,1.267
N-99.8924354-20.2899250,TH570902,1.195,0.0,1.195
N-99.8924792-20.2898698,TH570902,1.185,0.0,1.185
N-99.8946473-20.2893604,TH570902,3.507,0.0,3.507
N-99.8962352-20.2895919,TH570902,1.156,0.0,1.156
N-99.8977908-20.2897629,TH570902,1.166,0.0,1.166
N-99.8981771-20.2898937,TH570902,0.778,0.0,0.778
N-99.9032683-20.2905767,TH570902,3.161,0.0,3.161
N-99.9188053-20.2892528,TH570902,0.767,0.0,0.767
N-99.9188771-20.2895445,TH570902,1.52,0.0,1.52
N-99.8387395-20.2872214,TH570902,4.161,4.161,0.0
N-99.8393779-20.2891938,TH570902,3.387,2.858,0.529
N-99.8395120-20.2888717,TH570902,0.537,0.537,0.0
N-99.8413359-20.2893145,TH570902,0.516,0.516,0.0
N-99.8413949-20.2889975,TH570902,2.11,2.11,0.0
N-99.8587485-20.2885437,TH570902,3.795,1.333,2.462
N-99.8605311-20.2892294,TH570902,3.067,0.0,3.067
N-99.8621609-20.2896894,TH570902,1.745,1.745,0.0
N-99.8624929-20.2896826,TH570902,1.84,0.0,1.84
N-99.8629458-20.2896869,TH570902,5.006,0.0,5.006
N-99.8644204-20.2894530,TH570902,2.515,2.515,0.0
N-99.8649314-20.2891700,TH570902,5.824,3.224,2.6
N-99.8658424-20.2891733,TH570902,3.252,3.252,0.0
N-99.8925981-20.2888874,TH570902,4.438,0.0,4.438
N-99.8933062-20.2890484,TH570902,1.225,0.0,1.225
N-99.8937675-20.2891591,TH570902,1.17,0.0,1.17
N-99.8964998-20.2896045,TH570902,2.31,0.0,2.31
N-99.8978289-20.2891002,TH570902,1.148,0.0,1.148
N-99.8978918-20.2890598,TH570902,0.984,0.0,0.984
N-99.8991115-20.2892390,TH570902,0.756,0.0,0.756
N-99.8993361-20.2887335,TH570902,2.155,0.0,2.155
N-99.9059153-20.2895307,TH570902,4.893,0.0,4.893
N-99.9187963-20.2891002,TH570902,3.083,0.0,3.083
N-99.8393618-20.2884340,TH570902,1.09,0.557,0.533
N-99.8395066-20.2886604,TH570902,0.548,0.548,0.0
N-99.8413681-20.2885849,TH570902,9.88,9.238,0.641
N-99.8594172-20.2881443,TH570902,2.769,0.0,2.769
N-99.8600051-20.2883328,TH570902,1.419,0.0,1.419
N-99.8608039-20.2884495,TH570902,1.91,1.91,0.0
N-99.8615220-20.2882026,TH570902,1.95,0.0,1.95
N-99.8617868-20.2879917,TH570902,2.461,2.461,0.0
N-99.8656196-20.2884858,TH570902,6.97,3.592,3.379
N-99.8664095-20.2882824,TH570902,3.547,0.0,3.547
N-99.8668236-20.2879537,TH570902,14.266,0.0,14.266
N-99.8886019-20.2847912,TH570902,14.853,0.0,14.853
N-99.8925596-20.2881337,TH570902,6.851,0.0,6.851
N-99.8933813-20.2882736,TH570902,2.82,0.0,2.82
N-99.8978379-20.2890688,TH570902,1.899,0.0,1.899
N-99.8991725-20.2883813,TH570902,4.309,0.0,4.309
N-99.9046864-20.2872063,TH570902,6.593,0.0,6.593
N-99.9081363-20.2854274,TH570902,15.528,0.0,15.528
N-99.9116059-20.2851069,TH570902,14.275,0.0,14.275
N-99.9148380-20.2852496,TH570902,3.053,0.0,3.053
N-99.9149682-20.2852855,TH570902,4.284,0.0,4.284
N-99.9168172-20.2858285,TH570902,2.582,0.0,2.582
N-99.9176205-20.2863716,TH570902,2.35,0.0,2.35
N-99.9187739-20.2880231,TH570902,2.295,0.0,2.295
N-99.8386859-20.2870905,TH570902,11.376,8.943,2.433
N-99.8390077-20.2874478,TH570902,0.562,0.0,0.562
N-99.8391794-20.2877547,TH570902,0.549,0.549,0.0
N-99.8409228-20.2873170,TH570902,0.548,0.0,0.548
N-99.8410355-20.2876390,TH570902,1.093,1.093,0.0
N-99.8602188-20.2876183,TH570902,1.584,1.584,0.0
N-99.8603712-20.2872419,TH570902,2.117,0.0,2.117
N-99.8618182-20.2877090,TH570902,10.269,5.246,5.024
N-99.8649262-20.2867239,TH570902,8.04,0.0,8.04
N-99.8655281-20.2879332,TH570902,8.873,3.652,5.221
N-99.8920351-20.2863737,TH570902,7.783,0.0,7.783
N-99.8925123-20.2872069,TH570902,1.618,0.0,1.618
N-99.8925408-20.2877649,TH570902,1.607,0.0,1.607
N-99.8933062-20.2876597,TH570902,4.691,0.0,4.691
N-99.8933666-20.2877817,TH570902,2.248,0.0,2.248
N-99.8985341-20.2866404,TH570902,7.923,0.0,7.923
N-99.9041517-20.2863579,TH570902,1.244,0.0,1.244
N-99.9147527-20.2852047,TH570902,3.48,0.0,3.48
N-99.9170819-20.2860080,TH570902,1.579,0.0,1.579
N-99.9184014-20.2869819,TH570902,0.788,0.0,0.788
N-99.9185899-20.2872647,TH570902,0.773,0.0,0.773
N-99.8387931-20.2868490,TH570902,0.544,0.0,0.544
N-99.8388629-20.2866679,TH570902,0.521,0.521,0.0
N-99.8409228-20.2869949,TH570902,0.529,0.529,0.0
N-99.8409926-20.2868138,TH570902,0.535,0.535,0.0
N-99.8411964-20.2865169,TH570902,0.53,0.53,0.0
N-99.8412661-20.2862704,TH570902,2.246,1.69,0.555
N-99.8415344-20.2852238,TH570902,8.387,7.739,0.647
N-99.8583463-20.2850498,TH570902,15.963,7.645,8.318
N-99.8603712-20.2866130,TH570902,6.528,2.676,3.853
N-99.8623739-20.2857705,TH570902,2.615,2.615,0.0
N-99.8624421-20.2857344,TH570902,8.339,0.0,8.339
N-99.8647865-20.2864134,TH570902,2.897,0.0,2.897
N-99.8656510-20.2863860,TH570902,5.91,0.0,5.91
N-99.8661598-20.2859520,TH570902,6.852,0.0,6.852
N-99.8669266-20.2854657,TH570902,22.888,0.0,22.888
N-99.8677014-20.2849922,TH570902,32.004,0.0,32.004
N-99.8924050-20.2864421,TH570902,2.571,0.0,2.571
N-99.8928985-20.2872773,TH570902,1.551,0.0,1.551
N-99.8979306-20.2851560,TH570902,9.004,0.0,9.004
N-99.9039639-20.2860036,TH570902,6.246,0.0,6.246
N-99.9043094-20.2865286,TH570902,1.84,0.0,1.84
N-99.8388307-20.2864264,TH570902,3.595,3.595,0.0
N-99.8388736-20.2862553,TH570902,7.106,7.106,0.0
N-99.8391794-20.2859232,TH570902,0.531,0.531,0.0
N-99.8397266-20.2854200,TH570902,0.539,0.539,0.0
N-99.8413305-20.2858427,TH570902,1.158,1.158,0.0
N-99.8476365-20.2789191,TH570902,44.864,39.114,5.749
N-99.8581001-20.2843846,TH570902,12.737,11.515,1.221
N-99.8604677-20.2858650,TH570902,5.04,0.0,5.04
N-99.8623256-20.2857579,TH570902,2.827,2.827,0.0
N-99.8648323-20.2859131,TH570902,9.638,0.0,9.638
N-99.8660153-20.2860407,TH570902,7.023,0.0,7.023
N-99.8717777-20.2797770,TH570902,107.659,3.979,103.68
N-99.8867659-20.2822414,TH570902,34.786,2.327,32.459
N-99.8892778-20.2845409,TH570902,3.826,0.0,3.826
N-99.8916218-20.2852445,TH570902,6.832,0.0,6.832
N-99.8919329-20.2855364,TH570902,2.444,0.0,2.444
N-99.8921475-20.2858282,TH570902,3.093,0.0,3.093
N-99.8923084-20.2861502,TH570902,1.051,0.0,1.051
N-99.9140077-20.2847111,TH570902,3.26,0.0,3.26
N-99.9162203-20.2854471,TH570902,0.8,0.0,0.8
N-99.8392008-20.2853345,TH570902,13.315,13.315,0.0
N-99.8392920-20.2852439,TH570902,2.472,2.472,0.0
N-99.8400323-20.2850376,TH570902,0.634,0.0,0.634
N-99.8402094-20.2847659,TH570902,0.629,0.629,0.0
N-99.8415505-20.2849621,TH570902,5.21,4.514,0.696
N-99.8554067-20.2800813,TH570902,19.376,19.376,0.0
N-99.8581961-20.2846018,TH570902,1.956,1.956,0.0
N-99.8583488-20.2849829,TH570902,5.028,2.567,2.461
N-99.8606252-20.2850027,TH570902,6.76,0.0,6.76
N-99.8613617-20.2842832,TH570902,5.167,5.167,0.0
N-99.8623940-20.2854038,TH570902,5.039,5.039,0.0
N-99.8634058-20.2848538,TH570902,4.707,0.0,4.707
N-99.8638603-20.2845369,TH570902,10.643,0.0,10.643
N-99.8648018-20.2848316,TH570902,6.432,0.0,6.432
N-99.8648881-20.2852699,TH570902,7.508,0.0,7.508
N-99.8687401-20.2833031,TH570902,49.326,0.0,49.326
N-99.8814096-20.2775428,TH570902,50.138,2.425,47.712
N-99.8897016-20.2842541,TH570902,2.992,0.0,2.992
N-99.8972520-20.2837094,TH570902,4.14,0.0,4.14
N-99.9029227-20.2837865,TH570902,10.04,0.0,10.04
N-99.9120867-20.2845918,TH570902,3.182,0.0,3.182
N-99.8402630-20.2843281,TH570902,1.893,0.618,1.275
N-99.8408960-20.2838501,TH570902,0.649,0.649,0.0
N-99.8414914-20.2840715,TH570902,2.102,2.102,0.0
N-99.8415236-20.2844036,TH570902,4.024,4.024,0.0
N-99.8581050-20.2842461,TH570902,11.877,5.147,6.73
N-99.8582675-20.2846757,TH570902,2.616,0.0,2.616
N-99.8607725-20.2846263,TH570902,2.747,0.0,2.747
N-99.8609198-20.2844166,TH570902,5.744,5.744,0.0
N-99.8616309-20.2841498,TH570902,6.25,0.0,6.25
N-99.8623979-20.2836353,TH570902,12.487,5.782,6.706
N-99.8642809-20.2842166,TH570902,5.975,0.0,5.975
N-99.8648053-20.2840547,TH570902,6.846,0.0,6.846
N-99.8661397-20.2836251,TH570902,14.113,0.0,14.113
N-99.8672714-20.2839933,TH570902,11.388,0.0,11.388
N-99.8679288-20.2835760,TH570902,4.926,0.0,4.926
N-99.8878281-20.2842918,TH570902,1.117,0.0,1.117
N-99.8893663-20.2844327,TH570902,1.127,0.0,1.127
N-99.8903879-20.2839967,TH570902,2.177,0.0,2.177
N-99.8931795-20.2824896,TH570902,6.832,0.0,6.832
N-99.8964769-20.2828313,TH570902,2.76,0.0,2.76
N-99.8971903-20.2836138,TH570902,2.62,0.0,2.62
N-99.9064970-20.2823695,TH570902,18.444,0.0,18.444
N-99.9117769-20.2849252,TH570902,2.055,0.0,2.055
N-99.9124749-20.2841786,TH570902,1.071,0.0,1.071
N-99.8403703-20.2841873,TH570902,1.302,1.302,0.0
N-99.8411964-20.2837243,TH570902,0.674,0.0,0.674
N-99.8413627-20.2835130,TH570902,2.092,2.092,0.0
N-99.8414324-20.2837646,TH570902,1.364,1.364,0.0
N-99.8477009-20.2788839,TH570902,10.755,10.755,0.0
N-99.8581022-20.2833333,TH570902,9.448,4.394,5.054
N-99.8598274-20.2827683,TH570902,2.656,0.0,2.656
N-99.8599568-20.2827794,TH570902,3.399,0.0,3.399
N-99.8610653-20.2830422,TH570902,6.574,6.574,0.0
N-99.8618092-20.2832345,TH570902,7.38,0.0,7.38
N-99.8632919-20.2833160,TH570902,6.144,0.0,6.144
N-99.8644818-20.2834077,TH570902,6.912,0.0,6.912
N-99.8649597-20.2834051,TH570902,7.673,0.0,7.673
N-99.8664750-20.2832653,TH570902,5.882,0.0,5.882
N-99.8673069-20.2835846,TH570902,5.761,0.0,5.761
N-99.8876819-20.2837295,TH570902,1.97,0.0,1.97
N-99.8877570-20.2835609,TH570902,1.8,0.0,1.8
N-99.8883954-20.2831660,TH570902,1.713,0.0,1.713
N-99.8893685-20.2830887,TH570902,1.663,0.0,1.663
N-99.8897979-20.2834230,TH570902,2.191,0.0,2.191
N-99.8903141-20.2839324,TH570902,1.081,0.0,1.081
N-99.8964044-20.2826980,TH570902,7.78,0.0,7.78
N-99.9018411-20.2814843,TH570902,14.43,0.0,14.43
N-99.9093273-20.2810350,TH570902,11.961,0.0,11.961
N-99.9126821-20.2839434,TH570902,1.084,0.0,1.084
N-99.9130204-20.2832974,TH570902,1.64,0.0,1.64
N-99.8407833-20.2823154,TH570902,5.332,5.332,0.0
N-99.8409335-20.2825620,TH570902,0.719,0.719,0.0
N-99.8412286-20.2829696,TH570902,2.892,2.162,0.73
N-99.8552244-20.2798951,TH570902,11.008,11.008,0.0
N-99.8555623-20.2801115,TH570902,5.577,3.075,2.502
N-99.8581022-20.2832211,TH570902,1.399,1.399,0.0
N-99.8581247-20.2831627,TH570902,1.815,1.815,0.0
N-99.8582099-20.2830550,TH570902,2.342,0.0,2.342
N-99.8588236-20.2825143,TH570902,5.157,2.642,2.515
N-99.8600838-20.2827215,TH570902,2.814,0.0,2.814
N-99.8608765-20.2823640,TH570902,5.891,0.0,5.891
N-99.8609753-20.2822787,TH570902,6.566,6.566,0.0
N-99.8621859-20.2830020,TH570902,6.237,0.0,6.237
N-99.8632947-20.2825299,TH570902,7.044,0.0,7.044
N-99.8643078-20.2827062,TH570902,7.758,0.0,7.758
N-99.8645922-20.2824537,TH570902,7.797,0.0,7.797
N-99.8658663-20.2825075,TH570902,7.106,0.0,7.106
N-99.8668014-20.2823362,TH570902,5.948,0.0,5.948
N-99.8675908-20.2824602,TH570902,5.55,0.0,5.55
N-99.8687091-20.2829577,TH570902,14.361,0.0,14.361
N-99.8704366-20.2803544,TH570902,7.727,0.0,7.727
N-99.8712654-20.2799846,TH570902,8.497,0.0,8.497
N-99.8872045-20.2820363,TH570902,1.98,0.0,1.98
N-99.8887679-20.2825576,TH570902,1.792,0.0,1.792
N-99.8888777-20.2827292,TH570902,1.663,0.0,1.663
N-99.8895189-20.2831815,TH570902,1.414,0.0,1.414
N-99.8924929-20.2820318,TH570902,2.543,0.0,2.543
N-99.8926679-20.2821619,TH570902,0.861,0.0,0.861
N-99.9130518-20.2832390,TH570902,3.653,0.0,3.653
N-99.9136577-20.2826242,TH570902,1.805,0.0,1.805
N-99.8408531-20.2821293,TH570902,1.467,1.467,0.0
N-99.8412554-20.2817770,TH570902,0.788,0.788,0.0
N-99.8413091-20.2816613,TH570902,4.955,4.955,0.0
N-99.8556857-20.2800561,TH570902,6.247,0.0,6.247
N-99.8587649-20.2817167,TH570902,7.721,2.695,5.026
N-99.8599607-20.2820105,TH570902,2.81,2.81,0.0
N-99.8609169-20.2816594,TH570902,5.054,0.0,5.054
N-99.8620538-20.2814298,TH570902,5.667,0.0,5.667
N-99.8626532-20.2817013,TH570902,6.071,0.0,6.071
N-99.8630467-20.2813322,TH570902,7.241,0.0,7.241
N-99.8642597-20.2812648,TH570902,7.997,0.0,7.997
N-99.8649956-20.2816997,TH570902,8.05,0.0,8.05
N-99.8658483-20.2818119,TH570902,7.342,0.0,7.342
N-99.8664196-20.2815418,TH570902,5.852,0.0,5.852
N-99.8674460-20.2818162,TH570902,5.44,0.0,5.44
N-99.8686637-20.2812274,TH570902,9.841,0.0,9.841
N-99.8690540-20.2810388,TH570902,3.51,0.0,3.51
N-99.8695569-20.2807695,TH570902,5.606,0.0,5.606
N-99.8702784-20.2804085,TH570902,2.615,0.0,2.615
N-99.8708671-20.2801544,TH570902,5.57,0.0,5.57
N-99.8868880-20.2821923,TH570902,1.999,0.0,1.999
N-99.8875692-20.2818627,TH570902,1.773,0.0,1.773
N-99.8882958-20.2815915,TH570902,3.449,0.0,3.449
N-99.8901098-20.2806271,TH570902,2.5,0.0,2.5
N-99.8913215-20.2810355,TH570902,2.588,0.0,2.588
N-99.8915414-20.2812060,TH570902,2.323,0.0,2.323
N-99.8929147-20.2823055,TH570902,0.739,0.0,0.739
N-99.9105250-20.2801631,TH570902,3.917,0.0,3.917
N-99.9130687-20.2806945,TH570902,3.853,0.0,3.853
N-99.9134602-20.2816369,TH570902,3.696,0.0,3.696
N-99.8408263-20.2805392,TH570902,11.807,9.544,2.264
N-99.8408906-20.2806650,TH570902,0.908,0.908,0.0
N-99.8412071-20.2810374,TH570902,1.105,1.105,0.0
N-99.8412608-20.2812235,TH570902,4.455,4.455,0.0
N-99.8458474-20.2779377,TH570902,11.352,3.781,7.572
N-99.8525851-20.2777213,TH570902,16.337,16.337,0.0
N-99.8544841-20.2788485,TH570902,12.111,12.111,0.0
N-99.8587273-20.2808914,TH570902,3.929,0.0,3.929
N-99.8591618-20.2806967,TH570902,4.196,4.196,0.0
N-99.8596508-20.2806663,TH570902,5.988,5.988,0.0
N-99.8608297-20.2805626,TH570902,7.368,0.0,7.368
N-99.8616729-20.2810963,TH570902,7.932,0.0,7.932
N-99.8628043-20.2802624,TH570902,8.038,0.0,8.038
N-99.8633665-20.2810265,TH570902,8.446,0.0,8.446
N-99.8644660-20.2807368,TH570902,9.367,0.0,9.367
N-99.8647074-20.2807708,TH570902,8.02,0.0,8.02
N-99.8659554-20.2809622,TH570902,7.187,0.0,7.187
N-99.8666185-20.2809897,TH570902,6.697,0.0,6.697
N-99.8671174-20.2813130,TH570902,5.557,0.0,5.557
N-99.8691908-20.2809318,TH570902,3.455,0.0,3.455
N-99.8698774-20.2805897,TH570902,2.695,0.0,2.695
N-99.8864454-20.2792751,TH570902,18.228,0.0,18.228
N-99.8872551-20.2802127,TH570902,3.018,0.0,3.018
N-99.8873946-20.2804140,TH570902,1.796,0.0,1.796
N-99.8876306-20.2806153,TH570902,3.363,0.0,3.363
N-99.8879525-20.2809876,TH570902,1.698,0.0,1.698
N-99.8896475-20.2802321,TH570902,2.767,0.0,2.767
N-99.8908054-20.2807976,TH570902,2.351,0.0,2.351
N-99.8952189-20.2793745,TH570902,12.021,0.0,12.021
N-99.9005217-20.2786569,TH570902,11.21,0.0,11.21
N-99.9086092-20.2800591,TH570902,4.986,0.0,4.986
N-99.9088646-20.2805149,TH570902,1.58,0.0,1.58
N-99.9125752-20.2801926,TH570902,5.461,0.0,5.461
N-99.9135096-20.2809771,TH570902,1.772,0.0,1.772
N-99.8408477-20.2804134,TH570902,2.533,2.533,0.0
N-99.8410247-20.2799052,TH570902,1.299,1.299,0.0
N-99.8413520-20.2795228,TH570902,1.379,1.379,0.0
N-99.8414271-20.2793919,TH570902,4.856,4.856,0.0
N-99.8449235-20.2777693,TH570902,13.123,10.992,2.131
N-99.8477277-20.2788461,TH570902,7.768,7.768,0.0
N-99.8550044-20.2794473,TH570902,4.402,1.904,2.498
N-99.8557232-20.2799152,TH570902,6.524,0.0,6.524
N-99.8584376-20.2801870,TH570902,4.164,4.164,0.0
N-99.8591833-20.2799102,TH570902,5.854,5.854,0.0
N-99.8599130-20.2799091,TH570902,6.74,0.0,6.74
N-99.8610067-20.2800707,TH570902,8.942,0.0,8.942
N-99.8615845-20.2797888,TH570902,9.692,0.0,9.692
N-99.8627936-20.2799555,TH570902,20.168,0.0,20.168
N-99.8643761-20.2797593,TH570902,10.162,0.0,10.162
N-99.8648969-20.2798552,TH570902,8.704,0.0,8.704
N-99.8656957-20.2800796,TH570902,7.281,0.0,7.281
N-99.8668965-20.2795304,TH570902,12.698,0.0,12.698
N-99.8676364-20.2791971,TH570902,15.338,0.0,15.338
N-99.8701751-20.2804488,TH570902,2.73,0.0,2.73
N-99.8805217-20.2767893,TH570902,7.109,0.0,7.109
N-99.8871049-20.2798806,TH570902,1.765,0.0,1.765
N-99.8893872-20.2798282,TH570902,5.391,0.0,5.391
N-99.8904733-20.2807034,TH570902,0.812,0.0,0.812
N-99.8910522-20.2808964,TH570902,0.752,0.0,0.752
N-99.9089859-20.2796369,TH570902,8.511,0.0,8.511
N-99.9102963-20.2799154,TH570902,2.023,0.0,2.023
N-99.9109796-20.2798135,TH570902,1.886,0.0,1.886
N-99.9118778-20.2796290,TH570902,1.844,0.0,1.844
N-99.8390399-20.2759450,TH570902,16.822,14.476,2.346
N-99.8397534-20.2767200,TH570902,7.025,7.025,0.0
N-99.8410516-20.2788636,TH570902,2.854,2.854,0.0
N-99.8412071-20.2790900,TH570902,1.389,1.389,0.0
N-99.8413949-20.2792359,TH570902,1.429,1.429,0.0
N-99.8425403-20.2779529,TH570902,4.044,4.044,0.0
N-99.8556750-20.2797492,TH570902,2.689,0.0,2.689
N-99.8571663-20.2789038,TH570902,3.854,0.0,3.854
N-99.8575632-20.2794070,TH570902,12.43,5.756,6.674
N-99.8593389-20.2797844,TH570902,6.707,6.707,0.0
N-99.8601972-20.2794825,TH570902,7.723,0.0,7.723
N-99.8610555-20.2794976,TH570902,9.127,0.0,9.127
N-99.8615436-20.2789240,TH570902,9.197,0.0,9.197
N-99.8624429-20.2791513,TH570902,9.879,0.0,9.879
N-99.8634635-20.2792614,TH570902,10.937,0.0,10.937
N-99.8641400-20.2793919,TH570902,10.612,0.0,10.612
N-99.8648881-20.2787990,TH570902,9.311,0.0,9.311
N-99.8653906-20.2794513,TH570902,7.748,0.0,7.748
N-99.8665311-20.2788471,TH570902,6.79,0.0,6.79
N-99.8682868-20.2780989,TH570902,27.679,0.0,27.679
N-99.8791713-20.2757049,TH570902,6.362,0.0,6.362
N-99.8803300-20.2766107,TH570902,4.738,0.0,4.738
N-99.8867968-20.2792449,TH570902,3.772,0.0,3.772
N-99.8871159-20.2792479,TH570902,1.793,0.0,1.793
N-99.8886557-20.2783517,TH570902,7.804,0.0,7.804
N-99.9086460-20.2799127,TH570902,8.489,0.0,8.489
N-99.9096564-20.2791975,TH570902,6.065,0.0,6.065
N-99.9111257-20.2796525,TH570902,1.93,0.0,1.93
N-99.9116513-20.2793454,TH570902,1.786,0.0,1.786
N-99.8403166-20.2772534,TH570902,2.446,2.446,0.0
N-99.8410033-20.2784308,TH570902,2.823,2.823,0.0
N-99.8411320-20.2780232,TH570902,1.503,1.503,0.0
N-99.8428508-20.2777580,TH570902,3.197,3.197,0.0
N-99.8464859-20.2778926,TH570902,2.706,0.0,2.706
N-99.8478135-20.2783907,TH570902,2.993,0.0,2.993
N-99.8478243-20.2782750,TH570902,3.09,3.09,0.0
N-99.8484707-20.2773994,TH570902,5.775,2.589,3.186
N-99.8485203-20.2773504,TH570902,2.269,2.269,0.0
N-99.8518394-20.2771024,TH570902,10.524,4.491,6.034
N-99.8538189-20.2779025,TH570902,11.229,6.045,5.185
N-99.8541193-20.2781390,TH570902,5.161,2.487,2.674
N-99.8563616-20.2776207,TH570902,2.684,0.0,2.684
N-99.8570053-20.2785214,TH570902,11.323,6.565,4.758
N-99.8587409-20.2781718,TH570902,7.792,0.0,7.792
N-99.8592183-20.2780360,TH570902,16.141,8.297,7.844
N-99.8601068-20.2782115,TH570902,8.319,0.0,8.319
N-99.8611064-20.2785516,TH570902,9.32,0.0,9.32
N-99.8617233-20.2782270,TH570902,10.218,0.0,10.218
N-99.8621096-20.2783202,TH570902,11.048,0.0,11.048
N-99.8634569-20.2780260,TH570902,10.25,0.0,10.25
N-99.8646813-20.2783765,TH570902,16.661,0.0,16.661
N-99.8659040-20.2783033,TH570902,7.218,0.0,7.218
N-99.8662020-20.2782353,TH570902,6.783,0.0,6.783
N-99.8790036-20.2755678,TH570902,5.621,0.0,5.621
N-99.8873731-20.2775961,TH570902,8.176,0.0,8.176
N-99.8943552-20.2773265,TH570902,6.567,0.0,6.567
N-99.8999831-20.2776202,TH570902,4.128,0.0,4.128
N-99.9003691-20.2781947,TH570902,3.284,0.0,3.284
N-99.9108800-20.2780389,TH570902,1.911,0.0,1.911
N-99.9109549-20.2781355,TH570902,1.866,0.0,1.866
N-99.8404400-20.2772785,TH570902,1.495,1.495,0.0
N-99.8417114-20.2774647,TH570902,1.564,1.564,0.0
N-99.8426503-20.2778749,TH570902,2.688,2.688,0.0
N-99.8431311-20.2774353,TH570902,3.648,3.648,0.0
N-99.8448524-20.2773365,TH570902,4.436,4.436,0.0
N-99.8448873-20.2775504,TH570902,3.835,3.835,0.0
N-99.8466763-20.2777705,TH570902,3.06,0.0,3.06
N-99.8474487-20.2772786,TH570902,3.028,0.0,3.028
N-99.8485404-20.2773013,TH570902,5.683,5.683,0.0
N-99.8524939-20.2775502,TH570902,6.287,2.534,3.752
N-99.8561953-20.2774345,TH570902,2.716,0.0,2.716
N-99.8567961-20.2775402,TH570902,4.13,0.0,4.13
N-99.8573662-20.2774736,TH570902,5.988,5.988,0.0
N-99.8578450-20.2770648,TH570902,7.268,0.0,7.268
N-99.8602525-20.2776500,TH570902,7.899,0.0,7.899
N-99.8609857-20.2771678,TH570902,9.127,0.0,9.127
N-99.8615765-20.2775630,TH570902,10.375,0.0,10.375
N-99.8624234-20.2775553,TH570902,10.92,0.0,10.92
N-99.8633545-20.2778137,TH570902,9.224,0.0,9.224
N-99.8642737-20.2775437,TH570902,7.577,0.0,7.577
N-99.8650494-20.2774900,TH570902,6.659,0.0,6.659
N-99.8654544-20.2772082,TH570902,12.058,0.0,12.058
N-99.8673428-20.2772567,TH570902,10.971,0.0,10.971
N-99.8691439-20.2759024,TH570902,31.238,0.0,31.238
N-99.8792242-20.2757275,TH570902,2.298,0.0,2.298
N-99.8864505-20.2760765,TH570902,10.181,0.0,10.181
N-99.8882787-20.2777907,TH570902,1.68,0.0,1.68
N-99.8884672-20.2780376,TH570902,2.284,0.0,2.284
N-99.8939636-20.2762949,TH570902,7.536,0.0,7.536
N-99.8993234-20.2765431,TH570902,4.24,0.0,4.24
N-99.9031582-20.2738544,TH570902,16.148,0.0,16.148
N-99.9101076-20.2763985,TH570902,5.621,0.0,5.621
N-99.9105045-20.2771533,TH570902,2.062,0.0,2.062
N-99.9105741-20.2773173,TH570902,3.735,0.0,3.735
N-99.8387878-20.2753311,TH570902,21.382,15.013,6.368
N-99.8398929-20.2766445,TH570902,2.715,2.715,0.0
N-99.8408477-20.2765137,TH570902,2.758,2.758,0.0
N-99.8417597-20.2770521,TH570902,3.338,3.338,0.0
N-99.8425652-20.2759732,TH570902,3.633,3.633,0.0
N-99.8433651-20.2766673,TH570902,3.842,3.842,0.0
N-99.8445560-20.2764383,TH570902,4.386,4.386,0.0
N-99.8446767-20.2767176,TH570902,3.9,0.0,3.9
N-99.8457454-20.2766747,TH570902,3.598,0.0,3.598
N-99.8468419-20.2768050,TH570902,3.623,0.0,3.623
N-99.8476124-20.2772309,TH570902,3.679,3.679,0.0
N-99.8483284-20.2769439,TH570902,3.701,0.0,3.701
N-99.8489158-20.2764684,TH570902,7.899,3.73,4.169
N-99.8493450-20.2759954,TH570902,10.413,6.489,3.924
N-99.8516195-20.2765942,TH570902,5.775,5.775,0.0
N-99.8557769-20.2760356,TH570902,17.261,0.0,17.261
N-99.8562114-20.2769565,TH570902,12.368,5.449,6.92
N-99.8577243-20.2765603,TH570902,7.164,0.0,7.164
N-99.8578745-20.2768434,TH570902,8.933,0.0,8.933
N-99.8594622-20.2765388,TH570902,9.727,9.727,0.0
N-99.8598990-20.2769932,TH570902,9.306,0.0,9.306
N-99.8607497-20.2762117,TH570902,20.891,0.0,20.891
N-99.8616241-20.2766244,TH570902,10.938,0.0,10.938
N-99.8627775-20.2766948,TH570902,21.87,0.0,21.87
N-99.8644408-20.2774690,TH570902,7.694,0.0,7.694
N-99.8658594-20.2768887,TH570902,10.985,0.0,10.985
N-99.8666561-20.2762848,TH570902,19.134,0.0,19.134
N-99.8676231-20.2770426,TH570902,4.904,0.0,4.904
N-99.8688119-20.2761347,TH570902,8.581,0.0,8.581
N-99.8758064-20.2731121,TH570902,4.78,0.0,4.78
N-99.8783773-20.2747891,TH570902,9.845,0.0,9.845
N-99.8789547-20.2754942,TH570902,2.721,0.0,2.721
N-99.8799545-20.2762144,TH570902,3.836,0.0,3.836
N-99.8857531-20.2753720,TH570902,4.604,0.0,4.604
N-99.8861715-20.2757343,TH570902,7.797,0.0,7.797
N-99.8877465-20.2765418,TH570902,1.938,0.0,1.938
N-99.8880105-20.2763578,TH570902,7.216,0.0,7.216
N-99.8988253-20.2757847,TH570902,1.195,0.0,1.195
N-99.8988791-20.2758969,TH570902,1.75,0.0,1.75
N-99.9086761-20.2745550,TH570902,7.086,0.0,7.086
N-99.9091873-20.2752263,TH570902,5.031,0.0,5.031
N-99.9094916-20.2756259,TH570902,3.664,0.0,3.664
N-99.9095818-20.2757444,TH570902,3.751,0.0,3.751
N-99.8368527-20.2734839,TH570902,22.153,4.524,17.629
N-99.8400591-20.2762923,TH570902,2.422,2.422,0.0
N-99.8408778-20.2753134,TH570902,5.976,2.931,3.046
N-99.8416048-20.2754436,TH570902,3.579,3.579,0.0
N-99.8424665-20.2759193,TH570902,3.701,3.701,0.0
N-99.8434179-20.2759507,TH570902,3.798,0.0,3.798
N-99.8443670-20.2759401,TH570902,3.74,0.0,3.74
N-99.8448337-20.2759804,TH570902,3.206,0.0,3.206
N-99.8458116-20.2755555,TH570902,3.65,0.0,3.65
N-99.8466413-20.2763828,TH570902,7.329,0.0,7.329
N-99.8513704-20.2754705,TH570902,4.061,4.061,0.0
N-99.8517697-20.2756331,TH570902,10.685,4.482,6.203
N-99.8534670-20.2754474,TH570902,10.694,5.168,5.526
N-99.8574775-20.2757627,TH570902,15.791,0.0,15.791
N-99.8585241-20.2761168,TH570902,8.17,0.0,8.17
N-99.8591210-20.2758924,TH570902,8.958,0.0,8.958
N-99.8597036-20.2756733,TH570902,10.828,0.0,10.828
N-99.8617727-20.2755643,TH570902,12.942,0.0,12.942
N-99.8626033-20.2762719,TH570902,11.876,0.0,11.876
N-99.8635562-20.2760314,TH570902,16.799,0.0,16.799
N-99.8662591-20.2765767,TH570902,5.329,0.0,5.329
N-99.8685408-20.2757264,TH570902,4.897,0.0,4.897
N-99.8732114-20.2726542,TH570902,9.758,0.0,9.758
N-99.8749749-20.2728215,TH570902,3.326,0.0,3.326
N-99.8757353-20.2730970,TH570902,6.487,0.0,6.487
N-99.8796822-20.2758332,TH570902,2.841,0.0,2.841
N-99.8854098-20.2747983,TH570902,7.657,0.0,7.657
N-99.8856029-20.2751204,TH570902,4.003,0.0,4.003
N-99.8878501-20.2761894,TH570902,11.47,0.0,11.47
N-99.8932448-20.2745689,TH570902,7.92,0.0,7.92
N-99.8985694-20.2749768,TH570902,2.47,0.0,2.47
N-99.8987534-20.2754301,TH570902,1.228,0.0,1.228
N-99.9041319-20.2733738,TH570902,3.795,0.0,3.795
N-99.9079832-20.2737718,TH570902,4.498,0.0,4.498
N-99.8388682-20.2751450,TH570902,2.952,0.0,2.952
N-99.8392600-20.2749715,TH570902,2.761,2.761,0.0
N-99.8402203-20.2748580,TH570902,3.022,0.0,3.022
N-99.8418163-20.2748884,TH570902,6.637,0.0,6.637
N-99.8425903-20.2751372,TH570902,3.516,0.0,3.516
N-99.8432324-20.2753942,TH570902,3.472,0.0,3.472
N-99.8447451-20.2745891,TH570902,6.222,2.671,3.551
N-99.8450281-20.2748683,TH570902,2.716,0.0,2.716
N-99.8461051-20.2754269,TH570902,8.531,0.0,8.531
N-99.8475213-20.2747576,TH570902,9.338,0.0,9.338
N-99.8500316-20.2750292,TH570902,9.686,0.0,9.686
N-99.8508364-20.2750935,TH570902,4.552,0.0,4.552
N-99.8516034-20.2751600,TH570902,5.537,0.0,5.537
N-99.8529928-20.2749487,TH570902,7.303,0.0,7.303
N-99.8532643-20.2749499,TH570902,6.828,0.0,6.828
N-99.8540925-20.2749286,TH570902,6.076,0.0,6.076
N-99.8553692-20.2747273,TH570902,7.149,0.0,7.149
N-99.8557393-20.2754016,TH570902,7.789,0.0,7.789
N-99.8573809-20.2752808,TH570902,16.738,0.0,16.738
N-99.8588185-20.2749539,TH570902,17.511,0.0,17.511
N-99.8597196-20.2748764,TH570902,10.912,0.0,10.912
N-99.8610024-20.2747821,TH570902,12.89,0.0,12.89
N-99.8616879-20.2747415,TH570902,11.492,0.0,11.492
N-99.8622088-20.2752456,TH570902,10.251,0.0,10.251
N-99.8631421-20.2752012,TH570902,8.45,0.0,8.45
N-99.8636044-20.2744248,TH570902,25.061,0.0,25.061
N-99.8675806-20.2741870,TH570902,10.14,0.0,10.14
N-99.8677018-20.2743216,TH570902,10.876,0.0,10.876
N-99.8684244-20.2749903,TH570902,5.51,0.0,5.51
N-99.8689719-20.2746088,TH570902,4.611,0.0,4.611
N-99.8692142-20.2744383,TH570902,10.033,0.0,10.033
N-99.8695754-20.2741025,TH570902,17.694,0.0,17.694
N-99.8731671-20.2726555,TH570902,8.095,0.0,8.095
N-99.8763549-20.2732304,TH570902,1.523,0.0,1.523
N-99.8780729-20.2741915,TH570902,3.876,0.0,3.876
N-99.8788145-20.2752514,TH570902,1.452,0.0,1.452
N-99.8795635-20.2757043,TH570902,1.42,0.0,1.42
N-99.8839566-20.2730701,TH570902,6.943,0.0,6.943
N-99.8851201-20.2742046,TH570902,10.249,0.0,10.249
N-99.8982867-20.2742363,TH570902,1.878,0.0,1.878
N-99.8987086-20.2752775,TH570902,1.295,0.0,1.295
N-99.9044564-20.2731448,TH570902,2.031,0.0,2.031
N-99.9085090-20.2743253,TH570902,3.0,0.0,3.0
N-99.8392601-20.2737713,TH570902,2.81,0.0,2.81
N-99.8394316-20.2740783,TH570902,2.826,0.0,2.826
N-99.8399522-20.2743249,TH570902,3.119,0.0,3.119
N-99.8406292-20.2741410,TH570902,3.143,0.0,3.143
N-99.8426146-20.2747839,TH570902,5.617,0.0,5.617
N-99.8448886-20.2746067,TH570902,3.328,0.0,3.328
N-99.8465983-20.2739356,TH570902,24.758,0.0,24.758
N-99.8472567-20.2738699,TH570902,5.326,0.0,5.326
N-99.8486777-20.2741017,TH570902,11.447,0.0,11.447
N-99.8495618-20.2736664,TH570902,5.765,0.0,5.765
N-99.8511098-20.2745310,TH570902,5.185,0.0,5.185
N-99.8518448-20.2740731,TH570902,5.666,0.0,5.666
N-99.8525046-20.2741989,TH570902,7.793,0.0,7.793
N-99.8532932-20.2742140,TH570902,8.44,0.0,8.44
N-99.8541035-20.2743081,TH570902,7.385,0.0,7.385
N-99.8551561-20.2740896,TH570902,7.791,0.0,7.791
N-99.8556976-20.2740547,TH570902,8.697,0.0,8.697
N-99.8572406-20.2742004,TH570902,8.922,0.0,8.922
N-99.8575098-20.2741466,TH570902,8.952,0.0,8.952
N-99.8582437-20.2740007,TH570902,8.167,0.0,8.167
N-99.8593317-20.2736562,TH570902,18.83,0.0,18.83
N-99.8600717-20.2735852,TH570902,22.006,0.0,22.006
N-99.8613021-20.2738564,TH570902,25.889,0.0,25.889
N-99.8627583-20.2744184,TH570902,11.997,0.0,11.997
N-99.8633575-20.2741331,TH570902,30.533,0.0,30.533
N-99.8669658-20.2736305,TH570902,22.874,0.0,22.874
N-99.8718210-20.2723092,TH570902,12.206,0.0,12.206
N-99.8748301-20.2727599,TH570902,3.527,0.0,3.527
N-99.8766325-20.2732241,TH570902,2.954,0.0,2.954
N-99.8799493-20.2726345,TH570902,10.749,0.0,10.749
N-99.8809149-20.2727956,TH570902,10.061,0.0,10.061
N-99.8815265-20.2727553,TH570902,6.469,0.0,6.469
N-99.8825350-20.2726044,TH570902,9.33,0.0,9.33
N-99.8848846-20.2738020,TH570902,8.814,0.0,8.814
N-99.8927808-20.2731977,TH570902,2.82,0.0,2.82
N-99.8929980-20.2738720,TH570902,3.481,0.0,3.481
N-99.8982463-20.2740164,TH570902,1.78,0.0,1.78
N-99.9040836-20.2733788,TH570902,0.764,0.0,0.764
N-99.8366851-20.2733310,TH570902,6.08,6.08,0.0
N-99.8377667-20.2729531,TH570902,9.023,0.0,9.023
N-99.8390589-20.2734367,TH570902,3.129,0.0,3.129
N-99.8401058-20.2734285,TH570902,3.286,0.0,3.286
N-99.8407252-20.2734240,TH570902,2.971,0.0,2.971
N-99.8422470-20.2728184,TH570902,8.334,3.559,4.775
N-99.8422882-20.2728536,TH570902,3.394,0.0,3.394
N-99.8428320-20.2727071,TH570902,7.903,0.0,7.903
N-99.8433544-20.2725435,TH570902,6.888,0.0,6.888
N-99.8448350-20.2745941,TH570902,2.857,0.0,2.857
N-99.8476397-20.2737341,TH570902,4.658,0.0,4.658
N-99.8481767-20.2734932,TH570902,4.919,0.0,4.919
N-99.8488918-20.2731977,TH570902,5.246,0.0,5.246
N-99.8500450-20.2734881,TH570902,5.137,0.0,5.137
N-99.8509248-20.2736580,TH570902,6.069,0.0,6.069
N-99.8517214-20.2735045,TH570902,6.327,0.0,6.327
N-99.8526548-20.2731673,TH570902,7.291,0.0,7.291
N-99.8531215-20.2730717,TH570902,7.823,0.0,7.823
N-99.8542616-20.2730694,TH570902,8.459,0.0,8.459
N-99.8550448-20.2732606,TH570902,8.353,0.0,8.353
N-99.8556919-20.2740523,TH570902,8.413,0.0,8.413
N-99.8570970-20.2736260,TH570902,10.413,0.0,10.413
N-99.8574335-20.2738055,TH570902,9.5,0.0,9.5
N-99.8580120-20.2735593,TH570902,10.008,0.0,10.008
N-99.8607140-20.2726625,TH570902,13.348,0.0,13.348
N-99.8622439-20.2733984,TH570902,25.468,0.0,25.468
N-99.8651572-20.2726566,TH570902,7.645,0.0,7.645
N-99.8662836-20.2728496,TH570902,6.712,0.0,6.712
N-99.8682584-20.2730237,TH570902,6.57,0.0,6.57
N-99.8691693-20.2735048,TH570902,5.285,0.0,5.285
N-99.8695735-20.2731663,TH570902,5.122,0.0,5.122
N-99.8705854-20.2724510,TH570902,9.225,0.0,9.225
N-99.8746651-20.2726605,TH570902,1.784,0.0,1.784
N-99.8753037-20.2729127,TH570902,1.756,0.0,1.756
N-99.8774245-20.2732876,TH570902,2.407,0.0,2.407
N-99.8777644-20.2736298,TH570902,1.108,0.0,1.108
N-99.8791339-20.2724534,TH570902,5.565,0.0,5.565
N-99.8841336-20.2731478,TH570902,2.061,0.0,2.061
N-99.8926654-20.2729033,TH570902,3.545,0.0,3.545
N-99.8978604-20.2725399,TH570902,4.695,0.0,4.695
N-99.8980982-20.2731233,TH570902,2.583,0.0,2.583
N-99.8981880-20.2734285,TH570902,1.315,0.0,1.315
N-99.8982418-20.2737068,TH570902,0.679,0.0,0.679
N-99.9036249-20.2735323,TH570902,1.46,0.0,1.46
N-99.9044886-20.2731046,TH570902,0.78,0.0,0.78
N-99.9060552-20.2725040,TH570902,2.053,0.0,2.053
N-99.9075326-20.2728962,TH570902,1.063,0.0,1.063
N-99.9078438-20.2734397,TH570902,2.677,0.0,2.677
N-99.8375756-20.2727435,TH570902,8.799,0.0,8.799
N-99.8384717-20.2725528,TH570902,25.59,0.0,25.59
N-99.8400491-20.2728679,TH570902,4.424,0.0,4.424
N-99.8407886-20.2723772,TH570902,4.252,0.0,4.252
N-99.8433933-20.2725070,TH570902,6.93,0.0,6.93
N-99.8480506-20.2735545,TH570902,3.189,0.0,3.189
N-99.8488060-20.2728656,TH570902,4.752,0.0,4.752
N-99.8493261-20.2727127,TH570902,4.75,0.0,4.75
N-99.8500639-20.2728127,TH570902,12.045,0.0,12.045
N-99.8515835-20.2728742,TH570902,7.258,0.0,7.258
N-99.8523827-20.2725222,TH570902,7.749,0.0,7.749
N-99.8528965-20.2722969,TH570902,9.065,0.0,9.065
N-99.8541142-20.2720101,TH570902,18.996,0.0,18.996
N-99.8550233-20.2731650,TH570902,10.404,0.0,10.404
N-99.8555677-20.2719447,TH570902,9.043,0.0,9.043
N-99.8562758-20.2718793,TH570902,10.665,0.0,10.665
N-99.8575793-20.2727447,TH570902,11.283,0.0,11.283
N-99.8581158-20.2723270,TH570902,13.092,0.0,13.092
N-99.8592026-20.2724781,TH570902,13.226,0.0,13.226
N-99.8603384-20.2721864,TH570902,13.183,0.0,13.183
N-99.8608294-20.2724692,TH570902,14.125,0.0,14.125
N-99.8616604-20.2722112,TH570902,13.488,0.0,13.488
N-99.8621307-20.2728018,TH570902,13.184,0.0,13.184
N-99.8628325-20.2716379,TH570902,23.403,0.0,23.403
N-99.8642955-20.2719026,TH570902,19.074,0.0,19.074
N-99.8651123-20.2726342,TH570902,8.345,0.0,8.345
N-99.8657677-20.2723611,TH570902,7.472,0.0,7.472
N-99.8667279-20.2726297,TH570902,5.898,0.0,5.898
N-99.8676883-20.2725938,TH570902,6.595,0.0,6.595
N-99.8685696-20.2728597,TH570902,7.532,0.0,7.532
N-99.8692073-20.2726170,TH570902,6.271,0.0,6.271
N-99.8695073-20.2725769,TH570902,5.13,0.0,5.13
N-99.8726589-20.2721452,TH570902,4.243,0.0,4.243
N-99.8741971-20.2723208,TH570902,3.823,0.0,3.823
N-99.8768897-20.2731077,TH570902,1.45,0.0,1.45
N-99.8783936-20.2721011,TH570902,5.041,0.0,5.041
N-99.8829641-20.2726345,TH570902,7.237,0.0,7.237
N-99.8843385-20.2727687,TH570902,18.418,0.0,18.418
N-99.8921075-20.2712930,TH570902,8.06,0.0,8.06
N-99.8925340-20.2724076,TH570902,3.425,0.0,3.425
N-99.8975193-20.2718802,TH570902,1.883,0.0,1.883
N-99.9038690-20.2733537,TH570902,0.751,0.0,0.751
N-99.9045838-20.2728593,TH570902,1.513,0.0,1.513
N-99.9046097-20.2728392,TH570902,0.778,0.0,0.778
N-99.9063380-20.2723066,TH570902,1.233,0.0,1.233
N-99.9071035-20.2724232,TH570902,1.257,0.0,1.257
N-99.8378036-20.2715471,TH570902,10.307,0.0,10.307
N-99.8404120-20.2714691,TH570902,4.841,0.0,4.841
N-99.8407727-20.2716704,TH570902,4.257,0.0,4.257
N-99.8415989-20.2715471,TH570902,4.764,0.0,4.764
N-99.8424556-20.2716705,TH570902,4.66,0.0,4.66
N-99.8430948-20.2713821,TH570902,4.442,0.0,4.442
N-99.8437904-20.2711218,TH570902,8.182,0.0,8.182
N-99.8446296-20.2707089,TH570902,7.445,0.0,7.445
N-99.8448309-20.2705695,TH570902,5.907,0.0,5.907
N-99.8454932-20.2701588,TH570902,8.728,0.0,8.728
N-99.8491803-20.2721226,TH570902,17.706,0.0,17.706
N-99.8499277-20.2719144,TH570902,5.05,0.0,5.05
N-99.8510739-20.2716442,TH570902,6.136,0.0,6.136
N-99.8516034-20.2715420,TH570902,7.016,0.0,7.016
N-99.8522042-20.2714464,TH570902,7.097,0.0,7.097
N-99.8535131-20.2713709,TH570902,23.771,0.0,23.771
N-99.8550415-20.2711846,TH570902,17.72,0.0,17.72
N-99.8555845-20.2715032,TH570902,10.426,0.0,10.426
N-99.8570000-20.2717233,TH570902,11.177,0.0,11.177
N-99.8574043-20.2715566,TH570902,11.526,0.0,11.526
N-99.8584672-20.2716212,TH570902,13.107,0.0,13.107
N-99.8590369-20.2717079,TH570902,13.216,0.0,13.216
N-99.8601208-20.2712593,TH570902,13.323,0.0,13.323
N-99.8605338-20.2711461,TH570902,12.041,0.0,12.041
N-99.8613919-20.2713641,TH570902,12.966,0.0,12.966
N-99.8625138-20.2717680,TH570902,12.698,0.0,12.698
N-99.8652186-20.2715174,TH570902,8.386,0.0,8.386
N-99.8653143-20.2717007,TH570902,7.016,0.0,7.016
N-99.8667459-20.2713821,TH570902,5.907,0.0,5.907
N-99.8676614-20.2714269,TH570902,11.507,5.343,6.163
N-99.8682179-20.2714539,TH570902,11.769,0.0,11.769
N-99.8691604-20.2715077,TH570902,5.503,0.0,5.503
N-99.8696989-20.2715391,TH570902,5.13,0.0,5.13
N-99.8714789-20.2716809,TH570902,18.136,0.0,18.136
N-99.8721538-20.2717273,TH570902,4.344,0.0,4.344
N-99.8733002-20.2716835,TH570902,2.722,0.0,2.722
N-99.8736542-20.2714923,TH570902,2.286,0.0,2.286
N-99.8760977-20.2708028,TH570902,7.176,1.619,5.557
N-99.8771813-20.2714671,TH570902,6.952,1.335,5.617
N-99.8821702-20.2725742,TH570902,8.862,0.0,8.862
N-99.8876222-20.2686266,TH570902,5.64,0.0,5.64
N-99.8972006-20.2709602,TH570902,3.904,0.0,3.904
N-99.8974564-20.2717231,TH570902,2.649,0.0,2.649
N-99.9038261-20.2733814,TH570902,0.753,0.0,0.753
N-99.9053657-20.2712622,TH570902,0.772,0.0,0.772
N-99.9054314-20.2713779,TH570902,0.98,0.0,0.98
N-99.9060477-20.2718431,TH570902,1.143,0.0,1.143
N-99.9064457-20.2715526,TH570902,1.14,0.0,1.14
N-99.8403503-20.2712326,TH570902,9.994,0.0,9.994
N-99.8403651-20.2712125,TH570902,4.819,0.0,4.819
N-99.8407097-20.2711496,TH570902,9.425,0.0,9.425
N-99.8418778-20.2709156,TH570902,5.058,0.0,5.058
N-99.8419207-20.2707722,TH570902,36.844,0.0,36.844
N-99.8436961-20.2711577,TH570902,4.217,0.0,4.217
N-99.8441584-20.2709647,TH570902,3.754,0.0,3.754
N-99.8481347-20.2692599,TH570902,15.288,0.0,15.288
N-99.8508995-20.2708198,TH570902,10.155,0.0,10.155
N-99.8519179-20.2714942,TH570902,5.847,0.0,5.847
N-99.8529016-20.2713206,TH570902,6.823,0.0,6.823
N-99.8555217-20.2711936,TH570902,8.316,0.0,8.316
N-99.8568901-20.2706892,TH570902,11.822,0.0,11.822
N-99.8575861-20.2707448,TH570902,12.312,0.0,12.312
N-99.8587709-20.2709512,TH570902,12.5,0.0,12.5
N-99.8594702-20.2706658,TH570902,12.54,0.0,12.54
N-99.8597888-20.2706340,TH570902,11.519,0.0,11.519
N-99.8608918-20.2707110,TH570902,9.708,0.0,9.708
N-99.8614008-20.2707223,TH570902,19.688,0.0,19.688
N-99.8625228-20.2708525,TH570902,11.275,0.0,11.275
N-99.8633486-20.2709198,TH570902,10.613,0.0,10.613
N-99.8642865-20.2711307,TH570902,8.733,0.0,8.733
N-99.8649866-20.2710275,TH570902,7.633,0.0,7.633
N-99.8663237-20.2713665,TH570902,6.24,0.0,6.24
N-99.8667549-20.2705832,TH570902,5.543,0.0,5.543
N-99.8693892-20.2708804,TH570902,9.374,0.0,9.374
N-99.8732040-20.2704441,TH570902,3.89,0.0,3.89
N-99.8733924-20.2705832,TH570902,3.14,0.0,3.14
N-99.8744010-20.2708146,TH570902,4.374,0.0,4.374
N-99.8881399-20.2685498,TH570902,8.761,0.0,8.761
N-99.8917213-20.2702036,TH570902,6.958,0.0,6.958
N-99.8968685-20.2699998,TH570902,2.014,0.0,2.014
N-99.8969852-20.2702511,TH570902,3.373,0.0,3.373
N-99.9037561-20.2687497,TH570902,3.781,0.0,3.781
N-99.9042174-20.2690718,TH570902,3.048,0.0,3.048
N-99.9046251-20.2694341,TH570902,4.244,0.0,4.244
N-99.9053610-20.2712062,TH570902,1.151,0.0,1.151
N-99.9054193-20.2710873,TH570902,1.152,0.0,1.152
N-99.9059292-20.2708511,TH570902,1.118,0.0,1.118
N-99.8450103-20.2703281,TH570902,10.952,0.0,10.952
N-99.8456220-20.2698260,TH570902,2.44,0.0,2.44
N-99.8460995-20.2693379,TH570902,4.848,0.0,4.848
N-99.8501467-20.2697293,TH570902,7.627,0.0,7.627
N-99.8504230-20.2697427,TH570902,9.824,0.0,9.824
N-99.8523759-20.2695593,TH570902,5.499,0.0,5.499
N-99.8528962-20.2701883,TH570902,13.223,0.0,13.223
N-99.8547805-20.2693378,TH570902,12.954,0.0,12.954
N-99.8553601-20.2701075,TH570902,6.945,0.0,6.945
N-99.8557730-20.2700940,TH570902,7.479,0.0,7.479
N-99.8569444-20.2704441,TH570902,10.335,0.0,10.335
N-99.8574246-20.2703409,TH570902,11.42,0.0,11.42
N-99.8580933-20.2701210,TH570902,12.013,0.0,12.013
N-99.8592691-20.2699639,TH570902,11.908,0.0,11.908
N-99.8598137-20.2696971,TH570902,12.333,0.0,12.333
N-99.8607201-20.2703538,TH570902,10.347,0.0,10.347
N-99.8627615-20.2698412,TH570902,16.846,0.0,16.846
N-99.8645116-20.2700413,TH570902,18.089,0.0,18.089
N-99.8668519-20.2698236,TH570902,13.771,0.0,13.771
N-99.8694751-20.2701998,TH570902,3.934,0.0,3.934
N-99.8695059-20.2699016,TH570902,9.829,0.0,9.829
N-99.8719212-20.2692449,TH570902,6.15,0.0,6.15
N-99.8728494-20.2696587,TH570902,3.019,0.0,3.019
N-99.8756149-20.2696253,TH570902,1.788,1.788,0.0
N-99.8766482-20.2688226,TH570902,7.637,0.0,7.637
N-99.8866801-20.2679787,TH570902,3.119,0.0,3.119
N-99.8873983-20.2685247,TH570902,2.774,0.0,2.774
N-99.8875089-20.2685863,TH570902,0.944,0.0,0.944
N-99.8913565-20.2692424,TH570902,6.46,0.0,6.46
N-99.8967115-20.2694882,TH570902,2.669,0.0,2.669
N-99.9035844-20.2685283,TH570902,4.339,0.0,4.339
N-99.9056122-20.2704204,TH570902,1.188,0.0,1.188
N-99.8457723-20.2695643,TH570902,2.744,0.0,2.744
N-99.8464589-20.2690661,TH570902,2.263,0.0,2.263
N-99.8489399-20.2689859,TH570902,4.004,0.0,4.004
N-99.8498356-20.2690169,TH570902,4.614,0.0,4.614
N-99.8523490-20.2691567,TH570902,10.732,0.0,10.732
N-99.8534165-20.2693479,TH570902,6.196,0.0,6.196
N-99.8550903-20.2693205,TH570902,11.66,0.0,11.66
N-99.8552831-20.2693665,TH570902,6.433,0.0,6.433
N-99.8577484-20.2688096,TH570902,8.997,0.0,8.997
N-99.8578021-20.2689631,TH570902,9.966,0.0,9.966
N-99.8579845-20.2693179,TH570902,10.856,0.0,10.856
N-99.8593858-20.2691740,TH570902,11.619,0.0,11.619
N-99.8601814-20.2692422,TH570902,11.117,0.0,11.117
N-99.8610014-20.2691516,TH570902,9.487,0.0,9.487
N-99.8613236-20.2690925,TH570902,7.743,0.0,7.743
N-99.8626250-20.2688436,TH570902,17.725,0.0,17.725
N-99.8640506-20.2686664,TH570902,26.413,0.0,26.413
N-99.8668809-20.2696591,TH570902,8.454,0.0,8.454
N-99.8671317-20.2687604,TH570902,28.835,0.0,28.835
N-99.8695435-20.2696639,TH570902,6.233,0.0,6.233
N-99.8713549-20.2683886,TH570902,2.962,0.0,2.962
N-99.8756685-20.2693938,TH570902,2.138,0.0,2.138
N-99.8780015-20.2675943,TH570902,12.466,0.0,12.466
N-99.8851472-20.2668621,TH570902,4.109,0.0,4.109
N-99.8852491-20.2669603,TH570902,4.152,0.0,4.152
N-99.8964736-20.2686534,TH570902,4.279,0.0,4.279
N-99.8966172-20.2692458,TH570902,1.391,0.0,1.391
N-99.9030158-20.2674715,TH570902,3.502,0.0,3.502
N-99.8457134-20.2682586,TH570902,9.972,0.0,9.972
N-99.8457670-20.2683643,TH570902,2.837,0.0,2.837
N-99.8467915-20.2685380,TH570902,2.825,0.0,2.825
N-99.8472609-20.2683694,TH570902,2.824,0.0,2.824
N-99.8482104-20.2678436,TH570902,3.719,0.0,3.719
N-99.8497458-20.2687297,TH570902,7.92,0.0,7.92
N-99.8511574-20.2682649,TH570902,4.293,0.0,4.293
N-99.8514669-20.2681642,TH570902,4.559,0.0,4.559
N-99.8521559-20.2684625,TH570902,5.902,0.0,5.902
N-99.8533410-20.2684157,TH570902,40.626,0.0,40.626
N-99.8552581-20.2693181,TH570902,5.709,0.0,5.709
N-99.8574145-20.2677417,TH570902,32.711,0.0,32.711
N-99.8576492-20.2684435,TH570902,9.285,0.0,9.285
N-99.8582460-20.2681152,TH570902,10.109,0.0,10.109
N-99.8589684-20.2683393,TH570902,11.582,0.0,11.582
N-99.8598343-20.2680560,TH570902,10.568,0.0,10.568
N-99.8608451-20.2683567,TH570902,15.113,0.0,15.113
N-99.8696855-20.2676930,TH570902,2.371,0.0,2.371
N-99.8702823-20.2680879,TH570902,2.725,0.0,2.725
N-99.8706773-20.2680879,TH570902,2.756,0.0,2.756
N-99.8756793-20.2681458,TH570902,3.094,0.0,3.094
N-99.8774540-20.2674596,TH570902,4.505,1.874,2.631
N-99.8786348-20.2665652,TH570902,7.123,0.0,7.123
N-99.8857614-20.2672446,TH570902,3.593,0.869,2.723
N-99.8864588-20.2677038,TH570902,2.585,0.0,2.585
N-99.8869275-20.2681686,TH570902,0.865,0.0,0.865
N-99.8908657-20.2677151,TH570902,11.306,0.0,11.306
N-99.8962492-20.2678995,TH570902,3.675,0.0,3.675
N-99.9005482-20.2661229,TH570902,4.31,0.0,4.31
N-99.9015459-20.2664751,TH570902,2.95,0.0,2.95
N-99.8452440-20.2668747,TH570902,13.617,0.0,13.617
N-99.8458341-20.2677554,TH570902,2.835,0.0,2.835
N-99.8469319-20.2674686,TH570902,2.85,0.0,2.85
N-99.8474929-20.2669951,TH570902,2.904,0.0,2.904
N-99.8481086-20.2674610,TH570902,3.573,0.0,3.573
N-99.8492913-20.2675668,TH570902,3.783,0.0,3.783
N-99.8496697-20.2675584,TH570902,3.831,0.0,3.831
N-99.8509261-20.2673609,TH570902,3.994,0.0,3.994
N-99.8519523-20.2680064,TH570902,10.071,0.0,10.071
N-99.8582389-20.2674112,TH570902,9.081,0.0,9.081
N-99.8596151-20.2675774,TH570902,10.332,0.0,10.332
N-99.8599336-20.2674596,TH570902,9.78,0.0,9.78
N-99.8606841-20.2678535,TH570902,7.832,0.0,7.832
N-99.8621406-20.2669099,TH570902,7.679,0.0,7.679
N-99.8622425-20.2669112,TH570902,29.061,0.0,29.061
N-99.8692815-20.2673071,TH570902,2.713,0.0,2.713
N-99.8693399-20.2674417,TH570902,2.086,0.0,2.086
N-99.8758362-20.2671067,TH570902,3.399,0.0,3.399
N-99.8769424-20.2672442,TH570902,2.831,0.0,2.831
N-99.8786040-20.2665873,TH570902,1.757,0.0,1.757
N-99.8831132-20.2648612,TH570902,5.11,0.0,5.11
N-99.8850694-20.2667326,TH570902,2.996,0.963,2.033
N-99.8870187-20.2681957,TH570902,0.86,0.0,0.86
N-99.8959081-20.2670602,TH570902,0.768,0.0,0.768
N-99.8959710-20.2672173,TH570902,0.764,0.0,0.764
N-99.8960787-20.2674282,TH570902,2.254,0.0,2.254
N-99.9028227-20.2671696,TH570902,1.468,0.0,1.468
N-99.8456356-20.2669099,TH570902,2.707,0.0,2.707
N-99.8491938-20.2668942,TH570902,3.779,0.0,3.779
N-99.8503910-20.2668874,TH570902,3.614,0.0,3.614
N-99.8505895-20.2666962,TH570902,4.123,0.0,4.123
N-99.8512922-20.2667717,TH570902,10.362,0.0,10.362
N-99.8570907-20.2663583,TH570902,17.537,0.0,17.537
N-99.8576147-20.2662175,TH570902,8.407,0.0,8.407
N-99.8586390-20.2661757,TH570902,7.61,0.0,7.61
N-99.8590806-20.2670737,TH570902,8.183,0.0,8.183
N-99.8601156-20.2667847,TH570902,8.526,0.0,8.526
N-99.8611657-20.2666279,TH570902,7.698,0.0,7.698
N-99.8619801-20.2665179,TH570902,8.176,0.0,8.176
N-99.8661939-20.2650272,TH570902,19.371,0.0,19.371
N-99.8690975-20.2663691,TH570902,5.269,0.0,5.269
N-99.8691693-20.2668628,TH570902,2.008,0.0,2.008
N-99.8765604-20.2668622,TH570902,2.912,0.0,2.912
N-99.8776451-20.2663350,TH570902,2.595,0.0,2.595
N-99.8785490-20.2665866,TH570902,2.274,0.0,2.274
N-99.8787287-20.2663602,TH570902,10.843,0.0,10.843
N-99.8849568-20.2663400,TH570902,2.883,0.0,2.883
N-99.8863716-20.2676270,TH570902,1.74,0.0,1.74
N-99.8957959-20.2663826,TH570902,2.575,0.0,2.575
N-99.8958633-20.2667236,TH570902,1.557,0.0,1.557
N-99.8986492-20.2653479,TH570902,1.459,0.0,1.459
N-99.8994401-20.2654940,TH570902,0.72,0.0,0.72
N-99.8584345-20.2657675,TH570902,8.562,0.0,8.562
N-99.8591051-20.2657724,TH570902,7.556,0.0,7.556
N-99.8599412-20.2658311,TH570902,7.312,0.0,7.312
N-99.8608624-20.2655990,TH570902,14.637,0.0,14.637
N-99.8616427-20.2654627,TH570902,13.176,0.0,13.176
N-99.8621107-20.2653398,TH570902,6.719,0.0,6.719
N-99.8628916-20.2647533,TH570902,4.543,0.0,4.543
N-99.8634890-20.2645706,TH570902,8.887,0.0,8.887
N-99.8681192-20.2649150,TH570902,2.526,0.0,2.526
N-99.8687071-20.2656196,TH570902,2.605,0.0,2.605
N-99.8768122-20.2663242,TH570902,2.885,0.0,2.885
N-99.8773924-20.2662893,TH570902,2.634,0.0,2.634
N-99.8829786-20.2647445,TH570902,2.929,0.0,2.929
N-99.8836194-20.2650391,TH570902,1.24,0.0,1.24
N-99.8845759-20.2655663,TH570902,3.76,0.0,3.76
N-99.8899014-20.2648542,TH570902,9.38,0.0,9.38
N-99.8954234-20.2651978,TH570902,1.839,0.0,1.839
N-99.8956523-20.2657902,TH570902,2.368,0.0,2.368
N-99.8980269-20.2650157,TH570902,1.508,0.0,1.508
N-99.8990676-20.2654284,TH570902,0.743,0.0,0.743
N-99.9000332-20.2657102,TH570902,0.724,0.0,0.724
N-99.8621549-20.2650988,TH570902,4.578,0.0,4.578
N-99.8637324-20.2644110,TH570902,4.375,0.0,4.375
N-99.8650251-20.2641044,TH570902,4.7,0.0,4.7
N-99.8659560-20.2647669,TH570902,2.513,0.0,2.513
N-99.8679397-20.2647041,TH570902,2.442,0.0,2.442
N-99.8683840-20.2650676,TH570902,2.591,0.0,2.591
N-99.8763659-20.2650258,TH570902,3.086,0.0,3.086
N-99.8773959-20.2642911,TH570902,3.042,0.0,3.042
N-99.8789258-20.2644856,TH570902,11.175,0.0,11.175
N-99.8802544-20.2634744,TH570902,7.502,0.0,7.502
N-99.8824849-20.2641611,TH570902,5.237,0.0,5.237
N-99.8833960-20.2649666,TH570902,1.419,0.0,1.419
N-99.8841668-20.2651051,TH570902,1.376,0.0,1.376
N-99.8844069-20.2652694,TH570902,2.121,0.0,2.121
N-99.8898156-20.2645737,TH570902,5.759,0.0,5.759
N-99.8953651-20.2649375,TH570902,4.193,0.0,4.193
N-99.8953920-20.2650990,TH570902,0.798,0.0,0.798
N-99.8965034-20.2645326,TH570902,0.79,0.0,0.79
N-99.8971900-20.2647339,TH570902,1.598,0.0,1.598
N-99.8608892-20.2640138,TH570902,6.247,0.0,6.247
N-99.8616295-20.2636666,TH570902,5.509,0.0,5.509
N-99.8629277-20.2637622,TH570902,3.844,0.0,3.844
N-99.8634158-20.2642352,TH570902,3.758,0.0,3.758
N-99.8658352-20.2641044,TH570902,1.897,0.0,1.897
N-99.8665057-20.2638125,TH570902,1.864,0.0,1.864
N-99.8676942-20.2640715,TH570902,1.844,0.0,1.844
N-99.8787408-20.2640289,TH570902,3.228,0.0,3.228
N-99.8796351-20.2637886,TH570902,2.569,0.0,2.569
N-99.8822291-20.2638469,TH570902,2.028,0.0,2.028
N-99.8826868-20.2643765,TH570902,1.473,0.0,1.473
N-99.8839798-20.2650404,TH570902,1.464,0.0,1.464
N-99.8843390-20.2651798,TH570902,2.388,0.0,2.388
N-99.8896278-20.2638352,TH570902,3.503,0.0,3.503
N-99.8944435-20.2630934,TH570902,12.677,0.0,12.677
N-99.8948190-20.2636067,TH570902,3.5,0.0,3.5
N-99.8951945-20.2639489,TH570902,1.486,0.0,1.486
N-99.8956478-20.2641341,TH570902,1.271,0.0,1.271
N-99.8807256-20.2632680,TH570902,2.855,0.0,2.855
N-99.8820630-20.2633622,TH570902,4.801,0.0,4.801
N-99.8847770-20.2622629,TH570902,12.934,0.0,12.934
N-99.8893060-20.2627799,TH570902,3.216,0.0,3.216
N-99.8894146-20.2631533,TH570902,4.489,0.0,4.489
N-99.8901415-20.2624915,TH570902,3.655,0.0,3.655
N-99.8901737-20.2624613,TH570902,1.743,0.0,1.743
N-99.8955592-20.2640998,TH570902,1.652,0.0,1.652
N-99.8820265-20.2623406,TH570902,2.833,0.0,2.833
N-99.8823817-20.2625948,TH570902,2.342,0.0,2.342
N-99.8832792-20.2621460,TH570902,2.187,0.0,2.187
N-99.8891236-20.2621396,TH570902,3.516,0.0,3.516
N-99.8901817-20.2624160,TH570902,3.799,0.0,3.799
N-99.8938426-20.2615635,TH570902,7.715,0.0,7.715
N-99.8942825-20.2623788,TH570902,7.721,0.0,7.721
N-99.8832645-20.2615333,TH570902,2.309,0.0,2.309
N-99.8844012-20.2617062,TH570902,2.386,0.0,2.386
N-99.8845942-20.2615895,TH570902,2.346,0.0,2.346
N-99.8850896-20.2609826,TH570902,2.393,0.0,2.393
N-99.8856565-20.2606375,TH570902,5.59,0.0,5.59
N-99.8888979-20.2613311,TH570902,5.783,0.0,5.783
N-99.8899457-20.2618650,TH570902,2.962,0.0,2.962
N-99.8899940-20.2618927,TH570902,3.517,0.0,3.517
N-99.8922011-20.2605752,TH570902,9.442,0.0,9.442
N-99.8941323-20.2619258,TH570902,5.631,0.0,5.631
N-99.8862681-20.2601242,TH570902,3.152,0.0,3.152
N-99.8876497-20.2600520,TH570902,8.143,0.0,8.143
N-99.8886904-20.2607226,TH570902,3.263,0.0,3.263
N-99.8893716-20.2607289,TH570902,3.801,0.0,3.801
N-99.8895533-20.2610913,TH570902,3.8,0.0,3.8
N-99.8907740-20.2600681,TH570902,4.114,0.0,4.114
N-99.8919947-20.2604137,TH570902,3.825,0.0,3.825
N-99.8935851-20.2611609,TH570902,6.04,0.0,6.04
N-99.8867294-20.2596310,TH570902,3.853,0.0,3.853
N-99.8881759-20.2599146,TH570902,4.06,0.0,4.06
N-99.8889479-20.2597488,TH570902,4.645,0.0,4.645
N-99.8895937-20.2597943,TH570902,4.445,0.0,4.445
N-99.8908279-20.2600502,TH570902,4.145,0.0,4.145
N-99.8916132-20.2602117,TH570902,3.534,0.0,3.534
N-99.8925549-20.2604321,TH570902,3.144,0.0,3.144
N-99.8932204-20.2599028,TH570902,5.106,0.0,5.106
N-99.8933486-20.2602180,TH570902,2.949,0.0,2.949
N-99.8881710-20.2590090,TH570902,4.44,0.0,4.44
N-99.8891112-20.2588157,TH570902,4.607,0.0,4.607
N-99.8901841-20.2587956,TH570902,4.464,0.0,4.464
N-99.8908509-20.2591952,TH570902,4.133,0.0,4.133
N-99.8916918-20.2592971,TH570902,3.168,0.0,3.168
N-99.8922326-20.2589820,TH570902,2.626,0.0,2.626
N-99.8926946-20.2594398,TH570902,2.126,0.0,2.126
N-99.8927128-20.2585736,TH570902,2.743,0.0,2.743
N-99.8930709-20.2582595,TH570902,2.081,0.0,2.081
N-99.9561614-20.4630026,TH570903,1.397,1.397,0.0
N-99.9582750-20.4629423,TH570903,2.849,0.0,2.849
N-99.9591762-20.4624397,TH570903,1.359,0.0,1.359
N-99.9599217-20.4625260,TH570903,1.181,0.0,1.181
N-99.9556720-20.4613367,TH570903,8.93,0.0,8.93
N-99.9593908-20.4620979,TH570903,1.391,0.0,1.391
N-99.9594444-20.4620476,TH570903,5.107,0.0,5.107
N-99.9601533-20.4618509,TH570903,0.896,0.0,0.896
N-99.9605332-20.4616585,TH570903,1.729,0.0,1.729
N-99.9617363-20.4617803,TH570903,0.864,0.0,0.864
N-99.9551816-20.4615248,TH570903,0.912,0.0,0.912
N-99.9603718-20.4616621,TH570903,1.783,0.0,1.783
N-99.9626990-20.4618814,TH570903,0.731,0.0,0.731
N-99.9535518-20.4598272,TH570903,0.885,0.0,0.885
N-99.9541776-20.4591621,TH570903,1.81,0.0,1.81
N-99.9620461-20.4590251,TH570903,3.34,0.0,3.34
N-99.9624141-20.4606003,TH570903,2.38,0.0,2.38
N-99.9537339-20.4594815,TH570903,0.868,0.0,0.868
N-99.9544624-20.4586940,TH570903,1.875,0.0,1.875
N-99.9545185-20.4585233,TH570903,6.85,0.0,6.85
N-99.9619564-20.4586975,TH570903,1.87,0.0,1.87
N-99.9629437-20.4581634,TH570903,0.796,0.0,0.796
N-99.9506517-20.4583395,TH570903,1.696,0.0,1.696
N-99.9537246-20.4575607,TH570903,5.389,0.0,5.389
N-99.9543737-20.4582695,TH570903,5.737,0.0,5.737
N-99.9596364-20.4554353,TH570903,17.598,0.0,17.598
N-99.9619294-20.4585449,TH570903,2.188,0.0,2.188
N-99.9619429-20.4584058,TH570903,2.886,0.0,2.886
N-99.9627328-20.4582262,TH570903,0.82,0.0,0.82
N-99.9630379-20.4580871,TH570903,0.807,0.0,0.807
N-99.9631322-20.4579211,TH570903,0.816,0.0,0.816
N-99.9505537-20.4572676,TH570903,1.663,0.0,1.663
N-99.9506471-20.4579458,TH570903,0.857,0.0,0.857
N-99.9530521-20.4569700,TH570903,1.797,0.0,1.797
N-99.9534304-20.4572282,TH570903,2.057,0.0,2.057
N-99.9620102-20.4583070,TH570903,1.14,0.0,1.14
N-99.9621000-20.4582577,TH570903,0.858,0.0,0.858
N-99.9631412-20.4575037,TH570903,2.542,0.0,2.542
N-99.9678579-20.4536800,TH570903,2.269,0.0,2.269
N-99.9485573-20.4572315,TH570903,0.777,0.0,0.777
N-99.9492694-20.4570007,TH570903,0.806,0.0,0.806
N-99.9501170-20.4567917,TH570903,0.821,0.0,0.821
N-99.9506789-20.4566824,TH570903,0.843,0.0,0.843
N-99.9515882-20.4563513,TH570903,0.869,0.0,0.869
N-99.9528373-20.4565587,TH570903,2.084,0.0,2.084
N-99.9630873-20.4566241,TH570903,2.645,0.0,2.645
N-99.9635361-20.4560317,TH570903,1.78,0.0,1.78
N-99.9636707-20.4559060,TH570903,0.828,0.0,0.828
N-99.9477377-20.4559243,TH570903,0.845,0.0,0.845
N-99.9485129-20.4560599,TH570903,0.817,0.0,0.817
N-99.9492367-20.4559593,TH570903,0.847,0.0,0.847
N-99.9501520-20.4557230,TH570903,1.751,0.0,1.751
N-99.9518149-20.4562614,TH570903,0.889,0.0,0.889
N-99.9524626-20.4560239,TH570903,0.898,0.0,0.898
N-99.9526038-20.4561649,TH570903,3.562,0.0,3.562
N-99.9585881-20.4539745,TH570903,18.319,0.0,18.319
N-99.9603161-20.4550363,TH570903,5.102,0.0,5.102
N-99.9631322-20.4563368,TH570903,2.222,0.0,2.222
N-99.9637784-20.4557579,TH570903,0.951,0.0,0.951
N-99.9641240-20.4551431,TH570903,2.197,0.0,2.197
N-99.9658429-20.4544160,TH570903,2.796,0.0,2.796
N-99.9660538-20.4543442,TH570903,0.826,0.0,0.826
N-99.9457821-20.4553772,TH570903,2.636,0.0,2.636
N-99.9478544-20.4546291,TH570903,0.871,0.0,0.871
N-99.9486436-20.4545460,TH570903,1.667,0.0,1.667
N-99.9501474-20.4554605,TH570903,0.863,0.0,0.863
N-99.9504603-20.4545460,TH570903,0.861,0.0,0.861
N-99.9516931-20.4550842,TH570903,1.982,0.0,1.982
N-99.9518239-20.4553205,TH570903,0.853,0.0,0.853
N-99.9522909-20.4557843,TH570903,1.148,0.0,1.148
N-99.9596891-20.4551088,TH570903,1.685,0.0,1.685
N-99.9597216-20.4549447,TH570903,1.3,0.0,1.3
N-99.9639086-20.4555021,TH570903,2.392,0.0,2.392
N-99.9642497-20.4549950,TH570903,2.847,0.0,2.847
N-99.9648062-20.4547033,TH570903,2.594,0.0,2.594
N-99.9429770-20.4563096,TH570903,1.002,0.0,1.002
N-99.9459878-20.4534679,TH570903,6.305,0.0,6.305
N-99.9478077-20.4541478,TH570903,0.897,0.0,0.897
N-99.9485923-20.4540165,TH570903,1.697,0.0,1.697
N-99.9491246-20.4539859,TH570903,1.641,0.0,1.641
N-99.9498485-20.4539859,TH570903,1.659,0.0,1.659
N-99.9509506-20.4539684,TH570903,0.831,0.0,0.831
N-99.9513709-20.4544847,TH570903,1.696,0.0,1.696
N-99.9540441-20.4520371,TH570903,5.745,0.0,5.745
N-99.9549507-20.4520282,TH570903,7.023,0.0,7.023
N-99.9558841-20.4521134,TH570903,5.459,0.0,5.459
N-99.9593309-20.4536826,TH570903,1.6,0.0,1.6
N-99.9598966-20.4540684,TH570903,2.536,0.0,2.536
N-99.9645908-20.4547796,TH570903,1.455,0.0,1.455
N-99.9664981-20.4539852,TH570903,0.833,0.0,0.833
N-99.9675931-20.4537159,TH570903,0.824,0.0,0.824
N-99.9341987-20.4536348,TH570903,4.426,0.0,4.426
N-99.9347058-20.4536932,TH570903,4.125,0.0,4.125
N-99.9411325-20.4516512,TH570903,3.116,0.0,3.116
N-99.9427122-20.4513236,TH570903,3.081,0.0,3.081
N-99.9442605-20.4517499,TH570903,2.87,0.0,2.87
N-99.9446061-20.4518172,TH570903,0.9,0.0,0.9
N-99.9478451-20.4540909,TH570903,0.9,0.0,0.9
N-99.9511608-20.4533865,TH570903,0.829,0.0,0.829
N-99.9512588-20.4531633,TH570903,0.849,0.0,0.849
N-99.9513476-20.4529708,TH570903,0.846,0.0,0.846
N-99.9535774-20.4519564,TH570903,3.143,0.0,3.143
N-99.9562836-20.4521045,TH570903,2.048,0.0,2.048
N-99.9588221-20.4534832,TH570903,2.042,0.0,2.042
N-99.9593773-20.4533877,TH570903,1.869,0.0,1.869
N-99.9600196-20.4533523,TH570903,1.249,0.0,1.249
N-99.9600474-20.4531373,TH570903,1.241,0.0,1.241
N-99.9621582-20.4521404,TH570903,1.282,0.0,1.282
N-99.9622569-20.4521448,TH570903,3.128,0.0,3.128
N-99.9638008-20.4520327,TH570903,2.421,0.0,2.421
N-99.9649497-20.4525398,TH570903,4.478,0.0,4.478
N-99.9660268-20.4527283,TH570903,0.864,0.0,0.864
N-99.9668929-20.4531142,TH570903,1.659,0.0,1.659
N-99.9672839-20.4533123,TH570903,0.833,0.0,0.833
N-99.9357066-20.4512518,TH570903,4.68,0.0,4.68
N-99.9377980-20.4513550,TH570903,1.895,0.0,1.895
N-99.9384891-20.4514043,TH570903,5.015,0.0,5.015
N-99.9391982-20.4513640,TH570903,4.538,0.0,4.538
N-99.9402888-20.4516646,TH570903,1.12,0.0,1.12
N-99.9407331-20.4517185,TH570903,1.047,0.0,1.047
N-99.9434841-20.4514762,TH570903,3.949,0.0,3.949
N-99.9448888-20.4518935,TH570903,1.835,0.0,1.835
N-99.9461142-20.4522802,TH570903,0.916,0.0,0.916
N-99.9470211-20.4520632,TH570903,1.76,0.0,1.76
N-99.9473928-20.4520807,TH570903,0.857,0.0,0.857
N-99.9479862-20.4519815,TH570903,1.638,0.0,1.638
N-99.9489240-20.4518015,TH570903,2.447,0.0,2.447
N-99.9499063-20.4515861,TH570903,2.443,0.0,2.443
N-99.9513896-20.4527914,TH570903,1.664,0.0,1.664
N-99.9527292-20.4516871,TH570903,0.843,0.0,0.843
N-99.9568087-20.4520551,TH570903,5.894,0.0,5.894
N-99.9576120-20.4521089,TH570903,2.046,0.0,2.046
N-99.9581371-20.4519967,TH570903,4.46,0.0,4.46
N-99.9594655-20.4522705,TH570903,2.046,0.0,2.046
N-99.9598385-20.4520866,TH570903,1.776,0.0,1.776
N-99.9606503-20.4520910,TH570903,1.735,0.0,1.735
N-99.9620819-20.4520686,TH570903,1.84,0.0,1.84
N-99.9634687-20.4519653,TH570903,2.258,0.0,2.258
N-99.9642451-20.4522526,TH570903,0.983,0.0,0.983
N-99.9658248-20.4526834,TH570903,0.852,0.0,0.852
N-99.9662915-20.4528270,TH570903,1.681,0.0,1.681
N-99.9670707-20.4531722,TH570903,1.606,0.0,1.606
N-99.9342256-20.4511441,TH570903,1.772,0.0,1.772
N-99.9348270-20.4511755,TH570903,3.253,0.0,3.253
N-99.9363349-20.4510049,TH570903,2.11,0.0,2.11
N-99.9377127-20.4513191,TH570903,1.803,0.0,1.803
N-99.9400913-20.4515928,TH570903,1.087,0.0,1.087
N-99.9409126-20.4517005,TH570903,1.031,0.0,1.031
N-99.9414018-20.4515435,TH570903,1.029,0.0,1.029
N-99.9460397-20.4515552,TH570903,0.863,0.0,0.863
N-99.9476038-20.4520712,TH570903,0.857,0.0,0.857
N-99.9491942-20.4517433,TH570903,1.628,0.0,1.628
N-99.9503469-20.4515242,TH570903,1.635,0.0,1.635
N-99.9516556-20.4516137,TH570903,0.842,0.0,0.842
N-99.9524150-20.4516108,TH570903,0.849,0.0,0.849
N-99.9574100-20.4521000,TH570903,3.931,0.0,3.931
N-99.9591356-20.4520471,TH570903,2.131,0.0,2.131
N-99.9598649-20.4517724,TH570903,1.859,0.0,1.859
N-99.9610093-20.4518038,TH570903,1.815,0.0,1.815
N-99.9615987-20.4513840,TH570903,1.893,0.0,1.893
N-99.9625980-20.4520237,TH570903,1.838,0.0,1.838
N-99.9656498-20.4526654,TH570903,0.843,0.0,0.843
N-99.9704696-20.4505315,TH570903,1.478,0.0,1.478
N-99.9706520-20.4506672,TH570903,0.714,0.0,0.714
N-99.9711817-20.4508532,TH570903,0.71,0.0,0.71
N-99.9721528-20.4517413,TH570903,1.35,0.0,1.35
N-99.9342266-20.4506279,TH570903,1.669,0.0,1.669
N-99.9359939-20.4511934,TH570903,1.535,0.0,1.535
N-99.9366446-20.4508658,TH570903,1.502,0.0,1.502
N-99.9371293-20.4509556,TH570903,1.18,0.0,1.18
N-99.9398041-20.4514627,TH570903,1.042,0.0,1.042
N-99.9417428-20.4513774,TH570903,3.168,0.0,3.168
N-99.9423173-20.4512697,TH570903,3.59,0.0,3.59
N-99.9431700-20.4513819,TH570903,1.047,0.0,1.047
N-99.9459870-20.4504734,TH570903,2.651,0.0,2.651
N-99.9477794-20.4520349,TH570903,0.839,0.0,0.839
N-99.9501533-20.4515461,TH570903,1.651,0.0,1.651
N-99.9523003-20.4509851,TH570903,1.652,0.0,1.652
N-99.9523285-20.4506144,TH570903,0.843,0.0,0.843
N-99.9556687-20.4521045,TH570903,2.361,0.0,2.361
N-99.9591562-20.4511037,TH570903,8.755,0.0,8.755
N-99.9600040-20.4511575,TH570903,1.885,0.0,1.885
N-99.9606326-20.4508155,TH570903,1.777,0.0,1.777
N-99.9613822-20.4506602,TH570903,1.772,0.0,1.772
N-99.9624136-20.4512050,TH570903,1.744,0.0,1.744
N-99.9634020-20.4509990,TH570903,1.249,0.0,1.249
N-99.9641329-20.4505692,TH570903,0.981,0.0,0.981
N-99.9646130-20.4502218,TH570903,0.86,0.0,0.86
N-99.9655776-20.4497794,TH570903,0.823,0.0,0.823
N-99.9660403-20.4496481,TH570903,1.62,0.0,1.62
N-99.9679939-20.4496180,TH570903,0.798,0.0,0.798
N-99.9685626-20.4496997,TH570903,0.79,0.0,0.79
N-99.9696207-20.4499459,TH570903,0.75,0.0,0.75
N-99.9709631-20.4507941,TH570903,0.698,0.0,0.698
N-99.9717557-20.4509148,TH570903,0.663,0.0,0.663
N-99.9720692-20.4509632,TH570903,1.245,0.0,1.245
N-99.9362329-20.4495824,TH570903,2.683,0.0,2.683
N-99.9369318-20.4508613,TH570903,1.146,0.0,1.146
N-99.9394675-20.4513774,TH570903,2.067,0.0,2.067
N-99.9420076-20.4512832,TH570903,1.077,0.0,1.077
N-99.9429501-20.4513415,TH570903,1.033,0.0,1.033
N-99.9459402-20.4497575,TH570903,7.985,0.0,7.985
N-99.9523808-20.4499610,TH570903,4.234,0.0,4.234
N-99.9605508-20.4497524,TH570903,3.481,0.0,3.481
N-99.9612278-20.4499645,TH570903,1.785,0.0,1.785
N-99.9636072-20.4498153,TH570903,7.523,0.0,7.523
N-99.9644098-20.4503581,TH570903,0.959,0.0,0.959
N-99.9649865-20.4499906,TH570903,0.859,0.0,0.859
N-99.9658579-20.4496984,TH570903,0.819,0.0,0.819
N-99.9663471-20.4495350,TH570903,0.809,0.0,0.809
N-99.9678116-20.4495639,TH570903,0.794,0.0,0.794
N-99.9683185-20.4496783,TH570903,0.783,0.0,0.783
N-99.9692760-20.4498153,TH570903,0.755,0.0,0.755
N-99.9699251-20.4500603,TH570903,0.739,0.0,0.739
N-99.9707212-20.4502513,TH570903,0.695,0.0,0.695
N-99.9718566-20.4505430,TH570903,1.944,0.0,1.944
N-99.9719419-20.4506058,TH570903,1.79,0.0,1.79
N-99.9720137-20.4507180,TH570903,1.729,0.0,1.729
N-99.9720451-20.4508168,TH570903,0.632,0.0,0.632
N-99.9368981-20.4490898,TH570903,2.054,0.0,2.054
N-99.9379066-20.4475618,TH570903,5.032,0.0,5.032
N-99.9421153-20.4512652,TH570903,2.322,0.0,2.322
N-99.9452648-20.4480519,TH570903,5.272,0.0,5.272
N-99.9507621-20.4481277,TH570903,9.331,0.0,9.331
N-99.9524412-20.4492196,TH570903,2.514,0.0,2.514
N-99.9536669-20.4479869,TH570903,2.797,0.0,2.797
N-99.9537179-20.4479241,TH570903,2.981,0.0,2.981
N-99.9585137-20.4483438,TH570903,12.255,0.0,12.255
N-99.9596590-20.4488515,TH570903,1.214,0.0,1.214
N-99.9602410-20.4492171,TH570903,1.229,0.0,1.229
N-99.9607664-20.4491930,TH570903,1.68,0.0,1.68
N-99.9610497-20.4495941,TH570903,1.684,0.0,1.684
N-99.9652836-20.4498501,TH570903,0.805,0.0,0.805
N-99.9667266-20.4494144,TH570903,0.798,0.0,0.798
N-99.9674830-20.4494333,TH570903,0.772,0.0,0.772
N-99.9684952-20.4491069,TH570903,0.756,0.0,0.756
N-99.9686388-20.4492819,TH570903,0.743,0.0,0.743
N-99.9698775-20.4496005,TH570903,1.428,0.0,1.428
N-99.9702410-20.4497890,TH570903,1.37,0.0,1.37
N-99.9708424-20.4502962,TH570903,0.673,0.0,0.673
N-99.9377000-20.4475717,TH570903,0.998,0.0,0.998
N-99.9380852-20.4471491,TH570903,4.171,0.0,4.171
N-99.9449577-20.4473152,TH570903,2.938,0.0,2.938
N-99.9459088-20.4480763,TH570903,2.718,0.0,2.718
N-99.9516526-20.4479756,TH570903,0.853,0.0,0.853
N-99.9525391-20.4483840,TH570903,0.85,0.0,0.85
N-99.9532579-20.4480774,TH570903,0.842,0.0,0.842
N-99.9593559-20.4484318,TH570903,3.103,0.0,3.103
N-99.9599647-20.4485021,TH570903,1.725,0.0,1.725
N-99.9606087-20.4485645,TH570903,2.771,0.0,2.771
N-99.9615942-20.4472606,TH570903,3.319,0.0,3.319
N-99.9658777-20.4481440,TH570903,1.522,0.0,1.522
N-99.9663323-20.4477972,TH570903,0.751,0.0,0.751
N-99.9672644-20.4493428,TH570903,0.746,0.0,0.746
N-99.9684952-20.4489318,TH570903,1.45,0.0,1.45
N-99.9700974-20.4496813,TH570903,0.702,0.0,0.702
N-99.9730727-20.4458798,TH570903,0.604,0.0,0.604
N-99.9742609-20.4457677,TH570903,10.916,0.0,10.916
N-99.9449343-20.4472627,TH570903,11.479,0.0,11.479
N-99.9450644-20.4473798,TH570903,1.135,0.0,1.135
N-99.9459259-20.4474977,TH570903,6.695,0.0,6.695
N-99.9516633-20.4471789,TH570903,1.048,0.0,1.048
N-99.9524586-20.4478619,TH570903,0.959,0.0,0.959
N-99.9536750-20.4475471,TH570903,3.728,0.0,3.728
N-99.9602968-20.4473409,TH570903,1.397,0.0,1.397
N-99.9608539-20.4473071,TH570903,1.34,0.0,1.34
N-99.9623626-20.4466197,TH570903,7.481,0.0,7.481
N-99.9659032-20.4480234,TH570903,0.875,0.0,0.875
N-99.9659273-20.4479718,TH570903,0.787,0.0,0.787
N-99.9659595-20.4479505,TH570903,0.775,0.0,0.775
N-99.9666676-20.4473109,TH570903,0.775,0.0,0.775
N-99.9685895-20.4467418,TH570903,3.779,0.0,3.779
N-99.9722963-20.4458932,TH570903,1.492,0.0,1.492
N-99.9723412-20.4459112,TH570903,0.716,0.0,0.716
N-99.9724220-20.4459202,TH570903,2.169,0.0,2.169
N-99.9732074-20.4458663,TH570903,2.089,0.0,2.089
N-99.9380423-20.4466666,TH570903,1.025,0.0,1.025
N-99.9381426-20.4463454,TH570903,3.154,0.0,3.154
N-99.9457457-20.4473749,TH570903,1.118,0.0,1.118
N-99.9458558-20.4473816,TH570903,2.436,0.0,2.436
N-99.9510303-20.4457275,TH570903,2.847,0.0,2.847
N-99.9511202-20.4459022,TH570903,1.141,0.0,1.141
N-99.9512114-20.4459839,TH570903,1.12,0.0,1.12
N-99.9516955-20.4466951,TH570903,1.11,0.0,1.11
N-99.9517585-20.4465732,TH570903,1.021,0.0,1.021
N-99.9535891-20.4469088,TH570903,3.886,0.0,3.886
N-99.9601053-20.4465397,TH570903,3.788,0.0,3.788
N-99.9614051-20.4467605,TH570903,1.325,0.0,1.325
N-99.9614922-20.4467477,TH570903,2.574,0.0,2.574
N-99.9663793-20.4474968,TH570903,2.457,0.0,2.457
N-99.9667722-20.4472053,TH570903,1.649,0.0,1.649
N-99.9678983-20.4459743,TH570903,0.781,0.0,0.781
N-99.9685760-20.4466565,TH570903,0.781,0.0,0.781
N-99.9722290-20.4457990,TH570903,1.537,0.0,1.537
N-99.9382793-20.4456461,TH570903,1.069,0.0,1.069
N-99.9388148-20.4449475,TH570903,4.392,0.0,4.392
N-99.9450662-20.4456461,TH570903,8.886,0.0,8.886
N-99.9495175-20.4442824,TH570903,8.27,0.0,8.27
N-99.9497294-20.4443452,TH570903,1.77,0.0,1.77
N-99.9510129-20.4456647,TH570903,1.735,0.0,1.735
N-99.9515587-20.4461799,TH570903,1.172,0.0,1.172
N-99.9527523-20.4453732,TH570903,1.051,0.0,1.051
N-99.9534389-20.4458733,TH570903,4.23,0.0,4.23
N-99.9592808-20.4441417,TH570903,9.632,0.0,9.632
N-99.9599562-20.4455403,TH570903,6.249,0.0,6.249
N-99.9676605-20.4454493,TH570903,3.109,0.0,3.109
N-99.9678445-20.4459115,TH570903,0.853,0.0,0.853
N-99.9683202-20.4461987,TH570903,0.852,0.0,0.852
N-99.9684369-20.4463199,TH570903,0.807,0.0,0.807
N-99.9685087-20.4464500,TH570903,0.814,0.0,0.814
N-99.9720630-20.4452784,TH570903,1.554,0.0,1.554
N-99.9390706-20.4443730,TH570903,2.222,0.0,2.222
N-99.9432452-20.4431967,TH570903,11.754,0.0,11.754
N-99.9452170-20.4446306,TH570903,7.414,0.0,7.414
N-99.9473610-20.4433425,TH570903,3.747,0.0,3.747
N-99.9501063-20.4444282,TH570903,4.363,0.0,4.363
N-99.9510585-20.4455265,TH570903,2.088,0.0,2.088
N-99.9515976-20.4448089,TH570903,1.824,1.824,0.0
N-99.9525565-20.4447650,TH570903,1.69,1.69,0.0
N-99.9532431-20.4453933,TH570903,1.215,0.0,1.215
N-99.9533692-20.4454963,TH570903,5.338,0.0,5.338
N-99.9599396-20.4449727,TH570903,2.497,0.0,2.497
N-99.9599863-20.4447603,TH570903,2.014,0.0,2.014
N-99.9631861-20.4432595,TH570903,0.916,0.0,0.916
N-99.9641409-20.4432118,TH570903,6.136,0.0,6.136
N-99.9666686-20.4442196,TH570903,4.523,0.0,4.523
N-99.9667764-20.4442824,TH570903,1.121,0.0,1.121
N-99.9696889-20.4439275,TH570903,2.11,0.0,2.11
N-99.9698280-20.4439365,TH570903,1.953,0.0,1.953
N-99.9718789-20.4449194,TH570903,3.132,0.0,3.132
N-99.9737639-20.4457047,TH570903,0.734,0.0,0.734
N-99.9740571-20.4456170,TH570903,4.303,0.0,4.303
N-99.9392477-20.4438824,TH570903,2.55,0.0,2.55
N-99.9453394-20.4439093,TH570903,4.937,0.0,4.937
N-99.9469909-20.4433425,TH570903,1.546,0.0,1.546
N-99.9484460-20.4433437,TH570903,4.794,0.0,4.794
N-99.9504295-20.4437697,TH570903,4.734,0.0,4.734
N-99.9518833-20.4441844,TH570903,2.188,0.0,2.188
N-99.9524184-20.4443101,TH570903,1.988,1.988,0.0
N-99.9525350-20.4444495,TH570903,1.739,0.0,1.739
N-99.9533021-20.4454084,TH570903,2.777,0.0,2.777
N-99.9598796-20.4441108,TH570903,2.467,0.0,2.467
N-99.9629259-20.4431514,TH570903,3.551,0.0,3.551
N-99.9630734-20.4432319,TH570903,0.918,0.0,0.918
N-99.9633765-20.4432545,TH570903,2.431,0.0,2.431
N-99.9649000-20.4431992,TH570903,2.358,0.0,2.358
N-99.9672790-20.4443766,TH570903,1.145,0.0,1.145
N-99.9673643-20.4445337,TH570903,1.154,0.0,1.154
N-99.9708512-20.4436852,TH570903,2.909,0.0,2.909
N-99.9714302-20.4439949,TH570903,1.602,0.0,1.602
N-99.9394264-20.4426856,TH570903,4.86,0.0,4.86
N-99.9443141-20.4428323,TH570903,1.956,0.0,1.956
N-99.9456765-20.4426619,TH570903,7.863,0.0,7.863
N-99.9469252-20.4432658,TH570903,1.948,0.0,1.948
N-99.9473852-20.4433198,TH570903,1.867,0.0,1.867
N-99.9485305-20.4432872,TH570903,2.663,0.0,2.663
N-99.9506575-20.4430358,TH570903,2.412,0.0,2.412
N-99.9521166-20.4433927,TH570903,4.658,0.0,4.658
N-99.9523057-20.4428285,TH570903,1.712,0.0,1.712
N-99.9543428-20.4416183,TH570903,6.291,0.0,6.291
N-99.9548900-20.4415404,TH570903,6.987,0.0,6.987
N-99.9552897-20.4414902,TH570903,1.704,0.0,1.704
N-99.9572306-20.4417102,TH570903,4.044,0.0,4.044
N-99.9574224-20.4417164,TH570903,3.778,0.0,3.778
N-99.9594363-20.4427368,TH570903,3.087,0.0,3.087
N-99.9595852-20.4430270,TH570903,1.534,0.0,1.534
N-99.9596892-20.4435595,TH570903,2.834,0.0,2.834
N-99.9621937-20.4425960,TH570903,1.32,0.0,1.32
N-99.9662019-20.4432278,TH570903,2.432,0.0,2.432
N-99.9669946-20.4424398,TH570903,3.09,0.0,3.09
N-99.9692939-20.4430210,TH570903,1.228,0.0,1.228
N-99.9694016-20.4432858,TH570903,2.368,0.0,2.368
N-99.9712955-20.4438198,TH570903,4.829,0.0,4.829
N-99.9713898-20.4439275,TH570903,2.356,0.0,2.356
N-99.9411802-20.4412372,TH570903,6.775,0.0,6.775
N-99.9432304-20.4428008,TH570903,3.413,0.0,3.413
N-99.9439520-20.4426614,TH570903,2.816,0.0,2.816
N-99.9469708-20.4427342,TH570903,3.037,0.0,3.037
N-99.9474549-20.4420381,TH570903,3.027,0.0,3.027
N-99.9484849-20.4427041,TH570903,6.103,0.0,6.103
N-99.9506816-20.4421775,TH570903,2.76,0.0,2.76
N-99.9508063-20.4424842,TH570903,2.762,0.0,2.762
N-99.9515976-20.4426375,TH570903,2.625,0.0,2.625
N-99.9522775-20.4427455,TH570903,2.103,0.0,2.103
N-99.9523030-20.4427832,TH570903,1.749,0.0,1.749
N-99.9553192-20.4414801,TH570903,5.749,0.0,5.749
N-99.9586926-20.4418310,TH570903,2.515,0.0,2.515
N-99.9593486-20.4424286,TH570903,2.313,0.0,2.313
N-99.9613515-20.4420431,TH570903,5.161,0.0,5.161
N-99.9619013-20.4423949,TH570903,1.343,0.0,1.343
N-99.9624109-20.4427166,TH570903,2.634,0.0,2.634
N-99.9652889-20.4430710,TH570903,1.223,0.0,1.223
N-99.9661750-20.4428059,TH570903,1.888,0.0,1.888
N-99.9667135-20.4424828,TH570903,2.053,0.0,2.053
N-99.9690785-20.4423299,TH570903,2.447,0.0,2.447
N-99.9691593-20.4426395,TH570903,2.439,0.0,2.439
N-99.9712058-20.4437660,TH570903,2.554,0.0,2.554
N-99.9397375-20.4415093,TH570903,1.723,0.0,1.723
N-99.9422970-20.4412206,TH570903,2.505,0.0,2.505
N-99.9434504-20.4419978,TH570903,2.773,0.0,2.773
N-99.9442765-20.4417189,TH570903,3.072,0.0,3.072
N-99.9448142-20.4414709,TH570903,3.344,0.0,3.344
N-99.9459027-20.4414150,TH570903,3.334,0.0,3.334
N-99.9467901-20.4413285,TH570903,3.318,0.0,3.318
N-99.9473664-20.4417742,TH570903,3.313,0.0,3.313
N-99.9483830-20.4416472,TH570903,3.332,0.0,3.332
N-99.9492062-20.4412887,TH570903,3.361,0.0,3.361
N-99.9502938-20.4417933,TH570903,3.061,0.0,3.061
N-99.9506692-20.4416342,TH570903,2.918,0.0,2.918
N-99.9513795-20.4415819,TH570903,2.904,0.0,2.904
N-99.9525946-20.4410451,TH570903,2.795,0.0,2.795
N-99.9533979-20.4411226,TH570903,2.801,0.0,2.801
N-99.9568922-20.4413262,TH570903,2.787,0.0,2.787
N-99.9574886-20.4416296,TH570903,2.538,0.0,2.538
N-99.9585542-20.4416813,TH570903,2.765,0.0,2.765
N-99.9592134-20.4418560,TH570903,2.533,0.0,2.533
N-99.9600425-20.4414449,TH570903,2.219,0.0,2.219
N-99.9608284-20.4418018,TH570903,1.889,0.0,1.889
N-99.9617940-20.4422869,TH570903,1.341,0.0,1.341
N-99.9659416-20.4410332,TH570903,3.795,0.0,3.795
N-99.9661705-20.4415717,TH570903,2.06,0.0,2.06
N-99.9664039-20.4419891,TH570903,2.239,0.0,2.239
N-99.9678443-20.4418586,TH570903,2.101,0.0,2.101
N-99.9682258-20.4416342,TH570903,3.717,0.0,3.717
N-99.9689349-20.4419618,TH570903,2.42,0.0,2.42
N-99.9710083-20.4437031,TH570903,0.873,0.0,0.873
N-99.9406476-20.4409121,TH570903,2.743,0.0,2.743
N-99.9421354-20.4406840,TH570903,5.378,0.0,5.378
N-99.9435417-20.4409045,TH570903,3.034,0.0,3.034
N-99.9440666-20.4410736,TH570903,3.371,0.0,3.371
N-99.9449519-20.4403807,TH570903,6.326,0.0,6.326
N-99.9458588-20.4405105,TH570903,3.356,0.0,3.356
N-99.9464444-20.4405982,TH570903,6.539,0.0,6.539
N-99.9475102-20.4407504,TH570903,6.531,0.0,6.531
N-99.9485053-20.4407528,TH570903,6.561,0.0,6.561
N-99.9492855-20.4405887,TH570903,3.347,0.0,3.347
N-99.9501829-20.4411654,TH570903,3.235,0.0,3.235
N-99.9511302-20.4407286,TH570903,3.041,0.0,3.041
N-99.9516573-20.4409944,TH570903,3.295,0.0,3.295
N-99.9525940-20.4408681,TH570903,3.073,0.0,3.073
N-99.9532363-20.4410777,TH570903,3.016,0.0,3.016
N-99.9541839-20.4410720,TH570903,3.006,0.0,3.006
N-99.9550656-20.4409446,TH570903,3.072,0.0,3.072
N-99.9553620-20.4409018,TH570903,3.05,0.0,3.05
N-99.9565287-20.4407787,TH570903,2.787,0.0,2.787
N-99.9570264-20.4406008,TH570903,2.725,0.0,2.725
N-99.9583466-20.4409753,TH570903,2.591,0.0,2.591
N-99.9588731-20.4410026,TH570903,2.432,0.0,2.432
N-99.9599970-20.4407287,TH570903,2.323,0.0,2.323
N-99.9600144-20.4409950,TH570903,1.995,0.0,1.995
N-99.9616787-20.4422064,TH570903,1.633,0.0,1.633
N-99.9649857-20.4396195,TH570903,7.721,0.0,7.721
N-99.9654210-20.4402882,TH570903,4.585,0.0,4.585
N-99.9656275-20.4405395,TH570903,4.962,0.0,4.962
N-99.9658025-20.4407863,TH570903,2.09,0.0,2.09
N-99.9686477-20.4413425,TH570903,4.086,0.0,4.086
N-99.9686836-20.4413470,TH570903,4.818,0.0,4.818
N-99.9687105-20.4413694,TH570903,5.422,0.0,5.422
N-99.9687913-20.4415265,TH570903,2.888,0.0,2.888
N-99.9761198-20.4366552,TH570903,23.767,0.0,23.767
N-99.9415620-20.4400068,TH570903,2.931,0.0,2.931
N-99.9426512-20.4399434,TH570903,2.705,0.0,2.705
N-99.9430353-20.4400376,TH570903,5.65,0.0,5.65
N-99.9442518-20.4402868,TH570903,3.224,0.0,3.224
N-99.9457326-20.4400635,TH570903,5.629,0.0,5.629
N-99.9492849-20.4399445,TH570903,3.349,0.0,3.349
N-99.9496986-20.4397761,TH570903,3.243,0.0,3.243
N-99.9509658-20.4401443,TH570903,3.196,0.0,3.196
N-99.9515992-20.4399394,TH570903,3.152,0.0,3.152
N-99.9526605-20.4402177,TH570903,2.992,0.0,2.992
N-99.9532382-20.4396279,TH570903,3.076,0.0,3.076
N-99.9542775-20.4403507,TH570903,2.996,0.0,2.996
N-99.9548951-20.4401969,TH570903,2.98,0.0,2.98
N-99.9559224-20.4400131,TH570903,3.102,0.0,3.102
N-99.9567558-20.4399456,TH570903,2.745,0.0,2.745
N-99.9579499-20.4401147,TH570903,2.642,0.0,2.642
N-99.9583884-20.4400590,TH570903,2.384,0.0,2.384
N-99.9588811-20.4400350,TH570903,2.25,0.0,2.25
N-99.9598521-20.4405251,TH570903,2.214,0.0,2.214
N-99.9599487-20.4406130,TH570903,1.892,0.0,1.892
N-99.9613971-20.4386903,TH570903,3.977,0.0,3.977
N-99.9618620-20.4384972,TH570903,5.691,0.0,5.691
N-99.9643215-20.4388790,TH570903,4.047,0.0,4.047
N-99.9685445-20.4413919,TH570903,1.916,0.0,1.916
N-99.9422210-20.4397800,TH570903,2.881,0.0,2.881
N-99.9437392-20.4402004,TH570903,2.551,0.0,2.551
N-99.9466650-20.4381041,TH570903,9.342,0.0,9.342
N-99.9474355-20.4381901,TH570903,4.276,0.0,4.276
N-99.9492936-20.4395015,TH570903,5.696,0.0,5.696
N-99.9501170-20.4391616,TH570903,3.089,0.0,3.089
N-99.9508941-20.4395899,TH570903,3.054,0.0,3.054
N-99.9515600-20.4391616,TH570903,3.044,0.0,3.044
N-99.9527590-20.4390196,TH570903,3.041,0.0,3.041
N-99.9532051-20.4391785,TH570903,2.963,0.0,2.963
N-99.9540303-20.4387619,TH570903,2.942,0.0,2.942
N-99.9548773-20.4393059,TH570903,2.963,0.0,2.963
N-99.9558147-20.4390866,TH570903,2.996,0.0,2.996
N-99.9566801-20.4390111,TH570903,2.945,0.0,2.945
N-99.9573400-20.4389833,TH570903,2.828,0.0,2.828
N-99.9584104-20.4395115,TH570903,2.79,0.0,2.79
N-99.9594364-20.4389969,TH570903,2.714,0.0,2.714
N-99.9601028-20.4388298,TH570903,2.488,0.0,2.488
N-99.9606514-20.4387557,TH570903,2.173,0.0,2.173
N-99.9636348-20.4382686,TH570903,5.743,0.0,5.743
N-99.9647523-20.4393053,TH570903,2.529,0.0,2.529
N-99.9699801-20.4362523,TH570903,15.453,0.0,15.453
N-99.9780482-20.4354480,TH570903,26.613,0.0,26.613
N-99.9428350-20.4382969,TH570903,2.516,0.0,2.516
N-99.9436207-20.4377478,TH570903,7.683,0.0,7.683
N-99.9475159-20.4381493,TH570903,5.858,0.0,5.858
N-99.9496825-20.4384277,TH570903,2.832,0.0,2.832
N-99.9499413-20.4386061,TH570903,2.996,0.0,2.996
N-99.9511349-20.4384628,TH570903,2.773,0.0,2.773
N-99.9515855-20.4383422,TH570903,2.908,0.0,2.908
N-99.9525067-20.4383616,TH570903,2.883,0.0,2.883
N-99.9535757-20.4381499,TH570903,2.756,0.0,2.756
N-99.9541082-20.4385106,TH570903,2.892,0.0,2.892
N-99.9553868-20.4382544,TH570903,2.906,0.0,2.906
N-99.9560919-20.4383848,TH570903,2.925,0.0,2.925
N-99.9566060-20.4383457,TH570903,2.721,0.0,2.721
N-99.9571767-20.4384478,TH570903,3.023,0.0,3.023
N-99.9584523-20.4385914,TH570903,3.012,0.0,3.012
N-99.9591209-20.4380834,TH570903,2.9,0.0,2.9
N-99.9600658-20.4382332,TH570903,2.841,0.0,2.841
N-99.9610362-20.4380888,TH570903,2.377,0.0,2.377
N-99.9627416-20.4379901,TH570903,2.075,0.0,2.075
N-99.9634149-20.4381205,TH570903,1.828,0.0,1.828
N-99.9704897-20.4359055,TH570903,10.328,0.0,10.328
N-99.9432397-20.4376166,TH570903,2.596,0.0,2.596
N-99.9497455-20.4376598,TH570903,2.599,0.0,2.599
N-99.9498394-20.4375781,TH570903,11.008,0.0,11.008
N-99.9523392-20.4379074,TH570903,6.437,0.0,6.437
N-99.9535596-20.4376422,TH570903,2.397,0.0,2.397
N-99.9547128-20.4376400,TH570903,2.525,0.0,2.525
N-99.9552503-20.4374974,TH570903,5.031,0.0,5.031
N-99.9571408-20.4381786,TH570903,5.728,0.0,5.728
N-99.9581073-20.4380104,TH570903,5.688,0.0,5.688
N-99.9589891-20.4372143,TH570903,5.608,0.0,5.608
N-99.9598955-20.4375207,TH570903,2.905,0.0,2.905
N-99.9609407-20.4379380,TH570903,2.597,0.0,2.597
N-99.9614507-20.4376787,TH570903,2.374,0.0,2.374
N-99.9628539-20.4378199,TH570903,2.12,0.0,2.12
N-99.9630065-20.4379545,TH570903,2.114,0.0,2.114
N-99.9660158-20.4356391,TH570903,12.21,0.0,12.21
N-99.9771658-20.4358276,TH570903,3.28,0.0,3.28
N-99.9439689-20.4364296,TH570903,2.074,0.0,2.074
N-99.9450953-20.4359167,TH570903,4.585,0.0,4.585
N-99.9458089-20.4360289,TH570903,3.966,0.0,3.966
N-99.9466436-20.4361815,TH570903,3.238,0.0,3.238
N-99.9470928-20.4361241,TH570903,1.657,0.0,1.657
N-99.9481684-20.4359294,TH570903,1.695,0.0,1.695
N-99.9497777-20.4376133,TH570903,1.756,0.0,1.756
N-99.9534834-20.4362964,TH570903,4.259,0.0,4.259
N-99.9542248-20.4365803,TH570903,2.309,0.0,2.309
N-99.9550616-20.4367662,TH570903,2.419,0.0,2.419
N-99.9550818-20.4368445,TH570903,4.949,0.0,4.949
N-99.9595034-20.4368656,TH570903,11.397,0.0,11.397
N-99.9604223-20.4372228,TH570903,2.677,0.0,2.677
N-99.9617178-20.4365397,TH570903,7.851,0.0,7.851
N-99.9624302-20.4362484,TH570903,2.586,0.0,2.586
N-99.9626671-20.4361200,TH570903,5.168,0.0,5.168
N-99.9633619-20.4357283,TH570903,4.936,0.0,4.936
N-99.9778953-20.4354908,TH570903,0.833,0.0,0.833
N-99.9424110-20.4359725,TH570903,2.109,0.0,2.109
N-99.9441734-20.4360214,TH570903,2.086,0.0,2.086
N-99.9442285-20.4357974,TH570903,1.779,0.0,1.779
N-99.9472135-20.4357974,TH570903,1.573,0.0,1.573
N-99.9482623-20.4356805,TH570903,3.304,0.0,3.304
N-99.9482770-20.4355926,TH570903,1.692,0.0,1.692
N-99.9529474-20.4357307,TH570903,5.079,0.0,5.079
N-99.9534692-20.4357970,TH570903,2.271,0.0,2.271
N-99.9539178-20.4362022,TH570903,2.291,0.0,2.291
N-99.9549389-20.4359736,TH570903,7.076,0.0,7.076
N-99.9572852-20.4340631,TH570903,15.622,0.0,15.622
N-99.9591051-20.4345822,TH570903,6.651,0.0,6.651
N-99.9643794-20.4351553,TH570903,7.284,0.0,7.284
N-99.9672389-20.4347192,TH570903,6.246,0.0,6.246
N-99.9685210-20.4343886,TH570903,3.592,0.0,3.592
N-99.9699694-20.4360513,TH570903,1.263,0.0,1.263
N-99.9700659-20.4360060,TH570903,1.262,0.0,1.262
N-99.9725389-20.4337641,TH570903,9.116,0.0,9.116
N-99.9759675-20.4354634,TH570903,2.938,0.0,2.938
N-99.9848637-20.4306800,TH570903,4.739,0.0,4.739
N-99.9881682-20.4308484,TH570903,2.179,0.0,2.179
N-99.9368980-20.4345503,TH570903,5.061,0.0,5.061
N-99.9380567-20.4353044,TH570903,1.579,0.0,1.579
N-99.9383193-20.4352719,TH570903,4.481,0.0,4.481
N-99.9419018-20.4347271,TH570903,3.645,0.0,3.645
N-99.9425546-20.4350368,TH570903,1.953,0.0,1.953
N-99.9426123-20.4351426,TH570903,1.839,0.0,1.839
N-99.9442174-20.4356246,TH570903,1.608,0.0,1.608
N-99.9472243-20.4351841,TH570903,2.459,0.0,2.459
N-99.9482167-20.4354028,TH570903,1.366,0.0,1.366
N-99.9484393-20.4345118,TH570903,9.905,0.0,9.905
N-99.9529604-20.4353186,TH570903,4.793,0.0,4.793
N-99.9529790-20.4352907,TH570903,2.378,0.0,2.378
N-99.9534550-20.4348712,TH570903,2.016,0.0,2.016
N-99.9539740-20.4345607,TH570903,1.987,0.0,1.987
N-99.9548482-20.4350081,TH570903,1.979,0.0,1.979
N-99.9553782-20.4342919,TH570903,6.28,0.0,6.28
N-99.9596187-20.4342366,TH570903,2.168,0.0,2.168
N-99.9598655-20.4340845,TH570903,5.428,0.0,5.428
N-99.9628937-20.4349956,TH570903,5.439,0.0,5.439
N-99.9632263-20.4347005,TH570903,2.693,0.0,2.693
N-99.9653454-20.4346166,TH570903,5.344,0.0,5.344
N-99.9656618-20.4350987,TH570903,2.457,0.0,2.457
N-99.9688717-20.4342297,TH570903,2.107,0.0,2.107
N-99.9702274-20.4349204,TH570903,6.273,0.0,6.273
N-99.9757063-20.4343444,TH570903,2.338,0.0,2.338
N-99.9759022-20.4347902,TH570903,2.065,0.0,2.065
N-99.9770075-20.4350233,TH570903,0.962,0.0,0.962
N-99.9776740-20.4349969,TH570903,0.839,0.0,0.839
N-99.9845713-20.4306474,TH570903,5.832,0.0,5.832
N-99.9851292-20.4306624,TH570903,3.116,0.0,3.116
N-99.9380997-20.4340627,TH570903,2.938,0.0,2.938
N-99.9384052-20.4341208,TH570903,1.523,0.0,1.523
N-99.9389169-20.4335699,TH570903,3.237,0.0,3.237
N-99.9418674-20.4341240,TH570903,11.329,0.0,11.329
N-99.9440194-20.4334889,TH570903,10.152,0.0,10.152
N-99.9468581-20.4342667,TH570903,1.093,0.0,1.093
N-99.9468709-20.4341964,TH570903,5.493,0.0,5.493
N-99.9483696-20.4344816,TH570903,5.102,0.0,5.102
N-99.9529479-20.4337172,TH570903,11.284,0.0,11.284
N-99.9533705-20.4343032,TH570903,2.085,0.0,2.085
N-99.9539195-20.4341545,TH570903,1.909,0.0,1.909
N-99.9591145-20.4345231,TH570903,1.472,0.0,1.472
N-99.9592727-20.4343999,TH570903,1.495,0.0,1.495
N-99.9603148-20.4337490,TH570903,5.113,0.0,5.113
N-99.9612710-20.4333606,TH570903,11.774,0.0,11.774
N-99.9633551-20.4342617,TH570903,5.068,0.0,5.068
N-99.9642451-20.4341350,TH570903,2.714,0.0,2.714
N-99.9658849-20.4343293,TH570903,2.542,0.0,2.542
N-99.9665472-20.4339874,TH570903,2.693,0.0,2.693
N-99.9670565-20.4342806,TH570903,2.69,0.0,2.69
N-99.9685250-20.4343145,TH570903,2.591,0.0,2.591
N-99.9688861-20.4342039,TH570903,2.532,0.0,2.532
N-99.9700151-20.4341379,TH570903,2.541,0.0,2.541
N-99.9706897-20.4338433,TH570903,2.419,0.0,2.419
N-99.9711429-20.4335695,TH570903,4.769,0.0,4.769
N-99.9751833-20.4335638,TH570903,3.455,0.0,3.455
N-99.9752243-20.4336276,TH570903,1.301,0.0,1.301
N-99.9765162-20.4341940,TH570903,0.985,0.0,0.985
N-99.9775265-20.4344603,TH570903,0.861,0.0,0.861
N-99.9776070-20.4345269,TH570903,1.676,0.0,1.676
N-99.9842548-20.4305317,TH570903,3.943,0.0,3.943
N-99.9352624-20.4330529,TH570903,10.489,0.0,10.489
N-99.9367889-20.4321756,TH570903,11.159,0.0,11.159
N-99.9389179-20.4331773,TH570903,5.028,0.0,5.028
N-99.9455640-20.4320954,TH570903,11.115,0.0,11.115
N-99.9531975-20.4330477,TH570903,7.292,0.0,7.292
N-99.9544500-20.4335947,TH570903,3.318,0.0,3.318
N-99.9607587-20.4335039,TH570903,1.518,0.0,1.518
N-99.9637301-20.4335505,TH570903,2.226,0.0,2.226
N-99.9642684-20.4334222,TH570903,2.472,0.0,2.472
N-99.9647002-20.4333091,TH570903,2.471,0.0,2.471
N-99.9658472-20.4334618,TH570903,2.583,0.0,2.583
N-99.9665885-20.4331722,TH570903,5.119,0.0,5.119
N-99.9675468-20.4335897,TH570903,2.692,0.0,2.692
N-99.9682365-20.4334073,TH570903,2.705,0.0,2.705
N-99.9693235-20.4332447,TH570903,2.649,0.0,2.649
N-99.9695046-20.4337017,TH570903,2.647,0.0,2.647
N-99.9708894-20.4331621,TH570903,2.611,0.0,2.611
N-99.9725282-20.4330326,TH570903,4.071,0.0,4.071
N-99.9746645-20.4327563,TH570903,3.654,0.0,3.654
N-99.9758143-20.4331726,TH570903,1.005,0.0,1.005
N-99.9767518-20.4336711,TH570903,0.994,0.0,0.994
N-99.9778409-20.4327725,TH570903,5.983,0.0,5.983
N-99.9797809-20.4306587,TH570903,3.607,0.0,3.607
N-99.9807639-20.4304815,TH570903,3.551,0.0,3.551
N-99.9344558-20.4335425,TH570903,3.982,0.0,3.982
N-99.9374022-20.4319339,TH570903,7.299,0.0,7.299
N-99.9388984-20.4322844,TH570903,5.018,0.0,5.018
N-99.9420889-20.4323132,TH570903,10.614,0.0,10.614
N-99.9438283-20.4320715,TH570903,4.176,0.0,4.176
N-99.9541800-20.4327075,TH570903,3.795,0.0,3.795
N-99.9605193-20.4335605,TH570903,2.78,0.0,2.78
N-99.9636803-20.4322506,TH570903,1.478,0.0,1.478
N-99.9637117-20.4325872,TH570903,1.522,0.0,1.522
N-99.9640216-20.4327662,TH570903,1.534,0.0,1.534
N-99.9644534-20.4328542,TH570903,3.563,0.0,3.563
N-99.9660721-20.4332186,TH570903,2.253,0.0,2.253
N-99.9676062-20.4327564,TH570903,8.955,0.0,8.955
N-99.9683292-20.4325563,TH570903,2.536,0.0,2.536
N-99.9692446-20.4326181,TH570903,2.52,0.0,2.52
N-99.9697709-20.4325299,TH570903,4.611,0.0,4.611
N-99.9707819-20.4328009,TH570903,2.649,0.0,2.649
N-99.9721382-20.4324125,TH570903,2.495,0.0,2.495
N-99.9724575-20.4323216,TH570903,2.17,0.0,2.17
N-99.9731834-20.4321255,TH570903,1.946,0.0,1.946
N-99.9744095-20.4323512,TH570903,1.901,0.0,1.901
N-99.9758850-20.4324301,TH570903,1.376,0.0,1.376
N-99.9763021-20.4323445,TH570903,0.997,0.0,0.997
N-99.9794041-20.4307856,TH570903,0.89,0.0,0.89
N-99.9808927-20.4304413,TH570903,0.831,0.0,0.831
N-99.9811381-20.4303332,TH570903,4.242,0.0,4.242
N-99.9868780-20.4303885,TH570903,2.904,0.0,2.904
N-99.9311255-20.4300389,TH570903,15.794,0.0,15.794
N-99.9380889-20.4318016,TH570903,2.987,0.0,2.987
N-99.9388938-20.4314636,TH570903,11.129,0.0,11.129
N-99.9400626-20.4309978,TH570903,4.811,0.0,4.811
N-99.9406198-20.4307590,TH570903,6.501,0.0,6.501
N-99.9437353-20.4316168,TH570903,4.26,0.0,4.26
N-99.9502484-20.4294410,TH570903,1.933,0.0,1.933
N-99.9509719-20.4296589,TH570903,2.914,0.0,2.914
N-99.9514111-20.4297921,TH570903,3.062,0.0,3.062
N-99.9532431-20.4316879,TH570903,3.955,0.0,3.955
N-99.9538838-20.4317022,TH570903,1.173,0.0,1.173
N-99.9539601-20.4319715,TH570903,1.036,0.0,1.036
N-99.9559829-20.4300600,TH570903,4.864,0.0,4.864
N-99.9564047-20.4300196,TH570903,1.779,0.0,1.779
N-99.9567413-20.4299568,TH570903,2.535,0.0,2.535
N-99.9578633-20.4297055,TH570903,1.76,0.0,1.76
N-99.9581101-20.4296471,TH570903,2.772,0.0,2.772
N-99.9636040-20.4317614,TH570903,4.366,0.0,4.366
N-99.9653707-20.4331168,TH570903,1.512,0.0,1.512
N-99.9686336-20.4321102,TH570903,8.262,0.0,8.262
N-99.9709134-20.4307284,TH570903,2.402,0.0,2.402
N-99.9724001-20.4319229,TH570903,2.208,0.0,2.208
N-99.9726610-20.4317545,TH570903,2.205,0.0,2.205
N-99.9730230-20.4314468,TH570903,1.946,0.0,1.946
N-99.9743138-20.4318162,TH570903,1.892,0.0,1.892
N-99.9753544-20.4316332,TH570903,1.851,0.0,1.851
N-99.9757373-20.4314674,TH570903,1.384,0.0,1.384
N-99.9767065-20.4318136,TH570903,1.225,0.0,1.225
N-99.9775012-20.4316447,TH570903,0.879,0.0,0.879
N-99.9779307-20.4310785,TH570903,0.875,0.0,0.875
N-99.9792820-20.4308032,TH570903,0.863,0.0,0.863
N-99.9371249-20.4320167,TH570903,4.783,0.0,4.783
N-99.9377467-20.4318909,TH570903,1.633,0.0,1.633
N-99.9415714-20.4304573,TH570903,2.635,0.0,2.635
N-99.9421459-20.4308448,TH570903,2.374,0.0,2.374
N-99.9436757-20.4308183,TH570903,2.169,0.0,2.169
N-99.9440006-20.4309116,TH570903,1.977,0.0,1.977
N-99.9446611-20.4303863,TH570903,3.847,0.0,3.847
N-99.9458272-20.4294819,TH570903,2.958,0.0,2.958
N-99.9464110-20.4291195,TH570903,1.031,0.0,1.031
N-99.9495766-20.4291096,TH570903,1.82,0.0,1.82
N-99.9499641-20.4293123,TH570903,1.743,0.0,1.743
N-99.9505325-20.4295181,TH570903,2.591,0.0,2.591
N-99.9517729-20.4299252,TH570903,1.842,0.0,1.842
N-99.9525452-20.4300106,TH570903,2.521,0.0,2.521
N-99.9534530-20.4306431,TH570903,0.91,0.0,0.91
N-99.9536953-20.4311861,TH570903,0.849,0.0,0.849
N-99.9549282-20.4300824,TH570903,3.871,0.0,3.871
N-99.9573382-20.4297862,TH570903,3.091,0.0,3.091
N-99.9582403-20.4295888,TH570903,0.833,0.0,0.833
N-99.9585051-20.4293778,TH570903,2.472,0.0,2.472
N-99.9607580-20.4285835,TH570903,4.813,0.0,4.813
N-99.9634514-20.4304554,TH570903,4.549,0.0,4.549
N-99.9635143-20.4307920,TH570903,3.583,0.0,3.583
N-99.9635636-20.4311510,TH570903,2.468,0.0,2.468
N-99.9693920-20.4298401,TH570903,1.809,0.0,1.809
N-99.9703449-20.4303091,TH570903,1.614,0.0,1.614
N-99.9708063-20.4307237,TH570903,1.599,0.0,1.599
N-99.9716731-20.4306731,TH570903,4.889,0.0,4.889
N-99.9723057-20.4308832,TH570903,1.88,0.0,1.88
N-99.9729543-20.4311214,TH570903,1.88,0.0,1.88
N-99.9742539-20.4309889,TH570903,4.527,0.0,4.527
N-99.9756039-20.4307254,TH570903,1.473,0.0,1.473
N-99.9756183-20.4308724,TH570903,1.336,0.0,1.336
N-99.9761843-20.4309082,TH570903,1.178,0.0,1.178
N-99.9774356-20.4312776,TH570903,0.896,0.0,0.896
N-99.9785272-20.4307457,TH570903,0.889,0.0,0.889
N-99.9791412-20.4307869,TH570903,0.874,0.0,0.874
N-99.9820299-20.4298669,TH570903,3.391,0.0,3.391
N-99.9841019-20.4304036,TH570903,0.824,0.0,0.824
N-99.9411920-20.4302238,TH570903,2.31,0.0,2.31
N-99.9420620-20.4297549,TH570903,2.604,0.0,2.604
N-99.9425698-20.4296805,TH570903,2.472,0.0,2.472
N-99.9437135-20.4298573,TH570903,2.069,0.0,2.069
N-99.9445254-20.4302054,TH570903,4.079,0.0,4.079
N-99.9461292-20.4293040,TH570903,3.561,0.0,3.561
N-99.9471547-20.4288463,TH570903,2.303,0.0,2.303
N-99.9484518-20.4286985,TH570903,2.749,0.0,2.749
N-99.9533440-20.4299747,TH570903,0.807,0.0,0.807
N-99.9544301-20.4300645,TH570903,3.066,0.0,3.066
N-99.9593533-20.4288887,TH570903,3.71,0.0,3.71
N-99.9622659-20.4287047,TH570903,3.234,0.0,3.234
N-99.9632764-20.4296970,TH570903,3.69,0.0,3.69
N-99.9692369-20.4295972,TH570903,4.806,0.0,4.806
N-99.9693510-20.4298167,TH570903,1.791,0.0,1.791
N-99.9700326-20.4301675,TH570903,1.258,0.0,1.258
N-99.9705831-20.4303692,TH570903,2.267,0.0,2.267
N-99.9721156-20.4307603,TH570903,4.963,0.0,4.963
N-99.9729193-20.4311101,TH570903,1.779,0.0,1.779
N-99.9755926-20.4306109,TH570903,1.335,0.0,1.335
N-99.9762138-20.4295739,TH570903,10.11,0.0,10.11
N-99.9768222-20.4296048,TH570903,1.996,0.0,1.996
N-99.9773184-20.4300238,TH570903,0.892,0.0,0.892
N-99.9789779-20.4303267,TH570903,0.899,0.0,0.899
N-99.9792219-20.4298910,TH570903,0.887,0.0,0.887
N-99.9816973-20.4299712,TH570903,3.211,0.0,3.211
N-99.9827461-20.4297614,TH570903,4.099,0.0,4.099
N-99.9833442-20.4297877,TH570903,1.759,0.0,1.759
N-99.9838150-20.4298066,TH570903,2.559,0.0,2.559
N-99.9311041-20.4296971,TH570903,5.626,0.0,5.626
N-99.9412128-20.4294918,TH570903,3.492,0.0,3.492
N-99.9412235-20.4294660,TH570903,12.181,0.0,12.181
N-99.9415944-20.4294403,TH570903,2.529,0.0,2.529
N-99.9427989-20.4291567,TH570903,2.415,0.0,2.415
N-99.9432324-20.4291046,TH570903,2.21,0.0,2.21
N-99.9445182-20.4292631,TH570903,2.09,0.0,2.09
N-99.9450892-20.4288251,TH570903,2.018,0.0,2.018
N-99.9465663-20.4289794,TH570903,1.845,0.0,1.845
N-99.9493830-20.4289764,TH570903,1.728,0.0,1.728
N-99.9532824-20.4299475,TH570903,2.292,0.0,2.292
N-99.9588372-20.4290771,TH570903,2.957,0.0,2.957
N-99.9603137-20.4286194,TH570903,3.0,0.0,3.0
N-99.9624634-20.4287002,TH570903,1.648,0.0,1.648
N-99.9631014-20.4292033,TH570903,0.848,0.0,0.848
N-99.9661569-20.4272012,TH570903,2.967,0.0,2.967
N-99.9668032-20.4272402,TH570903,5.307,0.0,5.307
N-99.9692489-20.4295268,TH570903,2.459,0.0,2.459
N-99.9692949-20.4294781,TH570903,5.511,0.0,5.511
N-99.9705101-20.4303391,TH570903,1.241,0.0,1.241
N-99.9722787-20.4308438,TH570903,1.077,0.0,1.077
N-99.9776069-20.4289387,TH570903,4.663,0.0,4.663
N-99.9782940-20.4291244,TH570903,0.998,0.0,0.998
N-99.9791237-20.4292383,TH570903,0.965,0.0,0.965
N-99.9792109-20.4293890,TH570903,1.065,0.0,1.065
N-99.9818516-20.4299122,TH570903,0.963,0.0,0.963
N-99.9837506-20.4297676,TH570903,3.661,0.0,3.661
N-99.9308037-20.4287017,TH570903,2.632,0.0,2.632
N-99.9311255-20.4271936,TH570903,3.831,0.0,3.831
N-99.9313616-20.4266909,TH570903,4.818,0.0,4.818
N-99.9412771-20.4294365,TH570903,2.478,0.0,2.478
N-99.9421152-20.4284428,TH570903,7.082,0.0,7.082
N-99.9436163-20.4285083,TH570903,2.343,0.0,2.343
N-99.9444129-20.4283178,TH570903,2.08,0.0,2.08
N-99.9450530-20.4284945,TH570903,2.014,0.0,2.014
N-99.9465229-20.4285787,TH570903,2.001,0.0,2.001
N-99.9467228-20.4285176,TH570903,1.788,0.0,1.788
N-99.9470694-20.4280239,TH570903,3.089,0.0,3.089
N-99.9491115-20.4287993,TH570903,0.888,0.0,0.888
N-99.9523701-20.4300061,TH570903,0.756,0.0,0.756
N-99.9586397-20.4292432,TH570903,0.754,0.0,0.754
N-99.9630056-20.4285540,TH570903,0.821,0.0,0.821
N-99.9636396-20.4275584,TH570903,3.827,0.0,3.827
N-99.9645851-20.4270533,TH570903,2.306,0.0,2.306
N-99.9674815-20.4271224,TH570903,3.409,0.0,3.409
N-99.9681914-20.4270338,TH570903,1.869,0.0,1.869
N-99.9787161-20.4285140,TH570903,2.434,0.0,2.434
N-99.9789708-20.4289971,TH570903,1.291,0.0,1.291
N-99.9836473-20.4297563,TH570903,2.14,0.0,2.14
N-99.9312114-20.4269624,TH570903,1.271,0.0,1.271
N-99.9316930-20.4259888,TH570903,9.346,0.0,9.346
N-99.9424216-20.4273220,TH570903,7.324,0.0,7.324
N-99.9435398-20.4274479,TH570903,2.13,0.0,2.13
N-99.9441284-20.4274669,TH570903,1.999,0.0,1.999
N-99.9445655-20.4273572,TH570903,1.995,0.0,1.995
N-99.9456076-20.4268249,TH570903,1.863,0.0,1.863
N-99.9474237-20.4275287,TH570903,1.044,0.0,1.044
N-99.9482334-20.4271358,TH570903,0.903,0.0,0.903
N-99.9486771-20.4268880,TH570903,0.884,0.0,0.884
N-99.9490561-20.4265100,TH570903,3.314,0.0,3.314
N-99.9496048-20.4262234,TH570903,4.044,0.0,4.044
N-99.9511713-20.4254951,TH570903,1.596,0.0,1.596
N-99.9515881-20.4253076,TH570903,2.269,0.0,2.269
N-99.9639224-20.4273206,TH570903,2.223,0.0,2.223
N-99.9648338-20.4270037,TH570903,1.515,0.0,1.515
N-99.9685025-20.4269542,TH570903,2.461,0.0,2.461
N-99.9694767-20.4264728,TH570903,4.87,0.0,4.87
N-99.9709897-20.4257699,TH570903,3.333,0.0,3.333
N-99.9714593-20.4255473,TH570903,4.569,0.0,4.569
N-99.9787094-20.4272693,TH570903,6.298,0.0,6.298
N-99.9870041-20.4303985,TH570903,0.793,0.0,0.793
N-99.9350523-20.4230010,TH570903,18.718,0.0,18.718
N-99.9422729-20.4265013,TH570903,20.848,0.0,20.848
N-99.9426832-20.4267206,TH570903,2.36,0.0,2.36
N-99.9436757-20.4267313,TH570903,2.102,0.0,2.102
N-99.9437294-20.4267062,TH570903,1.984,0.0,1.984
N-99.9449558-20.4268953,TH570903,1.9,0.0,1.9
N-99.9458724-20.4267809,TH570903,1.782,0.0,1.782
N-99.9465034-20.4267659,TH570903,4.261,0.0,4.261
N-99.9474660-20.4271118,TH570903,2.065,0.0,2.065
N-99.9485961-20.4267748,TH570903,0.842,0.0,0.842
N-99.9504081-20.4257901,TH570903,1.568,0.0,1.568
N-99.9521597-20.4251144,TH570903,2.174,0.0,2.174
N-99.9534097-20.4247727,TH570903,6.853,0.0,6.853
N-99.9559966-20.4243708,TH570903,7.09,0.0,7.09
N-99.9566701-20.4243028,TH570903,5.261,0.0,5.261
N-99.9637653-20.4274022,TH570903,2.121,0.0,2.121
N-99.9642604-20.4271673,TH570903,1.451,0.0,1.451
N-99.9650321-20.4269736,TH570903,2.88,0.0,2.88
N-99.9652863-20.4269903,TH570903,2.947,0.0,2.947
N-99.9728272-20.4248888,TH570903,6.292,0.0,6.292
N-99.9743775-20.4241397,TH570903,7.13,0.0,7.13
N-99.9787767-20.4265871,TH570903,7.872,0.0,7.872
N-99.9793842-20.4254314,TH570903,13.057,0.0,13.057
N-99.9816826-20.4244578,TH570903,5.043,0.0,5.043
N-99.9821426-20.4244188,TH570903,2.826,0.0,2.826
N-99.9824443-20.4243447,TH570903,3.573,0.0,3.573
N-99.9830143-20.4241813,TH570903,14.992,0.0,14.992
N-99.9865951-20.4234926,TH570903,15.838,0.0,15.838
N-99.9425746-20.4262148,TH570903,2.455,0.0,2.455
N-99.9433242-20.4256453,TH570903,4.525,0.0,4.525
N-99.9440047-20.4255452,TH570903,1.99,0.0,1.99
N-99.9446741-20.4256850,TH570903,1.901,0.0,1.901
N-99.9459764-20.4267703,TH570903,1.805,0.0,1.805
N-99.9508564-20.4255166,TH570903,0.779,0.0,0.779
N-99.9579059-20.4242012,TH570903,4.494,0.0,4.494
N-99.9582178-20.4241432,TH570903,5.848,0.0,5.848
N-99.9598612-20.4234343,TH570903,5.234,0.0,5.234
N-99.9678344-20.4270775,TH570903,2.288,0.0,2.288
N-99.9704083-20.4254419,TH570903,0.785,0.0,0.785
N-99.9731169-20.4247128,TH570903,2.309,0.0,2.309
N-99.9756167-20.4237878,TH570903,8.562,0.0,8.562
N-99.9788652-20.4261849,TH570903,6.276,0.0,6.276
N-99.9791452-20.4256864,TH570903,4.403,0.0,4.403
N-99.9827756-20.4242479,TH570903,1.419,0.0,1.419
N-99.9425237-20.4262386,TH570903,2.644,0.0,2.644
N-99.9425451-20.4262198,TH570903,3.378,0.0,3.378
N-99.9437517-20.4249488,TH570903,2.155,0.0,2.155
N-99.9442779-20.4249605,TH570903,1.977,0.0,1.977
N-99.9449819-20.4251025,TH570903,5.424,0.0,5.424
N-99.9508868-20.4250243,TH570903,2.376,0.0,2.376
N-99.9601552-20.4232523,TH570903,1.262,0.0,1.262
N-99.9704083-20.4253615,TH570903,4.277,0.0,4.277
N-99.9705585-20.4252081,TH570903,1.073,0.0,1.073
N-99.9736748-20.4243559,TH570903,3.533,0.0,3.533
N-99.9789907-20.4259069,TH570903,2.353,0.0,2.353
N-99.9809115-20.4243497,TH570903,2.347,0.0,2.347
N-99.9352669-20.4227094,TH570903,2.945,0.0,2.945
N-99.9437579-20.4248989,TH570903,1.968,0.0,1.968
N-99.9438971-20.4237136,TH570903,11.607,0.0,11.607
N-99.9444844-20.4240594,TH570903,2.074,0.0,2.074
N-99.9447338-20.4244515,TH570903,3.881,0.0,3.881
N-99.9457866-20.4228855,TH570903,3.134,0.0,3.134
N-99.9510642-20.4246917,TH570903,0.776,0.0,0.776
N-99.9513234-20.4242978,TH570903,0.772,0.0,0.772
N-99.9513771-20.4240483,TH570903,3.17,0.0,3.17
N-99.9516596-20.4236698,TH570903,1.49,0.0,1.49
N-99.9603628-20.4230173,TH570903,3.226,0.0,3.226
N-99.9609360-20.4221876,TH570903,11.702,0.0,11.702
N-99.9710407-20.4245073,TH570903,5.09,0.0,5.09
N-99.9713384-20.4241277,TH570903,5.552,0.0,5.552
N-99.9768398-20.4233706,TH570903,6.594,0.0,6.594
N-99.9777893-20.4230538,TH570903,5.343,0.0,5.343
N-99.9806995-20.4242765,TH570903,2.304,0.0,2.304
N-99.9808176-20.4243258,TH570903,2.047,0.0,2.047
N-99.9814756-20.4239419,TH570903,2.206,0.0,2.206
N-99.9826187-20.4242818,TH570903,2.465,0.0,2.465
N-99.9354600-20.4222972,TH570903,1.693,0.0,1.693
N-99.9356638-20.4219151,TH570903,13.517,0.0,13.517
N-99.9432438-20.4214782,TH570903,2.838,0.0,2.838
N-99.9433789-20.4217004,TH570903,7.772,0.0,7.772
N-99.9442032-20.4229501,TH570903,2.267,0.0,2.267
N-99.9449767-20.4229345,TH570903,2.022,0.0,2.022
N-99.9457264-20.4229194,TH570903,1.961,0.0,1.961
N-99.9458134-20.4228529,TH570903,4.231,0.0,4.231
N-99.9517437-20.4234663,TH570903,1.521,0.0,1.521
N-99.9522761-20.4230746,TH570903,0.719,0.0,0.719
N-99.9523438-20.4230089,TH570903,0.697,0.0,0.697
N-99.9642776-20.4201455,TH570903,5.589,0.0,5.589
N-99.9646248-20.4200701,TH570903,4.28,0.0,4.28
N-99.9719553-20.4235032,TH570903,2.342,0.0,2.342
N-99.9780950-20.4228729,TH570903,2.186,0.0,2.186
N-99.9788172-20.4227492,TH570903,2.393,0.0,2.393
N-99.9802892-20.4224979,TH570903,4.555,0.0,4.555
N-99.9813617-20.4236950,TH570903,1.989,0.0,1.989
N-99.9818303-20.4232847,TH570903,2.23,0.0,2.23
N-99.9821191-20.4229711,TH570903,2.425,0.0,2.425
N-99.9841160-20.4226247,TH570903,2.219,0.0,2.219
N-99.9850836-20.4223753,TH570903,2.09,0.0,2.09
N-99.9864610-20.4232299,TH570903,2.004,0.0,2.004
N-99.9865441-20.4234121,TH570903,1.303,0.0,1.303
N-99.9431704-20.4213134,TH570903,7.399,0.0,7.399
N-99.9436182-20.4219199,TH570903,2.13,0.0,2.13
N-99.9440935-20.4222362,TH570903,2.0,0.0,2.0
N-99.9448223-20.4223715,TH570903,1.956,0.0,1.956
N-99.9458403-20.4226065,TH570903,5.161,0.0,5.161
N-99.9471752-20.4206449,TH570903,2.625,0.0,2.625
N-99.9518745-20.4232759,TH570903,1.496,0.0,1.496
N-99.9520076-20.4231906,TH570903,0.724,0.0,0.724
N-99.9526123-20.4225297,TH570903,0.683,0.0,0.683
N-99.9527664-20.4221096,TH570903,1.38,0.0,1.38
N-99.9529135-20.4218710,TH570903,1.27,0.0,1.27
N-99.9624211-20.4204780,TH570903,7.879,0.0,7.879
N-99.9648582-20.4199248,TH570903,9.89,0.0,9.89
N-99.9723067-20.4226436,TH570903,7.774,0.0,7.774
N-99.9724175-20.4224934,TH570903,6.255,0.0,6.255
N-99.9731535-20.4222197,TH570903,1.905,0.0,1.905
N-99.9746407-20.4222131,TH570903,5.393,0.0,5.393
N-99.9783794-20.4223752,TH570903,3.834,0.0,3.834
N-99.9792615-20.4224306,TH570903,2.523,0.0,2.523
N-99.9803296-20.4224755,TH570903,2.27,0.0,2.27
N-99.9819767-20.4220132,TH570903,4.808,0.0,4.808
N-99.9823778-20.4224029,TH570903,2.691,0.0,2.691
N-99.9831095-20.4222571,TH570903,2.527,0.0,2.527
N-99.9841583-20.4226191,TH570903,2.603,0.0,2.603
N-99.9850488-20.4223727,TH570903,2.432,0.0,2.432
N-99.9860562-20.4226774,TH570903,2.082,0.0,2.082
N-99.9864735-20.4227044,TH570903,1.811,0.0,1.811
N-99.9869178-20.4218606,TH570903,2.568,0.0,2.568
N-99.9871647-20.4215959,TH570903,11.198,0.0,11.198
N-99.9445044-20.4219754,TH570903,1.879,0.0,1.879
N-99.9448799-20.4217944,TH570903,1.818,0.0,1.818
N-99.9455665-20.4212917,TH570903,3.715,0.0,3.715
N-99.9464431-20.4209648,TH570903,4.737,0.0,4.737
N-99.9469523-20.4207374,TH570903,2.26,0.0,2.26
N-99.9472999-20.4205262,TH570903,5.718,0.0,5.718
N-99.9525423-20.4226216,TH570903,0.741,0.0,0.741
N-99.9529065-20.4216675,TH570903,1.982,0.0,1.982
N-99.9529369-20.4213546,TH570903,1.389,0.0,1.389
N-99.9727227-20.4223229,TH570903,2.161,0.0,2.161
N-99.9735125-20.4219504,TH570903,2.079,0.0,2.079
N-99.9742665-20.4217395,TH570903,1.828,0.0,1.828
N-99.9747010-20.4217380,TH570903,1.93,0.0,1.93
N-99.9759561-20.4210707,TH570903,3.864,0.0,3.864
N-99.9760661-20.4210355,TH570903,1.85,0.0,1.85
N-99.9785993-20.4222445,TH570903,2.324,0.0,2.324
N-99.9792591-20.4220434,TH570903,2.564,0.0,2.564
N-99.9804148-20.4218238,TH570903,2.32,0.0,2.32
N-99.9805387-20.4218039,TH570903,2.526,0.0,2.526
N-99.9824649-20.4218559,TH570903,2.29,0.0,2.29
N-99.9835833-20.4213984,TH570903,2.399,0.0,2.399
N-99.9841847-20.4215465,TH570903,2.389,0.0,2.389
N-99.9843867-20.4216183,TH570903,2.351,0.0,2.351
N-99.9855919-20.4213139,TH570903,4.213,0.0,4.213
N-99.9396684-20.4176414,TH570903,15.337,0.0,15.337
N-99.9431446-20.4208284,TH570903,7.26,0.0,7.26
N-99.9459555-20.4211404,TH570903,1.793,0.0,1.793
N-99.9530326-20.4206697,TH570903,4.12,0.0,4.12
N-99.9531657-20.4201423,TH570903,2.726,0.0,2.726
N-99.9540371-20.4187732,TH570903,10.08,0.0,10.08
N-99.9630116-20.4201958,TH570903,5.261,0.0,5.261
N-99.9661625-20.4181848,TH570903,10.345,0.0,10.345
N-99.9725701-20.4223812,TH570903,1.788,0.0,1.788
N-99.9734858-20.4199986,TH570903,17.128,0.0,17.128
N-99.9736360-20.4201469,TH570903,2.073,0.0,2.073
N-99.9748940-20.4208180,TH570903,4.065,0.0,4.065
N-99.9761572-20.4209274,TH570903,2.122,0.0,2.122
N-99.9772779-20.4203258,TH570903,2.232,0.0,2.232
N-99.9786153-20.4207073,TH570903,2.495,0.0,2.495
N-99.9792233-20.4209684,TH570903,2.785,0.0,2.785
N-99.9803521-20.4207746,TH570903,2.68,0.0,2.68
N-99.9810822-20.4207357,TH570903,2.757,0.0,2.757
N-99.9816478-20.4207041,TH570903,2.696,0.0,2.696
N-99.9826494-20.4207199,TH570903,2.68,0.0,2.68
N-99.9833064-20.4208484,TH570903,2.687,0.0,2.687
N-99.9839379-20.4205951,TH570903,2.41,0.0,2.41
N-99.9848221-20.4206371,TH570903,2.62,0.0,2.62
N-99.9431919-20.4204387,TH570903,3.521,0.0,3.521
N-99.9434416-20.4200325,TH570903,2.319,0.0,2.319
N-99.9439384-20.4193833,TH570903,7.657,0.0,7.657
N-99.9494741-20.4177785,TH570903,3.675,0.0,3.675
N-99.9532288-20.4198119,TH570903,1.392,0.0,1.392
N-99.9626576-20.4202963,TH570903,2.264,0.0,2.264
N-99.9744138-20.4199823,TH570903,2.255,0.0,2.255
N-99.9748197-20.4198287,TH570903,2.149,0.0,2.149
N-99.9757834-20.4201014,TH570903,2.175,0.0,2.175
N-99.9766122-20.4194184,TH570903,2.3,0.0,2.3
N-99.9772868-20.4202809,TH570903,2.442,0.0,2.442
N-99.9787059-20.4199238,TH570903,2.252,0.0,2.252
N-99.9794545-20.4200969,TH570903,2.59,0.0,2.59
N-99.9802444-20.4201059,TH570903,2.457,0.0,2.457
N-99.9804149-20.4197379,TH570903,5.305,0.0,5.305
N-99.9817031-20.4204384,TH570903,2.704,0.0,2.704
N-99.9827415-20.4201329,TH570903,2.849,0.0,2.849
N-99.9829883-20.4197503,TH570903,2.8,0.0,2.8
N-99.9846874-20.4202091,TH570903,2.565,0.0,2.565
N-99.9851747-20.4201651,TH570903,2.5,0.0,2.5
N-99.9854376-20.4200143,TH570903,2.056,0.0,2.056
N-99.9863066-20.4194361,TH570903,4.207,0.0,4.207
N-99.9886014-20.4186739,TH570903,9.146,0.0,9.146
N-99.9891298-20.4182161,TH570903,3.795,0.0,3.795
N-99.9922943-20.4178844,TH570903,1.35,0.0,1.35
N-99.9938920-20.4182030,TH570903,1.3,0.0,1.3
N-99.9433221-20.4202037,TH570903,1.145,0.0,1.145
N-99.9448907-20.4182646,TH570903,10.282,0.0,10.282
N-99.9473502-20.4184457,TH570903,4.342,0.0,4.342
N-99.9487885-20.4178825,TH570903,1.516,0.0,1.516
N-99.9504118-20.4176342,TH570903,2.87,0.0,2.87
N-99.9534459-20.4190679,TH570903,1.384,0.0,1.384
N-99.9663538-20.4178032,TH570903,3.997,0.0,3.997
N-99.9746444-20.4191546,TH570903,5.826,0.0,5.826
N-99.9757295-20.4190288,TH570903,4.04,0.0,4.04
N-99.9766374-20.4192608,TH570903,2.237,0.0,2.237
N-99.9776484-20.4192602,TH570903,2.585,0.0,2.585
N-99.9783280-20.4191904,TH570903,2.23,0.0,2.23
N-99.9791322-20.4193687,TH570903,2.294,0.0,2.294
N-99.9795039-20.4194866,TH570903,2.319,0.0,2.319
N-99.9827554-20.4191948,TH570903,5.609,0.0,5.609
N-99.9833322-20.4195204,TH570903,2.564,0.0,2.564
N-99.9843102-20.4191924,TH570903,2.472,0.0,2.472
N-99.9853832-20.4190724,TH570903,2.34,0.0,2.34
N-99.9862638-20.4190148,TH570903,2.036,0.0,2.036
N-99.9865322-20.4189434,TH570903,2.104,0.0,2.104
N-99.9875255-20.4185320,TH570903,4.766,0.0,4.766
N-99.9915359-20.4176106,TH570903,4.583,0.0,4.583
N-99.9482658-20.4178154,TH570903,2.245,0.0,2.245
N-99.9509123-20.4172795,TH570903,2.788,0.0,2.788
N-99.9534819-20.4187078,TH570903,1.415,0.0,1.415
N-99.9566013-20.4155355,TH570903,5.067,0.0,5.067
N-99.9609315-20.4158545,TH570903,20.309,0.0,20.309
N-99.9687849-20.4159527,TH570903,4.203,0.0,4.203
N-99.9690644-20.4158720,TH570903,2.864,0.0,2.864
N-99.9735581-20.4179536,TH570903,6.288,0.0,6.288
N-99.9766909-20.4180030,TH570903,3.282,0.0,3.282
N-99.9776952-20.4186339,TH570903,2.123,0.0,2.123
N-99.9784506-20.4185093,TH570903,2.166,0.0,2.166
N-99.9792301-20.4185620,TH570903,2.089,0.0,2.089
N-99.9793064-20.4185845,TH570903,6.469,0.0,6.469
N-99.9827335-20.4186969,TH570903,2.497,0.0,2.497
N-99.9828339-20.4185978,TH570903,2.512,0.0,2.512
N-99.9838014-20.4181793,TH570903,2.322,0.0,2.322
N-99.9841716-20.4182044,TH570903,2.274,0.0,2.274
N-99.9853740-20.4180998,TH570903,2.178,0.0,2.178
N-99.9861028-20.4181692,TH570903,4.562,0.0,4.562
N-99.9882166-20.4181659,TH570903,5.468,0.0,5.468
N-99.9890989-20.4182372,TH570903,2.892,0.0,2.892
N-99.9932368-20.4181133,TH570903,2.182,0.0,2.182
N-99.9942690-20.4183018,TH570903,2.006,0.0,2.006
N-99.9948928-20.4183466,TH570903,1.004,0.0,1.004
N-99.9475728-20.4180340,TH570903,0.789,0.0,0.789
N-99.9478196-20.4178128,TH570903,0.786,0.0,0.786
N-99.9514269-20.4169514,TH570903,0.714,0.0,0.714
N-99.9518197-20.4166402,TH570903,2.133,0.0,2.133
N-99.9538386-20.4175792,TH570903,1.475,0.0,1.475
N-99.9541202-20.4168075,TH570903,1.495,0.0,1.495
N-99.9554452-20.4160207,TH570903,3.42,0.0,3.42
N-99.9573496-20.4152012,TH570903,2.303,0.0,2.303
N-99.9665521-20.4170888,TH570903,3.089,0.0,3.089
N-99.9677008-20.4161062,TH570903,4.508,0.0,4.508
N-99.9693568-20.4157289,TH570903,8.331,0.0,8.331
N-99.9735152-20.4176921,TH570903,8.896,0.0,8.896
N-99.9769982-20.4177869,TH570903,2.724,0.0,2.724
N-99.9775741-20.4178126,TH570903,3.978,0.0,3.978
N-99.9777581-20.4178934,TH570903,4.065,0.0,4.065
N-99.9789429-20.4185351,TH570903,1.991,0.0,1.991
N-99.9823759-20.4170940,TH570903,8.513,0.0,8.513
N-99.9826180-20.4172537,TH570903,1.546,0.0,1.546
N-99.9831940-20.4176270,TH570903,2.187,0.0,2.187
N-99.9838264-20.4180480,TH570903,2.116,0.0,2.116
N-99.9852102-20.4175757,TH570903,2.117,0.0,2.117
N-99.9856612-20.4176555,TH570903,2.094,0.0,2.094
N-99.9860277-20.4180385,TH570903,2.199,0.0,2.199
N-99.9888222-20.4177252,TH570903,9.449,0.0,9.449
N-99.9905306-20.4171708,TH570903,2.407,0.0,2.407
N-99.9908064-20.4173515,TH570903,2.406,2.406,0.0
N-99.9428870-20.4142730,TH570903,6.898,0.0,6.898
N-99.9469802-20.4159373,TH570903,4.621,0.0,4.621
N-99.9521098-20.4163172,TH570903,1.441,0.0,1.441
N-99.9542168-20.4166265,TH570903,0.76,0.0,0.76
N-99.9547318-20.4163098,TH570903,0.773,0.0,0.773
N-99.9581084-20.4149827,TH570903,5.493,0.0,5.493
N-99.9667131-20.4167671,TH570903,2.697,0.0,2.697
N-99.9673626-20.4161590,TH570903,2.878,0.0,2.878
N-99.9738263-20.4157113,TH570903,3.031,0.0,3.031
N-99.9749935-20.4157661,TH570903,4.569,0.0,4.569
N-99.9776773-20.4178427,TH570903,1.937,0.0,1.937
N-99.9801378-20.4150665,TH570903,6.178,0.0,6.178
N-99.9827394-20.4173203,TH570903,1.484,0.0,1.484
N-99.9848450-20.4163783,TH570903,1.511,0.0,1.511
N-99.9849716-20.4166104,TH570903,1.513,0.0,1.513
N-99.9850778-20.4167983,TH570903,1.501,0.0,1.501
N-99.9857914-20.4177453,TH570903,2.194,0.0,2.194
N-99.9884050-20.4180416,TH570903,2.273,0.0,2.273
N-99.9901374-20.4167279,TH570903,5.23,0.0,5.23
N-99.9902642-20.4166324,TH570903,2.268,0.0,2.268
N-99.9911050-20.4174132,TH570903,2.204,0.0,2.204
N-99.9971810-20.4172728,TH570903,2.03,0.0,2.03
N-99.9976186-20.4169922,TH570903,2.009,0.0,2.009
N-99.9983173-20.4165201,TH570903,2.911,0.0,2.911
N-99.9474693-20.4154733,TH570903,4.999,0.0,4.999
N-99.9525430-20.4159723,TH570903,2.168,0.0,2.168
N-99.9528407-20.4159524,TH570903,1.52,0.0,1.52
N-99.9543533-20.4160931,TH570903,0.763,0.0,0.763
N-99.9546690-20.4159581,TH570903,0.774,0.0,0.774
N-99.9593531-20.4146123,TH570903,4.754,0.0,4.754
N-99.9669196-20.4164348,TH570903,0.801,0.0,0.801
N-99.9671030-20.4162781,TH570903,1.831,0.0,1.831
N-99.9715779-20.4139781,TH570903,5.131,0.0,5.131
N-99.9735688-20.4151684,TH570903,0.845,0.0,0.845
N-99.9769143-20.4146980,TH570903,4.425,0.0,4.425
N-99.9775981-20.4148349,TH570903,3.226,0.0,3.226
N-99.9783803-20.4150119,TH570903,6.972,0.0,6.972
N-99.9811127-20.4150930,TH570903,7.073,0.0,7.073
N-99.9820310-20.4152651,TH570903,2.593,0.0,2.593
N-99.9826527-20.4152585,TH570903,4.503,0.0,4.503
N-99.9833322-20.4155698,TH570903,3.376,0.0,3.376
N-99.9840053-20.4157200,TH570903,3.432,0.0,3.432
N-99.9848104-20.4158226,TH570903,10.234,0.0,10.234
N-99.9848162-20.4159359,TH570903,2.944,0.0,2.944
N-99.9903398-20.4156742,TH570903,11.909,0.0,11.909
N-99.9908463-20.4161137,TH570903,2.148,0.0,2.148
N-99.9912502-20.4157538,TH570903,2.082,0.0,2.082
N-99.9945839-20.4141322,TH570903,9.638,0.0,9.638
N-99.9990347-20.4157463,TH570903,3.618,0.0,3.618
N-99.9994217-20.4153943,TH570903,2.215,0.0,2.215
N-100.0069140-20.4169071,TH570903,2.904,0.0,2.904
N-99.9460198-20.4134353,TH570903,4.755,0.0,4.755
N-99.9494155-20.4138541,TH570903,5.381,0.0,5.381
N-99.9498024-20.4135501,TH570903,2.094,0.0,2.094
N-99.9524043-20.4160684,TH570903,0.727,0.0,0.727
N-99.9546438-20.4153525,TH570903,2.487,0.0,2.487
N-99.9554266-20.4153840,TH570903,1.109,0.0,1.109
N-99.9568293-20.4150579,TH570903,2.887,0.0,2.887
N-99.9574953-20.4149193,TH570903,3.095,0.0,3.095
N-99.9599941-20.4144564,TH570903,3.353,0.0,3.353
N-99.9607086-20.4151288,TH570903,3.354,0.0,3.354
N-99.9626242-20.4134655,TH570903,6.599,0.0,6.599
N-99.9634959-20.4132933,TH570903,10.422,0.0,10.422
N-99.9735619-20.4149942,TH570903,1.546,0.0,1.546
N-99.9741678-20.4150570,TH570903,0.801,0.0,0.801
N-99.9750788-20.4152231,TH570903,0.871,0.0,0.871
N-99.9760302-20.4145319,TH570903,3.207,0.0,3.207
N-99.9824054-20.4152254,TH570903,3.491,0.0,3.491
N-99.9846607-20.4157254,TH570903,7.363,0.0,7.363
N-99.9906964-20.4153008,TH570903,14.514,0.0,14.514
N-99.9916782-20.4153724,TH570903,1.419,0.0,1.419
N-99.9922288-20.4147577,TH570903,4.028,0.0,4.028
N-99.9927862-20.4141414,TH570903,10.797,0.0,10.797
N-100.0000838-20.4151264,TH570903,1.093,0.0,1.093
N-100.0006531-20.4149277,TH570903,0.948,0.0,0.948
N-100.0107350-20.4126021,TH570903,3.992,0.0,3.992
N-100.0108248-20.4126425,TH570903,1.98,0.0,1.98
N-100.0123821-20.4136747,TH570903,2.296,0.0,2.296
N-99.9438821-20.4133987,TH570903,1.344,0.0,1.344
N-99.9457021-20.4131827,TH570903,1.338,0.0,1.338
N-99.9503562-20.4128875,TH570903,4.237,0.0,4.237
N-99.9551481-20.4133063,TH570903,5.13,0.0,5.13
N-99.9609436-20.4141623,TH570903,1.964,0.0,1.964
N-99.9612280-20.4139336,TH570903,1.879,0.0,1.879
N-99.9730216-20.4138109,TH570903,1.491,0.0,1.491
N-99.9735473-20.4141830,TH570903,1.488,0.0,1.488
N-99.9741588-20.4145140,TH570903,0.747,0.0,0.747
N-99.9753840-20.4144736,TH570903,1.534,0.0,1.534
N-99.9779083-20.4148855,TH570903,2.318,0.0,2.318
N-99.9948789-20.4136546,TH570903,3.064,0.0,3.064
N-99.9956192-20.4130261,TH570903,3.664,0.0,3.664
N-99.9976528-20.4127054,TH570903,3.854,0.0,3.854
N-99.9987497-20.4130464,TH570903,1.439,0.0,1.439
N-99.9991338-20.4131407,TH570903,3.619,0.0,3.619
N-100.0000182-20.4132895,TH570903,3.513,0.0,3.513
N-100.0011078-20.4144069,TH570903,1.384,0.0,1.384
N-100.0017189-20.4141460,TH570903,1.041,0.0,1.041
N-100.0055568-20.4138260,TH570903,2.54,0.0,2.54
N-100.0127590-20.4140069,TH570903,2.291,0.0,2.291
N-100.0133559-20.4142268,TH570903,1.187,0.0,1.187
N-99.9453856-20.4128559,TH570903,0.653,0.0,0.653
N-99.9510108-20.4119468,TH570903,5.034,0.0,5.034
N-99.9554270-20.4130449,TH570903,4.562,0.0,4.562
N-99.9582219-20.4125019,TH570903,6.426,0.0,6.426
N-99.9590641-20.4122907,TH570903,2.995,0.0,2.995
N-99.9608837-20.4133758,TH570903,4.03,0.0,4.03
N-99.9616984-20.4135357,TH570903,2.013,0.0,2.013
N-99.9639534-20.4123418,TH570903,2.832,0.0,2.832
N-99.9642675-20.4120367,TH570903,2.796,0.0,2.796
N-99.9660373-20.4110158,TH570903,16.857,0.0,16.857
N-99.9703823-20.4122222,TH570903,3.279,0.0,3.279
N-99.9707471-20.4125339,TH570903,2.11,0.0,2.11
N-99.9713721-20.4127848,TH570903,2.034,0.0,2.034
N-99.9717844-20.4137129,TH570903,0.817,0.0,0.817
N-99.9721648-20.4131023,TH570903,0.759,0.0,0.759
N-99.9754693-20.4144646,TH570903,1.551,0.0,1.551
N-99.9951794-20.4132825,TH570903,2.216,0.0,2.216
N-99.9966063-20.4126541,TH570903,4.722,0.0,4.722
N-99.9986447-20.4130061,TH570903,2.332,0.0,2.332
N-100.0008832-20.4131230,TH570903,2.591,0.0,2.591
N-100.0025581-20.4134189,TH570903,1.909,0.0,1.909
N-100.0051974-20.4131674,TH570903,0.873,0.0,0.873
N-100.0094290-20.4115565,TH570903,4.111,0.0,4.111
N-100.0106497-20.4125303,TH570903,0.981,0.0,0.981
N-99.9449783-20.4123098,TH570903,0.661,0.0,0.661
N-99.9454218-20.4126284,TH570903,0.668,0.0,0.668
N-99.9540037-20.4109461,TH570903,2.342,0.0,2.342
N-99.9552393-20.4131203,TH570903,1.516,0.0,1.516
N-99.9597132-20.4118835,TH570903,3.573,0.0,3.573
N-99.9615271-20.4127679,TH570903,4.278,0.0,4.278
N-99.9626200-20.4128175,TH570903,2.098,0.0,2.098
N-99.9636437-20.4126425,TH570903,2.057,0.0,2.057
N-99.9695455-20.4111136,TH570903,3.097,0.0,3.097
N-99.9701919-20.4118396,TH570903,2.148,0.0,2.148
N-99.9726462-20.4123484,TH570903,1.825,0.0,1.825
N-99.9731186-20.4118882,TH570903,6.81,0.0,6.81
N-99.9878324-20.4085418,TH570903,12.258,0.0,12.258
N-99.9940982-20.4124644,TH570903,10.994,0.0,10.994
N-99.9954257-20.4126510,TH570903,2.236,0.0,2.236
N-99.9959251-20.4124512,TH570903,2.299,0.0,2.299
N-99.9973836-20.4124316,TH570903,2.679,0.0,2.679
N-99.9979374-20.4127507,TH570903,2.501,0.0,2.501
N-99.9990082-20.4120456,TH570903,4.679,0.0,4.679
N-100.0002154-20.4120591,TH570903,2.153,0.0,2.153
N-100.0007888-20.4122245,TH570903,4.226,0.0,4.226
N-100.0028453-20.4125528,TH570903,0.978,0.0,0.978
N-100.0032851-20.4122745,TH570903,0.954,0.0,0.954
N-100.0039314-20.4121982,TH570903,0.918,0.0,0.918
N-100.0049024-20.4127501,TH570903,0.876,0.0,0.876
N-100.0077552-20.4109617,TH570903,3.152,0.0,3.152
N-100.0085422-20.4111707,TH570903,3.695,0.0,3.695
N-100.0103939-20.4121758,TH570903,1.016,0.0,1.016
N-100.0114755-20.4128490,TH570903,2.037,0.0,2.037
N-100.0117627-20.4130285,TH570903,3.208,0.0,3.208
N-100.0151979-20.4128469,TH570903,2.254,0.0,2.254
N-100.0157784-20.4125307,TH570903,3.281,0.0,3.281
N-100.0167907-20.4125802,TH570903,1.216,0.0,1.216
N-99.9453910-20.4125869,TH570903,1.419,0.0,1.419
N-99.9472000-20.4099090,TH570903,6.544,0.0,6.544
N-99.9514690-20.4112174,TH570903,2.934,0.0,2.934
N-99.9518836-20.4108766,TH570903,2.231,0.0,2.231
N-99.9535325-20.4107935,TH570903,1.483,0.0,1.483
N-99.9543852-20.4110449,TH570903,1.636,0.0,1.636
N-99.9550090-20.4112333,TH570903,1.519,0.0,1.519
N-99.9558123-20.4112648,TH570903,1.539,0.0,1.539
N-99.9565484-20.4110538,TH570903,1.901,0.0,1.901
N-99.9573292-20.4108115,TH570903,3.23,0.0,3.23
N-99.9592948-20.4121600,TH570903,1.116,0.0,1.116
N-99.9604052-20.4113204,TH570903,3.037,0.0,3.037
N-99.9614727-20.4107372,TH570903,5.27,0.0,5.27
N-99.9631096-20.4121489,TH570903,2.146,0.0,2.146
N-99.9633711-20.4118723,TH570903,2.018,0.0,2.018
N-99.9643582-20.4115826,TH570903,2.052,0.0,2.052
N-99.9643850-20.4116631,TH570903,1.909,0.0,1.909
N-99.9693550-20.4109648,TH570903,2.99,0.0,2.99
N-99.9700390-20.4115184,TH570903,1.071,0.0,1.071
N-99.9752318-20.4102011,TH570903,8.105,0.0,8.105
N-99.9761865-20.4096320,TH570903,6.766,0.0,6.766
N-99.9806707-20.4090074,TH570903,12.044,0.0,12.044
N-99.9836130-20.4084983,TH570903,11.069,0.0,11.069
N-99.9861659-20.4084186,TH570903,15.398,0.0,15.398
N-99.9902684-20.4085094,TH570903,8.874,0.0,8.874
N-99.9904821-20.4085475,TH570903,4.798,0.0,4.798
N-99.9914538-20.4087833,TH570903,8.555,0.0,8.555
N-99.9946272-20.4117814,TH570903,4.557,0.0,4.557
N-99.9948810-20.4115949,TH570903,4.632,0.0,4.632
N-99.9956372-20.4110394,TH570903,4.883,0.0,4.883
N-99.9966351-20.4121449,TH570903,2.705,0.0,2.705
N-99.9971951-20.4116866,TH570903,2.883,0.0,2.883
N-99.9981241-20.4120187,TH570903,2.676,0.0,2.676
N-100.0003721-20.4114475,TH570903,2.295,0.0,2.295
N-100.0008923-20.4118742,TH570903,6.543,0.0,6.543
N-100.0029979-20.4123957,TH570903,1.276,0.0,1.276
N-100.0035993-20.4122072,TH570903,0.956,0.0,0.956
N-100.0044678-20.4118049,TH570903,0.934,0.0,0.934
N-100.0099541-20.4118078,TH570903,2.631,0.0,2.631
N-100.0102413-20.4120097,TH570903,2.722,0.0,2.722
N-100.0111614-20.4127323,TH570903,1.001,0.0,1.001
N-100.0154613-20.4126221,TH570903,3.172,0.0,3.172
N-100.0164736-20.4125002,TH570903,3.236,0.0,3.236
N-99.9522146-20.4105965,TH570903,1.539,0.0,1.539
N-99.9567234-20.4109865,TH570903,1.938,0.0,1.938
N-99.9582089-20.4105736,TH570903,2.025,0.0,2.025
N-99.9586532-20.4103447,TH570903,2.161,0.0,2.161
N-99.9607914-20.4111092,TH570903,1.773,0.0,1.773
N-99.9617034-20.4105009,TH570903,1.966,0.0,1.966
N-99.9635589-20.4102001,TH570903,3.781,0.0,3.781
N-99.9641703-20.4110177,TH570903,2.09,0.0,2.09
N-99.9648784-20.4104470,TH570903,2.08,0.0,2.08
N-99.9680315-20.4101975,TH570903,1.887,0.0,1.887
N-99.9686684-20.4103012,TH570903,1.728,0.0,1.728
N-99.9702631-20.4109366,TH570903,4.331,0.0,4.331
N-99.9828492-20.4085018,TH570903,4.428,0.0,4.428
N-99.9923764-20.4090850,TH570903,6.641,0.0,6.641
N-99.9927625-20.4091587,TH570903,2.605,0.0,2.605
N-99.9959386-20.4108541,TH570903,2.554,0.0,2.554
N-99.9964637-20.4105313,TH570903,2.644,0.0,2.644
N-99.9972714-20.4113545,TH570903,2.737,0.0,2.737
N-99.9983844-20.4108564,TH570903,2.532,0.0,2.532
N-99.9992831-20.4106431,TH570903,2.262,0.0,2.262
N-100.0001656-20.4109100,TH570903,4.559,0.0,4.559
N-100.0030652-20.4123553,TH570903,1.271,0.0,1.271
N-100.0044115-20.4110805,TH570903,0.955,0.0,0.955
N-100.0045108-20.4108698,TH570903,2.26,0.0,2.26
N-100.0046610-20.4106285,TH570903,1.888,0.0,1.888
N-100.0068107-20.4105806,TH570903,0.834,0.0,0.834
N-100.0161158-20.4124926,TH570903,2.073,0.0,2.073
N-100.0183722-20.4119591,TH570903,2.214,0.0,2.214
N-99.9525510-20.4099095,TH570903,0.79,0.0,0.79
N-99.9531062-20.4106858,TH570903,0.837,0.0,0.837
N-99.9569298-20.4109461,TH570903,0.864,0.0,0.864
N-99.9577152-20.4107262,TH570903,1.058,0.0,1.058
N-99.9591693-20.4099229,TH570903,3.251,0.0,3.251
N-99.9618536-20.4102194,TH570903,1.187,0.0,1.187
N-99.9621164-20.4098021,TH570903,1.189,0.0,1.189
N-99.9644933-20.4098234,TH570903,5.802,0.0,5.802
N-99.9646759-20.4101338,TH570903,2.132,0.0,2.132
N-99.9659942-20.4099329,TH570903,2.003,0.0,2.003
N-99.9665494-20.4097833,TH570903,1.871,0.0,1.871
N-99.9676117-20.4100228,TH570903,2.039,0.0,2.039
N-99.9684476-20.4099791,TH570903,1.949,0.0,1.949
N-99.9690830-20.4096267,TH570903,3.645,0.0,3.645
N-99.9723428-20.4093702,TH570903,1.125,0.0,1.125
N-99.9724659-20.4093953,TH570903,1.128,0.0,1.128
N-99.9726352-20.4093919,TH570903,2.895,0.0,2.895
N-99.9787830-20.4083007,TH570903,3.05,0.0,3.05
N-99.9932418-20.4091184,TH570903,3.284,0.0,3.284
N-99.9933957-20.4090347,TH570903,2.56,0.0,2.56
N-99.9959975-20.4096219,TH570903,2.809,0.0,2.809
N-99.9960244-20.4096784,TH570903,2.58,0.0,2.58
N-99.9966225-20.4094849,TH570903,2.67,0.0,2.67
N-99.9974152-20.4099464,TH570903,2.793,0.0,2.793
N-99.9984785-20.4099342,TH570903,2.92,0.0,2.92
N-99.9991491-20.4098034,TH570903,2.58,0.0,2.58
N-99.9999912-20.4100448,TH570903,5.1,0.0,5.1
N-100.0000905-20.4104978,TH570903,2.447,0.0,2.447
N-100.0048299-20.4099442,TH570903,1.903,0.0,1.903
N-100.0065877-20.4098553,TH570903,1.713,0.0,1.713
N-100.0071649-20.4107650,TH570903,0.781,0.0,0.781
N-100.0125391-20.4073558,TH570903,3.563,0.0,3.563
N-100.0132123-20.4072885,TH570903,4.328,0.0,4.328
N-99.9490454-20.4079784,TH570903,4.657,0.0,4.657
N-99.9526476-20.4093967,TH570903,2.508,0.0,2.508
N-99.9528192-20.4090850,TH570903,2.116,0.0,2.116
N-99.9532913-20.4085018,TH570903,5.612,0.0,5.612
N-99.9538411-20.4078879,TH570903,7.471,0.0,7.471
N-99.9590795-20.4099992,TH570903,1.057,0.0,1.057
N-99.9601790-20.4091195,TH570903,4.205,0.0,4.205
N-99.9622988-20.4095859,TH570903,2.286,0.0,2.286
N-99.9631464-20.4089423,TH570903,1.44,0.0,1.44
N-99.9662451-20.4092071,TH570903,1.871,0.0,1.871
N-99.9666005-20.4091882,TH570903,2.027,0.0,2.027
N-99.9672697-20.4088753,TH570903,2.117,0.0,2.117
N-99.9683739-20.4090522,TH570903,2.087,0.0,2.087
N-99.9691189-20.4087201,TH570903,2.081,0.0,2.081
N-99.9700540-20.4086181,TH570903,1.9,0.0,1.9
N-99.9705505-20.4085271,TH570903,1.644,0.0,1.644
N-99.9722654-20.4089846,TH570903,1.558,0.0,1.558
N-99.9723002-20.4092750,TH570903,1.616,0.0,1.616
N-99.9741186-20.4079382,TH570903,2.39,0.0,2.39
N-99.9756622-20.4090522,TH570903,1.199,0.0,1.199
N-99.9757698-20.4092150,TH570903,1.167,0.0,1.167
N-99.9763644-20.4087515,TH570903,1.169,0.0,1.169
N-99.9768050-20.4085434,TH570903,1.131,0.0,1.131
N-99.9937524-20.4088532,TH570903,6.68,0.0,6.68
N-99.9942647-20.4086627,TH570903,5.349,0.0,5.349
N-99.9960431-20.4095452,TH570903,2.582,0.0,2.582
N-99.9964736-20.4094258,TH570903,2.826,0.0,2.826
N-99.9978152-20.4097354,TH570903,2.838,0.0,2.838
N-99.9984131-20.4094710,TH570903,2.782,0.0,2.782
N-99.9992350-20.4091189,TH570903,2.571,0.0,2.571
N-99.9996104-20.4092605,TH570903,2.412,0.0,2.412
N-100.0010668-20.4083560,TH570903,8.531,0.0,8.531
N-100.0044169-20.4084058,TH570903,1.984,0.0,1.984
N-100.0047334-20.4091901,TH570903,1.916,0.0,1.916
N-100.0063909-20.4093020,TH570903,2.493,0.0,2.493
N-100.0075890-20.4075398,TH570903,2.187,0.0,2.187
N-100.0096669-20.4074680,TH570903,2.563,0.0,2.563
N-100.0099092-20.4074680,TH570903,4.18,0.0,4.18
N-100.0112556-20.4075219,TH570903,1.114,0.0,1.114
N-100.0114531-20.4075308,TH570903,2.366,0.0,2.366
N-100.0133245-20.4072436,TH570903,1.727,0.0,1.727
N-100.0141548-20.4068397,TH570903,1.459,0.0,1.459
N-100.0144914-20.4067140,TH570903,3.485,0.0,3.485
N-100.0147382-20.4065570,TH570903,2.195,0.0,2.195
N-99.9558393-20.4067051,TH570903,5.018,0.0,5.018
N-99.9574180-20.4074600,TH570903,7.248,0.0,7.248
N-99.9611125-20.4085810,TH570903,2.025,0.0,2.025
N-99.9616197-20.4082130,TH570903,1.119,0.0,1.119
N-99.9630917-20.4087560,TH570903,1.126,0.0,1.126
N-99.9636302-20.4083925,TH570903,1.139,0.0,1.139
N-99.9638847-20.4084501,TH570903,1.682,0.0,1.682
N-99.9652224-20.4077088,TH570903,1.703,0.0,1.703
N-99.9654150-20.4076221,TH570903,1.694,0.0,1.694
N-99.9666689-20.4088011,TH570903,1.775,0.0,1.775
N-99.9674825-20.4087802,TH570903,1.914,0.0,1.914
N-99.9689753-20.4083162,TH570903,4.008,0.0,4.008
N-99.9692730-20.4081954,TH570903,3.669,0.0,3.669
N-99.9700485-20.4082349,TH570903,1.78,0.0,1.78
N-99.9708491-20.4084325,TH570903,1.719,0.0,1.719
N-99.9719092-20.4083052,TH570903,1.618,0.0,1.618
N-99.9724503-20.4082644,TH570903,3.258,0.0,3.258
N-99.9734964-20.4080186,TH570903,2.84,0.0,2.84
N-99.9750521-20.4080488,TH570903,2.312,0.0,2.312
N-99.9759180-20.4083431,TH570903,1.163,0.0,1.163
N-99.9766137-20.4082534,TH570903,1.205,0.0,1.205
N-99.9777879-20.4077974,TH570903,2.327,0.0,2.327
N-99.9787634-20.4082534,TH570903,1.16,0.0,1.16
N-99.9790763-20.4082079,TH570903,1.133,0.0,1.133
N-99.9807335-20.4083117,TH570903,5.184,0.0,5.184
N-99.9949433-20.4082197,TH570903,7.828,0.0,7.828
N-99.9956851-20.4079261,TH570903,2.802,0.0,2.802
N-99.9970573-20.4083550,TH570903,2.779,0.0,2.779
N-99.9975282-20.4082506,TH570903,2.681,0.0,2.681
N-99.9984113-20.4085137,TH570903,2.482,0.0,2.482
N-99.9989735-20.4084425,TH570903,2.497,0.0,2.497
N-99.9994269-20.4090335,TH570903,2.359,0.0,2.359
N-100.0012170-20.4081247,TH570903,2.302,0.0,2.302
N-100.0020002-20.4075767,TH570903,2.871,0.0,2.871
N-100.0038800-20.4078366,TH570903,0.998,0.0,0.998
N-100.0046127-20.4087129,TH570903,0.938,0.0,0.938
N-100.0056695-20.4083431,TH570903,0.901,0.0,0.901
N-100.0064805-20.4078899,TH570903,0.8,0.0,0.8
N-100.0070325-20.4077597,TH570903,1.488,0.0,1.488
N-100.0083923-20.4073244,TH570903,6.412,0.0,6.412
N-100.0150209-20.4063595,TH570903,2.671,0.0,2.671
N-100.0183734-20.4051208,TH570903,3.438,0.0,3.438
N-99.9508693-20.4062991,TH570903,8.168,0.0,8.168
N-99.9543669-20.4069930,TH570903,5.085,0.0,5.085
N-99.9572772-20.4072551,TH570903,1.593,0.0,1.593
N-99.9617094-20.4081098,TH570903,2.002,0.0,2.002
N-99.9632398-20.4070013,TH570903,2.248,0.0,2.248
N-99.9638053-20.4082758,TH570903,1.143,0.0,1.143
N-99.9652504-20.4074545,TH570903,2.263,0.0,2.263
N-99.9656184-20.4073558,TH570903,1.144,0.0,1.144
N-99.9660600-20.4073451,TH570903,1.163,0.0,1.163
N-99.9674923-20.4065959,TH570903,2.909,0.0,2.909
N-99.9701983-20.4076756,TH570903,1.726,0.0,1.726
N-99.9710397-20.4078540,TH570903,3.183,0.0,3.183
N-99.9742485-20.4075578,TH570903,1.198,0.0,1.198
N-99.9759855-20.4078980,TH570903,1.193,0.0,1.193
N-99.9767442-20.4078557,TH570903,2.351,0.0,2.351
N-99.9783244-20.4074555,TH570903,3.413,0.0,3.413
N-99.9791800-20.4079890,TH570903,2.22,0.0,2.22
N-99.9960237-20.4078226,TH570903,2.795,0.0,2.795
N-99.9970187-20.4076943,TH570903,2.817,0.0,2.817
N-99.9974142-20.4073392,TH570903,2.809,0.0,2.809
N-99.9984982-20.4075586,TH570903,2.695,0.0,2.695
N-99.9992117-20.4076228,TH570903,2.345,0.0,2.345
N-99.9999461-20.4067544,TH570903,4.561,0.0,4.561
N-100.0013940-20.4079337,TH570903,2.217,0.0,2.217
N-100.0015603-20.4077878,TH570903,1.995,0.0,1.995
N-100.0027164-20.4073600,TH570903,8.617,0.0,8.617
N-100.0031455-20.4074957,TH570903,3.502,0.0,3.502
N-100.0044670-20.4076688,TH570903,2.61,0.0,2.61
N-100.0049636-20.4076385,TH570903,9.511,0.0,9.511
N-100.0059420-20.4079213,TH570903,0.881,0.0,0.881
N-100.0065209-20.4078719,TH570903,0.771,0.0,0.771
N-100.0109325-20.4073738,TH570903,3.051,0.0,3.051
N-100.0139797-20.4068756,TH570903,0.758,0.0,0.758
N-100.0152588-20.4061172,TH570903,2.944,0.0,2.944
N-99.9548282-20.4065907,TH570903,1.91,0.0,1.91
N-99.9568153-20.4067790,TH570903,1.656,0.0,1.656
N-99.9571452-20.4063191,TH570903,1.594,0.0,1.594
N-99.9573751-20.4073669,TH570903,1.596,0.0,1.596
N-99.9595585-20.4057669,TH570903,6.027,0.0,6.027
N-99.9623287-20.4057985,TH570903,1.858,0.0,1.858
N-99.9628045-20.4063146,TH570903,0.964,0.0,0.964
N-99.9633969-20.4064762,TH570903,1.115,0.0,1.115
N-99.9639309-20.4060992,TH570903,1.989,0.0,1.989
N-99.9658876-20.4072481,TH570903,1.121,0.0,1.121
N-99.9667852-20.4067814,TH570903,1.144,0.0,1.144
N-99.9677681-20.4062697,TH570903,2.242,0.0,2.242
N-99.9695898-20.4061133,TH570903,1.639,0.0,1.639
N-99.9702054-20.4069911,TH570903,1.592,0.0,1.592
N-99.9707485-20.4063697,TH570903,1.6,0.0,1.6
N-99.9716980-20.4063848,TH570903,1.113,0.0,1.113
N-99.9718536-20.4063144,TH570903,1.57,0.0,1.57
N-99.9729479-20.4055703,TH570903,1.94,0.0,1.94
N-99.9745313-20.4071135,TH570903,1.143,0.0,1.143
N-99.9749352-20.4067096,TH570903,1.119,0.0,1.119
N-99.9753122-20.4063416,TH570903,1.125,0.0,1.125
N-99.9793972-20.4065606,TH570903,2.214,0.0,2.214
N-99.9795662-20.4062695,TH570903,5.054,0.0,5.054
N-99.9904865-20.4052102,TH570903,3.525,0.0,3.525
N-99.9905820-20.4052021,TH570903,2.313,0.0,2.313
N-99.9908338-20.4050908,TH570903,2.304,0.0,2.304
N-99.9920525-20.4046757,TH570903,3.58,0.0,3.58
N-99.9946684-20.4063326,TH570903,6.984,0.0,6.984
N-99.9958532-20.4066781,TH570903,2.69,0.0,2.69
N-99.9964940-20.4065191,TH570903,2.69,0.0,2.69
N-99.9973648-20.4065987,TH570903,2.678,0.0,2.678
N-99.9982826-20.4063916,TH570903,2.475,0.0,2.475
N-99.9993268-20.4069205,TH570903,2.331,0.0,2.331
N-100.0001211-20.4066714,TH570903,5.148,0.0,5.148
N-100.0053136-20.4077642,TH570903,0.836,0.0,0.836
N-100.0079570-20.4073738,TH570903,4.21,0.0,4.21
N-100.0134188-20.4069115,TH570903,2.117,0.0,2.117
N-100.0154338-20.4058928,TH570903,0.761,0.0,0.761
N-100.0183375-20.4051074,TH570903,1.425,0.0,1.425
N-100.0184766-20.4050939,TH570903,0.774,0.0,0.774
N-99.9543717-20.4060992,TH570903,3.626,0.0,3.626
N-99.9553539-20.4054846,TH570903,2.136,0.0,2.136
N-99.9556055-20.4060251,TH570903,1.923,0.0,1.923
N-99.9564137-20.4053991,TH570903,1.766,0.0,1.766
N-99.9571542-20.4061172,TH570903,1.757,0.0,1.757
N-99.9591399-20.4053971,TH570903,3.314,0.0,3.314
N-99.9614760-20.4049279,TH570903,2.679,0.0,2.679
N-99.9623018-20.4057536,TH570903,1.098,0.0,1.098
N-99.9636886-20.4062518,TH570903,0.881,0.0,0.881
N-99.9651651-20.4053946,TH570903,2.91,0.0,2.91
N-99.9674090-20.4064403,TH570903,1.073,0.0,1.073
N-99.9683245-20.4059466,TH570903,1.076,0.0,1.076
N-99.9689933-20.4058139,TH570903,2.921,0.0,2.921
N-99.9702319-20.4060498,TH570903,2.733,0.0,2.733
N-99.9711968-20.4062518,TH570903,1.053,0.0,1.053
N-99.9717353-20.4061755,TH570903,1.047,0.0,1.047
N-99.9723726-20.4057447,TH570903,1.584,0.0,1.584
N-99.9735933-20.4049099,TH570903,0.776,0.0,0.776
N-99.9755590-20.4059825,TH570903,1.55,0.0,1.55
N-99.9759091-20.4054215,TH570903,1.531,0.0,1.531
N-99.9764566-20.4047035,TH570903,2.998,0.0,2.998
N-99.9811648-20.4046103,TH570903,5.39,0.0,5.39
N-99.9826481-20.4043081,TH570903,3.596,0.0,3.596
N-99.9837424-20.4040266,TH570903,2.802,0.0,2.802
N-99.9846329-20.4037048,TH570903,3.52,0.0,3.52
N-99.9904633-20.4051560,TH570903,3.063,0.0,3.063
N-99.9914157-20.4048494,TH570903,3.206,0.0,3.206
N-99.9931265-20.4045726,TH570903,2.822,0.0,2.822
N-99.9946729-20.4055831,TH570903,2.269,0.0,2.269
N-99.9952131-20.4055578,TH570903,2.46,0.0,2.46
N-99.9956980-20.4060746,TH570903,2.294,0.0,2.294
N-99.9968371-20.4060861,TH570903,2.09,0.0,2.09
N-99.9972167-20.4061364,TH570903,2.06,0.0,2.06
N-99.9982408-20.4057312,TH570903,2.089,0.0,2.089
N-99.9995931-20.4062084,TH570903,3.933,0.0,3.933
N-100.0133918-20.4069295,TH570903,0.538,0.0,0.538
N-100.0156268-20.4055382,TH570903,1.659,0.0,1.659
N-100.0185664-20.4050490,TH570903,0.721,0.0,0.721
N-100.0194864-20.4045868,TH570903,2.289,0.0,2.289
N-99.9540530-20.4039768,TH570903,4.61,0.0,4.61
N-99.9546860-20.4045600,TH570903,4.411,1.454,2.957
N-99.9550408-20.4050701,TH570903,1.918,0.0,1.918
N-99.9553052-20.4054350,TH570903,1.781,0.0,1.781
N-99.9567615-20.4051302,TH570903,3.658,0.0,3.658
N-99.9570720-20.4053877,TH570903,1.991,0.0,1.991
N-99.9585394-20.4048134,TH570903,1.844,0.0,1.844
N-99.9598784-20.4044746,TH570903,5.167,0.0,5.167
N-99.9609510-20.4044073,TH570903,3.205,0.0,3.205
N-99.9625442-20.4055203,TH570903,1.538,0.0,1.538
N-99.9631680-20.4049144,TH570903,2.638,0.0,2.638
N-99.9641284-20.4046003,TH570903,1.961,0.0,1.961
N-99.9661838-20.4049279,TH570903,2.664,0.0,2.664
N-99.9670994-20.4044970,TH570903,1.048,0.0,1.048
N-99.9687688-20.4058030,TH570903,1.065,0.0,1.065
N-99.9694708-20.4058994,TH570903,1.858,0.0,1.858
N-99.9727675-20.4054933,TH570903,1.523,0.0,1.523
N-99.9733375-20.4050760,TH570903,2.235,0.0,2.235
N-99.9740047-20.4047708,TH570903,0.755,0.0,0.755
N-99.9743534-20.4043535,TH570903,0.754,0.0,0.754
N-99.9767842-20.4041425,TH570903,2.21,0.0,2.21
N-99.9816798-20.4044192,TH570903,1.432,0.0,1.432
N-99.9852096-20.4034036,TH570903,3.49,0.0,3.49
N-99.9898352-20.4035010,TH570903,4.438,0.0,4.438
N-99.9925678-20.4045835,TH570903,2.354,0.0,2.354
N-99.9946504-20.4047169,TH570903,4.328,0.0,4.328
N-99.9961225-20.4048336,TH570903,2.108,0.0,2.108
N-99.9968074-20.4045924,TH570903,2.087,0.0,2.087
N-99.9975065-20.4051716,TH570903,1.966,0.0,1.966
N-99.9984384-20.4051133,TH570903,1.899,0.0,1.899
N-99.9993503-20.4050240,TH570903,20.713,0.0,20.713
N-100.0081365-20.4073334,TH570903,3.478,0.0,3.478
N-100.0157300-20.4052465,TH570903,0.516,0.0,0.516
N-100.0157928-20.4050176,TH570903,0.523,0.0,0.523
N-100.0166500-20.4047259,TH570903,0.525,0.0,0.525
N-100.0170584-20.4045554,TH570903,1.043,0.0,1.043
N-100.0183016-20.4050670,TH570903,0.538,0.0,0.538
N-100.0189254-20.4048606,TH570903,0.535,0.0,0.535
N-100.0203362-20.4041796,TH570903,3.618,0.0,3.618
N-99.9579288-20.4042277,TH570903,2.063,0.0,2.063
N-99.9580722-20.4041251,TH570903,2.023,0.0,2.023
N-99.9608029-20.4042367,TH570903,1.74,0.0,1.74
N-99.9635180-20.4045284,TH570903,1.34,0.0,1.34
N-99.9646849-20.4044342,TH570903,3.029,0.0,3.029
N-99.9669692-20.4045778,TH570903,0.805,0.0,0.805
N-99.9673282-20.4041829,TH570903,0.822,0.0,0.822
N-99.9673462-20.4040931,TH570903,0.867,0.0,0.867
N-99.9738446-20.4047080,TH570903,0.755,0.0,0.755
N-99.9742620-20.4042098,TH570903,1.466,0.0,1.466
N-99.9748630-20.4036044,TH570903,0.746,0.0,0.746
N-99.9773048-20.4034693,TH570903,3.56,0.0,3.56
N-99.9854671-20.4029813,TH570903,2.05,0.0,2.05
N-99.9934044-20.4044885,TH570903,1.22,0.0,1.22
N-99.9942612-20.4044180,TH570903,1.372,0.0,1.372
N-99.9952114-20.4044970,TH570903,1.401,0.0,1.401
N-99.9956602-20.4044611,TH570903,2.001,0.0,2.001
N-99.9968719-20.4043938,TH570903,1.918,0.0,1.918
N-99.9972562-20.4040264,TH570903,1.877,0.0,1.877
N-99.9981420-20.4042098,TH570903,4.742,0.0,4.742
N-100.0133335-20.4024326,TH570903,2.142,0.0,2.142
N-100.0136419-20.4027721,TH570903,2.051,0.0,2.051
N-100.0140201-20.4030495,TH570903,0.512,0.0,0.512
N-100.0144230-20.4032422,TH570903,1.049,0.0,1.049
N-100.0156843-20.4038970,TH570903,1.043,0.0,1.043
N-100.0157384-20.4040436,TH570903,0.516,0.0,0.516
N-100.0176284-20.4042771,TH570903,2.111,0.0,2.111
N-100.0180323-20.4045060,TH570903,0.517,0.0,0.517
N-100.0211581-20.4039958,TH570903,2.074,0.0,2.074
N-100.0222415-20.4038732,TH570903,1.061,0.0,1.061
N-100.0225217-20.4037857,TH570903,0.543,0.0,0.543
N-100.0253021-20.4032670,TH570903,1.71,0.0,1.71
N-99.9537419-20.4035343,TH570903,1.119,0.0,1.119
N-99.9550964-20.4024076,TH570903,2.598,0.0,2.598
N-99.9577960-20.4037879,TH570903,4.032,0.0,4.032
N-99.9582762-20.4035052,TH570903,5.975,0.0,5.975
N-99.9596025-20.4030109,TH570903,4.024,0.0,4.024
N-99.9599726-20.4033885,TH570903,2.02,0.0,2.02
N-99.9607366-20.4033978,TH570903,1.821,0.0,1.821
N-99.9614446-20.4029487,TH570903,1.722,0.0,1.722
N-99.9615748-20.4028455,TH570903,1.554,0.0,1.554
N-99.9636392-20.4044791,TH570903,1.37,0.0,1.37
N-99.9646310-20.4044342,TH570903,1.096,0.0,1.096
N-99.9673462-20.4035052,TH570903,1.826,0.0,1.826
N-99.9673776-20.4032404,TH570903,0.75,0.0,0.75
N-99.9679117-20.4026794,TH570903,0.748,0.0,0.748
N-99.9687644-20.4021050,TH570903,5.972,0.0,5.972
N-99.9702005-20.4011177,TH570903,7.21,0.0,7.21
N-99.9741274-20.4043893,TH570903,0.718,0.0,0.718
N-99.9747691-20.4034469,TH570903,2.128,0.0,2.128
N-99.9750508-20.4031469,TH570903,1.415,0.0,1.415
N-99.9780812-20.4022800,TH570903,2.053,0.0,2.053
N-99.9819453-20.4040841,TH570903,0.703,0.0,0.703
N-99.9821203-20.4039046,TH570903,1.357,0.0,1.357
N-99.9825511-20.4035052,TH570903,0.685,0.0,0.685
N-99.9826992-20.4032359,TH570903,0.672,0.0,0.672
N-99.9860250-20.4021165,TH570903,5.765,0.0,5.765
N-99.9898606-20.4033686,TH570903,0.794,0.0,0.794
N-99.9916524-20.4023379,TH570903,3.551,0.0,3.551
N-99.9928808-20.4025993,TH570903,6.273,0.0,6.273
N-99.9944419-20.4030720,TH570903,2.622,0.0,2.622
N-99.9951783-20.4032393,TH570903,1.351,0.0,1.351
N-99.9956468-20.4037835,TH570903,1.899,0.0,1.899
N-99.9973012-20.4032914,TH570903,1.88,0.0,1.88
N-100.0133155-20.4023743,TH570903,4.222,0.0,4.222
N-100.0133829-20.4024954,TH570903,1.04,0.0,1.04
N-100.0148176-20.4033578,TH570903,1.598,0.0,1.598
N-100.0154096-20.4035812,TH570903,3.243,0.0,3.243
N-100.0177720-20.4043085,TH570903,0.507,0.0,0.507
N-100.0228766-20.4034093,TH570903,0.527,0.0,0.527
N-100.0231101-20.4030066,TH570903,0.528,0.0,0.528
N-100.0245296-20.4023506,TH570903,1.61,0.0,1.61
N-100.0257734-20.4030650,TH570903,0.595,0.0,0.595
N-100.0267746-20.4031645,TH570903,0.61,0.0,0.61
N-99.9553968-20.4021461,TH570903,4.197,0.0,4.197
N-99.9601636-20.4026265,TH570903,2.09,0.0,2.09
N-99.9603722-20.4024817,TH570903,1.973,0.0,1.973
N-99.9615075-20.4026750,TH570903,1.817,0.0,1.817
N-99.9615703-20.4027557,TH570903,1.661,0.0,1.661
N-99.9628856-20.4010702,TH570903,5.205,0.0,5.205
N-99.9632825-20.4008288,TH570903,4.702,0.0,4.702
N-99.9674674-20.4030430,TH570903,1.914,0.0,1.914
N-99.9676873-20.4028231,TH570903,1.821,0.0,1.821
N-99.9680687-20.4025493,TH570903,1.533,0.0,1.533
N-99.9750833-20.4027961,TH570903,1.4,0.0,1.4
N-99.9756355-20.4020709,TH570903,1.391,0.0,1.391
N-99.9784851-20.4017864,TH570903,1.334,0.0,1.334
N-99.9788756-20.4013959,TH570903,1.966,0.0,1.966
N-99.9828743-20.4028500,TH570903,1.328,0.0,1.328
N-99.9830493-20.4025358,TH570903,1.326,0.0,1.326
N-99.9835519-20.4019075,TH570903,0.664,0.0,0.664
N-99.9856709-20.4025388,TH570903,1.343,0.0,1.343
N-99.9896568-20.4024787,TH570903,4.328,0.0,4.328
N-99.9909228-20.4024083,TH570903,1.599,0.0,1.599
N-99.9949864-20.4025943,TH570903,1.653,0.0,1.653
N-99.9955308-20.4021091,TH570903,4.279,0.0,4.279
N-99.9967231-20.4021694,TH570903,1.93,0.0,1.93
N-99.9975047-20.4024355,TH570903,5.277,0.0,5.277
N-100.0176912-20.4042771,TH570903,1.605,0.0,1.605
N-100.0229735-20.4024640,TH570903,2.102,0.0,2.102
N-100.0232562-20.4023473,TH570903,1.048,0.0,1.048
N-100.0259260-20.4030561,TH570903,1.089,0.0,1.089
N-100.0264103-20.4030662,TH570903,0.59,0.0,0.59
N-100.0277910-20.4020879,TH570903,1.126,0.0,1.126
N-99.9562632-20.4009902,TH570903,1.177,0.0,1.177
N-99.9566843-20.4006378,TH570903,3.523,0.0,3.523
N-99.9601163-20.4021021,TH570903,9.696,0.0,9.696
N-99.9611046-20.4019953,TH570903,2.05,0.0,2.05
N-99.9619521-20.4013718,TH570903,3.86,0.0,3.86
N-99.9623706-20.4012512,TH570903,1.921,0.0,1.921
N-99.9638546-20.4003592,TH570903,6.436,0.0,6.436
N-99.9675751-20.4029128,TH570903,1.056,0.0,1.056
N-99.9712327-20.4004445,TH570903,5.568,0.0,5.568
N-99.9752987-20.4022666,TH570903,1.334,0.0,1.334
N-99.9755366-20.4018626,TH570903,1.301,0.0,1.301
N-99.9757374-20.4018547,TH570903,0.651,0.0,0.651
N-99.9763777-20.4013671,TH570903,0.652,0.0,0.652
N-99.9782921-20.4019883,TH570903,0.651,0.0,0.651
N-99.9793199-20.4010100,TH570903,1.298,0.0,1.298
N-99.9795667-20.4007945,TH570903,1.917,0.0,1.917
N-99.9832737-20.4022262,TH570903,0.651,0.0,0.651
N-99.9836462-20.4017549,TH570903,1.296,0.0,1.296
N-99.9920011-20.4023680,TH570903,1.664,0.0,1.664
N-99.9951580-20.4024158,TH570903,1.102,0.0,1.102
N-99.9962014-20.4014429,TH570903,4.981,0.0,4.981
N-99.9963301-20.4016352,TH570903,1.524,0.0,1.524
N-99.9974325-20.4019784,TH570903,1.48,0.0,1.48
N-99.9978676-20.4009545,TH570903,10.81,0.0,10.81
N-100.0052405-20.3957360,TH570903,30.548,0.0,30.548
N-100.0131989-20.4007362,TH570903,9.218,0.0,9.218
N-100.0133335-20.4016293,TH570903,3.287,0.0,3.287
N-100.0135489-20.4019120,TH570903,1.802,0.0,1.802
N-100.0229914-20.4024416,TH570903,1.597,0.0,1.597
N-100.0240372-20.4013824,TH570903,5.186,0.0,5.186
N-100.0243459-20.4020577,TH570903,0.529,0.0,0.529
N-100.0280000-20.4018206,TH570903,0.58,0.0,0.58
N-100.0280910-20.4016761,TH570903,1.116,0.0,1.116
N-100.0283152-20.4011728,TH570903,1.734,0.0,1.734
N-99.9579342-20.3997378,TH570903,2.34,0.0,2.34
N-99.9620997-20.4005033,TH570903,4.017,0.0,4.017
N-99.9651601-20.3992903,TH570903,6.121,0.0,6.121
N-99.9667622-20.3991071,TH570903,8.885,0.0,8.885
N-99.9723951-20.3996367,TH570903,3.394,0.0,3.394
N-99.9760208-20.4014270,TH570903,0.639,0.0,0.639
N-99.9763217-20.4011679,TH570903,0.63,0.0,0.63
N-99.9765737-20.4008326,TH570903,1.843,0.0,1.843
N-99.9771214-20.4003513,TH570903,0.627,0.0,0.627
N-99.9808233-20.3996636,TH570903,3.067,0.0,3.067
N-99.9837673-20.4010997,TH570903,2.524,0.0,2.524
N-99.9886991-20.3996724,TH570903,7.298,0.0,7.298
N-99.9898394-20.3993001,TH570903,2.789,0.0,2.789
N-99.9911910-20.4023680,TH570903,0.787,0.0,0.787
N-99.9966145-20.4011965,TH570903,3.529,0.0,3.529
N-99.9979822-20.4003247,TH570903,18.156,0.0,18.156
N-100.0007228-20.3966448,TH570903,17.276,0.0,17.276
N-100.0030004-20.3959708,TH570903,23.984,0.0,23.984
N-100.0207328-20.3977623,TH570903,5.932,0.0,5.932
N-100.0222330-20.3985371,TH570903,3.033,0.0,3.033
N-100.0284109-20.4008927,TH570903,0.538,0.0,0.538
N-100.0287121-20.4002842,TH570903,1.603,0.0,1.603
N-99.9583285-20.3994316,TH570903,2.332,0.0,2.332
N-99.9600824-20.3985532,TH570903,2.354,0.0,2.354
N-99.9613998-20.3992013,TH570903,4.015,0.0,4.015
N-99.9627327-20.4001513,TH570903,1.909,0.0,1.909
N-99.9636168-20.3999957,TH570903,1.742,0.0,1.742
N-99.9726868-20.3994482,TH570903,1.323,0.0,1.323
N-99.9732792-20.3990622,TH570903,1.933,0.0,1.933
N-99.9769884-20.4002001,TH570903,0.611,0.0,0.611
N-99.9772730-20.3998800,TH570903,1.209,0.0,1.209
N-99.9778177-20.3994075,TH570903,2.38,0.0,2.38
N-99.9810073-20.3994123,TH570903,1.204,0.0,1.204
N-99.9839379-20.4000585,TH570903,3.012,0.0,3.012
N-99.9891149-20.3994617,TH570903,6.141,0.0,6.141
N-99.9901556-20.3992204,TH570903,2.215,0.0,2.215
N-99.9914135-20.3986768,TH570903,13.965,0.0,13.965
N-99.9939134-20.3982646,TH570903,20.846,0.0,20.846
N-100.0001522-20.3968474,TH570903,8.359,0.0,8.359
N-100.0132123-20.4002021,TH570903,3.833,0.0,3.833
N-100.0132437-20.4000226,TH570903,3.036,0.0,3.036
N-100.0132931-20.3998655,TH570903,2.227,0.0,2.227
N-100.0135354-20.3992148,TH570903,5.751,0.0,5.751
N-100.0149581-20.3971728,TH570903,2.68,0.0,2.68
N-100.0284856-20.4005118,TH570903,1.541,0.0,1.541
N-100.0292095-20.4000019,TH570903,1.044,0.0,1.044
N-100.0300104-20.3999844,TH570903,0.532,0.0,0.532
N-100.0318200-20.3998728,TH570903,1.581,0.0,1.581
N-99.9634381-20.3996406,TH570903,1.419,0.0,1.419
N-99.9635910-20.3995278,TH570903,1.666,0.0,1.666
N-99.9643098-20.3988440,TH570903,5.019,0.0,5.019
N-99.9655034-20.3990087,TH570903,1.635,0.0,1.635
N-99.9736247-20.3988199,TH570903,1.897,0.0,1.897
N-99.9746710-20.3981610,TH570903,4.198,0.0,4.198
N-99.9788112-20.3986167,TH570903,0.596,0.0,0.596
N-99.9813035-20.3989725,TH570903,0.585,0.0,0.585
N-99.9814292-20.3986583,TH570903,0.586,0.0,0.586
N-99.9840007-20.3992821,TH570903,1.175,0.0,1.175
N-99.9840905-20.3988647,TH570903,1.138,0.0,1.138
N-99.9908342-20.3988880,TH570903,4.158,0.0,4.158
N-99.9962201-20.3977617,TH570903,15.236,0.0,15.236
N-99.9983222-20.3977344,TH570903,6.092,0.0,6.092
N-100.0054104-20.3956199,TH570903,7.438,0.0,7.438
N-100.0136835-20.3987705,TH570903,4.732,0.0,4.732
N-100.0139977-20.3981916,TH570903,2.239,0.0,2.239
N-100.0151825-20.3969753,TH570903,2.01,0.0,2.01
N-100.0204645-20.3974606,TH570903,7.838,0.0,7.838
N-100.0226503-20.3982589,TH570903,1.091,0.0,1.091
N-100.0244182-20.3977574,TH570903,1.059,0.0,1.059
N-100.0244772-20.3977599,TH570903,0.504,0.0,0.504
N-100.0245255-20.3977423,TH570903,5.077,0.0,5.077
N-100.0289736-20.4001113,TH570903,1.017,0.0,1.017
N-100.0295224-20.3999297,TH570903,1.031,0.0,1.031
N-100.0304587-20.3997240,TH570903,0.514,0.0,0.514
N-100.0306805-20.3996561,TH570903,1.542,0.0,1.542
N-100.0316799-20.3997787,TH570903,4.575,0.0,4.575
N-99.9609336-20.3982040,TH570903,1.09,0.0,1.09
N-99.9618175-20.3978671,TH570903,2.489,0.0,2.489
N-99.9649751-20.3983344,TH570903,1.637,0.0,1.637
N-99.9658562-20.3983890,TH570903,1.56,0.0,1.56
N-99.9663409-20.3986942,TH570903,1.197,0.0,1.197
N-99.9666281-20.3989680,TH570903,1.149,0.0,1.149
N-99.9687623-20.3964952,TH570903,1.499,0.0,1.499
N-99.9692385-20.3964197,TH570903,2.963,0.0,2.963
N-99.9725521-20.3995379,TH570903,0.686,0.0,0.686
N-99.9763203-20.3970463,TH570903,6.047,0.0,6.047
N-99.9787447-20.3984091,TH570903,1.085,0.0,1.085
N-99.9790699-20.3982720,TH570903,1.081,0.0,1.081
N-99.9796065-20.3979671,TH570903,1.092,0.0,1.092
N-99.9814651-20.3984833,TH570903,1.702,0.0,1.702
N-99.9840321-20.3983172,TH570903,6.601,0.0,6.601
N-99.9840905-20.3986897,TH570903,0.54,0.0,0.54
N-99.9994919-20.3970334,TH570903,8.285,0.0,8.285
N-100.0019035-20.3960640,TH570903,11.906,0.0,11.906
N-100.0078382-20.3945822,TH570903,11.757,0.0,11.757
N-100.0091436-20.3945155,TH570903,21.183,0.0,21.183
N-100.0142670-20.3977428,TH570903,4.048,0.0,4.048
N-100.0152588-20.3968856,TH570903,1.407,0.0,1.407
N-100.0221195-20.3983450,TH570903,0.583,0.0,0.583
N-100.0230767-20.3980120,TH570903,1.885,0.0,1.885
N-100.0305918-20.3996561,TH570903,1.029,0.0,1.029
N-100.0314277-20.3997502,TH570903,1.028,0.0,1.028
N-99.9635374-20.3971144,TH570903,1.528,0.0,1.528
N-99.9638294-20.3970963,TH570903,1.531,0.0,1.531
N-99.9647029-20.3977398,TH570903,1.346,0.0,1.346
N-99.9662410-20.3967667,TH570903,3.485,0.0,3.485
N-99.9666434-20.3965683,TH570903,1.13,0.0,1.13
N-99.9683760-20.3965455,TH570903,2.496,0.0,2.496
N-99.9704805-20.3961418,TH570903,4.872,0.0,4.872
N-99.9719219-20.3959019,TH570903,3.351,0.0,3.351
N-99.9799944-20.3975455,TH570903,0.528,0.0,0.528
N-99.9803508-20.3971736,TH570903,0.529,0.0,0.529
N-99.9817433-20.3974376,TH570903,1.075,0.0,1.075
N-99.9967538-20.3975511,TH570903,4.71,0.0,4.71
N-99.9975907-20.3969276,TH570903,8.914,0.0,8.914
N-99.9984211-20.3974721,TH570903,2.265,0.0,2.265
N-99.9986962-20.3972494,TH570903,3.008,0.0,3.008
N-100.0153575-20.3967285,TH570903,1.358,0.0,1.358
N-100.0234626-20.3978505,TH570903,1.326,0.0,1.326
N-100.0241446-20.3975085,TH570903,2.747,0.0,2.747
N-100.0288036-20.3955626,TH570903,52.58,13.028,39.551
N-99.9641366-20.3968783,TH570903,1.209,0.0,1.209
N-99.9646262-20.3969025,TH570903,2.685,0.0,2.685
N-99.9665898-20.3966009,TH570903,1.097,0.0,1.097
N-99.9667776-20.3964275,TH570903,1.098,0.0,1.098
N-99.9727319-20.3958164,TH570903,1.944,0.0,1.944
N-99.9730860-20.3957259,TH570903,0.631,0.0,0.631
N-99.9733835-20.3955971,TH570903,3.101,0.0,3.101
N-99.9801409-20.3971695,TH570903,0.516,0.0,0.516
N-99.9803685-20.3967630,TH570903,1.034,0.0,1.034
N-99.9809516-20.3964596,TH570903,1.035,0.0,1.035
N-99.9823548-20.3967630,TH570903,1.044,0.0,1.044
N-99.9829402-20.3961076,TH570903,7.533,0.0,7.533
N-99.9983631-20.3962438,TH570903,10.306,0.0,10.306
N-100.0144555-20.3975274,TH570903,1.708,0.0,1.708
N-100.0145901-20.3974196,TH570903,1.676,0.0,1.676
N-100.0155191-20.3963874,TH570903,1.466,0.0,1.466
N-100.0175704-20.3948857,TH570903,2.151,0.0,2.151
N-100.0180076-20.3949264,TH570903,1.417,0.0,1.417
N-100.0240461-20.3975543,TH570903,1.367,0.0,1.367
N-100.0241929-20.3975060,TH570903,5.52,0.0,5.52
N-100.0242385-20.3975311,TH570903,1.281,0.0,1.281
N-99.9631619-20.3961591,TH570903,3.204,0.0,3.204
N-99.9663028-20.3966563,TH570903,0.773,0.0,0.773
N-99.9672309-20.3958643,TH570903,2.3,0.0,2.3
N-99.9743198-20.3950370,TH570903,2.994,0.0,2.994
N-99.9800577-20.3946114,TH570903,2.005,0.0,2.005
N-99.9806392-20.3964810,TH570903,0.513,0.0,0.513
N-99.9820621-20.3950939,TH570903,3.105,0.0,3.105
N-99.9987118-20.3959220,TH570903,14.246,0.0,14.246
N-99.9991893-20.3958818,TH570903,3.692,0.0,3.692
N-99.9999081-20.3956203,TH570903,3.706,0.0,3.706
N-100.0007315-20.3952655,TH570903,7.616,0.0,7.616
N-100.0015752-20.3955751,TH570903,3.567,0.0,3.567
N-100.0029438-20.3958614,TH570903,4.038,0.0,4.038
N-100.0049726-20.3953866,TH570903,6.791,0.0,6.791
N-100.0058037-20.3950975,TH570903,5.023,0.0,5.023
N-100.0155191-20.3963426,TH570903,0.841,0.0,0.841
N-100.0156582-20.3957232,TH570903,2.267,0.0,2.267
N-100.0190805-20.3946549,TH570903,15.504,0.0,15.504
N-99.9675474-20.3955098,TH570903,3.041,0.0,3.041
N-99.9680945-20.3951554,TH570903,4.342,0.758,3.584
N-99.9750440-20.3946549,TH570903,2.308,0.0,2.308
N-99.9755885-20.3944030,TH570903,1.121,0.0,1.121
N-99.9760472-20.3942024,TH570903,1.592,0.0,1.592
N-99.9767982-20.3937649,TH570903,2.602,0.0,2.602
N-99.9782144-20.3934079,TH570903,3.959,0.0,3.959
N-99.9807372-20.3944456,TH570903,2.016,0.0,2.016
N-99.9995111-20.3957711,TH570903,3.561,0.0,3.561
N-100.0004445-20.3953639,TH570903,3.75,0.0,3.75
N-100.0013779-20.3952482,TH570903,3.899,0.0,3.899
N-100.0025581-20.3948930,TH570903,3.876,0.0,3.876
N-100.0028508-20.3954728,TH570903,3.963,0.0,3.963
N-100.0044026-20.3947942,TH570903,3.648,0.0,3.648
N-100.0063884-20.3947431,TH570903,2.441,0.0,2.441
N-100.0145959-20.3930258,TH570903,5.636,0.0,5.636
N-100.0156073-20.3947139,TH570903,0.874,0.0,0.874
N-100.0156388-20.3949678,TH570903,2.471,0.0,2.471
N-100.0167202-20.3947253,TH570903,1.573,0.0,1.573
N-100.0183939-20.3947555,TH570903,0.758,0.0,0.758
N-99.9624859-20.3930459,TH570903,0.743,0.0,0.743
N-99.9631476-20.3927904,TH570903,1.539,0.0,1.539
N-99.9698547-20.3926689,TH570903,2.678,0.0,2.678
N-99.9710986-20.3927136,TH570903,5.052,0.0,5.052
N-99.9763798-20.3940113,TH570903,1.576,0.0,1.576
N-99.9771469-20.3936040,TH570903,3.063,0.0,3.063
N-99.9790298-20.3932369,TH570903,5.166,0.0,5.166
N-99.9838148-20.3916581,TH570903,3.2,0.0,3.2
N-99.9856280-20.3907983,TH570903,19.392,0.0,19.392
N-99.9998599-20.3935627,TH570903,28.895,0.0,28.895
N-99.9999554-20.3937372,TH570903,5.612,0.0,5.612
N-100.0002057-20.3941343,TH570903,3.433,0.0,3.433
N-100.0004488-20.3944217,TH570903,3.17,0.0,3.17
N-100.0017503-20.3942243,TH570903,3.563,0.0,3.563
N-100.0025985-20.3938069,TH570903,7.868,0.0,7.868
N-100.0032771-20.3943466,TH570903,4.142,0.0,4.142
N-100.0043405-20.3942189,TH570903,3.993,0.0,3.993
N-100.0046023-20.3939398,TH570903,3.686,0.0,3.686
N-100.0058131-20.3942692,TH570903,3.987,0.0,3.987
N-100.0072615-20.3940655,TH570903,2.595,0.0,2.595
N-100.0075887-20.3940567,TH570903,2.465,0.0,2.465
N-100.0078100-20.3943106,TH570903,2.344,0.0,2.344
N-100.0116132-20.3920302,TH570903,5.974,0.0,5.974
N-100.0156258-20.3945141,TH570903,1.694,0.0,1.694
N-100.0172352-20.3947756,TH570903,1.677,0.0,1.677
N-100.0186004-20.3945237,TH570903,1.672,0.0,1.672
N-100.0188123-20.3944839,TH570903,8.952,0.0,8.952
N-99.9824165-20.3921688,TH570903,3.026,0.0,3.026
N-99.9835305-20.3917888,TH570903,0.52,0.0,0.52
N-99.9849682-20.3910346,TH570903,3.709,0.0,3.709
N-99.9920975-20.3894306,TH570903,20.469,0.0,20.469
N-99.9923335-20.3893652,TH570903,5.299,0.0,5.299
N-100.0016156-20.3939550,TH570903,2.969,0.0,2.969
N-100.0033004-20.3933469,TH570903,4.014,0.0,4.014
N-100.0041674-20.3934180,TH570903,4.016,0.0,4.016
N-100.0051018-20.3934931,TH570903,7.76,0.0,7.76
N-100.0068364-20.3931667,TH570903,3.433,0.0,3.433
N-100.0069222-20.3933327,TH570903,3.019,0.0,3.019
N-100.0084502-20.3928678,TH570903,2.872,0.0,2.872
N-100.0096848-20.3923214,TH570903,5.74,0.0,5.74
N-100.0108649-20.3921604,TH570903,3.021,0.0,3.021
N-100.0124394-20.3918290,TH570903,4.284,0.0,4.284
N-100.0151457-20.3931660,TH570903,0.898,0.0,0.898
N-100.0153898-20.3935386,TH570903,1.748,0.0,1.748
N-99.9710309-20.3925200,TH570903,0.634,0.0,0.634
N-99.9833052-20.3918844,TH570903,1.031,0.0,1.031
N-99.9944849-20.3887338,TH570903,0.885,0.0,0.885
N-100.0028224-20.3922918,TH570903,6.251,0.0,6.251
N-100.0030987-20.3928889,TH570903,3.693,0.0,3.693
N-100.0044896-20.3926863,TH570903,3.728,0.0,3.728
N-100.0049591-20.3925099,TH570903,4.093,0.0,4.093
N-100.0054790-20.3924520,TH570903,3.837,0.0,3.837
N-100.0067987-20.3928040,TH570903,3.148,0.0,3.148
N-100.0074639-20.3925224,TH570903,2.992,0.0,2.992
N-100.0082128-20.3923035,TH570903,2.851,0.0,2.851
N-100.0099945-20.3922047,TH570903,2.832,0.0,2.832
N-100.0128685-20.3918391,TH570903,2.109,0.0,2.109
N-100.0147046-20.3925998,TH570903,1.023,0.0,1.023
N-100.0147998-20.3924125,TH570903,0.911,0.0,0.911
N-100.0156742-20.3919009,TH570903,0.879,0.0,0.879
N-100.0157386-20.3918317,TH570903,1.775,0.0,1.775
N-99.9709310-20.3921617,TH570903,1.178,0.0,1.178
N-99.9710081-20.3923270,TH570903,1.772,0.0,1.772
N-99.9821023-20.3913475,TH570903,1.488,0.0,1.488
N-99.9930470-20.3890534,TH570903,2.378,0.0,2.378
N-99.9947076-20.3887129,TH570903,11.199,0.0,11.199
N-99.9980627-20.3887065,TH570903,2.818,0.0,2.818
N-100.0025609-20.3917337,TH570903,20.475,0.0,20.475
N-100.0042922-20.3918157,TH570903,3.489,0.0,3.489
N-100.0047796-20.3915675,TH570903,7.32,0.0,7.32
N-100.0060809-20.3916505,TH570903,3.632,0.0,3.632
N-100.0067558-20.3919593,TH570903,3.044,0.0,3.044
N-100.0078072-20.3915771,TH570903,5.886,0.0,5.886
N-100.0089445-20.3918185,TH570903,2.833,0.0,2.833
N-100.0100388-20.3911950,TH570903,2.442,0.0,2.442
N-100.0109643-20.3916356,TH570903,1.621,0.0,1.621
N-100.0145960-20.3913427,TH570903,2.002,0.0,2.002
N-100.0149661-20.3916356,TH570903,0.952,0.0,0.952
N-100.0157118-20.3917035,TH570903,4.827,0.0,4.827
N-100.0157467-20.3917840,TH570903,5.149,0.0,5.149
N-99.9706768-20.3914219,TH570903,0.56,0.0,0.56
N-99.9819183-20.3909212,TH570903,9.689,0.0,9.689
N-99.9982129-20.3887668,TH570903,0.95,0.0,0.95
N-99.9995075-20.3892787,TH570903,2.938,0.0,2.938
N-100.0000302-20.3896256,TH570903,5.874,0.0,5.874
N-100.0004983-20.3895916,TH570903,5.213,0.0,5.213
N-100.0050848-20.3913879,TH570903,6.811,0.0,6.811
N-100.0066610-20.3909686,TH570903,9.713,0.0,9.713
N-100.0077060-20.3907452,TH570903,2.954,0.0,2.954
N-100.0084402-20.3911246,TH570903,2.882,0.0,2.882
N-100.0092449-20.3906821,TH570903,2.83,0.0,2.83
N-100.0098411-20.3908109,TH570903,2.359,0.0,2.359
N-100.0107440-20.3910379,TH570903,1.62,0.0,1.62
N-100.0115742-20.3906519,TH570903,1.668,0.0,1.668
N-100.0121316-20.3902613,TH570903,3.17,0.0,3.17
N-100.0136867-20.3900995,TH570903,3.357,0.0,3.357
N-100.0142272-20.3907079,TH570903,2.926,0.0,2.926
N-100.0155777-20.3916004,TH570903,2.76,0.0,2.76
N-100.0156702-20.3916520,TH570903,3.731,0.0,3.731
N-99.9738222-20.3875059,TH570903,0.553,0.0,0.553
N-99.9742261-20.3872726,TH570903,1.035,0.0,1.035
N-99.9852659-20.3908983,TH570903,1.021,0.0,1.021
N-99.9938999-20.3887668,TH570903,1.492,0.0,1.492
N-99.9979125-20.3885908,TH570903,1.754,0.0,1.754
N-99.9983629-20.3887791,TH570903,3.246,0.0,3.246
N-100.0006834-20.3894584,TH570903,2.621,0.0,2.621
N-100.0036072-20.3890834,TH570903,13.249,0.0,13.249
N-100.0072723-20.3892970,TH570903,13.349,0.0,13.349
N-100.0076917-20.3907000,TH570903,5.619,0.0,5.619
N-100.0095670-20.3905059,TH570903,4.127,0.0,4.127
N-100.0096300-20.3905002,TH570903,2.439,0.0,2.439
N-100.0107379-20.3903325,TH570903,5.049,0.0,5.049
N-100.0124336-20.3900449,TH570903,3.122,0.0,3.122
N-100.0133836-20.3899185,TH570903,3.87,0.0,3.87
N-99.9753974-20.3864513,TH570903,0.478,0.0,0.478
N-99.9773452-20.3856838,TH570903,0.462,0.0,0.462
N-99.9933635-20.3889026,TH570903,1.957,0.0,1.957
N-99.9942218-20.3887366,TH570903,2.821,0.0,2.821
N-99.9973876-20.3881842,TH570903,7.201,0.0,7.201
N-99.9993395-20.3891540,TH570903,0.968,0.0,0.968
N-100.0002156-20.3894136,TH570903,1.013,0.0,1.013
N-100.0008067-20.3891919,TH570903,1.097,0.0,1.097
N-100.0010253-20.3888386,TH570903,1.145,0.0,1.145
N-100.0021029-20.3882459,TH570903,2.38,0.0,2.38
N-100.0126554-20.3899222,TH570903,1.325,0.0,1.325
N-100.0130819-20.3898154,TH570903,2.997,0.0,2.997
N-100.0135486-20.3899989,TH570903,2.796,0.0,2.796
N-99.9928271-20.3890987,TH570903,1.87,0.0,1.87
N-99.9936317-20.3888221,TH570903,1.374,0.0,1.374
N-99.9975854-20.3882434,TH570903,2.588,0.0,2.588
N-99.9989384-20.3888308,TH570903,1.863,0.0,1.863
N-100.0009568-20.3885752,TH570903,2.004,0.0,2.004
N-100.0017349-20.3883899,TH570903,1.012,0.0,1.012
N-100.0033782-20.3882824,TH570903,2.351,0.0,2.351
N-100.0042695-20.3872660,TH570903,1.261,0.0,1.261
N-100.0054711-20.3870548,TH570903,1.219,0.0,1.219
N-100.0106209-20.3874294,TH570903,11.918,0.0,11.918
N-100.0129089-20.3898418,TH570903,1.021,0.0,1.021
N-99.9847412-20.3851902,TH570903,0.494,0.0,0.494
N-99.9862850-20.3850780,TH570903,1.056,0.0,1.056
N-99.9870704-20.3849389,TH570903,2.755,0.0,2.755
N-99.9974834-20.3881886,TH570903,2.544,0.0,2.544
N-100.0013770-20.3878320,TH570903,0.917,0.0,0.917
N-100.0014262-20.3876857,TH570903,1.885,0.0,1.885
N-100.0016569-20.3874393,TH570903,0.999,0.0,0.999
N-100.0024830-20.3874242,TH570903,1.071,0.0,1.071
N-100.0031379-20.3875083,TH570903,1.043,0.0,1.043
N-100.0040710-20.3873817,TH570903,1.082,0.0,1.082
N-100.0052699-20.3870724,TH570903,1.096,0.0,1.096
N-100.0055677-20.3870196,TH570903,1.087,0.0,1.087
N-100.0065413-20.3868311,TH570903,1.159,0.0,1.159
N-100.0068283-20.3866752,TH570903,1.196,0.0,1.196
N-100.0080380-20.3860341,TH570903,1.248,0.0,1.248
N-100.0104761-20.3869517,TH570903,3.322,0.0,3.322
N-99.9900010-20.3841176,TH570903,1.167,0.0,1.167
N-100.0015442-20.3875248,TH570903,2.671,0.0,2.671
N-100.0018473-20.3873684,TH570903,0.942,0.0,0.942
N-100.0030408-20.3871964,TH570903,2.053,0.0,2.053
N-100.0046048-20.3870020,TH570903,1.053,0.0,1.053
N-100.0048783-20.3869844,TH570903,1.049,0.0,1.049
N-100.0058547-20.3866123,TH570903,2.86,0.0,2.86
N-100.0066245-20.3867984,TH570903,1.143,0.0,1.143
N-100.0071153-20.3864841,TH570903,1.153,0.0,1.153
N-100.0081077-20.3860140,TH570903,1.19,0.0,1.19
N-100.0103152-20.3863936,TH570903,4.28,0.0,4.28
N-99.9912845-20.3837855,TH570903,0.594,0.0,0.594
N-99.9917513-20.3836419,TH570903,0.624,0.0,0.624
N-99.9924334-20.3834668,TH570903,0.649,0.0,0.649
N-99.9930842-20.3832783,TH570903,0.703,0.0,0.703
N-100.0024189-20.3852024,TH570903,7.216,0.0,7.216
N-100.0046664-20.3869744,TH570903,0.992,0.0,0.992
N-100.0057581-20.3866651,TH570903,1.0,0.0,1.0
N-100.0059298-20.3866048,TH570903,1.989,0.0,1.989
N-100.0073379-20.3861497,TH570903,1.16,0.0,1.16
N-100.0076196-20.3860240,TH570903,2.151,0.0,2.151
N-100.0083706-20.3856544,TH570903,1.179,0.0,1.179
N-100.0087005-20.3854432,TH570903,4.974,0.0,4.974
N-100.0100577-20.3858455,TH570903,3.021,0.0,3.021
N-100.0102079-20.3860542,TH570903,1.965,0.0,1.965
N-100.0102723-20.3862226,TH570903,1.894,0.0,1.894
N-99.9953147-20.3828116,TH570903,1.528,0.0,1.528
N-99.9972714-20.3822551,TH570903,1.626,0.0,1.626
N-100.0021982-20.3844184,TH570903,6.941,0.0,6.941
N-100.0074130-20.3860843,TH570903,3.84,0.0,3.84
N-100.0093684-20.3851742,TH570903,9.006,0.0,9.006
N-100.0094756-20.3852295,TH570903,3.622,0.0,3.622
N-100.0101623-20.3859637,TH570903,2.719,0.0,2.719
N-99.9987569-20.3819230,TH570903,0.826,0.0,0.826
N-100.0019540-20.3834278,TH570903,7.037,0.0,7.037
N-100.0084403-20.3855765,TH570903,2.82,0.0,2.82
N-100.0094166-20.3851843,TH570903,8.663,0.0,8.663
N-100.0097331-20.3855212,TH570903,0.856,0.0,0.856
N-100.0062060-20.3782567,TH570903,12.356,0.0,12.356
N-99.8807215-20.4000203,TH570904,3.647,0.0,3.647
N-99.8811847-20.4000712,TH570904,4.431,0.0,4.431
N-99.8823951-20.4001662,TH570904,4.842,0.0,4.842
N-99.8836562-20.3998252,TH570904,4.765,0.0,4.765
N-99.8844582-20.4000714,TH570904,4.788,0.0,4.788
N-99.8845884-20.4001083,TH570904,4.471,0.0,4.471
N-99.8861459-20.3996840,TH570904,8.589,0.0,8.589
N-99.8870626-20.3997340,TH570904,4.267,0.0,4.267
N-99.8872320-20.3997150,TH570904,3.745,0.0,3.745
N-99.8883715-20.3992250,TH570904,10.107,0.0,10.107
N-99.8891944-20.3991922,TH570904,10.366,0.0,10.366
N-99.8901013-20.4008370,TH570904,3.738,0.0,3.738
N-99.8911272-20.4007264,TH570904,3.831,0.0,3.831
N-99.8924127-20.4001761,TH570904,11.582,3.044,8.538
N-99.8738639-20.3992071,TH570904,4.03,0.0,4.03
N-99.8752387-20.3990552,TH570904,1.872,0.0,1.872
N-99.8753736-20.3993728,TH570904,1.928,0.0,1.928
N-99.8763661-20.3994817,TH570904,2.063,0.0,2.063
N-99.8776402-20.3996372,TH570904,5.22,0.0,5.22
N-99.8795363-20.3997848,TH570904,6.815,0.0,6.815
N-99.8812916-20.3985966,TH570904,3.635,0.0,3.635
N-99.8816546-20.3986179,TH570904,4.605,0.0,4.605
N-99.8824334-20.3993449,TH570904,5.938,0.0,5.938
N-99.8832254-20.3992597,TH570904,6.697,0.0,6.697
N-99.8844693-20.3995483,TH570904,5.922,0.0,5.922
N-99.8852991-20.3996408,TH570904,4.598,0.0,4.598
N-99.8872780-20.3993527,TH570904,4.108,0.0,4.108
N-99.8876149-20.3992785,TH570904,7.98,0.0,7.98
N-99.8901056-20.3991198,TH570904,6.049,0.0,6.049
N-99.8911107-20.3990507,TH570904,9.29,0.0,9.29
N-99.8930250-20.3986171,TH570904,8.105,0.0,8.105
N-99.8957993-20.3974097,TH570904,10.3,0.0,10.3
N-99.8707334-20.3984861,TH570904,1.311,1.311,0.0
N-99.8715422-20.3989778,TH570904,1.394,0.0,1.394
N-99.8726231-20.3990846,TH570904,3.156,0.0,3.156
N-99.8752055-20.3985596,TH570904,3.544,0.0,3.544
N-99.8760627-20.3978595,TH570904,14.738,2.923,11.814
N-99.8778175-20.3982364,TH570904,5.029,0.0,5.029
N-99.8797043-20.3984472,TH570904,6.843,0.0,6.843
N-99.8813135-20.3982948,TH570904,3.638,0.0,3.638
N-99.8816726-20.3983217,TH570904,5.11,0.0,5.11
N-99.8824983-20.3982634,TH570904,6.736,0.0,6.736
N-99.8825723-20.3980239,TH570904,7.634,0.0,7.634
N-99.8842984-20.3980032,TH570904,6.66,0.0,6.66
N-99.8847500-20.3982088,TH570904,5.462,0.0,5.462
N-99.8864776-20.3980740,TH570904,8.011,0.0,8.011
N-99.8917695-20.3974935,TH570904,3.021,0.0,3.021
N-99.8931027-20.3983783,TH570904,5.798,0.0,5.798
N-99.8931725-20.3980967,TH570904,2.25,0.0,2.25
N-99.8964555-20.3974283,TH570904,3.603,0.0,3.603
N-99.8682094-20.3977420,TH570904,1.877,0.0,1.877
N-99.8692099-20.3975409,TH570904,0.981,0.0,0.981
N-99.8698322-20.3976113,TH570904,1.044,0.0,1.044
N-99.8702828-20.3978828,TH570904,1.168,0.0,1.168
N-99.8713908-20.3966477,TH570904,3.308,0.0,3.308
N-99.8722750-20.3965580,TH570904,1.179,0.0,1.179
N-99.8727148-20.3964862,TH570904,7.311,4.754,2.557
N-99.8779087-20.3975425,TH570904,4.488,0.0,4.488
N-99.8787496-20.3969530,TH570904,5.941,0.0,5.941
N-99.8798849-20.3970734,TH570904,9.468,0.0,9.468
N-99.8808363-20.3971742,TH570904,9.799,0.0,9.799
N-99.8817828-20.3972634,TH570904,8.98,0.0,8.98
N-99.8829714-20.3973754,TH570904,25.583,0.0,25.583
N-99.8840315-20.3975344,TH570904,6.704,0.0,6.704
N-99.8846067-20.3980191,TH570904,5.232,0.0,5.232
N-99.8860914-20.3972343,TH570904,4.942,0.0,4.942
N-99.8861450-20.3972796,TH570904,4.903,0.0,4.903
N-99.8885268-20.3971941,TH570904,10.571,0.0,10.571
N-99.8894605-20.3971390,TH570904,9.411,0.0,9.411
N-99.8905331-20.3970332,TH570904,8.575,0.0,8.575
N-99.8916997-20.3974784,TH570904,2.684,0.0,2.684
N-99.8928612-20.3974053,TH570904,2.568,0.0,2.568
N-99.8932583-20.3976518,TH570904,2.62,0.0,2.62
N-99.8932932-20.3972897,TH570904,2.098,0.0,2.098
N-99.8955474-20.3970866,TH570904,1.967,0.0,1.967
N-99.8980463-20.3972544,TH570904,1.644,0.0,1.644
N-99.8689954-20.3968973,TH570904,1.888,0.0,1.888
N-99.8698470-20.3968183,TH570904,1.003,0.0,1.003
N-99.8713056-20.3966612,TH570904,2.069,0.0,2.069
N-99.8726609-20.3965041,TH570904,1.144,0.0,1.144
N-99.8780696-20.3970749,TH570904,3.688,0.0,3.688
N-99.8783942-20.3969568,TH570904,2.307,0.0,2.307
N-99.8849120-20.3965409,TH570904,10.44,0.0,10.44
N-99.8858553-20.3967568,TH570904,9.583,0.0,9.583
N-99.8873480-20.3956821,TH570904,8.368,0.0,8.368
N-99.8917173-20.3966097,TH570904,5.402,0.0,5.402
N-99.8933361-20.3965682,TH570904,4.669,0.0,4.669
N-99.8953684-20.3965088,TH570904,1.986,0.0,1.986
N-99.8958258-20.3967263,TH570904,1.761,0.0,1.761
N-99.8966755-20.3964275,TH570904,1.698,0.0,1.698
N-99.8974832-20.3962639,TH570904,1.637,0.0,1.637
N-99.8983494-20.3968842,TH570904,1.463,0.0,1.463
N-99.8991069-20.3964094,TH570904,1.445,0.0,1.445
N-99.8687915-20.3961028,TH570904,1.734,0.858,0.876
N-99.8688237-20.3958414,TH570904,4.39,2.556,1.835
N-99.8697480-20.3950677,TH570904,3.255,2.281,0.974
N-99.8723827-20.3952834,TH570904,4.401,2.205,2.196
N-99.8786504-20.3955607,TH570904,51.937,15.292,36.646
N-99.8814027-20.3972276,TH570904,3.882,0.0,3.882
N-99.8833189-20.3958404,TH570904,8.387,0.0,8.387
N-99.8847961-20.3959431,TH570904,5.214,0.0,5.214
N-99.8849829-20.3958243,TH570904,10.367,0.0,10.367
N-99.8860337-20.3957298,TH570904,9.422,0.0,9.422
N-99.8866184-20.3957009,TH570904,9.758,0.0,9.758
N-99.8884061-20.3956054,TH570904,7.454,0.0,7.454
N-99.8893154-20.3955538,TH570904,11.307,0.0,11.307
N-99.8900047-20.3955312,TH570904,9.9,0.0,9.9
N-99.8905948-20.3954922,TH570904,6.061,0.0,6.061
N-99.8919412-20.3960202,TH570904,2.831,0.0,2.831
N-99.8921236-20.3956934,TH570904,8.377,0.0,8.377
N-99.8934032-20.3960076,TH570904,2.687,0.0,2.687
N-99.8934943-20.3956380,TH570904,2.166,0.0,2.166
N-99.8953220-20.3956514,TH570904,1.751,0.0,1.751
N-99.8957398-20.3956227,TH570904,1.757,0.0,1.757
N-99.8966076-20.3955484,TH570904,1.734,0.0,1.734
N-99.8974564-20.3962168,TH570904,1.593,0.0,1.593
N-99.8984558-20.3961662,TH570904,1.444,0.0,1.444
N-99.8991268-20.3960987,TH570904,1.402,0.0,1.402
N-99.8640611-20.3965692,TH570904,1.636,1.636,0.0
N-99.8690919-20.3954995,TH570904,6.141,6.141,0.0
N-99.8701004-20.3948358,TH570904,1.929,0.0,1.929
N-99.8722615-20.3948975,TH570904,1.024,0.0,1.024
N-99.8722794-20.3950231,TH570904,1.048,0.0,1.048
N-99.8834408-20.3947090,TH570904,23.303,0.0,23.303
N-99.8876752-20.3956544,TH570904,4.753,0.0,4.753
N-99.8936332-20.3952863,TH570904,3.218,0.0,3.218
N-99.8941112-20.3950020,TH570904,2.375,0.0,2.375
N-99.8947938-20.3949945,TH570904,2.332,0.0,2.332
N-99.8959845-20.3951405,TH570904,1.772,0.0,1.772
N-99.8965909-20.3951151,TH570904,1.74,0.0,1.74
N-99.8970750-20.3951177,TH570904,1.704,0.0,1.704
N-99.8979869-20.3950121,TH570904,1.393,0.0,1.393
N-99.8993919-20.3951109,TH570904,1.373,0.0,1.373
N-99.8706476-20.3942123,TH570904,2.776,1.782,0.995
N-99.8723378-20.3941211,TH570904,2.026,1.021,1.005
N-99.8724096-20.3938967,TH570904,1.085,0.0,1.085
N-99.8725846-20.3935107,TH570904,3.153,1.098,2.055
N-99.8835485-20.3943455,TH570904,20.625,0.0,20.625
N-99.8850858-20.3929841,TH570904,11.737,0.0,11.737
N-99.8857259-20.3928939,TH570904,16.449,0.0,16.449
N-99.8867941-20.3929078,TH570904,5.024,0.0,5.024
N-99.8870690-20.3929392,TH570904,15.33,0.0,15.33
N-99.8881406-20.3928965,TH570904,19.202,0.0,19.202
N-99.8916569-20.3935665,TH570904,9.978,0.0,9.978
N-99.8941569-20.3944011,TH570904,2.964,0.0,2.964
N-99.8942668-20.3941497,TH570904,2.418,0.0,2.418
N-99.8950620-20.3942578,TH570904,2.342,0.0,2.342
N-99.8955108-20.3938619,TH570904,2.018,0.0,2.018
N-99.8965453-20.3942226,TH570904,1.766,0.0,1.766
N-99.8978617-20.3935887,TH570904,3.159,0.0,3.159
N-99.8994067-20.3942804,TH570904,1.397,0.0,1.397
N-99.8637329-20.3963600,TH570904,1.237,1.237,0.0
N-99.8708944-20.3936893,TH570904,0.842,0.842,0.0
N-99.8710338-20.3930960,TH570904,4.188,1.643,2.545
N-99.8726923-20.3931607,TH570904,2.094,2.094,0.0
N-99.8727237-20.3929811,TH570904,2.118,0.0,2.118
N-99.8837221-20.3928551,TH570904,64.118,0.0,64.118
N-99.8867069-20.3928965,TH570904,10.435,0.0,10.435
N-99.8901495-20.3927670,TH570904,8.71,0.0,8.71
N-99.8916650-20.3934785,TH570904,10.535,0.0,10.535
N-99.8943902-20.3934885,TH570904,5.521,0.0,5.521
N-99.8948930-20.3932516,TH570904,4.244,0.0,4.244
N-99.8955045-20.3932179,TH570904,3.505,0.0,3.505
N-99.8967427-20.3934493,TH570904,1.73,0.0,1.73
N-99.8978001-20.3932699,TH570904,1.713,0.0,1.713
N-99.8987442-20.3931097,TH570904,1.408,0.0,1.408
N-99.8990141-20.3933855,TH570904,1.366,0.0,1.366
N-99.8996601-20.3935385,TH570904,2.711,0.0,2.711
N-99.8712699-20.3926938,TH570904,0.889,0.889,0.0
N-99.8715928-20.3925279,TH570904,0.918,0.0,0.918
N-99.8727237-20.3926894,TH570904,2.985,1.023,1.961
N-99.8739435-20.3908662,TH570904,2.011,1.029,0.982
N-99.8740937-20.3907355,TH570904,3.049,1.036,2.013
N-99.8744531-20.3904489,TH570904,3.184,2.161,1.023
N-99.8773777-20.3894088,TH570904,29.781,5.076,24.705
N-99.8851312-20.3925208,TH570904,5.399,0.0,5.399
N-99.8893905-20.3922943,TH570904,4.758,0.0,4.758
N-99.8915255-20.3926765,TH570904,4.079,0.0,4.079
N-99.8916931-20.3926765,TH570904,3.509,0.0,3.509
N-99.8918084-20.3927028,TH570904,3.13,0.0,3.13
N-99.8943714-20.3930561,TH570904,5.014,0.0,5.014
N-99.8967427-20.3931497,TH570904,3.407,0.0,3.407
N-99.8977422-20.3929701,TH570904,3.24,0.0,3.24
N-99.8986842-20.3928008,TH570904,2.821,0.0,2.821
N-99.8988713-20.3927672,TH570904,2.823,0.0,2.823
N-99.8629647-20.3960707,TH570904,0.604,0.604,0.0
N-99.8710016-20.3914166,TH570904,5.026,5.026,0.0
N-99.8714418-20.3917960,TH570904,0.885,0.0,0.885
N-99.8725667-20.3919130,TH570904,1.882,0.969,0.913
N-99.8852211-20.3915622,TH570904,16.697,5.571,11.126
N-99.8871803-20.3912610,TH570904,5.023,0.0,5.023
N-99.8872635-20.3912862,TH570904,5.612,0.0,5.612
N-99.8887011-20.3912208,TH570904,4.993,0.0,4.993
N-99.8893070-20.3911968,TH570904,9.679,0.0,9.679
N-99.8898464-20.3911755,TH570904,8.069,0.0,8.069
N-99.8910132-20.3915124,TH570904,3.913,0.0,3.913
N-99.8916422-20.3915338,TH570904,3.989,0.0,3.989
N-99.8921290-20.3915853,TH570904,3.903,0.0,3.903
N-99.8943392-20.3915174,TH570904,9.29,0.0,9.29
N-99.8995453-20.3902717,TH570904,1.4,0.0,1.4
N-99.9019569-20.3904151,TH570904,2.772,0.0,2.772
N-99.8607194-20.3949877,TH570904,2.647,2.647,0.0
N-99.8626955-20.3959661,TH570904,0.607,0.607,0.0
N-99.8710231-20.3908434,TH570904,11.773,10.99,0.783
N-99.8712427-20.3909616,TH570904,0.852,0.0,0.852
N-99.8722974-20.3909481,TH570904,0.865,0.0,0.865
N-99.8734285-20.3906953,TH570904,0.928,0.928,0.0
N-99.8746838-20.3902025,TH570904,1.058,1.058,0.0
N-99.8852085-20.3905377,TH570904,4.469,0.0,4.469
N-99.8852370-20.3908484,TH570904,10.436,0.0,10.436
N-99.8858178-20.3909970,TH570904,6.123,0.0,6.123
N-99.8864011-20.3908537,TH570904,5.876,0.0,5.876
N-99.8871508-20.3908273,TH570904,6.162,0.0,6.162
N-99.8883978-20.3905592,TH570904,5.493,0.0,5.493
N-99.8909019-20.3911303,TH570904,3.943,0.0,3.943
N-99.8917428-20.3906803,TH570904,4.088,0.0,4.088
N-99.8924214-20.3907884,TH570904,3.723,0.0,3.723
N-99.8925608-20.3905772,TH570904,3.384,0.0,3.384
N-99.8942507-20.3907305,TH570904,1.984,0.0,1.984
N-99.8948759-20.3901942,TH570904,2.035,0.0,2.035
N-99.8955895-20.3900371,TH570904,4.013,0.0,4.013
N-99.8964646-20.3898396,TH570904,1.716,0.0,1.716
N-99.8971035-20.3897219,TH570904,3.433,0.0,3.433
N-99.8989311-20.3905080,TH570904,2.877,0.0,2.877
N-99.8995668-20.3902595,TH570904,1.392,0.0,1.392
N-99.8714308-20.3894354,TH570904,8.822,6.392,2.43
N-99.8726667-20.3899511,TH570904,0.86,0.0,0.86
N-99.8733428-20.3901045,TH570904,0.935,0.935,0.0
N-99.8743138-20.3895967,TH570904,2.011,2.011,0.0
N-99.8747964-20.3900215,TH570904,1.036,0.0,1.036
N-99.8752470-20.3894533,TH570904,1.103,1.103,0.0
N-99.8795723-20.3875463,TH570904,9.363,0.0,9.363
N-99.8806269-20.3873578,TH570904,10.924,0.0,10.924
N-99.8849701-20.3889197,TH570904,20.277,0.0,20.277
N-99.8852768-20.3898168,TH570904,15.483,0.0,15.483
N-99.8859002-20.3900461,TH570904,5.916,0.0,5.916
N-99.8870436-20.3904133,TH570904,12.115,0.0,12.115
N-99.8887006-20.3896601,TH570904,11.68,0.0,11.68
N-99.8898009-20.3892547,TH570904,9.669,0.0,9.669
N-99.8908868-20.3904755,TH570904,4.378,0.0,4.378
N-99.8918656-20.3899287,TH570904,4.078,0.0,4.078
N-99.8925380-20.3900342,TH570904,3.851,0.0,3.851
N-99.8934514-20.3896922,TH570904,7.7,0.0,7.7
N-99.8941729-20.3903534,TH570904,3.209,0.0,3.209
N-99.8951407-20.3901448,TH570904,4.683,0.0,4.683
N-99.8965005-20.3898217,TH570904,2.011,0.0,2.011
N-99.8983181-20.3895210,TH570904,3.532,0.0,3.532
N-99.8991738-20.3903534,TH570904,1.457,0.0,1.457
N-99.8995601-20.3900052,TH570904,1.419,0.0,1.419
N-99.9006653-20.3891216,TH570904,3.261,0.0,3.261
N-99.9018817-20.3901018,TH570904,1.457,0.0,1.457
N-99.8728023-20.3893088,TH570904,0.842,0.0,0.842
N-99.8734177-20.3894482,TH570904,0.948,0.0,0.948
N-99.8749647-20.3891560,TH570904,1.057,1.057,0.0
N-99.8756386-20.3890108,TH570904,1.123,0.0,1.123
N-99.8774899-20.3888702,TH570904,1.825,0.0,1.825
N-99.8781675-20.3881881,TH570904,4.104,0.0,4.104
N-99.8816447-20.3871224,TH570904,39.667,0.0,39.667
N-99.8858687-20.3894267,TH570904,5.876,0.0,5.876
N-99.8869846-20.3893754,TH570904,6.275,0.0,6.275
N-99.8876504-20.3886728,TH570904,12.487,0.0,12.487
N-99.8886557-20.3893101,TH570904,12.098,0.0,12.098
N-99.8907381-20.3892248,TH570904,4.324,0.0,4.324
N-99.8917850-20.3891478,TH570904,4.242,0.0,4.242
N-99.8925045-20.3894986,TH570904,3.797,0.0,3.797
N-99.8938527-20.3895240,TH570904,3.346,0.0,3.346
N-99.8963883-20.3891126,TH570904,6.596,0.0,6.596
N-99.8969673-20.3890183,TH570904,8.688,0.0,8.688
N-99.8994617-20.3893352,TH570904,1.829,0.0,1.829
N-99.8997228-20.3892921,TH570904,1.814,0.0,1.814
N-99.9016603-20.3892011,TH570904,1.794,0.0,1.794
N-99.9020621-20.3888660,TH570904,1.474,0.0,1.474
N-99.8715917-20.3886536,TH570904,3.991,3.223,0.769
N-99.8716155-20.3885684,TH570904,2.015,2.015,0.0
N-99.8717258-20.3883996,TH570904,0.826,0.0,0.826
N-99.8727675-20.3883710,TH570904,0.847,0.0,0.847
N-99.8729378-20.3881736,TH570904,0.97,0.97,0.0
N-99.8743919-20.3882589,TH570904,1.031,1.031,0.0
N-99.8747836-20.3881481,TH570904,1.07,0.0,1.07
N-99.8759819-20.3884728,TH570904,1.138,0.0,1.138
N-99.8760409-20.3882616,TH570904,1.2,1.2,0.0
N-99.8776604-20.3885157,TH570904,1.773,1.773,0.0
N-99.8799537-20.3874745,TH570904,4.801,0.0,4.801
N-99.8850024-20.3879733,TH570904,16.925,0.0,16.925
N-99.8851245-20.3887938,TH570904,6.249,0.0,6.249
N-99.8869638-20.3886997,TH570904,6.249,0.0,6.249
N-99.8884262-20.3883245,TH570904,6.167,0.0,6.167
N-99.8895398-20.3882644,TH570904,6.027,0.0,6.027
N-99.8898495-20.3886369,TH570904,5.083,0.0,5.083
N-99.8908318-20.3884786,TH570904,4.993,0.0,4.993
N-99.8917506-20.3883615,TH570904,4.482,0.0,4.482
N-99.8924958-20.3880723,TH570904,7.973,0.0,7.973
N-99.8934987-20.3881502,TH570904,7.233,0.0,7.233
N-99.8935610-20.3879547,TH570904,6.058,0.0,6.058
N-99.8985314-20.3880982,TH570904,1.969,0.0,1.969
N-99.8994186-20.3882422,TH570904,1.983,0.0,1.983
N-99.9004225-20.3879581,TH570904,2.019,0.0,2.019
N-99.9005576-20.3884933,TH570904,1.907,0.0,1.907
N-99.9014421-20.3883356,TH570904,1.854,0.0,1.854
N-99.9023099-20.3884530,TH570904,1.517,0.0,1.517
N-99.8673273-20.3813877,TH570904,62.5,61.941,0.559
N-99.8718381-20.3873854,TH570904,11.67,10.003,1.667
N-99.8723075-20.3875363,TH570904,0.857,0.0,0.857
N-99.8736379-20.3871843,TH570904,0.981,0.981,0.0
N-99.8741576-20.3872799,TH570904,1.031,0.0,1.031
N-99.8750803-20.3873832,TH570904,1.071,0.0,1.071
N-99.8754838-20.3875598,TH570904,1.136,0.0,1.136
N-99.8764755-20.3873414,TH570904,1.2,1.2,0.0
N-99.8781648-20.3873876,TH570904,3.655,1.788,1.868
N-99.8807122-20.3873219,TH570904,2.489,0.0,2.489
N-99.8846522-20.3868320,TH570904,4.989,0.0,4.989
N-99.8849008-20.3872909,TH570904,10.303,0.0,10.303
N-99.8856444-20.3871783,TH570904,5.86,0.0,5.86
N-99.8869413-20.3878291,TH570904,5.617,0.0,5.617
N-99.8874171-20.3870526,TH570904,5.622,0.0,5.622
N-99.8879717-20.3868514,TH570904,6.156,0.0,6.156
N-99.8894007-20.3876495,TH570904,5.586,0.0,5.586
N-99.8902672-20.3875762,TH570904,5.048,0.0,5.048
N-99.8911254-20.3874868,TH570904,5.193,0.0,5.193
N-99.8917209-20.3874207,TH570904,4.931,0.0,4.931
N-99.8934648-20.3875601,TH570904,7.347,0.0,7.347
N-99.8960611-20.3860177,TH570904,2.634,0.0,2.634
N-99.8983866-20.3874294,TH570904,4.163,0.0,4.163
N-99.8992583-20.3874087,TH570904,1.974,0.0,1.974
N-99.9002210-20.3871604,TH570904,2.057,0.0,2.057
N-99.9012316-20.3874814,TH570904,4.168,0.0,4.168
N-99.9023313-20.3874377,TH570904,1.583,0.0,1.583
N-99.9030364-20.3867746,TH570904,4.561,0.0,4.561
N-99.8728144-20.3866048,TH570904,1.734,0.879,0.855
N-99.8734635-20.3865507,TH570904,0.984,0.984,0.0
N-99.8745525-20.3863270,TH570904,1.048,0.0,1.048
N-99.8747845-20.3866035,TH570904,1.074,0.0,1.074
N-99.8758467-20.3866551,TH570904,1.15,0.0,1.15
N-99.8768918-20.3864285,TH570904,1.25,0.0,1.25
N-99.8780019-20.3866000,TH570904,3.816,1.873,1.943
N-99.8791953-20.3862583,TH570904,7.137,0.0,7.137
N-99.8804706-20.3865649,TH570904,2.434,0.0,2.434
N-99.8807216-20.3869312,TH570904,2.479,0.0,2.479
N-99.8845961-20.3864552,TH570904,10.574,0.0,10.574
N-99.8847724-20.3864289,TH570904,4.5,0.0,4.5
N-99.8856847-20.3870796,TH570904,5.838,0.0,5.838
N-99.8866707-20.3867003,TH570904,6.215,0.0,6.215
N-99.8873318-20.3865321,TH570904,5.781,0.0,5.781
N-99.8884718-20.3867292,TH570904,6.025,0.0,6.025
N-99.8890955-20.3866487,TH570904,5.82,0.0,5.82
N-99.8899283-20.3867600,TH570904,5.106,0.0,5.106
N-99.8907157-20.3866532,TH570904,5.211,0.0,5.211
N-99.8917299-20.3865590,TH570904,4.715,0.0,4.715
N-99.8924101-20.3865316,TH570904,4.038,0.0,4.038
N-99.8930817-20.3864787,TH570904,4.194,0.0,4.194
N-99.8933103-20.3869689,TH570904,3.557,0.0,3.557
N-99.8960263-20.3859989,TH570904,3.046,0.0,3.046
N-99.8960383-20.3860127,TH570904,2.65,0.0,2.65
N-99.8962744-20.3859762,TH570904,2.628,0.0,2.628
N-99.8982578-20.3867054,TH570904,2.625,0.0,2.625
N-99.8982659-20.3866526,TH570904,5.141,0.0,5.141
N-99.8990875-20.3864793,TH570904,2.155,0.0,2.155
N-99.9000039-20.3863221,TH570904,2.115,0.0,2.115
N-99.9009345-20.3863461,TH570904,2.066,0.0,2.066
N-99.9020545-20.3864782,TH570904,2.057,0.0,2.057
N-99.9023911-20.3869136,TH570904,1.602,0.0,1.602
N-99.8730867-20.3853603,TH570904,0.878,0.0,0.878
N-99.8735386-20.3859335,TH570904,0.972,0.972,0.0
N-99.8743916-20.3856481,TH570904,1.047,1.047,0.0
N-99.8748770-20.3857122,TH570904,3.31,1.112,2.199
N-99.8753706-20.3859297,TH570904,1.212,1.212,0.0
N-99.8771064-20.3862977,TH570904,2.528,0.0,2.528
N-99.8778982-20.3862828,TH570904,7.894,1.997,5.897
N-99.8804001-20.3862273,TH570904,14.02,0.0,14.02
N-99.8806684-20.3864256,TH570904,3.944,0.0,3.944
N-99.8846301-20.3854729,TH570904,15.312,0.0,15.312
N-99.8861005-20.3861684,TH570904,5.889,0.0,5.889
N-99.8866849-20.3860540,TH570904,6.3,0.0,6.3
N-99.8872465-20.3859441,TH570904,5.876,0.0,5.876
N-99.8883338-20.3858079,TH570904,6.04,0.0,6.04
N-99.8893536-20.3857535,TH570904,5.816,0.0,5.816
N-99.8899931-20.3857153,TH570904,5.098,0.0,5.098
N-99.8909670-20.3856579,TH570904,5.209,0.0,5.209
N-99.8920448-20.3859591,TH570904,4.951,0.0,4.951
N-99.8927502-20.3859213,TH570904,4.939,0.0,4.939
N-99.8931241-20.3854169,TH570904,4.629,0.0,4.629
N-99.8941220-20.3851992,TH570904,3.662,0.0,3.662
N-99.8945222-20.3851093,TH570904,2.751,0.0,2.751
N-99.8959793-20.3858556,TH570904,2.766,0.0,2.766
N-99.8962810-20.3859008,TH570904,2.564,0.0,2.564
N-99.8989016-20.3855941,TH570904,10.677,0.0,10.677
N-99.8998305-20.3856524,TH570904,2.528,0.0,2.528
N-99.9009135-20.3862638,TH570904,2.304,0.0,2.304
N-99.9018357-20.3857195,TH570904,2.176,0.0,2.176
N-99.9028224-20.3858482,TH570904,3.407,0.0,3.407
N-99.9029265-20.3862991,TH570904,1.528,0.0,1.528
N-99.9064735-20.3854457,TH570904,8.34,0.0,8.34
N-99.8695301-20.3816153,TH570904,2.655,2.655,0.0
N-99.8725194-20.3838266,TH570904,2.911,2.126,0.785
N-99.8725918-20.3839913,TH570904,2.254,1.449,0.806
N-99.8730183-20.3846663,TH570904,2.796,2.014,0.783
N-99.8731068-20.3849265,TH570904,1.773,0.969,0.804
N-99.8741032-20.3854847,TH570904,1.026,1.026,0.0
N-99.8752820-20.3857650,TH570904,2.426,1.242,1.184
N-99.8804968-20.3863032,TH570904,4.327,0.0,4.327
N-99.8843577-20.3848526,TH570904,16.58,0.0,16.58
N-99.8845384-20.3848257,TH570904,4.735,0.0,4.735
N-99.8860377-20.3852132,TH570904,5.115,0.0,5.115
N-99.8866176-20.3851063,TH570904,5.679,0.0,5.679
N-99.8873567-20.3849699,TH570904,5.084,0.0,5.084
N-99.8884572-20.3849036,TH570904,5.457,0.0,5.457
N-99.8892210-20.3846482,TH570904,5.786,0.0,5.786
N-99.8903350-20.3851331,TH570904,4.694,0.0,4.694
N-99.8909176-20.3851498,TH570904,4.536,0.0,4.536
N-99.8916087-20.3850062,TH570904,4.582,0.0,4.582
N-99.8924644-20.3853857,TH570904,4.851,0.0,4.851
N-99.8933815-20.3851273,TH570904,4.807,0.0,4.807
N-99.8939748-20.3849218,TH570904,4.128,0.0,4.128
N-99.8950285-20.3848323,TH570904,4.257,0.0,4.257
N-99.8957822-20.3850095,TH570904,3.824,0.0,3.824
N-99.8959929-20.3849346,TH570904,3.512,0.0,3.512
N-99.8974385-20.3840368,TH570904,6.888,0.0,6.888
N-99.9005597-20.3848486,TH570904,5.474,0.0,5.474
N-99.9017224-20.3853268,TH570904,2.671,0.0,2.671
N-99.9025321-20.3845916,TH570904,3.754,0.0,3.754
N-99.9027355-20.3854723,TH570904,3.625,0.0,3.625
N-99.9071337-20.3853216,TH570904,5.459,0.0,5.459
N-99.8462755-20.3873974,TH570904,1.479,1.479,0.0
N-99.8690177-20.3814795,TH570904,2.64,2.64,0.0
N-99.8752324-20.3857324,TH570904,1.174,0.0,1.174
N-99.8777382-20.3820703,TH570904,3.972,0.0,3.972
N-99.8794368-20.3825845,TH570904,19.24,0.0,19.24
N-99.8842185-20.3837989,TH570904,4.963,0.0,4.963
N-99.8842815-20.3843402,TH570904,10.506,0.0,10.506
N-99.8844624-20.3843142,TH570904,3.791,0.0,3.791
N-99.8859046-20.3845215,TH570904,3.829,0.0,3.829
N-99.8871245-20.3840310,TH570904,3.926,0.0,3.926
N-99.8871792-20.3842253,TH570904,3.668,0.0,3.668
N-99.8883451-20.3839526,TH570904,4.758,0.0,4.758
N-99.8895889-20.3844268,TH570904,5.157,0.0,5.157
N-99.8901220-20.3841459,TH570904,8.425,0.0,8.425
N-99.8906816-20.3841449,TH570904,4.187,0.0,4.187
N-99.8916394-20.3840355,TH570904,3.994,0.0,3.994
N-99.8925529-20.3839516,TH570904,4.411,0.0,4.411
N-99.8933859-20.3844228,TH570904,4.543,0.0,4.543
N-99.8942069-20.3841416,TH570904,4.536,0.0,4.536
N-99.8949387-20.3838977,TH570904,4.787,0.0,4.787
N-99.8958246-20.3840754,TH570904,4.497,0.0,4.497
N-99.8967608-20.3840188,TH570904,3.741,0.0,3.741
N-99.8979847-20.3838338,TH570904,3.587,0.0,3.587
N-99.8988322-20.3833410,TH570904,6.525,0.0,6.525
N-99.9004097-20.3842188,TH570904,5.658,0.0,5.658
N-99.9015605-20.3842161,TH570904,2.779,0.0,2.779
N-99.9023790-20.3841603,TH570904,2.036,0.0,2.036
N-99.9054098-20.3835209,TH570904,10.659,0.0,10.659
N-99.9092729-20.3827207,TH570904,4.219,0.0,4.219
N-99.9105439-20.3834414,TH570904,2.03,0.0,2.03
N-99.8452871-20.3834458,TH570904,4.031,4.031,0.0
N-99.8698640-20.3816467,TH570904,3.728,2.971,0.757
N-99.8725234-20.3835311,TH570904,1.53,0.739,0.79
N-99.8726723-20.3832470,TH570904,1.809,0.812,0.997
N-99.8729807-20.3826248,TH570904,4.217,3.106,1.111
N-99.8776475-20.3820442,TH570904,5.616,2.387,3.229
N-99.8796406-20.3823381,TH570904,8.825,0.0,8.825
N-99.8841914-20.3834980,TH570904,26.857,0.0,26.857
N-99.8843648-20.3835234,TH570904,3.786,0.0,3.786
N-99.8858204-20.3837260,TH570904,5.057,0.0,5.057
N-99.8871595-20.3839172,TH570904,5.559,0.0,5.559
N-99.8877088-20.3838034,TH570904,5.466,0.0,5.466
N-99.8883146-20.3836867,TH570904,9.45,0.0,9.45
N-99.8909760-20.3840906,TH570904,3.775,0.0,3.775
N-99.8917796-20.3840122,TH570904,3.79,0.0,3.79
N-99.8924031-20.3832424,TH570904,3.812,0.0,3.812
N-99.8927172-20.3828385,TH570904,6.658,0.0,6.658
N-99.8946246-20.3840009,TH570904,3.975,0.0,3.975
N-99.8951287-20.3830530,TH570904,4.429,0.0,4.429
N-99.8956119-20.3834309,TH570904,4.14,0.0,4.14
N-99.8971019-20.3831706,TH570904,3.699,0.0,3.699
N-99.8972724-20.3834623,TH570904,3.973,0.0,3.973
N-99.8982732-20.3833861,TH570904,4.136,0.0,4.136
N-99.9000109-20.3831992,TH570904,3.661,0.0,3.661
N-99.9004948-20.3829240,TH570904,3.496,0.0,3.496
N-99.9015934-20.3829460,TH570904,3.618,0.0,3.618
N-99.9022713-20.3838568,TH570904,5.034,0.0,5.034
N-99.9056397-20.3833610,TH570904,1.581,0.0,1.581
N-99.9065295-20.3826461,TH570904,3.341,0.0,3.341
N-99.9107919-20.3834065,TH570904,0.831,0.0,0.831
N-99.8703454-20.3816454,TH570904,2.289,0.767,1.521
N-99.8722994-20.3824312,TH570904,0.793,0.0,0.793
N-99.8723705-20.3826160,TH570904,0.807,0.0,0.807
N-99.8746504-20.3807409,TH570904,2.214,2.214,0.0
N-99.8773793-20.3817123,TH570904,4.393,3.163,1.23
N-99.8782108-20.3819486,TH570904,2.084,0.0,2.084
N-99.8797721-20.3821118,TH570904,2.675,0.0,2.675
N-99.8799357-20.3817925,TH570904,6.451,2.704,3.747
N-99.8858643-20.3819948,TH570904,10.652,0.0,10.652
N-99.8867914-20.3820534,TH570904,6.099,0.0,6.099
N-99.8876594-20.3821070,TH570904,5.804,0.0,5.804
N-99.8881665-20.3821294,TH570904,5.384,0.0,5.384
N-99.8892750-20.3823359,TH570904,4.586,0.0,4.586
N-99.8896345-20.3822313,TH570904,6.902,0.0,6.902
N-99.8924121-20.3824795,TH570904,5.887,0.0,5.887
N-99.8947965-20.3826486,TH570904,3.732,0.0,3.732
N-99.8952462-20.3825257,TH570904,3.594,0.0,3.594
N-99.8958633-20.3826096,TH570904,7.208,0.0,7.208
N-99.8979726-20.3828340,TH570904,4.334,0.0,4.334
N-99.8980264-20.3828251,TH570904,4.55,0.0,4.55
N-99.8994154-20.3824525,TH570904,4.298,0.0,4.298
N-99.8999059-20.3825233,TH570904,3.687,0.0,3.687
N-99.9010709-20.3826721,TH570904,3.562,0.0,3.562
N-99.9017982-20.3828690,TH570904,3.597,0.0,3.597
N-99.9019667-20.3828146,TH570904,5.575,0.0,5.575
N-99.9059215-20.3830064,TH570904,3.36,0.0,3.36
N-99.9069747-20.3819427,TH570904,2.226,0.0,2.226
N-99.9091019-20.3821662,TH570904,1.073,0.0,1.073
N-99.9094899-20.3820639,TH570904,2.06,0.0,2.06
N-99.9109742-20.3820817,TH570904,0.829,0.0,0.829
N-99.9111217-20.3820641,TH570904,0.785,0.0,0.785
N-99.9123260-20.3812243,TH570904,6.148,0.0,6.148
N-99.8686168-20.3812507,TH570904,0.638,0.638,0.0
N-99.8692484-20.3815373,TH570904,0.702,0.702,0.0
N-99.8717775-20.3815594,TH570904,1.603,0.81,0.793
N-99.8724215-20.3816266,TH570904,0.811,0.0,0.811
N-99.8725462-20.3813940,TH570904,1.019,0.0,1.019
N-99.8743507-20.3807692,TH570904,1.067,0.0,1.067
N-99.8764770-20.3807001,TH570904,1.17,0.0,1.17
N-99.8783717-20.3819084,TH570904,2.098,0.0,2.098
N-99.8788915-20.3814870,TH570904,2.535,0.0,2.535
N-99.8800749-20.3814248,TH570904,2.718,2.718,0.0
N-99.8808639-20.3805411,TH570904,11.186,0.0,11.186
N-99.8841163-20.3810850,TH570904,34.54,0.0,34.54
N-99.8858610-20.3817246,TH570904,11.828,0.0,11.828
N-99.8867618-20.3815685,TH570904,5.428,0.0,5.428
N-99.8875890-20.3817224,TH570904,6.027,0.0,6.027
N-99.8881576-20.3820128,TH570904,5.633,0.0,5.633
N-99.8890821-20.3817570,TH570904,4.818,0.0,4.818
N-99.8900077-20.3813968,TH570904,14.217,0.0,14.217
N-99.8925422-20.3820846,TH570904,2.905,0.0,2.905
N-99.8926589-20.3818781,TH570904,2.831,0.0,2.831
N-99.8928070-20.3815685,TH570904,6.318,0.0,6.318
N-99.8946964-20.3821205,TH570904,5.387,0.0,5.387
N-99.8957825-20.3823628,TH570904,3.158,0.0,3.158
N-99.8975981-20.3814291,TH570904,14.069,0.0,14.069
N-99.8981892-20.3816805,TH570904,4.342,0.0,4.342
N-99.8990945-20.3815595,TH570904,4.091,0.0,4.091
N-99.9001128-20.3815792,TH570904,3.711,0.0,3.711
N-99.9008979-20.3819390,TH570904,3.621,0.0,3.621
N-99.9016963-20.3816080,TH570904,3.465,0.0,3.465
N-99.9023298-20.3813396,TH570904,3.051,0.0,3.051
N-99.9030482-20.3810737,TH570904,3.821,0.0,3.821
N-99.9040138-20.3807518,TH570904,4.94,0.0,4.94
N-99.9060789-20.3812884,TH570904,5.813,0.0,5.813
N-99.9078944-20.3816298,TH570904,2.182,0.0,2.182
N-99.9080872-20.3815186,TH570904,1.065,0.0,1.065
N-99.9100753-20.3817423,TH570904,0.997,0.0,0.997
N-99.9108482-20.3816914,TH570904,0.832,0.0,0.832
N-99.9112290-20.3816970,TH570904,0.783,0.0,0.783
N-99.8677099-20.3809227,TH570904,0.637,0.637,0.0
N-99.8680976-20.3807943,TH570904,7.367,7.367,0.0
N-99.8726293-20.3808032,TH570904,0.849,0.0,0.849
N-99.8737049-20.3804335,TH570904,2.141,1.095,1.046
N-99.8742340-20.3807529,TH570904,1.085,0.0,1.085
N-99.8750440-20.3806422,TH570904,2.255,0.0,2.255
N-99.8757166-20.3804901,TH570904,1.173,1.173,0.0
N-99.8766661-20.3807962,TH570904,1.254,0.0,1.254
N-99.8769296-20.3808654,TH570904,2.068,2.068,0.0
N-99.8791817-20.3813100,TH570904,2.601,0.0,2.601
N-99.8800749-20.3807741,TH570904,2.787,2.787,0.0
N-99.8842987-20.3810803,TH570904,5.873,0.0,5.873
N-99.8858508-20.3808908,TH570904,5.902,0.0,5.902
N-99.8867394-20.3808908,TH570904,5.488,0.0,5.488
N-99.8876002-20.3810403,TH570904,5.939,0.0,5.939
N-99.8885180-20.3811913,TH570904,5.535,0.0,5.535
N-99.8889209-20.3808312,TH570904,4.748,0.0,4.748
N-99.8931705-20.3807113,TH570904,5.314,0.0,5.314
N-99.8941489-20.3798945,TH570904,5.514,0.0,5.514
N-99.8952276-20.3803694,TH570904,12.031,0.0,12.031
N-99.8987804-20.3806754,TH570904,7.08,0.0,7.08
N-99.8988873-20.3809763,TH570904,3.691,0.0,3.691
N-99.8998973-20.3809793,TH570904,3.215,0.0,3.215
N-99.9007498-20.3811491,TH570904,3.174,0.0,3.174
N-99.9022226-20.3813889,TH570904,3.088,0.0,3.088
N-99.9026916-20.3812057,TH570904,2.184,0.0,2.184
N-99.9049848-20.3803344,TH570904,1.466,0.0,1.466
N-99.9088252-20.3812688,TH570904,1.044,0.0,1.044
N-99.9091553-20.3811571,TH570904,1.024,0.0,1.024
N-99.9098433-20.3809015,TH570904,0.975,0.0,0.975
N-99.9112679-20.3814620,TH570904,0.811,0.0,0.811
N-99.9118016-20.3811577,TH570904,0.752,0.0,0.752
N-99.9122912-20.3810749,TH570904,1.465,0.0,1.465
N-99.9161340-20.3789760,TH570904,4.688,0.0,4.688
N-99.8456812-20.3763515,TH570904,25.549,25.549,0.0
N-99.8677446-20.3808314,TH570904,30.043,27.655,2.388
N-99.8719749-20.3799571,TH570904,6.236,3.001,3.235
N-99.8724362-20.3801306,TH570904,0.879,0.0,0.879
N-99.8730209-20.3800740,TH570904,1.088,0.0,1.088
N-99.8758607-20.3804675,TH570904,1.171,1.171,0.0
N-99.8770247-20.3799482,TH570904,6.7,2.091,4.609
N-99.8799644-20.3800438,TH570904,5.357,0.0,5.357
N-99.8807346-20.3800964,TH570904,6.443,0.0,6.443
N-99.8841986-20.3799651,TH570904,20.052,0.0,20.052
N-99.8843794-20.3799825,TH570904,5.514,0.0,5.514
N-99.8857273-20.3798848,TH570904,5.508,0.0,5.508
N-99.8869367-20.3798804,TH570904,4.967,0.0,4.967
N-99.8874995-20.3797836,TH570904,5.537,0.0,5.537
N-99.8885091-20.3800681,TH570904,4.694,0.0,4.694
N-99.8885870-20.3800942,TH570904,4.428,0.0,4.428
N-99.8899857-20.3794703,TH570904,3.774,0.0,3.774
N-99.8900368-20.3794362,TH570904,3.683,0.0,3.683
N-99.8926620-20.3797806,TH570904,6.276,0.0,6.276
N-99.8935474-20.3798436,TH570904,2.948,0.0,2.948
N-99.8970346-20.3795040,TH570904,6.358,0.0,6.358
N-99.8995273-20.3799489,TH570904,3.488,0.0,3.488
N-99.9002973-20.3797015,TH570904,3.169,0.0,3.169
N-99.9006556-20.3797982,TH570904,2.94,0.0,2.94
N-99.9019398-20.3796566,TH570904,4.494,0.0,4.494
N-99.9024694-20.3796297,TH570904,2.956,0.0,2.956
N-99.9051262-20.3802670,TH570904,1.31,0.0,1.31
N-99.9056675-20.3800543,TH570904,1.316,0.0,1.316
N-99.9061706-20.3797588,TH570904,1.075,0.0,1.075
N-99.9068677-20.3793488,TH570904,2.043,0.0,2.043
N-99.9088048-20.3802660,TH570904,2.029,0.0,2.029
N-99.9097875-20.3799658,TH570904,1.864,0.0,1.864
N-99.9109957-20.3799714,TH570904,0.751,0.0,0.751
N-99.9115616-20.3798842,TH570904,0.715,0.0,0.715
N-99.9119936-20.3797968,TH570904,2.211,0.0,2.211
N-99.9177204-20.3792149,TH570904,1.629,0.0,1.629
N-99.8679361-20.3807933,TH570904,3.733,3.733,0.0
N-99.8727259-20.3796466,TH570904,0.926,0.0,0.926
N-99.8731289-20.3792952,TH570904,1.091,0.0,1.091
N-99.8747768-20.3791750,TH570904,1.119,0.0,1.119
N-99.8750149-20.3791619,TH570904,1.162,0.0,1.162
N-99.8755613-20.3789693,TH570904,2.369,2.369,0.0
N-99.8788990-20.3783498,TH570904,4.813,0.0,4.813
N-99.8802200-20.3791049,TH570904,8.229,0.0,8.229
N-99.8804294-20.3792886,TH570904,2.817,0.0,2.817
N-99.8806942-20.3798227,TH570904,3.371,0.0,3.371
N-99.8845314-20.3791809,TH570904,26.521,0.0,26.521
N-99.8860034-20.3791918,TH570904,4.675,0.0,4.675
N-99.8871468-20.3790871,TH570904,4.423,0.0,4.423
N-99.8875102-20.3790444,TH570904,8.482,0.0,8.482
N-99.8883018-20.3793690,TH570904,4.635,0.0,4.635
N-99.8890731-20.3792033,TH570904,4.122,0.0,4.122
N-99.8898957-20.3789825,TH570904,3.777,0.0,3.777
N-99.8910931-20.3785293,TH570904,3.663,0.0,3.663
N-99.8919447-20.3788995,TH570904,3.055,0.0,3.055
N-99.8920613-20.3789502,TH570904,2.953,0.0,2.953
N-99.8932468-20.3794861,TH570904,2.963,0.0,2.963
N-99.8945626-20.3791940,TH570904,5.296,0.0,5.296
N-99.8970391-20.3788668,TH570904,6.215,0.0,6.215
N-99.8975686-20.3792213,TH570904,3.236,0.0,3.236
N-99.8981341-20.3789296,TH570904,3.254,0.0,3.254
N-99.8992025-20.3790446,TH570904,3.224,0.0,3.224
N-99.9002703-20.3790373,TH570904,3.071,0.0,3.071
N-99.9003107-20.3793470,TH570904,2.5,0.0,2.5
N-99.9025906-20.3792841,TH570904,1.46,0.0,1.46
N-99.9032593-20.3789475,TH570904,1.422,0.0,1.422
N-99.9037126-20.3787950,TH570904,1.337,0.0,1.337
N-99.9050323-20.3786961,TH570904,1.238,0.0,1.238
N-99.9055930-20.3787950,TH570904,1.213,0.0,1.213
N-99.9072849-20.3791136,TH570904,0.99,0.0,0.99
N-99.9079430-20.3787363,TH570904,0.969,0.0,0.969
N-99.9102819-20.3793563,TH570904,0.863,0.0,0.863
N-99.9106803-20.3792463,TH570904,0.738,0.0,0.738
N-99.9116904-20.3791274,TH570904,0.704,0.0,0.704
N-99.9118969-20.3793813,TH570904,1.457,0.0,1.457
N-99.9156817-20.3783729,TH570904,2.275,0.0,2.275
N-99.9158282-20.3785341,TH570904,0.761,0.0,0.761
N-99.9184212-20.3791373,TH570904,1.09,0.0,1.09
N-99.8731095-20.3786509,TH570904,1.784,0.0,1.784
N-99.8733116-20.3782749,TH570904,5.162,3.144,2.018
N-99.8747721-20.3783783,TH570904,2.306,1.141,1.165
N-99.8771433-20.3779358,TH570904,3.465,0.0,3.465
N-99.8804115-20.3792258,TH570904,3.615,0.0,3.615
N-99.8847947-20.3778212,TH570904,5.226,0.0,5.226
N-99.8849621-20.3778077,TH570904,4.938,0.0,4.938
N-99.8857724-20.3777826,TH570904,4.641,0.0,4.641
N-99.8867292-20.3775937,TH570904,8.416,0.0,8.416
N-99.8882760-20.3789438,TH570904,4.06,0.0,4.06
N-99.8897156-20.3786461,TH570904,4.037,0.0,4.037
N-99.8901188-20.3785661,TH570904,3.665,0.0,3.665
N-99.8907624-20.3783856,TH570904,3.62,0.0,3.62
N-99.8912655-20.3781412,TH570904,2.835,0.0,2.835
N-99.8922927-20.3782315,TH570904,2.754,0.0,2.754
N-99.8931092-20.3779817,TH570904,2.77,0.0,2.77
N-99.8936953-20.3775436,TH570904,2.594,0.0,2.594
N-99.8947824-20.3774383,TH570904,2.593,0.0,2.593
N-99.8968918-20.3785326,TH570904,5.425,0.0,5.425
N-99.8973775-20.3782929,TH570904,2.925,0.0,2.925
N-99.8982239-20.3782923,TH570904,3.028,0.0,3.028
N-99.8992938-20.3783389,TH570904,2.771,0.0,2.771
N-99.9001941-20.3783910,TH570904,2.528,0.0,2.528
N-99.9004895-20.3784339,TH570904,2.253,0.0,2.253
N-99.9014555-20.3775015,TH570904,4.399,0.0,4.399
N-99.9026893-20.3780051,TH570904,1.507,0.0,1.507
N-99.9036811-20.3782474,TH570904,1.384,0.0,1.384
N-99.9043319-20.3784314,TH570904,1.283,0.0,1.283
N-99.9049781-20.3782878,TH570904,1.228,0.0,1.228
N-99.9057725-20.3785481,TH570904,1.212,0.0,1.212
N-99.9066656-20.3783507,TH570904,0.997,0.0,0.997
N-99.9072400-20.3784494,TH570904,0.988,0.0,0.988
N-99.9084306-20.3784488,TH570904,0.972,0.0,0.972
N-99.9088150-20.3782174,TH570904,0.911,0.0,0.911
N-99.9095660-20.3776542,TH570904,0.855,0.0,0.855
N-99.9111097-20.3790708,TH570904,0.704,0.0,0.704
N-99.9115777-20.3790318,TH570904,0.691,0.0,0.691
N-99.9118218-20.3791525,TH570904,0.699,0.0,0.699
N-99.9118439-20.3791732,TH570904,0.741,0.0,0.741
N-99.9157773-20.3783609,TH570904,0.779,0.0,0.779
N-99.9160306-20.3785108,TH570904,0.798,0.0,0.798
N-99.9175646-20.3783340,TH570904,0.81,0.0,0.81
N-99.9183830-20.3787192,TH570904,1.1,0.0,1.1
N-99.8731765-20.3785076,TH570904,1.489,1.489,0.0
N-99.8738940-20.3772718,TH570904,5.586,3.323,2.263
N-99.8750243-20.3776034,TH570904,1.162,0.0,1.162
N-99.8752251-20.3776691,TH570904,1.225,1.225,0.0
N-99.8771556-20.3774440,TH570904,1.314,0.0,1.314
N-99.8775182-20.3775797,TH570904,2.177,0.0,2.177
N-99.8791605-20.3775685,TH570904,2.566,0.0,2.566
N-99.8796675-20.3771800,TH570904,2.734,0.0,2.734
N-99.8803541-20.3770317,TH570904,9.735,0.0,9.735
N-99.8817958-20.3757053,TH570904,27.601,0.0,27.601
N-99.8846758-20.3774935,TH570904,17.113,0.0,17.113
N-99.8850475-20.3775204,TH570904,4.999,0.0,4.999
N-99.8857864-20.3775080,TH570904,4.444,0.0,4.444
N-99.8869975-20.3776067,TH570904,4.031,0.0,4.031
N-99.8884480-20.3776770,TH570904,3.659,0.0,3.659
N-99.8889613-20.3777500,TH570904,3.949,0.0,3.949
N-99.8896880-20.3779311,TH570904,3.188,0.0,3.188
N-99.8906174-20.3772723,TH570904,2.829,0.0,2.829
N-99.8912711-20.3775028,TH570904,2.739,0.0,2.739
N-99.8929970-20.3774622,TH570904,4.316,0.0,4.316
N-99.8940187-20.3774104,TH570904,1.928,0.0,1.928
N-99.8949779-20.3773661,TH570904,2.057,0.0,2.057
N-99.8959260-20.3769551,TH570904,2.131,0.0,2.131
N-99.8968565-20.3769809,TH570904,4.502,0.0,4.502
N-99.8974423-20.3769965,TH570904,4.586,0.0,4.586
N-99.8982310-20.3778716,TH570904,2.618,0.0,2.618
N-99.8987820-20.3776272,TH570904,2.574,0.0,2.574
N-99.9000998-20.3776102,TH570904,2.45,0.0,2.45
N-99.9003714-20.3774312,TH570904,2.474,0.0,2.474
N-99.9026400-20.3775653,TH570904,1.417,0.0,1.417
N-99.9034208-20.3773140,TH570904,1.363,0.0,1.363
N-99.9041838-20.3775563,TH570904,1.312,0.0,1.312
N-99.9049108-20.3774217,TH570904,1.202,0.0,1.202
N-99.9056334-20.3767575,TH570904,2.158,0.0,2.158
N-99.9069009-20.3779781,TH570904,0.991,0.0,0.991
N-99.9073927-20.3777297,TH570904,0.983,0.0,0.983
N-99.9083119-20.3775893,TH570904,0.96,0.0,0.96
N-99.9087928-20.3775922,TH570904,0.892,0.0,0.892
N-99.9099683-20.3773776,TH570904,0.842,0.0,0.842
N-99.9106433-20.3772307,TH570904,0.693,0.0,0.693
N-99.9116038-20.3770172,TH570904,1.332,0.0,1.332
N-99.9129701-20.3767136,TH570904,1.392,0.0,1.392
N-99.9132406-20.3766535,TH570904,2.182,0.0,2.182
N-99.9145174-20.3764272,TH570904,2.222,0.0,2.222
N-99.9155840-20.3771320,TH570904,1.53,0.0,1.53
N-99.9170611-20.3770171,TH570904,1.619,0.0,1.619
N-99.9192876-20.3777697,TH570904,1.085,0.0,1.085
N-99.9193322-20.3776442,TH570904,1.139,0.0,1.139
N-99.9199247-20.3775009,TH570904,1.146,0.0,1.146
N-99.8741046-20.3768293,TH570904,4.781,2.518,2.263
N-99.8750943-20.3766447,TH570904,1.199,0.0,1.199
N-99.8757442-20.3763505,TH570904,1.258,0.0,1.258
N-99.8767164-20.3766771,TH570904,1.316,0.0,1.316
N-99.8771750-20.3769983,TH570904,2.172,2.172,0.0
N-99.8798872-20.3768150,TH570904,2.608,0.0,2.608
N-99.8799732-20.3766721,TH570904,2.706,0.0,2.706
N-99.8849381-20.3770678,TH570904,10.252,0.0,10.252
N-99.8858511-20.3764821,TH570904,4.345,0.0,4.345
N-99.8866660-20.3769424,TH570904,4.312,0.0,4.312
N-99.8878718-20.3763082,TH570904,3.661,0.0,3.661
N-99.8879943-20.3770977,TH570904,3.294,0.0,3.294
N-99.8889020-20.3757436,TH570904,6.07,0.0,6.07
N-99.8905136-20.3764747,TH570904,2.169,0.0,2.169
N-99.8905639-20.3768617,TH570904,1.98,0.0,1.98
N-99.8915207-20.3762787,TH570904,1.908,0.0,1.908
N-99.8926151-20.3764915,TH570904,1.883,0.0,1.883
N-99.8931620-20.3765316,TH570904,1.801,0.0,1.801
N-99.8942618-20.3765612,TH570904,1.381,0.0,1.381
N-99.8949298-20.3768113,TH570904,1.392,0.0,1.392
N-99.8960770-20.3766324,TH570904,1.42,0.0,1.42
N-99.8984621-20.3766829,TH570904,1.971,0.0,1.971
N-99.8985081-20.3766723,TH570904,1.931,0.0,1.931
N-99.9002895-20.3766994,TH570904,3.584,0.0,3.584
N-99.9013821-20.3765718,TH570904,1.664,0.0,1.664
N-99.9030491-20.3765403,TH570904,1.413,0.0,1.413
N-99.9033822-20.3768393,TH570904,1.111,0.0,1.111
N-99.9041210-20.3771389,TH570904,1.063,0.0,1.063
N-99.9051846-20.3768382,TH570904,0.982,0.0,0.982
N-99.9065130-20.3766677,TH570904,0.89,0.0,0.89
N-99.9065173-20.3766038,TH570904,0.85,0.0,0.85
N-99.9088646-20.3768113,TH570904,1.641,0.0,1.641
N-99.9096087-20.3771692,TH570904,0.754,0.0,0.754
N-99.9111327-20.3771219,TH570904,0.685,0.0,0.685
N-99.9151928-20.3763566,TH570904,1.447,0.0,1.447
N-99.9155656-20.3767241,TH570904,0.734,0.0,0.734
N-99.9170304-20.3766149,TH570904,3.148,0.0,3.148
N-99.9192766-20.3765894,TH570904,2.196,0.0,2.196
N-99.9197400-20.3765334,TH570904,1.152,0.0,1.152
N-99.9209505-20.3764259,TH570904,1.185,0.0,1.185
N-99.8744184-20.3760988,TH570904,5.995,4.823,1.172
N-99.8749709-20.3762497,TH570904,1.227,0.0,1.227
N-99.8760360-20.3757493,TH570904,1.293,0.0,1.293
N-99.8765310-20.3756705,TH570904,1.323,1.323,0.0
N-99.8774744-20.3760251,TH570904,2.237,0.0,2.237
N-99.8782325-20.3758964,TH570904,5.278,0.0,5.278
N-99.8801736-20.3754560,TH570904,3.362,0.0,3.362
N-99.8807807-20.3759590,TH570904,3.369,0.0,3.369
N-99.8842286-20.3745952,TH570904,15.793,0.0,15.793
N-99.8857411-20.3757226,TH570904,10.578,0.0,10.578
N-99.8865302-20.3757500,TH570904,4.303,0.0,4.303
N-99.8878716-20.3759405,TH570904,3.799,0.0,3.799
N-99.8884039-20.3758504,TH570904,3.463,0.0,3.463
N-99.8899312-20.3755229,TH570904,2.321,0.0,2.321
N-99.8911755-20.3759794,TH570904,2.282,0.0,2.282
N-99.8917478-20.3760824,TH570904,1.856,0.0,1.856
N-99.8925248-20.3759209,TH570904,1.918,0.0,1.918
N-99.8932346-20.3758377,TH570904,1.884,0.0,1.884
N-99.8942934-20.3759547,TH570904,1.386,0.0,1.386
N-99.8950909-20.3758367,TH570904,1.387,0.0,1.387
N-99.8958134-20.3759441,TH570904,1.401,0.0,1.401
N-99.8961407-20.3756602,TH570904,1.408,0.0,1.408
N-99.8979654-20.3758521,TH570904,1.875,0.0,1.875
N-99.8984297-20.3759044,TH570904,3.515,0.0,3.515
N-99.9002514-20.3759497,TH570904,1.73,0.0,1.73
N-99.9013132-20.3756988,TH570904,1.663,0.0,1.663
N-99.9013326-20.3759445,TH570904,1.669,0.0,1.669
N-99.9029893-20.3756272,TH570904,1.14,0.0,1.14
N-99.9035291-20.3758826,TH570904,1.088,0.0,1.088
N-99.9035954-20.3758939,TH570904,1.047,0.0,1.047
N-99.9050649-20.3758604,TH570904,0.972,0.0,0.972
N-99.9059859-20.3757720,TH570904,0.958,0.0,0.958
N-99.9066701-20.3757073,TH570904,0.884,0.0,0.884
N-99.9074392-20.3756869,TH570904,1.672,0.0,1.672
N-99.9085339-20.3757837,TH570904,0.82,0.0,0.82
N-99.9092967-20.3757584,TH570904,1.527,0.0,1.527
N-99.9108175-20.3754189,TH570904,0.681,0.0,0.681
N-99.9113009-20.3753359,TH570904,0.662,0.0,0.662
N-99.9126603-20.3750456,TH570904,0.684,0.0,0.684
N-99.9161535-20.3762562,TH570904,1.459,0.0,1.459
N-99.9162343-20.3762517,TH570904,3.843,0.0,3.843
N-99.9191980-20.3760849,TH570904,10.362,0.0,10.362
N-99.9200856-20.3760349,TH570904,3.474,0.0,3.474
N-99.9211907-20.3758841,TH570904,2.971,0.0,2.971
N-99.8712842-20.3704866,TH570904,40.137,36.638,3.499
N-99.8729213-20.3717035,TH570904,10.107,7.901,2.206
N-99.8749606-20.3749130,TH570904,2.421,0.0,2.421
N-99.8758726-20.3749438,TH570904,1.307,1.307,0.0
N-99.8767692-20.3749219,TH570904,3.913,0.0,3.913
N-99.8784766-20.3750767,TH570904,2.7,0.0,2.7
N-99.8785570-20.3749887,TH570904,3.071,0.0,3.071
N-99.8801643-20.3751233,TH570904,3.42,0.0,3.42
N-99.8809428-20.3751383,TH570904,3.764,0.0,3.764
N-99.8812683-20.3750550,TH570904,4.186,0.0,4.186
N-99.8817415-20.3744953,TH570904,4.48,0.0,4.48
N-99.8853641-20.3748583,TH570904,4.979,0.0,4.979
N-99.8858665-20.3749016,TH570904,4.594,0.0,4.594
N-99.8864412-20.3749381,TH570904,4.292,0.0,4.292
N-99.8876738-20.3750101,TH570904,4.059,0.0,4.059
N-99.8882443-20.3751201,TH570904,3.661,0.0,3.661
N-99.8892414-20.3749256,TH570904,2.943,0.0,2.943
N-99.8899664-20.3747842,TH570904,2.348,0.0,2.348
N-99.8907113-20.3746865,TH570904,2.261,0.0,2.261
N-99.8918971-20.3749269,TH570904,2.027,0.0,2.027
N-99.8922728-20.3749447,TH570904,1.817,0.0,1.817
N-99.8936185-20.3748867,TH570904,1.828,0.0,1.828
N-99.8940772-20.3751609,TH570904,1.346,0.0,1.346
N-99.8951260-20.3754553,TH570904,1.323,0.0,1.323
N-99.8957578-20.3749799,TH570904,1.378,0.0,1.378
N-99.8961748-20.3751387,TH570904,1.35,0.0,1.35
N-99.8979056-20.3753834,TH570904,1.377,0.0,1.377
N-99.8982488-20.3753887,TH570904,1.254,0.0,1.254
N-99.8986665-20.3742096,TH570904,2.424,0.0,2.424
N-99.9003190-20.3750546,TH570904,1.227,0.0,1.227
N-99.9012606-20.3750318,TH570904,2.427,0.0,2.427
N-99.9026985-20.3747590,TH570904,2.182,0.0,2.182
N-99.9033486-20.3750398,TH570904,1.061,0.0,1.061
N-99.9045874-20.3748995,TH570904,0.988,0.0,0.988
N-99.9049755-20.3749940,TH570904,0.958,0.0,0.958
N-99.9065848-20.3748310,TH570904,0.952,0.0,0.952
N-99.9066049-20.3748776,TH570904,0.87,0.0,0.87
N-99.9085333-20.3756589,TH570904,0.807,0.0,0.807
N-99.9091653-20.3744686,TH570904,0.766,0.0,0.766
N-99.9107877-20.3752579,TH570904,1.424,0.0,1.424
N-99.9112801-20.3751603,TH570904,0.653,0.0,0.653
N-99.9126393-20.3749328,TH570904,0.675,0.0,0.675
N-99.9129298-20.3749861,TH570904,0.716,0.0,0.716
N-99.9141373-20.3741722,TH570904,3.628,0.0,3.628
N-99.9222099-20.3749537,TH570904,8.313,0.0,8.313
N-99.8745279-20.3737147,TH570904,5.217,4.048,1.168
N-99.8750893-20.3742592,TH570904,1.251,0.0,1.251
N-99.8764657-20.3742609,TH570904,2.746,1.327,1.419
N-99.8770541-20.3741690,TH570904,2.595,2.595,0.0
N-99.8784598-20.3742478,TH570904,2.691,0.0,2.691
N-99.8790575-20.3742784,TH570904,2.716,0.0,2.716
N-99.8794264-20.3743747,TH570904,3.596,0.0,3.596
N-99.8812030-20.3749460,TH570904,3.82,0.0,3.82
N-99.8818461-20.3743746,TH570904,4.901,0.0,4.901
N-99.8822357-20.3738874,TH570904,4.92,0.0,4.92
N-99.8837860-20.3736875,TH570904,11.122,0.0,11.122
N-99.8845947-20.3742545,TH570904,5.342,0.0,5.342
N-99.8848679-20.3741006,TH570904,4.982,0.0,4.982
N-99.8860666-20.3737746,TH570904,4.334,0.0,4.334
N-99.8870435-20.3743652,TH570904,4.301,0.0,4.301
N-99.8875172-20.3740555,TH570904,4.713,0.0,4.713
N-99.8885990-20.3743352,TH570904,4.298,0.0,4.298
N-99.8890692-20.3742355,TH570904,3.209,0.0,3.209
N-99.8900121-20.3740356,TH570904,2.419,0.0,2.419
N-99.8906437-20.3741883,TH570904,2.27,0.0,2.27
N-99.8920302-20.3744499,TH570904,2.235,0.0,2.235
N-99.8923631-20.3742493,TH570904,1.85,0.0,1.85
N-99.8937041-20.3741646,TH570904,1.796,0.0,1.796
N-99.8942903-20.3742284,TH570904,1.347,0.0,1.347
N-99.8955039-20.3737952,TH570904,1.29,0.0,1.29
N-99.8960175-20.3744057,TH570904,1.29,0.0,1.29
N-99.8962709-20.3738451,TH570904,1.337,0.0,1.337
N-99.8980731-20.3741836,TH570904,2.488,0.0,2.488
N-99.9005972-20.3743410,TH570904,1.177,0.0,1.177
N-99.9007498-20.3741166,TH570904,2.312,0.0,2.312
N-99.9011089-20.3737217,TH570904,2.279,0.0,2.279
N-99.9032171-20.3745862,TH570904,1.015,0.0,1.015
N-99.9044763-20.3741668,TH570904,3.82,0.0,3.82
N-99.9065727-20.3744029,TH570904,0.948,0.0,0.948
N-99.9065942-20.3743752,TH570904,0.846,0.0,0.846
N-99.9069294-20.3739000,TH570904,2.339,0.0,2.339
N-99.9086112-20.3743098,TH570904,0.78,0.0,0.78
N-99.9092012-20.3742712,TH570904,0.752,0.0,0.752
N-99.9104080-20.3742189,TH570904,1.409,0.0,1.409
N-99.9120050-20.3738309,TH570904,0.646,0.0,0.646
N-99.9124489-20.3742317,TH570904,0.671,0.0,0.671
N-99.9138946-20.3737626,TH570904,1.424,0.0,1.424
N-99.8745728-20.3736339,TH570904,1.282,0.0,1.282
N-99.8754112-20.3734647,TH570904,2.596,0.0,2.596
N-99.8767225-20.3737005,TH570904,3.25,0.0,3.25
N-99.8769980-20.3738187,TH570904,2.654,2.654,0.0
N-99.8785111-20.3741208,TH570904,5.352,5.352,0.0
N-99.8788193-20.3742040,TH570904,2.819,0.0,2.819
N-99.8803464-20.3731664,TH570904,11.245,0.0,11.245
N-99.8820944-20.3731402,TH570904,5.5,0.0,5.5
N-99.8825361-20.3733581,TH570904,5.551,0.0,5.551
N-99.8840019-20.3730702,TH570904,5.555,0.0,5.555
N-99.8847623-20.3736988,TH570904,4.983,0.0,4.983
N-99.8856519-20.3732420,TH570904,4.324,0.0,4.324
N-99.8867142-20.3736959,TH570904,5.04,0.0,5.04
N-99.8873609-20.3733839,TH570904,5.374,0.0,5.374
N-99.8883806-20.3731490,TH570904,4.578,0.0,4.578
N-99.8892832-20.3729596,TH570904,6.667,0.0,6.667
N-99.8905250-20.3733141,TH570904,4.755,0.0,4.755
N-99.8920044-20.3734324,TH570904,2.187,0.0,2.187
N-99.8922031-20.3733863,TH570904,1.803,0.0,1.803
N-99.8934615-20.3730947,TH570904,3.586,0.0,3.586
N-99.8942903-20.3734102,TH570904,1.37,0.0,1.37
N-99.8948749-20.3729310,TH570904,1.294,0.0,1.294
N-99.8960300-20.3733607,TH570904,1.257,0.0,1.257
N-99.8964748-20.3733942,TH570904,2.383,0.0,2.383
N-99.8980897-20.3733153,TH570904,2.411,0.0,2.411
N-99.8986420-20.3734458,TH570904,1.162,0.0,1.162
N-99.9018808-20.3728196,TH570904,3.966,0.0,3.966
N-99.9036355-20.3722092,TH570904,2.629,0.0,2.629
N-99.9068812-20.3739126,TH570904,1.761,0.0,1.761
N-99.9086219-20.3738497,TH570904,1.438,0.0,1.438
N-99.9094885-20.3739121,TH570904,0.747,0.0,0.747
N-99.9102379-20.3734589,TH570904,0.704,0.0,0.704
N-99.9103666-20.3733570,TH570904,0.655,0.0,0.655
N-99.9118978-20.3734347,TH570904,1.313,0.0,1.313
N-99.9140263-20.3737626,TH570904,2.743,0.0,2.743
N-99.9141095-20.3739771,TH570904,1.475,0.0,1.475
N-99.9224353-20.3747777,TH570904,1.171,0.0,1.171
N-99.8620968-20.3614381,TH570904,29.209,29.209,0.0
N-99.8657407-20.3631251,TH570904,19.584,18.893,0.691
N-99.8745907-20.3736249,TH570904,1.254,0.0,1.254
N-99.8754863-20.3730724,TH570904,2.51,0.0,2.51
N-99.8768953-20.3737224,TH570904,2.588,0.0,2.588
N-99.8806107-20.3726117,TH570904,16.007,0.0,16.007
N-99.8811894-20.3724933,TH570904,4.908,0.0,4.908
N-99.8829049-20.3725925,TH570904,4.932,0.0,4.932
N-99.8832630-20.3723586,TH570904,5.589,0.0,5.589
N-99.8839080-20.3726616,TH570904,5.59,0.0,5.59
N-99.8855083-20.3726060,TH570904,5.222,0.0,5.222
N-99.8856908-20.3726043,TH570904,4.03,0.0,4.03
N-99.8867525-20.3724152,TH570904,4.266,0.0,4.266
N-99.8872241-20.3725412,TH570904,4.427,0.0,4.427
N-99.8883176-20.3730388,TH570904,4.025,0.0,4.025
N-99.8903896-20.3727371,TH570904,2.275,0.0,2.275
N-99.8904352-20.3727559,TH570904,2.195,0.0,2.195
N-99.8917210-20.3726394,TH570904,2.095,0.0,2.095
N-99.8921301-20.3725509,TH570904,3.436,0.0,3.436
N-99.8944268-20.3729566,TH570904,1.225,0.0,1.225
N-99.8951306-20.3729164,TH570904,2.364,0.0,2.364
N-99.8972410-20.3716996,TH570904,3.319,0.0,3.319
N-99.8986333-20.3731749,TH570904,2.894,0.0,2.894
N-99.9025764-20.3723663,TH570904,1.699,0.0,1.699
N-99.9042108-20.3721198,TH570904,1.614,0.0,1.614
N-99.9048921-20.3720028,TH570904,0.805,0.0,0.805
N-99.9054980-20.3717964,TH570904,0.781,0.0,0.781
N-99.9057404-20.3716662,TH570904,1.512,0.0,1.512
N-99.9102738-20.3725613,TH570904,1.886,0.0,1.886
N-99.9116324-20.3724543,TH570904,0.592,0.0,0.592
N-99.9116775-20.3726209,TH570904,0.606,0.0,0.606
N-99.9128948-20.3711970,TH570904,2.426,0.0,2.426
N-99.9145553-20.3708020,TH570904,1.401,0.0,1.401
N-99.9147931-20.3705597,TH570904,2.659,0.0,2.659
N-99.9235618-20.3724265,TH570904,5.352,0.0,5.352
N-99.8731614-20.3715875,TH570904,1.275,0.0,1.275
N-99.8738892-20.3713010,TH570904,1.372,0.0,1.372
N-99.8748207-20.3710519,TH570904,1.398,0.0,1.398
N-99.8755731-20.3711706,TH570904,5.663,1.445,4.218
N-99.8784674-20.3695350,TH570904,20.401,0.0,20.401
N-99.8811737-20.3712363,TH570904,17.397,0.0,17.397
N-99.8820451-20.3714259,TH570904,4.973,0.0,4.973
N-99.8826509-20.3714662,TH570904,5.184,0.0,5.184
N-99.8836170-20.3716634,TH570904,5.545,0.0,5.545
N-99.8844461-20.3716143,TH570904,5.573,0.0,5.573
N-99.8854957-20.3718670,TH570904,5.199,0.0,5.199
N-99.8856504-20.3718029,TH570904,4.069,0.0,4.069
N-99.8866168-20.3712994,TH570904,7.798,0.0,7.798
N-99.8872914-20.3717221,TH570904,3.795,0.0,3.795
N-99.8883878-20.3716046,TH570904,3.4,0.0,3.4
N-99.8893663-20.3717879,TH570904,2.838,0.0,2.838
N-99.8898960-20.3713386,TH570904,4.452,0.0,4.452
N-99.8917825-20.3708161,TH570904,5.342,0.0,5.342
N-99.8939798-20.3714553,TH570904,2.882,0.0,2.882
N-99.8949463-20.3718067,TH570904,1.17,0.0,1.17
N-99.8958894-20.3710929,TH570904,2.265,0.0,2.265
N-99.8975058-20.3711970,TH570904,3.04,0.0,3.04
N-99.8999733-20.3703034,TH570904,4.752,0.0,4.752
N-99.9020603-20.3726311,TH570904,0.941,0.0,0.941
N-99.9021725-20.3725413,TH570904,0.926,0.0,0.926
N-99.9051390-20.3719400,TH570904,0.78,0.0,0.78
N-99.9059378-20.3714194,TH570904,0.71,0.0,0.71
N-99.9059647-20.3713117,TH570904,0.709,0.0,0.709
N-99.9103277-20.3720542,TH570904,1.94,0.0,1.94
N-99.9104399-20.3719061,TH570904,1.243,0.0,1.243
N-99.9107406-20.3717445,TH570904,2.959,0.0,2.959
N-99.9117144-20.3714573,TH570904,3.448,0.0,3.448
N-99.9122934-20.3713047,TH570904,2.912,0.0,2.912
N-99.9140706-20.3710668,TH570904,0.645,0.0,0.645
N-99.9143309-20.3709636,TH570904,1.299,0.0,1.299
N-99.9150085-20.3702949,TH570904,2.094,0.0,2.094
N-99.9151163-20.3700974,TH570904,3.547,0.0,3.547
N-99.8698278-20.3666684,TH570904,23.45,22.336,1.114
N-99.8733160-20.3706639,TH570904,1.034,1.034,0.0
N-99.8733361-20.3707896,TH570904,1.452,0.0,1.452
N-99.8743113-20.3711645,TH570904,1.7,0.0,1.7
N-99.8751154-20.3709667,TH570904,1.692,0.0,1.692
N-99.8754980-20.3708965,TH570904,1.672,0.0,1.672
N-99.8755503-20.3710159,TH570904,1.7,0.0,1.7
N-99.8824714-20.3708604,TH570904,5.184,0.0,5.184
N-99.8830001-20.3702478,TH570904,4.76,0.0,4.76
N-99.8842567-20.3712108,TH570904,5.368,0.0,5.368
N-99.8855097-20.3703156,TH570904,5.006,0.0,5.006
N-99.8860645-20.3709501,TH570904,4.035,0.0,4.035
N-99.8871294-20.3713001,TH570904,3.444,0.0,3.444
N-99.8884215-20.3707089,TH570904,3.258,0.0,3.258
N-99.8891947-20.3708097,TH570904,2.71,0.0,2.71
N-99.8896759-20.3708289,TH570904,2.291,0.0,2.291
N-99.8912779-20.3701676,TH570904,2.112,0.0,2.112
N-99.8936375-20.3704590,TH570904,1.69,0.0,1.69
N-99.8938685-20.3709666,TH570904,1.169,0.0,1.169
N-99.8947743-20.3707893,TH570904,1.154,0.0,1.154
N-99.8957488-20.3705986,TH570904,1.148,0.0,1.148
N-99.9001360-20.3703034,TH570904,1.83,0.0,1.83
N-99.9023749-20.3697732,TH570904,4.178,0.0,4.178
N-99.9045600-20.3720656,TH570904,0.772,0.0,0.772
N-99.9059109-20.3705083,TH570904,2.779,0.0,2.779
N-99.9059692-20.3711770,TH570904,1.387,0.0,1.387
N-99.9105700-20.3718118,TH570904,1.811,0.0,1.811
N-99.9137115-20.3711207,TH570904,1.176,0.0,1.176
N-99.9151836-20.3699224,TH570904,2.133,0.0,2.133
N-99.9228175-20.3687604,TH570904,13.507,0.0,13.507
N-99.9241460-20.3698989,TH570904,2.231,0.0,2.231
N-99.8658062-20.3631547,TH570904,8.123,8.123,0.0
N-99.8713835-20.3701183,TH570904,1.838,0.883,0.955
N-99.8715337-20.3698700,TH570904,2.052,1.018,1.034
N-99.8725221-20.3695022,TH570904,2.77,0.0,2.77
N-99.8733026-20.3705005,TH570904,1.708,0.0,1.708
N-99.8746517-20.3697926,TH570904,1.763,0.0,1.763
N-99.8747590-20.3699837,TH570904,1.751,0.0,1.751
N-99.8752458-20.3705797,TH570904,1.727,0.0,1.727
N-99.8767558-20.3686427,TH570904,4.241,2.487,1.754
N-99.8793428-20.3693164,TH570904,8.102,3.745,4.358
N-99.8809703-20.3694198,TH570904,8.746,0.0,8.746
N-99.8812152-20.3694214,TH570904,10.461,0.0,10.461
N-99.8825770-20.3699391,TH570904,5.339,0.0,5.339
N-99.8837203-20.3699548,TH570904,5.345,0.0,5.345
N-99.8843265-20.3697713,TH570904,4.996,0.0,4.996
N-99.8852726-20.3695661,TH570904,4.528,0.0,4.528
N-99.8859291-20.3702390,TH570904,3.896,0.0,3.896
N-99.8865336-20.3695873,TH570904,3.797,0.0,3.797
N-99.8879907-20.3704611,TH570904,3.571,0.0,3.571
N-99.8884812-20.3698301,TH570904,3.138,0.0,3.138
N-99.8890580-20.3702220,TH570904,2.701,0.0,2.701
N-99.8898151-20.3700407,TH570904,2.202,0.0,2.202
N-99.8912727-20.3699426,TH570904,2.157,0.0,2.157
N-99.8913301-20.3701040,TH570904,1.762,0.0,1.762
N-99.8935928-20.3699604,TH570904,4.621,0.0,4.621
N-99.8946827-20.3702472,TH570904,1.143,0.0,1.143
N-99.8956426-20.3700637,TH570904,1.143,0.0,1.143
N-99.8975019-20.3697224,TH570904,2.182,0.0,2.182
N-99.8981362-20.3698111,TH570904,0.954,0.0,0.954
N-99.8986098-20.3696134,TH570904,0.948,0.0,0.948
N-99.9024756-20.3696352,TH570904,1.568,0.0,1.568
N-99.9056416-20.3694761,TH570904,2.067,0.0,2.067
N-99.9058166-20.3700640,TH570904,2.777,0.0,2.777
N-99.9153227-20.3694287,TH570904,3.21,0.0,3.21
N-99.8714498-20.3699850,TH570904,0.977,0.977,0.0
N-99.8718528-20.3696807,TH570904,3.743,1.124,2.619
N-99.8729552-20.3694092,TH570904,2.366,0.0,2.366
N-99.8743902-20.3692156,TH570904,2.367,0.0,2.367
N-99.8748516-20.3691653,TH570904,2.424,0.0,2.424
N-99.8753947-20.3689541,TH570904,2.447,0.0,2.447
N-99.8769143-20.3685572,TH570904,6.841,0.0,6.841
N-99.8802175-20.3691901,TH570904,4.595,0.0,4.595
N-99.8822475-20.3691138,TH570904,5.015,0.0,5.015
N-99.8832523-20.3692133,TH570904,5.045,0.0,5.045
N-99.8844055-20.3690117,TH570904,5.206,0.0,5.206
N-99.8850850-20.3691215,TH570904,5.012,0.0,5.012
N-99.8857610-20.3687780,TH570904,4.163,0.0,4.163
N-99.8864964-20.3691024,TH570904,3.978,0.0,3.978
N-99.8883716-20.3693703,TH570904,7.031,0.0,7.031
N-99.8894190-20.3691296,TH570904,2.732,0.0,2.732
N-99.8896448-20.3691061,TH570904,2.294,0.0,2.294
N-99.8910491-20.3692010,TH570904,2.226,0.0,2.226
N-99.8916549-20.3690678,TH570904,1.955,0.0,1.955
N-99.8926168-20.3688541,TH570904,1.824,0.0,1.824
N-99.8933446-20.3689822,TH570904,1.789,0.0,1.789
N-99.8940473-20.3687868,TH570904,1.186,0.0,1.186
N-99.8955574-20.3692939,TH570904,2.315,0.0,2.315
N-99.8971378-20.3689961,TH570904,1.147,0.0,1.147
N-99.8974477-20.3690542,TH570904,1.095,0.0,1.095
N-99.8983386-20.3686693,TH570904,1.876,0.0,1.876
N-99.8997273-20.3693182,TH570904,3.565,0.0,3.565
N-99.9022469-20.3686527,TH570904,3.354,0.0,3.354
N-99.9028165-20.3685022,TH570904,4.48,0.0,4.48
N-99.9055878-20.3691799,TH570904,2.212,0.0,2.212
N-99.9153900-20.3690922,TH570904,3.228,0.0,3.228
N-99.9167095-20.3666687,TH570904,5.295,0.0,5.295
N-99.8732602-20.3675381,TH570904,1.794,0.0,1.794
N-99.8737444-20.3680290,TH570904,5.06,0.0,5.06
N-99.8740907-20.3683774,TH570904,2.749,0.0,2.749
N-99.8749438-20.3687575,TH570904,2.837,2.837,0.0
N-99.8762490-20.3686115,TH570904,3.147,3.147,0.0
N-99.8764877-20.3684549,TH570904,2.776,2.776,0.0
N-99.8780930-20.3676998,TH570904,4.194,0.0,4.194
N-99.8792893-20.3679986,TH570904,4.416,0.0,4.416
N-99.8796755-20.3685543,TH570904,4.699,0.0,4.699
N-99.8808785-20.3679357,TH570904,9.135,0.0,9.135
N-99.8817261-20.3681104,TH570904,5.534,0.0,5.534
N-99.8821907-20.3685819,TH570904,5.556,0.0,5.556
N-99.8835500-20.3686737,TH570904,5.388,0.0,5.388
N-99.8841903-20.3681104,TH570904,5.376,0.0,5.376
N-99.8850368-20.3684689,TH570904,5.318,0.0,5.318
N-99.8857692-20.3681244,TH570904,4.57,0.0,4.57
N-99.8865926-20.3685196,TH570904,4.215,0.0,4.215
N-99.8878506-20.3679132,TH570904,4.429,0.0,4.429
N-99.8883173-20.3678729,TH570904,3.958,0.0,3.958
N-99.8895769-20.3688078,TH570904,3.567,0.0,3.567
N-99.8901884-20.3685920,TH570904,3.137,0.0,3.137
N-99.8908135-20.3688078,TH570904,3.032,0.0,3.032
N-99.8913485-20.3683286,TH570904,2.869,0.0,2.869
N-99.8927050-20.3683814,TH570904,1.886,0.0,1.886
N-99.8932641-20.3683455,TH570904,1.822,0.0,1.822
N-99.8939440-20.3682658,TH570904,1.299,0.0,1.299
N-99.8951044-20.3681299,TH570904,1.187,0.0,1.187
N-99.8958173-20.3685448,TH570904,1.172,0.0,1.172
N-99.8964319-20.3684641,TH570904,1.163,0.0,1.163
N-99.8976181-20.3690106,TH570904,1.108,0.0,1.108
N-99.8986281-20.3687296,TH570904,0.895,0.0,0.895
N-99.9056282-20.3685426,TH570904,0.687,0.0,0.687
N-99.9057134-20.3681208,TH570904,3.779,0.0,3.779
N-99.9154753-20.3682125,TH570904,3.464,0.0,3.464
N-99.9158253-20.3674182,TH570904,5.656,0.0,5.656
N-99.9229382-20.3684763,TH570904,2.462,0.0,2.462
N-99.9232574-20.3683154,TH570904,1.05,0.0,1.05
N-99.8620217-20.3613526,TH570904,10.585,10.585,0.0
N-99.8627245-20.3616040,TH570904,2.891,2.891,0.0
N-99.8705345-20.3664458,TH570904,1.134,1.134,0.0
N-99.8724255-20.3671713,TH570904,4.352,2.199,2.154
N-99.8732984-20.3675059,TH570904,2.409,0.0,2.409
N-99.8758776-20.3673193,TH570904,6.222,3.332,2.889
N-99.8766600-20.3678389,TH570904,3.094,0.0,3.094
N-99.8777470-20.3674850,TH570904,4.405,0.0,4.405
N-99.8780906-20.3675692,TH570904,4.639,0.0,4.639
N-99.8789843-20.3674765,TH570904,4.394,0.0,4.394
N-99.8802140-20.3673239,TH570904,4.338,0.0,4.338
N-99.8814230-20.3677094,TH570904,5.57,0.0,5.57
N-99.8823054-20.3673553,TH570904,5.525,0.0,5.525
N-99.8832884-20.3676365,TH570904,5.135,0.0,5.135
N-99.8838544-20.3673662,TH570904,5.102,0.0,5.102
N-99.8847819-20.3675593,TH570904,4.911,0.0,4.911
N-99.8853913-20.3671864,TH570904,4.092,0.0,4.092
N-99.8866821-20.3675441,TH570904,4.471,0.0,4.471
N-99.8878131-20.3672141,TH570904,4.893,0.0,4.893
N-99.8885212-20.3678227,TH570904,4.567,0.0,4.567
N-99.8892458-20.3676029,TH570904,3.888,0.0,3.888
N-99.8899163-20.3674673,TH570904,3.13,0.0,3.13
N-99.8908697-20.3675950,TH570904,3.266,0.0,3.266
N-99.8915892-20.3676132,TH570904,3.032,0.0,3.032
N-99.8929424-20.3668633,TH570904,2.455,0.0,2.455
N-99.8932244-20.3680313,TH570904,1.796,0.0,1.796
N-99.8942895-20.3669724,TH570904,1.304,0.0,1.304
N-99.8947233-20.3673348,TH570904,1.246,0.0,1.246
N-99.8959684-20.3669351,TH570904,2.42,0.0,2.42
N-99.8963528-20.3668647,TH570904,1.184,0.0,1.184
N-99.8969801-20.3667611,TH570904,2.35,0.0,2.35
N-99.8987959-20.3673135,TH570904,0.918,0.0,0.918
N-99.8993026-20.3672467,TH570904,3.554,0.0,3.554
N-99.9058705-20.3672277,TH570904,3.149,0.0,3.149
N-99.9059288-20.3669135,TH570904,4.495,0.0,4.495
N-99.9155112-20.3679881,TH570904,1.723,0.0,1.723
N-99.9155561-20.3677996,TH570904,2.358,0.0,2.358
N-99.9177327-20.3657083,TH570904,11.081,0.0,11.081
N-99.9229865-20.3684185,TH570904,1.689,0.0,1.689
N-99.9237777-20.3675937,TH570904,1.039,0.0,1.039
N-99.8629444-20.3616543,TH570904,3.015,3.015,0.0
N-99.8665492-20.3632275,TH570904,0.722,0.722,0.0
N-99.8708363-20.3663226,TH570904,1.839,0.0,1.839
N-99.8719668-20.3667237,TH570904,2.222,0.0,2.222
N-99.8723732-20.3667690,TH570904,2.282,0.0,2.282
N-99.8734059-20.3666104,TH570904,2.593,0.0,2.593
N-99.8738547-20.3665789,TH570904,2.586,0.0,2.586
N-99.8751266-20.3664543,TH570904,2.658,0.0,2.658
N-99.8758698-20.3665430,TH570904,3.179,3.179,0.0
N-99.8761615-20.3663007,TH570904,3.085,0.0,3.085
N-99.8777550-20.3666960,TH570904,4.583,0.0,4.583
N-99.8783679-20.3667237,TH570904,4.555,0.0,4.555
N-99.8790392-20.3665276,TH570904,4.321,0.0,4.321
N-99.8800255-20.3667256,TH570904,3.669,0.0,3.669
N-99.8807806-20.3668658,TH570904,3.919,0.0,3.919
N-99.8818843-20.3669186,TH570904,5.149,0.0,5.149
N-99.8821257-20.3668959,TH570904,5.128,0.0,5.128
N-99.8834856-20.3666420,TH570904,5.302,0.0,5.302
N-99.8844881-20.3664735,TH570904,5.083,0.0,5.083
N-99.8847970-20.3667270,TH570904,4.089,0.0,4.089
N-99.8860214-20.3666157,TH570904,8.27,0.0,8.27
N-99.8862323-20.3667629,TH570904,4.875,0.0,4.875
N-99.8875824-20.3666559,TH570904,4.87,0.0,4.87
N-99.8883236-20.3667181,TH570904,4.399,0.0,4.399
N-99.8892025-20.3665604,TH570904,3.78,0.0,3.78
N-99.8900060-20.3666973,TH570904,3.174,0.0,3.174
N-99.8906618-20.3665834,TH570904,3.113,0.0,3.113
N-99.8910286-20.3665678,TH570904,3.061,0.0,3.061
N-99.8929372-20.3667404,TH570904,2.722,0.0,2.722
N-99.8932071-20.3668440,TH570904,2.269,0.0,2.269
N-99.8940244-20.3669351,TH570904,1.352,0.0,1.352
N-99.8946032-20.3669682,TH570904,1.311,0.0,1.311
N-99.8973910-20.3666162,TH570904,1.182,0.0,1.182
N-99.8980449-20.3664174,TH570904,0.957,0.0,0.957
N-99.8991102-20.3672122,TH570904,0.917,0.0,0.917
N-99.9001201-20.3657410,TH570904,1.781,0.0,1.781
N-99.9014511-20.3654753,TH570904,2.668,0.0,2.668
N-99.9018209-20.3653713,TH570904,2.5,0.0,2.5
N-99.9030286-20.3651633,TH570904,4.05,0.0,4.05
N-99.9060949-20.3659487,TH570904,3.841,0.0,3.841
N-99.9081414-20.3633405,TH570904,8.949,0.0,8.949
N-99.9156279-20.3676426,TH570904,1.244,0.0,1.244
N-99.9156862-20.3675573,TH570904,1.236,0.0,1.236
N-99.9173333-20.3660045,TH570904,2.647,0.0,2.647
N-99.9206274-20.3640209,TH570904,8.979,0.0,8.979
N-99.9238139-20.3674831,TH570904,0.738,0.0,0.738
N-99.9239507-20.3672970,TH570904,0.888,0.0,0.888
N-99.9243852-20.3669299,TH570904,1.807,0.0,1.807
N-99.9249606-20.3665892,TH570904,1.053,0.0,1.053
N-99.8455417-20.3762887,TH570904,0.339,0.339,0.0
N-99.8619198-20.3611514,TH570904,9.89,9.89,0.0
N-99.8659948-20.3631632,TH570904,1.461,1.461,0.0
N-99.8666796-20.3632339,TH570904,3.025,3.025,0.0
N-99.8698170-20.3659291,TH570904,3.894,3.894,0.0
N-99.8708658-20.3657908,TH570904,1.773,0.0,1.773
N-99.8717454-20.3659147,TH570904,2.109,0.0,2.109
N-99.8723737-20.3656455,TH570904,2.287,0.0,2.287
N-99.8736352-20.3653646,TH570904,5.466,2.719,2.746
N-99.8741823-20.3658210,TH570904,2.608,0.0,2.608
N-99.8749642-20.3658260,TH570904,2.546,0.0,2.546
N-99.8755811-20.3658386,TH570904,2.726,2.726,0.0
N-99.8764622-20.3656500,TH570904,2.779,0.0,2.779
N-99.8775693-20.3658863,TH570904,4.331,0.0,4.331
N-99.8785771-20.3658863,TH570904,4.253,0.0,4.253
N-99.8791391-20.3657229,TH570904,3.86,0.0,3.86
N-99.8800483-20.3658549,TH570904,3.721,0.0,3.721
N-99.8809040-20.3652200,TH570904,12.142,0.0,12.142
N-99.8828085-20.3653077,TH570904,5.098,0.0,5.098
N-99.8833959-20.3658878,TH570904,5.434,0.0,5.434
N-99.8835530-20.3656006,TH570904,5.073,0.0,5.073
N-99.8847774-20.3655899,TH570904,4.753,0.0,4.753
N-99.8874566-20.3654991,TH570904,12.88,0.0,12.88
N-99.8883416-20.3661975,TH570904,3.981,0.0,3.981
N-99.8895199-20.3664436,TH570904,3.719,0.0,3.719
N-99.8902130-20.3661885,TH570904,3.352,0.0,3.352
N-99.8908279-20.3659619,TH570904,3.452,0.0,3.452
N-99.8917935-20.3658563,TH570904,3.005,0.0,3.005
N-99.8926035-20.3657758,TH570904,3.068,0.0,3.068
N-99.8932418-20.3654373,TH570904,2.964,0.0,2.964
N-99.8948067-20.3654824,TH570904,2.988,0.0,2.988
N-99.8954762-20.3653260,TH570904,1.36,0.0,1.36
N-99.8959709-20.3652104,TH570904,2.588,0.0,2.588
N-99.8976987-20.3657470,TH570904,1.185,0.0,1.185
N-99.8983313-20.3660067,TH570904,0.978,0.0,0.978
N-99.8992043-20.3657642,TH570904,0.957,0.0,0.957
N-99.8999697-20.3657801,TH570904,0.921,0.0,0.921
N-99.9039653-20.3649785,TH570904,2.463,0.0,2.463
N-99.9061084-20.3656390,TH570904,1.214,0.0,1.214
N-99.9108880-20.3622641,TH570904,9.917,0.0,9.917
N-99.9175083-20.3658609,TH570904,2.034,0.0,2.034
N-99.9220994-20.3639401,TH570904,1.379,0.0,1.379
N-99.9223866-20.3639490,TH570904,1.411,0.0,1.411
N-99.9248184-20.3666206,TH570904,0.988,0.0,0.988
N-99.9254395-20.3659062,TH570904,4.957,0.0,4.957
N-99.8527327-20.3544827,TH570904,17.798,17.383,0.415
N-99.8528872-20.3545088,TH570904,6.13,6.13,0.0
N-99.8674812-20.3631525,TH570904,2.396,2.396,0.0
N-99.8700303-20.3648013,TH570904,3.302,1.892,1.41
N-99.8703119-20.3653558,TH570904,1.766,0.0,1.766
N-99.8719896-20.3647787,TH570904,2.117,2.117,0.0
N-99.8721975-20.3653545,TH570904,2.385,2.385,0.0
N-99.8742496-20.3651787,TH570904,3.136,0.0,3.136
N-99.8750916-20.3650012,TH570904,3.154,0.0,3.154
N-99.8759620-20.3648641,TH570904,2.864,0.0,2.864
N-99.8767217-20.3650339,TH570904,2.751,0.0,2.751
N-99.8775168-20.3649723,TH570904,3.727,0.0,3.727
N-99.8783639-20.3649962,TH570904,3.55,0.0,3.55
N-99.8793270-20.3650814,TH570904,3.598,0.0,3.598
N-99.8800082-20.3651367,TH570904,3.557,0.0,3.557
N-99.8807269-20.3650063,TH570904,3.38,0.0,3.38
N-99.8826529-20.3650914,TH570904,4.82,0.0,4.82
N-99.8831357-20.3654938,TH570904,5.431,0.0,5.431
N-99.8848877-20.3647148,TH570904,10.058,0.0,10.058
N-99.8850628-20.3647198,TH570904,9.816,0.0,9.816
N-99.8856465-20.3646338,TH570904,9.052,0.0,9.052
N-99.8872666-20.3643421,TH570904,9.101,0.0,9.101
N-99.8882016-20.3647242,TH570904,3.917,0.0,3.917
N-99.8888377-20.3646745,TH570904,3.773,0.0,3.773
N-99.8907201-20.3650261,TH570904,7.258,0.0,7.258
N-99.8912587-20.3650576,TH570904,3.46,0.0,3.46
N-99.8924748-20.3649460,TH570904,3.277,0.0,3.277
N-99.8932971-20.3650339,TH570904,3.007,0.0,3.007
N-99.8934626-20.3651455,TH570904,2.166,0.0,2.166
N-99.8949128-20.3648521,TH570904,1.731,0.0,1.731
N-99.8959426-20.3648720,TH570904,1.69,0.0,1.69
N-99.8975505-20.3653297,TH570904,1.222,0.0,1.222
N-99.8987026-20.3647765,TH570904,0.997,0.0,0.997
N-99.8990585-20.3651282,TH570904,0.968,0.0,0.968
N-99.8999049-20.3656925,TH570904,0.939,0.0,0.939
N-99.9042549-20.3649091,TH570904,1.598,0.0,1.598
N-99.9047478-20.3648109,TH570904,1.575,0.0,1.575
N-99.9059064-20.3647863,TH570904,0.73,0.0,0.73
N-99.9060410-20.3652530,TH570904,1.32,0.0,1.32
N-99.9228758-20.3638413,TH570904,1.449,0.0,1.449
N-99.9247528-20.3637135,TH570904,2.9,0.0,2.9
N-99.9293970-20.3667727,TH570904,1.036,0.0,1.036
N-99.9319585-20.3669389,TH570904,0.781,0.0,0.781
N-99.8683883-20.3631703,TH570904,1.676,1.676,0.0
N-99.8694674-20.3636480,TH570904,0.961,0.961,0.0
N-99.8699714-20.3641132,TH570904,1.285,1.285,0.0
N-99.8713137-20.3638307,TH570904,2.703,0.0,2.703
N-99.8717429-20.3643412,TH570904,4.103,2.132,1.97
N-99.8738323-20.3650710,TH570904,2.918,2.918,0.0
N-99.8743507-20.3636867,TH570904,3.258,0.0,3.258
N-99.8749946-20.3641241,TH570904,3.273,0.0,3.273
N-99.8757957-20.3641368,TH570904,3.15,0.0,3.15
N-99.8767821-20.3642274,TH570904,2.716,0.0,2.716
N-99.8775193-20.3643018,TH570904,3.519,0.0,3.519
N-99.8782219-20.3643019,TH570904,3.311,0.0,3.311
N-99.8792250-20.3638844,TH570904,3.299,0.0,3.299
N-99.8797293-20.3641812,TH570904,3.228,0.0,3.228
N-99.8809095-20.3641108,TH570904,3.259,0.0,3.259
N-99.8812099-20.3638543,TH570904,3.39,0.0,3.39
N-99.8824705-20.3644025,TH570904,9.138,0.0,9.138
N-99.8876528-20.3642315,TH570904,4.24,0.0,4.24
N-99.8882304-20.3643512,TH570904,4.281,0.0,4.281
N-99.8892429-20.3638621,TH570904,4.077,0.0,4.077
N-99.8898625-20.3637741,TH570904,4.333,0.0,4.333
N-99.8908067-20.3643852,TH570904,3.745,0.0,3.745
N-99.8917774-20.3641212,TH570904,3.461,0.0,3.461
N-99.8925622-20.3643927,TH570904,3.286,0.0,3.286
N-99.8932426-20.3636379,TH570904,3.091,0.0,3.091
N-99.8942158-20.3642694,TH570904,2.247,0.0,2.247
N-99.8948902-20.3641788,TH570904,1.731,0.0,1.731
N-99.8958860-20.3642682,TH570904,3.402,0.0,3.402
N-99.8974359-20.3634256,TH570904,3.287,0.0,3.287
N-99.8986374-20.3640784,TH570904,1.16,0.0,1.16
N-99.8987044-20.3642921,TH570904,1.099,0.0,1.099
N-99.8988399-20.3646869,TH570904,1.067,0.0,1.067
N-99.9011320-20.3632579,TH570904,5.252,0.0,5.252
N-99.9054072-20.3645741,TH570904,1.624,0.0,1.624
N-99.9059468-20.3644048,TH570904,0.793,0.0,0.793
N-99.9063417-20.3640727,TH570904,2.27,0.0,2.27
N-99.9116913-20.3619140,TH570904,4.796,0.0,4.796
N-99.9125260-20.3615775,TH570904,6.247,0.0,6.247
N-99.9214890-20.3638054,TH570904,2.242,0.0,2.242
N-99.9225213-20.3639311,TH570904,1.397,0.0,1.397
N-99.9233380-20.3636887,TH570904,1.371,0.0,1.371
N-99.9260442-20.3628001,TH570904,2.107,0.0,2.107
N-99.9274130-20.3626745,TH570904,2.189,0.0,2.189
N-99.9277227-20.3626027,TH570904,1.436,0.0,1.436
N-99.9297737-20.3626431,TH570904,1.476,0.0,1.476
N-99.9299711-20.3626520,TH570904,2.164,0.0,2.164
N-99.9301282-20.3626296,TH570904,0.76,0.0,0.76
N-99.9303481-20.3625354,TH570904,3.554,0.0,3.554
N-99.9346702-20.3644788,TH570904,1.44,0.0,1.44
N-99.8692172-20.3633217,TH570904,0.926,0.926,0.0
N-99.8702931-20.3629783,TH570904,1.262,0.0,1.262
N-99.8706606-20.3632611,TH570904,1.332,1.332,0.0
N-99.8715229-20.3640205,TH570904,1.447,1.447,0.0
N-99.8743580-20.3633963,TH570904,5.595,5.595,0.0
N-99.8750720-20.3633676,TH570904,2.937,0.0,2.937
N-99.8760852-20.3636708,TH570904,2.692,0.0,2.692
N-99.8766929-20.3633114,TH570904,2.694,0.0,2.694
N-99.8772206-20.3632444,TH570904,3.365,0.0,3.365
N-99.8782702-20.3634922,TH570904,3.275,0.0,3.275
N-99.8794235-20.3636632,TH570904,3.248,0.0,3.248
N-99.8800887-20.3635374,TH570904,2.524,0.0,2.524
N-99.8808397-20.3629691,TH570904,2.649,0.0,2.649
N-99.8814781-20.3634167,TH570904,2.911,0.0,2.911
N-99.8823547-20.3637830,TH570904,8.331,0.0,8.331
N-99.8850768-20.3634319,TH570904,21.432,4.418,17.014
N-99.8852578-20.3634467,TH570904,12.032,0.0,12.032
N-99.8877999-20.3631354,TH570904,24.441,0.0,24.441
N-99.8885330-20.3637095,TH570904,4.724,0.0,4.724
N-99.8889519-20.3634599,TH570904,4.734,0.0,4.734
N-99.8902137-20.3631490,TH570904,3.936,0.0,3.936
N-99.8908682-20.3630560,TH570904,3.543,0.0,3.543
N-99.8920832-20.3633116,TH570904,3.305,0.0,3.305
N-99.8924898-20.3632385,TH570904,3.455,0.0,3.455
N-99.8936602-20.3633825,TH570904,3.276,0.0,3.276
N-99.8941340-20.3630587,TH570904,2.34,0.0,2.34
N-99.8949342-20.3634990,TH570904,1.864,0.0,1.864
N-99.8958077-20.3633180,TH570904,1.767,0.0,1.767
N-99.8966043-20.3630977,TH570904,1.779,0.0,1.779
N-99.8983392-20.3634642,TH570904,1.315,0.0,1.315
N-99.8985945-20.3633542,TH570904,1.182,0.0,1.182
N-99.9013340-20.3627912,TH570904,3.056,0.0,3.056
N-99.9133518-20.3612184,TH570904,3.601,0.0,3.601
N-99.9136704-20.3610973,TH570904,12.105,0.0,12.105
N-99.9210672-20.3638144,TH570904,1.766,0.0,1.766
N-99.9245786-20.3633131,TH570904,2.049,0.0,2.049
N-99.9255012-20.3629976,TH570904,1.362,0.0,1.362
N-99.9264481-20.3626790,TH570904,1.39,0.0,1.39
N-99.9281087-20.3624636,TH570904,2.662,0.0,2.662
N-99.9316002-20.3616019,TH570904,4.852,0.0,4.852
N-99.9348606-20.3637169,TH570904,0.712,0.0,0.712
N-99.8603212-20.3581690,TH570904,4.668,4.668,0.0
N-99.8605302-20.3584203,TH570904,3.628,2.995,0.634
N-99.8630890-20.3616239,TH570904,0.637,0.637,0.0
N-99.8633146-20.3615538,TH570904,3.259,2.654,0.605
N-99.8669529-20.3623584,TH570904,1.395,1.395,0.0
N-99.8675583-20.3622254,TH570904,0.752,0.752,0.0
N-99.8683298-20.3624902,TH570904,0.816,0.816,0.0
N-99.8688528-20.3626978,TH570904,0.874,0.0,0.874
N-99.8701201-20.3626941,TH570904,2.332,0.0,2.332
N-99.8720627-20.3615380,TH570904,5.218,1.241,3.977
N-99.8742099-20.3616233,TH570904,11.05,5.788,5.262
N-99.8745636-20.3617062,TH570904,3.538,1.704,1.833
N-99.8755798-20.3623735,TH570904,1.861,0.0,1.861
N-99.8759767-20.3627142,TH570904,2.539,0.0,2.539
N-99.8768550-20.3623418,TH570904,2.446,0.0,2.446
N-99.8773331-20.3624059,TH570904,3.372,0.0,3.372
N-99.8783286-20.3620741,TH570904,6.752,0.0,6.752
N-99.8793323-20.3626473,TH570904,2.835,0.0,2.835
N-99.8796488-20.3623153,TH570904,2.913,0.0,2.913
N-99.8808075-20.3622097,TH570904,3.371,0.0,3.371
N-99.8818053-20.3623707,TH570904,3.463,0.0,3.463
N-99.8823310-20.3622198,TH570904,7.796,3.77,4.025
N-99.8887051-20.3629617,TH570904,7.494,0.0,7.494
N-99.8887589-20.3629527,TH570904,10.603,0.0,10.603
N-99.8900921-20.3627841,TH570904,3.468,0.0,3.468
N-99.8906287-20.3624660,TH570904,19.135,0.0,19.135
N-99.8916985-20.3628316,TH570904,3.657,0.0,3.657
N-99.8923762-20.3625354,TH570904,3.909,0.0,3.909
N-99.8938572-20.3623469,TH570904,3.849,0.0,3.849
N-99.8943957-20.3626117,TH570904,3.088,0.0,3.088
N-99.8948139-20.3621447,TH570904,2.757,0.0,2.757
N-99.8959072-20.3622844,TH570904,2.514,0.0,2.514
N-99.8966673-20.3625998,TH570904,1.82,0.0,1.82
N-99.8976530-20.3620642,TH570904,1.722,0.0,1.722
N-99.8984215-20.3625747,TH570904,1.582,0.0,1.582
N-99.8988441-20.3619253,TH570904,1.218,0.0,1.218
N-99.8988699-20.3618900,TH570904,1.182,0.0,1.182
N-99.9018860-20.3616423,TH570904,4.982,0.0,4.982
N-99.9037352-20.3605157,TH570904,3.628,0.0,3.628
N-99.9061263-20.3642029,TH570904,0.833,0.0,0.833
N-99.9072435-20.3615354,TH570904,5.35,0.0,5.35
N-99.9079269-20.3628159,TH570904,2.867,0.0,2.867
N-99.9169601-20.3597060,TH570904,10.454,0.0,10.454
N-99.9182937-20.3598830,TH570904,8.092,0.0,8.092
N-99.9208697-20.3638907,TH570904,1.014,0.0,1.014
N-99.9238090-20.3616163,TH570904,3.51,0.0,3.51
N-99.9266905-20.3626476,TH570904,3.353,0.0,3.353
N-99.9283734-20.3624142,TH570904,3.265,0.0,3.265
N-99.9286831-20.3624232,TH570904,3.257,0.0,3.257
N-99.9318761-20.3613016,TH570904,3.945,0.0,3.945
N-99.9353883-20.3629814,TH570904,0.7,0.0,0.7
N-99.8615548-20.3600498,TH570904,3.277,2.058,1.219
N-99.8616138-20.3602006,TH570904,1.591,1.591,0.0
N-99.8625153-20.3615286,TH570904,0.588,0.0,0.588
N-99.8671924-20.3621049,TH570904,2.081,2.081,0.0
N-99.8672735-20.3620774,TH570904,0.746,0.0,0.746
N-99.8679952-20.3622120,TH570904,0.775,0.775,0.0
N-99.8697493-20.3615835,TH570904,1.755,0.85,0.904
N-99.8712518-20.3610099,TH570904,2.253,0.0,2.253
N-99.8718050-20.3614741,TH570904,1.272,0.0,1.272
N-99.8748769-20.3618365,TH570904,1.76,0.0,1.76
N-99.8758467-20.3617310,TH570904,1.785,0.0,1.785
N-99.8765700-20.3612232,TH570904,3.613,0.0,3.613
N-99.8773956-20.3619385,TH570904,3.329,0.0,3.329
N-99.8789312-20.3612570,TH570904,5.717,2.687,3.03
N-99.8800792-20.3614117,TH570904,5.7,0.0,5.7
N-99.8809846-20.3615006,TH570904,3.397,0.0,3.397
N-99.8812474-20.3615962,TH570904,3.768,3.768,0.0
N-99.8824920-20.3616263,TH570904,13.397,0.0,13.397
N-99.8920624-20.3616163,TH570904,8.165,0.0,8.165
N-99.8937652-20.3618266,TH570904,4.142,0.0,4.142
N-99.8941447-20.3616959,TH570904,3.432,0.0,3.432
N-99.8948535-20.3617814,TH570904,3.214,0.0,3.214
N-99.8956675-20.3612923,TH570904,2.602,0.0,2.602
N-99.8971144-20.3614695,TH570904,2.352,0.0,2.352
N-99.8973794-20.3615399,TH570904,2.303,0.0,2.303
N-99.8983621-20.3620311,TH570904,2.254,0.0,2.254
N-99.8988676-20.3618062,TH570904,1.429,0.0,1.429
N-99.8995388-20.3608569,TH570904,1.192,0.0,1.192
N-99.9042464-20.3602183,TH570904,1.955,0.0,1.955
N-99.9067690-20.3607150,TH570904,6.488,0.0,6.488
N-99.9197732-20.3598859,TH570904,6.994,0.0,6.994
N-99.9229399-20.3604696,TH570904,3.8,0.0,3.8
N-99.9233798-20.3609223,TH570904,6.065,0.0,6.065
N-99.9325896-20.3604969,TH570904,5.082,0.0,5.082
N-99.9357156-20.3620196,TH570904,0.69,0.0,0.69
N-99.8602139-20.3579930,TH570904,4.186,4.186,0.0
N-99.8619088-20.3607589,TH570904,0.574,0.0,0.574
N-99.8629605-20.3608094,TH570904,1.201,1.201,0.0
N-99.8631054-20.3611766,TH570904,0.647,0.0,0.647
N-99.8680226-20.3596942,TH570904,0.726,0.726,0.0
N-99.8687780-20.3601344,TH570904,1.502,0.0,1.502
N-99.8692632-20.3608069,TH570904,1.665,0.813,0.851
N-99.8711356-20.3608228,TH570904,0.864,0.0,0.864
N-99.8760854-20.3611690,TH570904,1.738,0.0,1.738
N-99.8775304-20.3607782,TH570904,2.662,0.0,2.662
N-99.8780581-20.3608861,TH570904,2.69,2.69,0.0
N-99.8807593-20.3607814,TH570904,3.404,0.0,3.404
N-99.8812474-20.3612693,TH570904,3.569,0.0,3.569
N-99.8823793-20.3609172,TH570904,3.721,0.0,3.721
N-99.8824759-20.3612190,TH570904,4.345,0.0,4.345
N-99.8845942-20.3594432,TH570904,14.115,9.65,4.465
N-99.8856084-20.3594178,TH570904,4.072,0.0,4.072
N-99.8865109-20.3594886,TH570904,20.554,3.795,16.759
N-99.8921612-20.3610672,TH570904,11.881,0.0,11.881
N-99.8927741-20.3607868,TH570904,4.294,0.0,4.294
N-99.8931053-20.3606271,TH570904,4.064,0.0,4.064
N-99.8939506-20.3605199,TH570904,3.445,0.0,3.445
N-99.8949271-20.3606451,TH570904,3.127,0.0,3.127
N-99.8958947-20.3608120,TH570904,2.753,0.0,2.753
N-99.8966055-20.3604590,TH570904,2.587,0.0,2.587
N-99.8973537-20.3610820,TH570904,2.525,0.0,2.525
N-99.8986368-20.3610319,TH570904,2.27,0.0,2.27
N-99.8991574-20.3609197,TH570904,1.963,0.0,1.963
N-99.8996151-20.3607986,TH570904,1.598,0.0,1.598
N-99.8999195-20.3602713,TH570904,2.963,0.0,2.963
N-99.9020745-20.3611980,TH570904,3.668,0.0,3.668
N-99.9038685-20.3604382,TH570904,0.93,0.0,0.93
N-99.9043627-20.3601506,TH570904,0.901,0.0,0.901
N-99.9204075-20.3595779,TH570904,2.711,0.0,2.711
N-99.9224571-20.3600773,TH570904,2.111,0.0,2.111
N-99.9332796-20.3596369,TH570904,3.009,0.0,3.009
N-99.9358108-20.3608622,TH570904,3.386,0.0,3.386
N-99.8529730-20.3545038,TH570904,3.761,3.409,0.352
N-99.8628747-20.3601405,TH570904,0.644,0.644,0.0
N-99.8631268-20.3597684,TH570904,0.652,0.652,0.0
N-99.8634326-20.3593711,TH570904,1.289,0.0,1.289
N-99.8639851-20.3589788,TH570904,3.315,1.311,2.005
N-99.8667982-20.3587474,TH570904,1.371,1.371,0.0
N-99.8675117-20.3591284,TH570904,1.371,0.685,0.686
N-99.8678644-20.3595596,TH570904,1.426,0.716,0.71
N-99.8685805-20.3600060,TH570904,0.723,0.0,0.723
N-99.8705419-20.3594539,TH570904,1.6,0.0,1.6
N-99.8706809-20.3595841,TH570904,3.463,2.653,0.81
N-99.8710602-20.3605636,TH570904,1.807,0.0,1.807
N-99.8761779-20.3598803,TH570904,2.715,1.233,1.482
N-99.8764816-20.3602631,TH570904,1.53,1.53,0.0
N-99.8772736-20.3604460,TH570904,2.108,0.0,2.108
N-99.8775512-20.3605605,TH570904,2.111,0.0,2.111
N-99.8797962-20.3594968,TH570904,6.519,0.0,6.519
N-99.8809256-20.3600321,TH570904,2.18,0.0,2.18
N-99.8817678-20.3599868,TH570904,2.737,0.0,2.737
N-99.8821647-20.3603992,TH570904,3.315,0.0,3.315
N-99.8827766-20.3592772,TH570904,8.209,0.0,8.209
N-99.8853657-20.3594213,TH570904,4.644,0.0,4.644
N-99.8857942-20.3593972,TH570904,4.525,0.0,4.525
N-99.8925763-20.3601166,TH570904,22.977,0.0,22.977
N-99.8936087-20.3594530,TH570904,3.822,0.0,3.822
N-99.8940861-20.3598785,TH570904,3.547,0.0,3.547
N-99.8948948-20.3598762,TH570904,3.355,0.0,3.355
N-99.8954681-20.3603644,TH570904,3.022,0.0,3.022
N-99.8964983-20.3600607,TH570904,2.817,0.0,2.817
N-99.8978200-20.3601164,TH570904,2.764,0.0,2.764
N-99.8983821-20.3602156,TH570904,2.358,0.0,2.358
N-99.8988522-20.3600536,TH570904,2.092,0.0,2.092
N-99.9002078-20.3597382,TH570904,3.226,0.0,3.226
N-99.9029945-20.3592188,TH570904,4.249,0.0,4.249
N-99.9035629-20.3598561,TH570904,1.134,0.0,1.134
N-99.9046007-20.3599816,TH570904,0.991,0.0,0.991
N-99.9059248-20.3596289,TH570904,1.969,0.0,1.969
N-99.9189399-20.3595644,TH570904,1.914,0.0,1.914
N-99.9217449-20.3595330,TH570904,1.069,0.0,1.069
N-99.8568955-20.3546661,TH570904,4.833,3.728,1.105
N-99.8597419-20.3571129,TH570904,3.254,2.63,0.625
N-99.8611739-20.3589081,TH570904,1.268,0.64,0.628
N-99.8614314-20.3592350,TH570904,0.622,0.0,0.622
N-99.8633197-20.3595066,TH570904,0.644,0.0,0.644
N-99.8666225-20.3586179,TH570904,0.665,0.0,0.665
N-99.8697613-20.3591389,TH570904,0.73,0.0,0.73
N-99.8698017-20.3591839,TH570904,0.757,0.0,0.757
N-99.8760493-20.3587655,TH570904,1.085,1.085,0.0
N-99.8761095-20.3591887,TH570904,4.221,1.556,2.665
N-99.8771019-20.3603995,TH570904,2.113,0.0,2.113
N-99.8785851-20.3581851,TH570904,7.545,0.0,7.545
N-99.8792761-20.3585052,TH570904,5.805,0.0,5.805
N-99.8809227-20.3593358,TH570904,2.174,0.0,2.174
N-99.8820385-20.3590617,TH570904,2.732,0.0,2.732
N-99.8822878-20.3593628,TH570904,2.94,0.0,2.94
N-99.8841813-20.3589855,TH570904,4.191,0.0,4.191
N-99.8854334-20.3591111,TH570904,4.519,0.0,4.519
N-99.8858390-20.3590591,TH570904,4.102,0.0,4.102
N-99.8865613-20.3591532,TH570904,25.438,0.0,25.438
N-99.8933760-20.3591197,TH570904,6.587,0.0,6.587
N-99.8938188-20.3589146,TH570904,3.343,0.0,3.343
N-99.8950163-20.3597788,TH570904,3.552,0.0,3.552
N-99.8959617-20.3590705,TH570904,6.667,0.0,6.667
N-99.8962434-20.3595054,TH570904,3.17,0.0,3.17
N-99.8978648-20.3591470,TH570904,2.95,0.0,2.95
N-99.8984213-20.3590214,TH570904,2.5,0.0,2.5
N-99.8989330-20.3589002,TH570904,2.09,0.0,2.09
N-99.8998712-20.3591699,TH570904,1.708,0.0,1.708
N-99.9032737-20.3590283,TH570904,1.424,0.0,1.424
N-99.9042407-20.3593842,TH570904,1.393,0.0,1.393
N-99.9051416-20.3589268,TH570904,1.191,0.0,1.191
N-99.9064671-20.3584042,TH570904,1.765,0.0,1.765
N-99.9070217-20.3582251,TH570904,4.154,0.0,4.154
N-99.9077858-20.3579015,TH570904,4.464,0.0,4.464
N-99.9085930-20.3574105,TH570904,2.396,0.0,2.396
N-99.9093817-20.3568559,TH570904,7.873,0.0,7.873
N-99.9157847-20.3577604,TH570904,12.807,0.0,12.807
N-99.9178980-20.3593335,TH570904,1.911,0.0,1.911
N-99.9180331-20.3592828,TH570904,2.084,0.0,2.084
N-99.9193079-20.3593131,TH570904,2.042,0.0,2.042
N-99.9201741-20.3591739,TH570904,1.961,0.0,1.961
N-99.9205960-20.3588508,TH570904,1.66,0.0,1.66
N-99.9214057-20.3592626,TH570904,1.61,0.0,1.61
N-99.9221334-20.3590915,TH570904,2.857,0.0,2.857
N-99.9334318-20.3589781,TH570904,1.678,0.0,1.678
N-99.9395124-20.3591380,TH570904,1.646,0.0,1.646
N-99.8590818-20.3561218,TH570904,3.225,2.606,0.619
N-99.8626460-20.3574975,TH570904,1.991,0.0,1.991
N-99.8631443-20.3574737,TH570904,1.326,0.0,1.326
N-99.8662618-20.3579326,TH570904,0.667,0.667,0.0
N-99.8665193-20.3584821,TH570904,0.663,0.0,0.663
N-99.8672810-20.3589461,TH570904,0.676,0.676,0.0
N-99.8687786-20.3579500,TH570904,0.699,0.0,0.699
N-99.8692131-20.3583597,TH570904,0.715,0.0,0.715
N-99.8696527-20.3586297,TH570904,0.729,0.729,0.0
N-99.8697386-20.3588049,TH570904,0.746,0.746,0.0
N-99.8711034-20.3568978,TH570904,0.762,0.0,0.762
N-99.8713737-20.3567592,TH570904,3.07,1.544,1.525
N-99.8757531-20.3575987,TH570904,0.984,0.984,0.0
N-99.8759057-20.3582046,TH570904,4.046,0.0,4.046
N-99.8759999-20.3584918,TH570904,1.565,0.0,1.565
N-99.8798589-20.3581820,TH570904,3.244,0.0,3.244
N-99.8805388-20.3581706,TH570904,2.268,0.0,2.268
N-99.8815845-20.3582215,TH570904,2.71,0.0,2.71
N-99.8819035-20.3582245,TH570904,5.533,0.0,5.533
N-99.8842037-20.3582305,TH570904,10.173,0.0,10.173
N-99.8846020-20.3583486,TH570904,3.693,0.0,3.693
N-99.8857795-20.3581262,TH570904,10.476,0.0,10.476
N-99.8859608-20.3581394,TH570904,31.821,0.0,31.821
N-99.8932056-20.3581994,TH570904,9.792,0.0,9.792
N-99.8937021-20.3585500,TH570904,5.442,0.0,5.442
N-99.8963002-20.3587496,TH570904,6.7,0.0,6.7
N-99.8975327-20.3580770,TH570904,3.245,0.0,3.245
N-99.8978065-20.3586623,TH570904,2.425,0.0,2.425
N-99.8996061-20.3582539,TH570904,4.827,0.0,4.827
N-99.8997722-20.3586623,TH570904,1.73,0.0,1.73
N-99.9031650-20.3587925,TH570904,3.128,0.0,3.128
N-99.9034877-20.3581347,TH570904,1.455,0.0,1.455
N-99.9038971-20.3580856,TH570904,1.439,0.0,1.439
N-99.9048891-20.3587510,TH570904,1.426,0.0,1.426
N-99.9057523-20.3586468,TH570904,1.367,0.0,1.367
N-99.9088456-20.3571794,TH570904,2.53,0.0,2.53
N-99.9111626-20.3556600,TH570904,7.861,0.0,7.861
N-99.9172516-20.3580158,TH570904,1.398,0.0,1.398
N-99.9174152-20.3582557,TH570904,1.923,0.0,1.923
N-99.9182070-20.3580330,TH570904,2.087,0.0,2.087
N-99.9195271-20.3585930,TH570904,1.916,0.0,1.916
N-99.9199086-20.3581936,TH570904,1.821,0.0,1.821
N-99.9206869-20.3583975,TH570904,1.711,0.0,1.711
N-99.9217987-20.3585726,TH570904,1.635,0.0,1.635
N-99.9219423-20.3587835,TH570904,1.39,0.0,1.39
N-99.9220904-20.3589899,TH570904,1.019,0.0,1.019
N-99.9233919-20.3562658,TH570904,3.634,0.0,3.634
N-99.9248280-20.3555388,TH570904,7.049,0.0,7.049
N-99.9261026-20.3549105,TH570904,2.745,0.0,2.745
N-99.9267174-20.3546412,TH570904,1.993,0.0,1.993
N-99.9334986-20.3582943,TH570904,3.687,0.0,3.687
N-99.9395483-20.3590124,TH570904,1.077,0.0,1.077
N-99.9396919-20.3588149,TH570904,1.613,0.0,1.613
N-99.8557180-20.3542763,TH570904,2.297,1.793,0.504
N-99.8600959-20.3574297,TH570904,0.602,0.0,0.602
N-99.8611932-20.3571411,TH570904,1.315,0.0,1.315
N-99.8619112-20.3573708,TH570904,1.399,0.721,0.678
N-99.8638285-20.3573153,TH570904,2.065,1.394,0.671
N-99.8647322-20.3570857,TH570904,2.795,2.065,0.73
N-99.8661867-20.3573832,TH570904,0.669,0.669,0.0
N-99.8661974-20.3576020,TH570904,0.67,0.67,0.0
N-99.8674208-20.3570047,TH570904,1.342,0.0,1.342
N-99.8686261-20.3570583,TH570904,0.69,0.0,0.69
N-99.8691270-20.3571472,TH570904,1.416,0.707,0.709
N-99.8701406-20.3570601,TH570904,1.434,0.716,0.718
N-99.8707107-20.3569691,TH570904,1.471,0.736,0.735
N-99.8720325-20.3560901,TH570904,2.537,0.999,1.538
N-99.8757407-20.3573926,TH570904,1.036,0.0,1.036
N-99.8757441-20.3574303,TH570904,1.441,0.0,1.441
N-99.8757579-20.3574891,TH570904,1.533,0.0,1.533
N-99.8767224-20.3571903,TH570904,4.164,0.0,4.164
N-99.8785006-20.3577116,TH570904,3.489,0.0,3.489
N-99.8791150-20.3575810,TH570904,3.867,0.0,3.867
N-99.8801536-20.3573991,TH570904,3.612,0.0,3.612
N-99.8807840-20.3575987,TH570904,3.105,0.0,3.105
N-99.8813988-20.3575269,TH570904,2.788,0.0,2.788
N-99.8845195-20.3578327,TH570904,6.725,0.0,6.725
N-99.8847620-20.3578596,TH570904,3.47,0.0,3.47
N-99.8930731-20.3571281,TH570904,12.397,0.0,12.397
N-99.8931256-20.3572172,TH570904,7.111,0.0,7.111
N-99.8972225-20.3573782,TH570904,10.806,0.0,10.806
N-99.8985962-20.3575627,TH570904,5.158,0.0,5.158
N-99.8994266-20.3572890,TH570904,5.632,0.0,5.632
N-99.8996690-20.3572083,TH570904,2.692,0.0,2.692
N-99.9004588-20.3569345,TH570904,2.515,0.0,2.515
N-99.9012892-20.3566373,TH570904,2.365,0.0,2.365
N-99.9030501-20.3567632,TH570904,7.068,0.0,7.068
N-99.9036946-20.3577423,TH570904,2.119,0.0,2.119
N-99.9043638-20.3578469,TH570904,2.018,0.0,2.018
N-99.9047377-20.3576557,TH570904,2.855,0.0,2.855
N-99.9167327-20.3572549,TH570904,1.72,0.0,1.72
N-99.9176009-20.3578388,TH570904,1.89,0.0,1.89
N-99.9184158-20.3577023,TH570904,4.246,0.0,4.246
N-99.9200968-20.3573615,TH570904,1.989,0.0,1.989
N-99.9207800-20.3575763,TH570904,1.757,0.0,1.757
N-99.9210672-20.3575673,TH570904,1.637,0.0,1.637
N-99.9223597-20.3568537,TH570904,5.424,0.0,5.424
N-99.9239484-20.3559516,TH570904,3.064,0.0,3.064
N-99.9262599-20.3548416,TH570904,1.349,0.0,1.349
N-99.9269643-20.3545335,TH570904,3.3,0.0,3.3
N-99.9276187-20.3542277,TH570904,7.475,0.0,7.475
N-99.9335767-20.3575598,TH570904,4.726,0.0,4.726
N-99.9402304-20.3581687,TH570904,1.58,0.0,1.58
N-99.9404099-20.3579891,TH570904,0.563,0.0,0.563
N-99.8536393-20.3543368,TH570904,0.854,0.854,0.0
N-99.8609990-20.3570303,TH570904,0.672,0.0,0.672
N-99.8654840-20.3567769,TH570904,2.111,2.111,0.0
N-99.8658978-20.3566422,TH570904,3.53,2.179,1.35
N-99.8665554-20.3568279,TH570904,0.69,0.0,0.69
N-99.8679276-20.3568938,TH570904,1.343,0.0,1.343
N-99.8727547-20.3555872,TH570904,2.568,1.757,0.811
N-99.8752002-20.3562208,TH570904,1.162,1.162,0.0
N-99.8753934-20.3565056,TH570904,1.42,0.0,1.42
N-99.8755503-20.3567646,TH570904,1.52,0.0,1.52
N-99.8765564-20.3565037,TH570904,1.586,0.0,1.586
N-99.8774001-20.3564453,TH570904,2.565,0.0,2.565
N-99.8783296-20.3566748,TH570904,3.124,0.0,3.124
N-99.8792115-20.3567407,TH570904,3.626,0.0,3.626
N-99.8799178-20.3566966,TH570904,3.323,0.0,3.323
N-99.8808962-20.3568178,TH570904,3.002,0.0,3.002
N-99.8814993-20.3564667,TH570904,6.796,0.0,6.796
N-99.8828557-20.3557591,TH570904,6.662,0.0,6.662
N-99.8846408-20.3578267,TH570904,3.218,0.0,3.218
N-99.8931160-20.3569974,TH570904,4.934,0.0,4.934
N-99.8932984-20.3567107,TH570904,3.653,0.0,3.653
N-99.8934540-20.3564039,TH570904,6.969,0.0,6.969
N-99.8957660-20.3552974,TH570904,9.978,0.0,9.978
N-99.9001626-20.3570396,TH570904,3.102,0.0,3.102
N-99.9008852-20.3567819,TH570904,2.821,0.0,2.821
N-99.9017290-20.3563355,TH570904,2.552,0.0,2.552
N-99.9043588-20.3565306,TH570904,4.087,0.0,4.087
N-99.9044710-20.3561536,TH570904,1.429,0.0,1.429
N-99.9114769-20.3553711,TH570904,4.73,0.0,4.73
N-99.9166521-20.3564402,TH570904,3.906,0.0,3.906
N-99.9174667-20.3569095,TH570904,2.148,0.0,2.148
N-99.9182644-20.3564854,TH570904,1.962,0.0,1.962
N-99.9194531-20.3566172,TH570904,2.136,0.0,2.136
N-99.9202010-20.3570108,TH570904,2.001,0.0,2.001
N-99.9205017-20.3568133,TH570904,1.769,0.0,1.769
N-99.9336018-20.3568941,TH570904,4.106,0.0,4.106
N-99.9407959-20.3574955,TH570904,2.133,0.0,2.133
N-99.9413838-20.3567595,TH570904,1.135,0.0,1.135
N-99.8527818-20.3544910,TH570904,0.408,0.408,0.0
N-99.8590389-20.3558251,TH570904,1.254,0.617,0.637
N-99.8600277-20.3555415,TH570904,0.658,0.0,0.658
N-99.8606020-20.3558345,TH570904,0.724,0.0,0.724
N-99.8607878-20.3562542,TH570904,0.726,0.726,0.0
N-99.8661597-20.3566818,TH570904,1.357,1.357,0.0
N-99.8678236-20.3568899,TH570904,1.339,1.339,0.0
N-99.8695746-20.3570443,TH570904,0.708,0.708,0.0
N-99.8704404-20.3569928,TH570904,1.441,1.441,0.0
N-99.8717285-20.3563078,TH570904,1.449,0.726,0.723
N-99.8723577-20.3558367,TH570904,2.277,0.0,2.277
N-99.8731179-20.3554645,TH570904,0.949,0.949,0.0
N-99.8743705-20.3551047,TH570904,1.32,0.0,1.32
N-99.8751095-20.3559459,TH570904,1.384,0.0,1.384
N-99.8758802-20.3557588,TH570904,1.401,0.0,1.401
N-99.8763769-20.3559292,TH570904,1.544,0.0,1.544
N-99.8771802-20.3561671,TH570904,2.698,0.0,2.698
N-99.8784054-20.3563735,TH570904,3.07,0.0,3.07
N-99.8790479-20.3553802,TH570904,9.922,0.0,9.922
N-99.8800455-20.3557475,TH570904,2.94,0.0,2.94
N-99.8804846-20.3555152,TH570904,5.706,0.0,5.706
N-99.8818571-20.3556564,TH570904,3.536,0.0,3.536
N-99.8825821-20.3556836,TH570904,3.511,0.0,3.511
N-99.8841280-20.3552155,TH570904,8.166,0.0,8.166
N-99.8891453-20.3524065,TH570904,35.454,0.0,35.454
N-99.8937962-20.3551375,TH570904,8.157,0.0,8.157
N-99.8987669-20.3552470,TH570904,4.175,0.0,4.175
N-99.8989195-20.3554311,TH570904,2.185,0.0,2.185
N-99.8991798-20.3559472,TH570904,2.842,0.0,2.842
N-99.9005935-20.3562658,TH570904,3.05,0.0,3.05
N-99.9012352-20.3560638,TH570904,2.79,0.0,2.79
N-99.9017513-20.3560100,TH570904,2.736,0.0,2.736
N-99.9029092-20.3556515,TH570904,2.885,0.0,2.885
N-99.9034130-20.3562019,TH570904,2.669,0.0,2.669
N-99.9040402-20.3558215,TH570904,2.48,0.0,2.48
N-99.9045293-20.3557497,TH570904,2.232,0.0,2.232
N-99.9059475-20.3547444,TH570904,4.098,0.0,4.098
N-99.9060014-20.3547309,TH570904,1.321,0.0,1.321
N-99.9064950-20.3544796,TH570904,3.165,0.0,3.165
N-99.9160265-20.3552100,TH570904,11.36,0.0,11.36
N-99.9170265-20.3562917,TH570904,2.218,0.0,2.218
N-99.9178223-20.3556012,TH570904,2.128,0.0,2.128
N-99.9184660-20.3558426,TH570904,1.897,0.0,1.897
N-99.9193169-20.3559786,TH570904,2.075,0.0,2.075
N-99.9200664-20.3559516,TH570904,1.881,0.0,1.881
N-99.9205421-20.3560863,TH570904,3.327,0.0,3.327
N-99.9235894-20.3561401,TH570904,1.023,0.0,1.023
N-99.9336288-20.3559696,TH570904,2.993,0.0,2.993
N-99.9350379-20.3539097,TH570904,2.45,0.0,2.45
N-99.9351726-20.3538020,TH570904,1.006,0.0,1.006
N-99.9416935-20.3554894,TH570904,0.569,0.0,0.569
N-99.9418146-20.3557228,TH570904,0.596,0.0,0.596
N-99.8530492-20.3544726,TH570904,0.429,0.429,0.0
N-99.8539708-20.3542322,TH570904,0.444,0.444,0.0
N-99.8556858-20.3542511,TH570904,0.457,0.457,0.0
N-99.8589634-20.3552564,TH570904,1.313,0.0,1.313
N-99.8599789-20.3554242,TH570904,0.7,0.0,0.7
N-99.8606978-20.3550721,TH570904,1.493,1.493,0.0
N-99.8612020-20.3540662,TH570904,3.699,2.952,0.747
N-99.8684531-20.3531044,TH570904,8.598,4.301,4.297
N-99.8734687-20.3550765,TH570904,0.963,0.963,0.0
N-99.8741613-20.3548130,TH570904,1.324,0.0,1.324
N-99.8746081-20.3548176,TH570904,1.392,0.0,1.392
N-99.8755636-20.3550409,TH570904,1.448,0.0,1.448
N-99.8761312-20.3549363,TH570904,1.948,1.948,0.0
N-99.8774545-20.3538563,TH570904,7.944,0.0,7.944
N-99.8800420-20.3548613,TH570904,3.282,0.0,3.282
N-99.8818957-20.3552172,TH570904,3.61,0.0,3.61
N-99.8824788-20.3551085,TH570904,3.556,0.0,3.556
N-99.8832133-20.3547981,TH570904,6.616,0.0,6.616
N-99.8841628-20.3549829,TH570904,7.361,0.0,7.361
N-99.8841763-20.3550181,TH570904,7.652,0.0,7.652
N-99.8866054-20.3524901,TH570904,22.715,0.0,22.715
N-99.8949989-20.3545028,TH570904,2.761,0.0,2.761
N-99.8985829-20.3548925,TH570904,5.042,0.0,5.042
N-99.8996555-20.3549194,TH570904,2.797,0.0,2.797
N-99.9009929-20.3545065,TH570904,4.258,0.0,4.258
N-99.9015808-20.3547938,TH570904,2.735,0.0,2.735
N-99.9022141-20.3553282,TH570904,2.896,0.0,2.896
N-99.9031836-20.3548161,TH570904,5.562,0.0,5.562
N-99.9043683-20.3549373,TH570904,2.66,0.0,2.66
N-99.9045517-20.3548078,TH570904,2.325,0.0,2.325
N-99.9068313-20.3542037,TH570904,4.475,0.0,4.475
N-99.9102118-20.3545705,TH570904,1.487,0.0,1.487
N-99.9103057-20.3546673,TH570904,1.299,0.0,1.299
N-99.9112427-20.3550418,TH570904,2.816,0.0,2.816
N-99.9114584-20.3552613,TH570904,4.843,0.0,4.843
N-99.9167274-20.3549508,TH570904,2.157,0.0,2.157
N-99.9174571-20.3547063,TH570904,1.951,0.0,1.951
N-99.9183125-20.3550286,TH570904,1.861,0.0,1.861
N-99.9192631-20.3550720,TH570904,1.832,0.0,1.832
N-99.9197826-20.3547616,TH570904,1.821,0.0,1.821
N-99.9207911-20.3543115,TH570904,3.358,0.0,3.358
N-99.9212095-20.3541380,TH570904,2.572,0.0,2.572
N-99.9215931-20.3540323,TH570904,5.926,0.0,5.926
N-99.9298815-20.3530726,TH570904,3.964,0.0,3.964
N-99.9337679-20.3551124,TH570904,1.463,0.0,1.463
N-99.9338801-20.3547893,TH570904,0.98,0.0,0.98
N-99.9341045-20.3545425,TH570904,1.448,0.0,1.448
N-99.9354867-20.3534564,TH570904,3.463,0.0,3.463
N-99.9417025-20.3553144,TH570904,2.169,0.0,2.169
N-99.9417698-20.3551842,TH570904,1.781,0.0,1.781
N-99.8569639-20.3543643,TH570904,0.552,0.0,0.552
N-99.8574547-20.3540625,TH570904,0.578,0.0,0.578
N-99.8579003-20.3543001,TH570904,0.622,0.0,0.622
N-99.8589101-20.3534698,TH570904,1.992,0.0,1.992
N-99.8611537-20.3539204,TH570904,0.693,0.0,0.693
N-99.8617814-20.3529698,TH570904,2.315,1.541,0.775
N-99.8736373-20.3548468,TH570904,0.805,0.0,0.805
N-99.8737165-20.3547693,TH570904,0.954,0.0,0.954
N-99.8742316-20.3542785,TH570904,1.289,0.0,1.289
N-99.8749307-20.3543259,TH570904,1.378,0.0,1.378
N-99.8758902-20.3542027,TH570904,1.43,0.0,1.43
N-99.8765512-20.3539939,TH570904,1.564,1.564,0.0
N-99.8784278-20.3538109,TH570904,6.02,0.0,6.02
N-99.8789236-20.3537885,TH570904,6.703,0.0,6.703
N-99.8800214-20.3544669,TH570904,3.339,0.0,3.339
N-99.8812417-20.3540533,TH570904,2.878,0.0,2.878
N-99.8817448-20.3544259,TH570904,3.416,0.0,3.416
N-99.8821586-20.3539740,TH570904,3.387,0.0,3.387
N-99.8841159-20.3549666,TH570904,2.143,0.0,2.143
N-99.8917534-20.3522496,TH570904,12.99,0.0,12.99
N-99.8936943-20.3537695,TH570904,6.111,0.0,6.111
N-99.8954860-20.3543378,TH570904,1.247,0.0,1.247
N-99.8973961-20.3536346,TH570904,1.544,0.0,1.544
N-99.8975230-20.3536391,TH570904,3.116,0.0,3.116
N-99.8996959-20.3548027,TH570904,1.753,0.0,1.753
N-99.9004319-20.3545469,TH570904,1.773,0.0,1.773
N-99.9015135-20.3544662,TH570904,2.56,0.0,2.56
N-99.9039312-20.3539939,TH570904,11.594,0.0,11.594
N-99.9041344-20.3543630,TH570904,2.839,0.0,2.839
N-99.9056244-20.3540353,TH570904,7.937,0.0,7.937
N-99.9066880-20.3540757,TH570904,1.952,0.0,1.952
N-99.9079999-20.3533457,TH570904,5.743,0.0,5.743
N-99.9097699-20.3539362,TH570904,1.826,0.0,1.826
N-99.9099147-20.3541342,TH570904,1.853,0.0,1.853
N-99.9104069-20.3547101,TH570904,1.75,0.0,1.75
N-99.9119509-20.3526733,TH570904,4.997,0.0,4.997
N-99.9162568-20.3541581,TH570904,7.045,0.0,7.045
N-99.9167050-20.3540488,TH570904,1.886,0.0,1.886
N-99.9173820-20.3546811,TH570904,1.888,0.0,1.888
N-99.9181116-20.3547490,TH570904,1.828,0.0,1.828
N-99.9194813-20.3549286,TH570904,1.785,0.0,1.785
N-99.9202815-20.3545252,TH570904,1.698,0.0,1.698
N-99.9259450-20.3539519,TH570904,2.08,0.0,2.08
N-99.9305656-20.3527144,TH570904,1.017,0.0,1.017
N-99.9339923-20.3546367,TH570904,0.488,0.0,0.488
N-99.9353431-20.3536314,TH570904,0.975,0.0,0.975
N-99.9362272-20.3523793,TH570904,3.528,0.0,3.528
N-99.9423033-20.3541259,TH570904,1.788,0.0,1.788
N-99.8571224-20.3535481,TH570904,0.589,0.0,0.589
N-99.8595698-20.3529896,TH570904,0.702,0.0,0.702
N-99.8610947-20.3534325,TH570904,0.762,0.0,0.762
N-99.8616644-20.3531046,TH570904,0.778,0.778,0.0
N-99.8618897-20.3527676,TH570904,0.766,0.766,0.0
N-99.8634669-20.3512963,TH570904,3.514,3.514,0.0
N-99.8635836-20.3512259,TH570904,0.802,0.802,0.0
N-99.8689896-20.3523223,TH570904,2.21,0.0,2.21
N-99.8737739-20.3524152,TH570904,5.181,0.758,4.424
N-99.8744358-20.3542382,TH570904,1.028,0.0,1.028
N-99.8752364-20.3542629,TH570904,1.304,0.0,1.304
N-99.8760464-20.3540672,TH570904,1.422,0.0,1.422
N-99.8767062-20.3539645,TH570904,1.485,0.0,1.485
N-99.8799490-20.3537482,TH570904,3.207,0.0,3.207
N-99.8806224-20.3530839,TH570904,2.848,0.0,2.848
N-99.8816415-20.3535472,TH570904,3.41,0.0,3.41
N-99.8821511-20.3534818,TH570904,5.744,3.082,2.662
N-99.8844804-20.3521660,TH570904,10.713,0.0,10.713
N-99.8928306-20.3521852,TH570904,5.089,0.0,5.089
N-99.8947253-20.3537433,TH570904,1.144,0.0,1.144
N-99.8959031-20.3533523,TH570904,1.155,0.0,1.155
N-99.8971721-20.3530246,TH570904,3.911,0.0,3.911
N-99.8978334-20.3535641,TH570904,1.644,0.0,1.644
N-99.8998927-20.3527340,TH570904,3.215,0.0,3.215
N-99.9003768-20.3535319,TH570904,1.657,0.0,1.657
N-99.9008538-20.3536045,TH570904,1.696,0.0,1.696
N-99.9012936-20.3533217,TH570904,1.754,0.0,1.754
N-99.9014058-20.3536718,TH570904,1.674,0.0,1.674
N-99.9060956-20.3536987,TH570904,5.25,0.0,5.25
N-99.9064390-20.3534486,TH570904,1.99,0.0,1.99
N-99.9094601-20.3531597,TH570904,1.864,0.0,1.864
N-99.9100669-20.3536627,TH570904,1.803,0.0,1.803
N-99.9104540-20.3534993,TH570904,1.753,0.0,1.753
N-99.9112365-20.3530313,TH570904,2.815,0.0,2.815
N-99.9141019-20.3516736,TH570904,6.109,0.0,6.109
N-99.9167062-20.3531346,TH570904,3.591,0.0,3.591
N-99.9171446-20.3530767,TH570904,1.763,0.0,1.763
N-99.9177493-20.3523884,TH570904,1.737,0.0,1.737
N-99.9197293-20.3524621,TH570904,2.708,0.0,2.708
N-99.9197889-20.3524934,TH570904,1.66,0.0,1.66
N-99.9231890-20.3524279,TH570904,2.944,0.0,2.944
N-99.9256285-20.3530189,TH570904,1.407,0.0,1.407
N-99.9308204-20.3525285,TH570904,1.025,0.0,1.025
N-99.9311460-20.3521503,TH570904,1.995,0.0,1.995
N-99.9401491-20.3515390,TH570904,7.794,0.0,7.794
N-99.8580766-20.3520018,TH570904,0.625,0.0,0.625
N-99.8597708-20.3523223,TH570904,0.657,0.0,0.657
N-99.8600936-20.3525241,TH570904,1.044,0.0,1.044
N-99.8604270-20.3520696,TH570904,2.189,1.114,1.075
N-99.8619487-20.3525212,TH570904,2.235,2.235,0.0
N-99.8639557-20.3510337,TH570904,3.485,2.669,0.816
N-99.8646498-20.3505242,TH570904,2.418,1.598,0.82
N-99.8683915-20.3526618,TH570904,0.759,0.0,0.759
N-99.8684022-20.3525889,TH570904,1.516,0.778,0.737
N-99.8684424-20.3525260,TH570904,1.469,0.0,1.469
N-99.8690137-20.3522796,TH570904,0.732,0.0,0.732
N-99.8713955-20.3510725,TH570904,2.983,0.0,2.983
N-99.8758159-20.3522357,TH570904,1.315,0.0,1.315
N-99.8758608-20.3522447,TH570904,1.407,0.0,1.407
N-99.8764128-20.3524152,TH570904,1.452,0.0,1.452
N-99.8773732-20.3522088,TH570904,1.848,0.0,1.848
N-99.8783374-20.3520486,TH570904,5.856,0.0,5.856
N-99.8794840-20.3525876,TH570904,5.774,0.0,5.774
N-99.8808315-20.3525463,TH570904,2.75,0.0,2.75
N-99.8811998-20.3525121,TH570904,3.388,0.0,3.388
N-99.8823094-20.3521548,TH570904,6.193,0.0,6.193
N-99.8830978-20.3521240,TH570904,5.387,0.0,5.387
N-99.8864487-20.3522619,TH570904,3.23,0.0,3.23
N-99.8933885-20.3520796,TH570904,7.904,0.0,7.904
N-99.8942157-20.3523200,TH570904,2.038,0.0,2.038
N-99.8954871-20.3520082,TH570904,7.963,0.0,7.963
N-99.8993748-20.3521792,TH570904,3.144,0.0,3.144
N-99.9010782-20.3525184,TH570904,3.317,0.0,3.317
N-99.9019713-20.3515266,TH570904,4.396,0.0,4.396
N-99.9066505-20.3519979,TH570904,2.558,0.0,2.558
N-99.9069003-20.3527646,TH570904,2.346,0.0,2.346
N-99.9076943-20.3521409,TH570904,2.119,0.0,2.119
N-99.9088338-20.3523267,TH570904,2.055,0.0,2.055
N-99.9089672-20.3525260,TH570904,1.933,0.0,1.933
N-99.9097667-20.3524062,TH570904,3.63,0.0,3.63
N-99.9126785-20.3520145,TH570904,7.023,0.0,7.023
N-99.9132639-20.3518007,TH570904,4.123,0.0,4.123
N-99.9148660-20.3517025,TH570904,4.106,0.0,4.106
N-99.9166636-20.3523723,TH570904,3.703,0.0,3.703
N-99.9175980-20.3524527,TH570904,1.51,0.0,1.51
N-99.9185141-20.3522164,TH570904,2.404,0.0,2.404
N-99.9199128-20.3524666,TH570904,1.883,0.0,1.883
N-99.9216379-20.3519215,TH570904,3.241,0.0,3.241
N-99.9228229-20.3520092,TH570904,0.816,0.0,0.816
N-99.9255433-20.3527894,TH570904,4.872,0.0,4.872
N-99.9255976-20.3529328,TH570904,0.675,0.0,0.675
N-99.9288222-20.3515131,TH570904,1.745,0.0,1.745
N-99.9291184-20.3519305,TH570904,1.145,0.0,1.145
N-99.9293608-20.3522895,TH570904,0.588,0.0,0.588
N-99.9297072-20.3527902,TH570904,0.543,0.0,0.543
N-99.9316586-20.3514458,TH570904,2.521,0.0,2.521
N-99.9366715-20.3517330,TH570904,1.556,0.0,1.556
N-99.9386597-20.3509162,TH570904,2.16,0.0,2.16
N-99.8589888-20.3508297,TH570904,1.626,0.0,1.626
N-99.8609745-20.3516343,TH570904,1.17,0.0,1.17
N-99.8618900-20.3517636,TH570904,1.174,1.174,0.0
N-99.8621409-20.3516087,TH570904,1.144,1.144,0.0
N-99.8689764-20.3515984,TH570904,2.213,0.744,1.469
N-99.8734215-20.3513989,TH570904,2.829,0.0,2.829
N-99.8752370-20.3508624,TH570904,2.794,0.0,2.794
N-99.8759012-20.3522312,TH570904,1.497,0.0,1.497
N-99.8764218-20.3521773,TH570904,1.549,0.0,1.549
N-99.8773463-20.3521055,TH570904,2.268,0.0,2.268
N-99.8794198-20.3519166,TH570904,6.555,0.0,6.555
N-99.8811399-20.3512864,TH570904,12.644,0.0,12.644
N-99.8844793-20.3514912,TH570904,2.746,0.0,2.746
N-99.8850205-20.3515445,TH570904,3.202,0.0,3.202
N-99.8865240-20.3516478,TH570904,10.547,0.0,10.547
N-99.8967102-20.3517667,TH570904,7.692,0.0,7.692
N-99.8992426-20.3514683,TH570904,2.179,0.0,2.179
N-99.9003870-20.3519485,TH570904,1.168,0.0,1.168
N-99.9008852-20.3518138,TH570904,1.339,0.0,1.339
N-99.9030394-20.3507143,TH570904,8.853,0.0,8.853
N-99.9064922-20.3516634,TH570904,4.809,0.0,4.809
N-99.9065083-20.3517150,TH570904,2.439,0.0,2.439
N-99.9075199-20.3516807,TH570904,2.261,0.0,2.261
N-99.9083156-20.3517046,TH570904,1.997,0.0,1.997
N-99.9090756-20.3519081,TH570904,1.966,0.0,1.966
N-99.9112426-20.3505193,TH570904,5.763,0.0,5.763
N-99.9155069-20.3512576,TH570904,1.909,0.0,1.909
N-99.9165670-20.3518492,TH570904,1.746,0.0,1.746
N-99.9173377-20.3516207,TH570904,2.693,0.0,2.693
N-99.9195435-20.3519126,TH570904,1.674,0.0,1.674
N-99.9196412-20.3519103,TH570904,1.637,0.0,1.637
N-99.9224916-20.3518747,TH570904,2.216,0.0,2.216
N-99.9229355-20.3520557,TH570904,1.438,0.0,1.438
N-99.9230535-20.3522054,TH570904,0.722,0.0,0.722
N-99.9286068-20.3510419,TH570904,2.844,0.0,2.844
N-99.9292620-20.3521639,TH570904,0.529,0.0,0.529
N-99.9322914-20.3506111,TH570904,2.562,0.0,2.562
N-99.9325786-20.3504001,TH570904,1.993,0.0,1.993
N-99.9370440-20.3512753,TH570904,1.087,0.0,1.087
N-99.8597164-20.3506161,TH570904,1.087,0.0,1.087
N-99.8613649-20.3513695,TH570904,1.135,0.0,1.135
N-99.8616970-20.3509073,TH570904,1.175,0.0,1.175
N-99.8621862-20.3507008,TH570904,1.175,1.175,0.0
N-99.8633261-20.3508803,TH570904,1.14,1.14,0.0
N-99.8658970-20.3499132,TH570904,3.908,0.0,3.908
N-99.8689539-20.3507457,TH570904,2.22,0.0,2.22
N-99.8698829-20.3500950,TH570904,1.512,0.0,1.512
N-99.8712641-20.3507606,TH570904,0.745,0.0,0.745
N-99.8716235-20.3507682,TH570904,0.765,0.0,0.765
N-99.8731591-20.3509118,TH570904,0.783,0.0,0.783
N-99.8732129-20.3508220,TH570904,1.0,0.0,1.0
N-99.8733431-20.3505752,TH570904,1.058,0.0,1.058
N-99.8755062-20.3507771,TH570904,1.509,0.0,1.509
N-99.8764666-20.3504989,TH570904,1.539,0.0,1.539
N-99.8772745-20.3502431,TH570904,1.875,0.0,1.875
N-99.8783067-20.3500097,TH570904,4.678,0.0,4.678
N-99.8792357-20.3497449,TH570904,6.953,0.0,6.953
N-99.8798640-20.3498212,TH570904,7.282,0.0,7.282
N-99.8829297-20.3503318,TH570904,3.175,0.0,3.175
N-99.8836700-20.3505401,TH570904,6.809,0.0,6.809
N-99.8839496-20.3507663,TH570904,2.876,0.0,2.876
N-99.8845008-20.3509417,TH570904,7.327,0.0,7.327
N-99.8866571-20.3506412,TH570904,7.285,0.0,7.285
N-99.8868386-20.3506530,TH570904,6.005,0.0,6.005
N-99.8993055-20.3511496,TH570904,2.999,0.0,2.999
N-99.9000908-20.3509342,TH570904,0.985,0.0,0.985
N-99.9006125-20.3507773,TH570904,1.053,0.0,1.053
N-99.9014192-20.3509566,TH570904,1.319,0.0,1.319
N-99.9063796-20.3508637,TH570904,6.625,0.0,6.625
N-99.9076712-20.3511528,TH570904,4.019,0.0,4.019
N-99.9091427-20.3504409,TH570904,4.002,0.0,4.002
N-99.9094816-20.3502108,TH570904,6.313,0.0,6.313
N-99.9137568-20.3516043,TH570904,2.018,0.0,2.018
N-99.9139729-20.3500791,TH570904,6.459,0.0,6.459
N-99.9151615-20.3503806,TH570904,1.978,0.0,1.978
N-99.9158160-20.3508433,TH570904,1.881,0.0,1.881
N-99.9169213-20.3508876,TH570904,1.757,0.0,1.757
N-99.9169563-20.3508520,TH570904,1.492,0.0,1.492
N-99.9220906-20.3518344,TH570904,2.259,0.0,2.259
N-99.9226579-20.3519237,TH570904,2.155,0.0,2.155
N-99.9229838-20.3520960,TH570904,1.411,0.0,1.411
N-99.9280503-20.3497404,TH570904,2.307,0.0,2.307
N-99.9345533-20.3496731,TH570904,2.042,0.0,2.042
N-99.9368331-20.3514952,TH570904,0.533,0.0,0.533
N-99.9378339-20.3506200,TH570904,1.077,0.0,1.077
N-99.9381032-20.3507098,TH570904,0.547,0.0,0.547
N-99.8601516-20.3497425,TH570904,0.741,0.0,0.741
N-99.8608330-20.3499208,TH570904,1.139,0.0,1.139
N-99.8612018-20.3501186,TH570904,1.137,0.0,1.137
N-99.8624824-20.3500232,TH570904,1.142,0.0,1.142
N-99.8631987-20.3499660,TH570904,1.175,1.175,0.0
N-99.8641391-20.3501431,TH570904,0.836,0.0,0.836
N-99.8650414-20.3500666,TH570904,0.821,0.0,0.821
N-99.8682326-20.3490140,TH570904,0.758,0.758,0.0
N-99.8689494-20.3502386,TH570904,0.726,0.0,0.726
N-99.8690975-20.3501668,TH570904,0.746,0.746,0.0
N-99.8708209-20.3500007,TH570904,0.758,0.0,0.758
N-99.8715645-20.3503407,TH570904,0.769,0.0,0.769
N-99.8719294-20.3493186,TH570904,0.802,0.0,0.802
N-99.8735361-20.3498526,TH570904,2.044,0.0,2.044
N-99.8747617-20.3493272,TH570904,1.181,0.0,1.181
N-99.8760582-20.3505931,TH570904,1.446,0.0,1.446
N-99.8768930-20.3503777,TH570904,1.525,0.0,1.525
N-99.8775572-20.3501264,TH570904,1.787,0.0,1.787
N-99.8809814-20.3499917,TH570904,2.568,0.0,2.568
N-99.8813854-20.3500860,TH570904,6.311,0.0,6.311
N-99.8820137-20.3501757,TH570904,5.576,0.0,5.576
N-99.8832450-20.3503704,TH570904,6.268,0.0,6.268
N-99.8867682-20.3495251,TH570904,14.452,0.0,14.452
N-99.8869503-20.3495301,TH570904,12.218,0.0,12.218
N-99.8901435-20.3485227,TH570904,14.521,0.0,14.521
N-99.8907304-20.3485307,TH570904,4.389,0.0,4.389
N-99.8907947-20.3484906,TH570904,8.514,0.0,8.514
N-99.9000093-20.3506626,TH570904,1.929,0.0,1.929
N-99.9007054-20.3504508,TH570904,0.967,0.0,0.967
N-99.9020867-20.3497893,TH570904,5.377,0.0,5.377
N-99.9025279-20.3500955,TH570904,6.633,0.0,6.633
N-99.9066317-20.3497220,TH570904,2.84,0.0,2.84
N-99.9067712-20.3500842,TH570904,2.699,0.0,2.699
N-99.9110413-20.3500366,TH570904,4.313,0.0,4.313
N-99.9135104-20.3492298,TH570904,4.476,0.0,4.476
N-99.9147968-20.3499983,TH570904,1.898,0.0,1.898
N-99.9155049-20.3505717,TH570904,1.782,0.0,1.782
N-99.9165586-20.3501370,TH570904,1.738,0.0,1.738
N-99.9172345-20.3495246,TH570904,1.211,0.0,1.211
N-99.9184147-20.3493404,TH570904,1.847,0.0,1.847
N-99.9190751-20.3492411,TH570904,0.841,0.0,0.841
N-99.9191295-20.3492184,TH570904,1.556,0.0,1.556
N-99.9223052-20.3518621,TH570904,0.749,0.0,0.749
N-99.9280054-20.3495878,TH570904,1.31,0.0,1.31
N-99.9347777-20.3495564,TH570904,0.528,0.0,0.528
N-99.9350101-20.3493448,TH570904,0.531,0.0,0.531
N-99.9379237-20.3505348,TH570904,0.551,0.0,0.551
N-99.9383994-20.3500456,TH570904,7.122,0.0,7.122
N-99.8610428-20.3495178,TH570904,0.788,0.0,0.788
N-99.8625722-20.3489865,TH570904,0.788,0.0,0.788
N-99.8636144-20.3496629,TH570904,0.812,0.0,0.812
N-99.8641564-20.3493096,TH570904,0.831,0.0,0.831
N-99.8651078-20.3492288,TH570904,1.583,0.0,1.583
N-99.8681629-20.3488933,TH570904,1.496,1.496,0.0
N-99.8684365-20.3490291,TH570904,0.728,0.0,0.728
N-99.8686081-20.3489487,TH570904,0.759,0.759,0.0
N-99.8701644-20.3490657,TH570904,0.772,0.0,0.772
N-99.8710254-20.3489864,TH570904,0.78,0.0,0.78
N-99.8718262-20.3493993,TH570904,0.791,0.0,0.791
N-99.8721179-20.3489865,TH570904,0.821,0.0,0.821
N-99.8736572-20.3492019,TH570904,1.009,0.0,1.009
N-99.8743688-20.3490078,TH570904,1.069,0.0,1.069
N-99.8747215-20.3492015,TH570904,1.104,0.0,1.104
N-99.8756200-20.3483502,TH570904,1.479,0.0,1.479
N-99.8770899-20.3483137,TH570904,1.516,0.0,1.516
N-99.8773098-20.3482898,TH570904,3.58,0.0,3.58
N-99.8786208-20.3498033,TH570904,1.81,0.0,1.81
N-99.8809789-20.3499284,TH570904,1.897,0.0,1.897
N-99.8847932-20.3481679,TH570904,13.08,0.0,13.08
N-99.8985462-20.3477407,TH570904,3.525,0.0,3.525
N-99.8987668-20.3479148,TH570904,5.393,0.0,5.393
N-99.9002178-20.3481434,TH570904,6.408,0.0,6.408
N-99.9066076-20.3495938,TH570904,9.2,0.0,9.2
N-99.9087172-20.3486351,TH570904,9.915,0.0,9.915
N-99.9101190-20.3489622,TH570904,7.124,0.0,7.124
N-99.9106508-20.3494173,TH570904,4.667,0.0,4.667
N-99.9122799-20.3483088,TH570904,6.535,0.0,6.535
N-99.9141959-20.3491232,TH570904,3.773,0.0,3.773
N-99.9167631-20.3496478,TH570904,1.55,0.0,1.55
N-99.9168650-20.3495699,TH570904,2.257,0.0,2.257
N-99.9178058-20.3494485,TH570904,2.095,0.0,2.095
N-99.9191435-20.3491870,TH570904,3.11,0.0,3.11
N-99.9272964-20.3476760,TH570904,2.532,0.0,2.532
N-99.9277631-20.3483941,TH570904,1.878,0.0,1.878
N-99.9280772-20.3491660,TH570904,2.239,0.0,2.239
N-99.9324888-20.3504540,TH570904,0.523,0.0,0.523
N-99.9329643-20.3482250,TH570904,2.228,0.0,2.228
N-99.9330876-20.3482307,TH570904,1.082,0.0,1.082
N-99.9350853-20.3492518,TH570904,0.553,0.0,0.553
N-99.9351785-20.3490323,TH570904,0.533,0.0,0.533
N-99.9353062-20.3487038,TH570904,0.521,0.0,0.521
N-99.8622490-20.3484569,TH570904,0.774,0.774,0.0
N-99.8628818-20.3480844,TH570904,0.795,0.795,0.0
N-99.8640808-20.3482521,TH570904,0.8,0.0,0.8
N-99.8650540-20.3485556,TH570904,1.568,0.0,1.568
N-99.8661228-20.3474678,TH570904,0.761,0.0,0.761
N-99.8686779-20.3484809,TH570904,1.482,0.722,0.76
N-99.8706037-20.3479996,TH570904,0.773,0.0,0.773
N-99.8709422-20.3481767,TH570904,0.785,0.0,0.785
N-99.8716101-20.3484395,TH570904,0.805,0.0,0.805
N-99.8722884-20.3484434,TH570904,0.841,0.0,0.841
N-99.8736662-20.3484120,TH570904,1.005,0.0,1.005
N-99.8743097-20.3483892,TH570904,1.104,0.0,1.104
N-99.8754094-20.3479851,TH570904,1.147,0.0,1.147
N-99.8757327-20.3483162,TH570904,1.152,0.0,1.152
N-99.8770711-20.3483024,TH570904,1.336,0.0,1.336
N-99.8783954-20.3480314,TH570904,1.856,0.0,1.856
N-99.8793696-20.3479568,TH570904,6.461,0.0,6.461
N-99.8806808-20.3479632,TH570904,1.858,0.0,1.858
N-99.8812662-20.3478786,TH570904,2.778,0.0,2.778
N-99.8819689-20.3473404,TH570904,11.106,0.0,11.106
N-99.8839188-20.3476649,TH570904,6.853,0.0,6.853
N-99.8849139-20.3481478,TH570904,4.391,0.0,4.391
N-99.8849300-20.3481025,TH570904,4.206,0.0,4.206
N-99.8868154-20.3482226,TH570904,3.833,0.0,3.833
N-99.8869872-20.3482224,TH570904,3.909,0.0,3.909
N-99.8880992-20.3475010,TH570904,7.033,0.0,7.033
N-99.8911974-20.3475386,TH570904,9.734,0.0,9.734
N-99.8979077-20.3467828,TH570904,15.667,0.0,15.667
N-99.9130377-20.3484094,TH570904,1.953,0.0,1.953
N-99.9137990-20.3484392,TH570904,1.924,0.0,1.924
N-99.9141016-20.3489606,TH570904,1.788,0.0,1.788
N-99.9168120-20.3495925,TH570904,1.522,0.0,1.522
N-99.9191033-20.3489506,TH570904,9.065,0.0,9.065
N-99.9243613-20.3452795,TH570904,5.004,0.0,5.004
N-99.9268476-20.3468592,TH570904,8.034,0.0,8.034
N-99.9271527-20.3474516,TH570904,2.564,0.0,2.564
N-99.9279695-20.3486768,TH570904,1.146,0.0,1.146
N-99.9280234-20.3487890,TH570904,1.165,0.0,1.165
N-99.9340797-20.3479592,TH570904,1.187,0.0,1.187
N-99.9353676-20.3485646,TH570904,0.598,0.0,0.598
N-99.9355664-20.3481836,TH570904,0.576,0.0,0.576
N-99.9358390-20.3478076,TH570904,0.527,0.0,0.527
N-99.9367194-20.3470450,TH570904,13.943,0.0,13.943
N-99.8670714-20.3472608,TH570904,1.54,0.0,1.54
N-99.8685116-20.3475454,TH570904,0.763,0.0,0.763
N-99.8697303-20.3473798,TH570904,1.557,0.0,1.557
N-99.8708028-20.3474763,TH570904,0.808,0.0,0.808
N-99.8719788-20.3474157,TH570904,0.82,0.0,0.82
N-99.8725408-20.3476020,TH570904,0.855,0.0,0.855
N-99.8736083-20.3471292,TH570904,1.018,0.0,1.018
N-99.8743348-20.3479161,TH570904,1.121,0.0,1.121
N-99.8748161-20.3475445,TH570904,1.171,0.0,1.171
N-99.8754618-20.3474989,TH570904,1.197,0.0,1.197
N-99.8768975-20.3474580,TH570904,3.446,0.0,3.446
N-99.8785618-20.3476953,TH570904,2.313,0.0,2.313
N-99.8806463-20.3477153,TH570904,4.21,0.0,4.21
N-99.8816712-20.3474561,TH570904,2.938,0.0,2.938
N-99.8836372-20.3471745,TH570904,9.155,0.0,9.155
N-99.8849757-20.3477254,TH570904,4.349,0.0,4.349
N-99.8858368-20.3469212,TH570904,5.012,0.0,5.012
N-99.8870042-20.3474920,TH570904,4.536,0.0,4.536
N-99.8873812-20.3474830,TH570904,3.875,0.0,3.875
N-99.8901063-20.3474294,TH570904,6.675,0.0,6.675
N-99.8909072-20.3475058,TH570904,2.214,0.0,2.214
N-99.8999044-20.3475883,TH570904,3.313,0.0,3.313
N-99.9025206-20.3452767,TH570904,4.317,0.0,4.317
N-99.9029541-20.3452407,TH570904,2.635,0.0,2.635
N-99.9035468-20.3451120,TH570904,4.481,0.0,4.481
N-99.9072355-20.3461501,TH570904,5.275,0.0,5.275
N-99.9072804-20.3461546,TH570904,3.774,0.0,3.774
N-99.9096684-20.3471214,TH570904,9.863,0.0,9.863
N-99.9120869-20.3479004,TH570904,5.839,0.0,5.839
N-99.9132840-20.3476244,TH570904,3.574,0.0,3.574
N-99.9136059-20.3474433,TH570904,8.997,0.0,8.997
N-99.9161574-20.3465630,TH570904,2.908,0.0,2.908
N-99.9230796-20.3449182,TH570904,6.7,0.0,6.7
N-99.9243254-20.3452660,TH570904,1.383,0.0,1.383
N-99.9275926-20.3480934,TH570904,1.215,0.0,1.215
N-99.9278349-20.3484748,TH570904,0.562,0.0,0.562
N-99.9328657-20.3467748,TH570904,20.381,0.0,20.381
N-99.9329397-20.3480112,TH570904,1.786,0.0,1.786
N-99.9357484-20.3479227,TH570904,0.585,0.0,0.585
N-99.9359868-20.3476269,TH570904,0.554,0.0,0.554
N-99.9364287-20.3472069,TH570904,1.124,0.0,1.124
N-99.8734438-20.3466500,TH570904,1.05,0.0,1.05
N-99.8742318-20.3464899,TH570904,1.099,0.0,1.099
N-99.8750621-20.3467167,TH570904,1.166,0.0,1.166
N-99.8761940-20.3472449,TH570904,1.638,0.0,1.638
N-99.8767439-20.3467947,TH570904,3.821,0.0,3.821
N-99.8782587-20.3463071,TH570904,5.635,0.0,5.635
N-99.8791167-20.3466053,TH570904,2.699,0.0,2.699
N-99.8800269-20.3462138,TH570904,5.726,0.0,5.726
N-99.8807268-20.3467899,TH570904,2.877,0.0,2.877
N-99.8814813-20.3464930,TH570904,11.386,0.0,11.386
N-99.8843024-20.3467771,TH570904,4.36,0.0,4.36
N-99.8848870-20.3466700,TH570904,4.876,0.0,4.876
N-99.8857722-20.3464942,TH570904,5.034,0.0,5.034
N-99.8868626-20.3469182,TH570904,4.732,0.0,4.732
N-99.8870240-20.3469226,TH570904,4.046,0.0,4.046
N-99.8881977-20.3458702,TH570904,11.161,0.0,11.161
N-99.8903549-20.3464822,TH570904,6.829,0.0,6.829
N-99.8910305-20.3465434,TH570904,7.805,0.0,7.805
N-99.8916714-20.3451304,TH570904,17.239,0.0,17.239
N-99.9019169-20.3452201,TH570904,1.694,0.0,1.694
N-99.9043697-20.3448706,TH570904,3.632,0.0,3.632
N-99.9083575-20.3459078,TH570904,2.526,0.0,2.526
N-99.9153317-20.3461142,TH570904,1.196,0.0,1.196
N-99.9167832-20.3463442,TH570904,0.853,0.0,0.853
N-99.9360576-20.3475564,TH570904,0.623,0.0,0.623
N-99.8764897-20.3457368,TH570904,1.771,0.0,1.771
N-99.8771400-20.3454755,TH570904,2.308,0.0,2.308
N-99.8794851-20.3459397,TH570904,2.863,0.0,2.863
N-99.8807912-20.3457588,TH570904,3.2,0.0,3.2
N-99.8838061-20.3457234,TH570904,4.523,0.0,4.523
N-99.8838544-20.3459447,TH570904,4.566,0.0,4.566
N-99.8847129-20.3458793,TH570904,4.411,0.0,4.411
N-99.8857118-20.3459586,TH570904,4.91,0.0,4.91
N-99.8870562-20.3456736,TH570904,4.602,0.0,4.602
N-99.8877202-20.3458583,TH570904,3.91,0.0,3.91
N-99.8904757-20.3453654,TH570904,5.751,0.0,5.751
N-99.9007909-20.3447948,TH570904,3.296,0.0,3.296
N-99.9011006-20.3449429,TH570904,0.849,0.0,0.849
N-99.9071009-20.3456116,TH570904,1.845,0.0,1.845
N-99.9090666-20.3457507,TH570904,1.249,0.0,1.249
N-99.9094301-20.3456834,TH570904,6.129,0.0,6.129
N-99.9151566-20.3455936,TH570904,1.206,0.0,1.206
N-99.9152285-20.3458225,TH570904,0.867,0.0,0.867
N-99.9158209-20.3460245,TH570904,0.851,0.0,0.851
N-99.9193719-20.3441744,TH570904,0.728,0.0,0.728
N-99.9257212-20.3448740,TH570904,8.025,0.0,8.025
N-99.9363335-20.3472886,TH570904,0.644,0.0,0.644
N-99.9366148-20.3470802,TH570904,2.532,0.0,2.532
N-99.8779801-20.3452151,TH570904,2.635,0.0,2.635
N-99.8784478-20.3450748,TH570904,2.739,0.0,2.739
N-99.8790568-20.3449416,TH570904,6.133,0.0,6.133
N-99.8800081-20.3449992,TH570904,3.169,0.0,3.169
N-99.8805674-20.3446170,TH570904,3.392,0.0,3.392
N-99.8821797-20.3446063,TH570904,8.721,0.0,8.721
N-99.8836318-20.3446169,TH570904,4.9,0.0,4.9
N-99.8839429-20.3448533,TH570904,4.908,0.0,4.908
N-99.8848737-20.3447904,TH570904,4.911,0.0,4.911
N-99.8856767-20.3452802,TH570904,5.014,0.0,5.014
N-99.8865599-20.3453558,TH570904,4.649,0.0,4.649
N-99.8876370-20.3449294,TH570904,4.311,0.0,4.311
N-99.8883012-20.3448704,TH570904,3.714,0.0,3.714
N-99.8890417-20.3447993,TH570904,3.897,0.0,3.897
N-99.8898948-20.3449492,TH570904,3.274,0.0,3.274
N-99.8908771-20.3450043,TH570904,2.769,0.0,2.769
N-99.8938931-20.3429323,TH570904,3.221,0.0,3.221
N-99.8942970-20.3428560,TH570904,4.162,0.0,4.162
N-99.8952619-20.3426271,TH570904,2.946,0.0,2.946
N-99.8981027-20.3434350,TH570904,15.11,0.0,15.11
N-99.9001043-20.3442562,TH570904,8.097,0.0,8.097
N-99.9015273-20.3450863,TH570904,1.685,0.0,1.685
N-99.9071189-20.3455757,TH570904,1.88,0.0,1.88
N-99.9074913-20.3448980,TH570904,0.932,0.0,0.932
N-99.9080793-20.3447723,TH570904,1.085,0.0,1.085
N-99.9241952-20.3448845,TH570904,0.806,0.0,0.806
N-99.8767497-20.3444286,TH570904,2.371,0.0,2.371
N-99.8786576-20.3450274,TH570904,2.776,0.0,2.776
N-99.8803576-20.3438389,TH570904,3.217,0.0,3.217
N-99.8805461-20.3438299,TH570904,3.776,0.0,3.776
N-99.8814796-20.3443774,TH570904,4.834,0.0,4.834
N-99.8823557-20.3441924,TH570904,4.646,0.0,4.646
N-99.8832466-20.3438219,TH570904,4.906,0.0,4.906
N-99.8841147-20.3439680,TH570904,4.978,0.0,4.978
N-99.8847524-20.3441569,TH570904,4.985,0.0,4.985
N-99.8859271-20.3440453,TH570904,5.155,0.0,5.155
N-99.8863777-20.3440023,TH570904,5.141,0.0,5.141
N-99.8870969-20.3442698,TH570904,4.763,0.0,4.763
N-99.8882452-20.3440988,TH570904,4.752,0.0,4.752
N-99.8890305-20.3439099,TH570904,4.593,0.0,4.593
N-99.8898839-20.3441263,TH570904,3.389,0.0,3.389
N-99.8908630-20.3441391,TH570904,6.36,0.0,6.36
N-99.8933815-20.3429323,TH570904,4.399,0.0,4.399
N-99.9045172-20.3440532,TH570904,3.454,0.0,3.454
N-99.9235849-20.3447903,TH570904,0.826,0.0,0.826
N-99.9240875-20.3447634,TH570904,0.823,0.0,0.823
N-99.9250973-20.3435157,TH570904,3.914,0.0,3.914
N-99.8761596-20.3428391,TH570904,2.051,0.0,2.051
N-99.8780584-20.3429671,TH570904,11.656,0.0,11.656
N-99.8802679-20.3429323,TH570904,2.435,0.0,2.435
N-99.8811430-20.3434215,TH570904,2.744,0.0,2.744
N-99.8819778-20.3432958,TH570904,9.089,0.0,9.089
N-99.8837172-20.3436321,TH570904,4.532,0.0,4.532
N-99.8840392-20.3435689,TH570904,4.546,0.0,4.546
N-99.8851705-20.3434107,TH570904,4.85,0.0,4.85
N-99.8856651-20.3433237,TH570904,4.692,0.0,4.692
N-99.8869585-20.3434850,TH570904,4.675,0.0,4.675
N-99.8875265-20.3431355,TH570904,4.852,0.0,4.852
N-99.8882916-20.3434194,TH570904,4.833,0.0,4.833
N-99.8890607-20.3430702,TH570904,8.99,0.0,8.99
N-99.8899088-20.3433342,TH570904,3.209,0.0,3.209
N-99.8908308-20.3432702,TH570904,2.709,0.0,2.709
N-99.8912601-20.3432437,TH570904,2.763,0.0,2.763
N-99.8921531-20.3427584,TH570904,2.582,0.0,2.582
N-99.8949208-20.3426945,TH570904,4.235,0.0,4.235
N-99.8957062-20.3425149,TH570904,4.296,0.0,4.296
N-99.8958588-20.3425015,TH570904,11.833,0.0,11.833
N-99.9045516-20.3433169,TH570904,4.033,0.0,4.033
N-99.9319223-20.3395304,TH570904,8.139,0.0,8.139
N-99.8802724-20.3427573,TH570904,2.01,0.0,2.01
N-99.8803262-20.3424880,TH570904,4.947,0.0,4.947
N-99.8816816-20.3428515,TH570904,3.882,0.0,3.882
N-99.8823518-20.3423411,TH570904,3.87,0.0,3.87
N-99.8835768-20.3420705,TH570904,3.7,0.0,3.7
N-99.8844767-20.3423912,TH570904,9.215,0.0,9.215
N-99.8859492-20.3426980,TH570904,4.59,0.0,4.59
N-99.8868336-20.3426226,TH570904,4.584,0.0,4.584
N-99.8871375-20.3423987,TH570904,8.314,0.0,8.314
N-99.8883418-20.3424792,TH570904,10.991,0.0,10.991
N-99.8897983-20.3426024,TH570904,14.986,0.0,14.986
N-99.8908254-20.3429437,TH570904,2.905,0.0,2.905
N-99.8914934-20.3426275,TH570904,2.759,0.0,2.759
N-99.8926421-20.3424675,TH570904,4.018,0.0,4.018
N-99.8931840-20.3428740,TH570904,2.11,0.0,2.11
N-99.9250883-20.3425419,TH570904,1.615,0.0,1.615
N-99.9251826-20.3420841,TH570904,0.784,0.0,0.784
N-99.9252011-20.3420271,TH570904,2.319,0.0,2.319
N-99.9274915-20.3397361,TH570904,5.856,0.0,5.856
N-99.9304346-20.3391431,TH570904,2.251,0.0,2.251
N-99.8755588-20.3415867,TH570904,6.827,0.0,6.827
N-99.8802230-20.3418597,TH570904,8.917,0.0,8.917
N-99.8821164-20.3414732,TH570904,3.513,0.0,3.513
N-99.8825536-20.3413827,TH570904,6.255,0.0,6.255
N-99.8834527-20.3416549,TH570904,3.692,0.0,3.692
N-99.8841729-20.3420014,TH570904,3.943,0.0,3.943
N-99.8844049-20.3419963,TH570904,4.352,0.0,4.352
N-99.8866861-20.3411303,TH570904,26.573,0.0,26.573
N-99.8903535-20.3426301,TH570904,2.612,0.0,2.612
N-99.8918609-20.3422629,TH570904,7.92,0.0,7.92
N-99.8922999-20.3422636,TH570904,13.183,0.0,13.183
N-99.9037833-20.3402859,TH570904,0.802,0.0,0.802
N-99.9265174-20.3401656,TH570904,0.745,0.0,0.745
N-99.8806197-20.3402534,TH570904,8.886,0.0,8.886
N-99.8812602-20.3403777,TH570904,7.02,0.0,7.02
N-99.8833340-20.3407087,TH570904,5.7,0.0,5.7
N-99.8843781-20.3419743,TH570904,2.906,0.0,2.906
N-99.8919662-20.3422412,TH570904,5.147,0.0,5.147
N-99.9033220-20.3397779,TH570904,0.797,0.0,0.797
N-99.9264392-20.3401992,TH570904,0.776,0.0,0.776
N-99.9294748-20.3390224,TH570904,0.749,0.0,0.749
N-99.8747777-20.3397681,TH570904,2.154,0.0,2.154
N-99.8754658-20.3392626,TH570904,8.109,0.0,8.109
N-99.8810936-20.3401678,TH570904,5.442,0.0,5.442
N-99.8832428-20.3398536,TH570904,15.27,0.0,15.27
N-99.8863339-20.3393769,TH570904,24.496,0.0,24.496
N-99.9012245-20.3375445,TH570904,0.793,0.0,0.793
N-99.9396684-20.4176414,TH570905,21.99,0.0,21.99
N-99.9428870-20.4142730,TH570905,16.244,0.0,16.244
N-99.9317218-20.4107054,TH570905,2.783,0.0,2.783
N-99.9438821-20.4133987,TH570905,4.746,0.0,4.746
N-99.9326176-20.4094686,TH570905,5.066,0.0,5.066
N-99.9449783-20.4123098,TH570905,5.579,0.0,5.579
N-99.9330092-20.4088779,TH570905,7.802,0.0,7.802
N-99.9472000-20.4099090,TH570905,6.136,0.0,6.136
N-99.9143802-20.4099080,TH570905,4.017,0.0,4.017
N-99.9146365-20.4101958,TH570905,3.151,0.0,3.151
N-99.9335805-20.4077064,TH570905,7.969,0.0,7.969
N-99.9422379-20.4058682,TH570905,17.696,0.0,17.696
N-99.9432597-20.4065794,TH570905,4.657,0.0,4.657
N-99.9439688-20.4071898,TH570905,3.831,0.0,3.831
N-99.9440586-20.4072616,TH570905,3.058,0.0,3.058
N-99.9446656-20.4077249,TH570905,7.71,0.0,7.71
N-99.9142916-20.4097965,TH570905,3.132,0.0,3.132
N-99.9161955-20.4095686,TH570905,2.596,0.0,2.596
N-99.9167566-20.4090288,TH570905,2.222,0.0,2.222
N-99.9424976-20.4060487,TH570905,3.829,0.0,3.829
N-99.9139995-20.4094622,TH570905,2.684,0.0,2.684
N-99.9165800-20.4087155,TH570905,9.768,0.0,9.768
N-99.9175835-20.4086738,TH570905,2.415,0.0,2.415
N-99.9181093-20.4085280,TH570905,2.5,0.0,2.5
N-99.9337978-20.4070855,TH570905,5.554,0.0,5.554
N-99.9490454-20.4079784,TH570905,5.845,0.0,5.845
N-99.9131468-20.4073380,TH570905,2.51,0.0,2.51
N-99.9179587-20.4084240,TH570905,2.655,0.0,2.655
N-99.9186583-20.4079285,TH570905,5.325,0.0,5.325
N-99.9191574-20.4075246,TH570905,5.55,0.0,5.55
N-99.9341572-20.4060598,TH570905,4.588,0.0,4.588
N-99.9453511-20.4070237,TH570905,1.681,0.0,1.681
N-99.9457415-20.4066961,TH570905,2.586,0.0,2.586
N-99.9156892-20.4057669,TH570905,7.27,0.0,7.27
N-99.9195312-20.4071987,TH570905,6.797,0.0,6.797
N-99.9200320-20.4066543,TH570905,8.331,0.0,8.331
N-99.9462315-20.4062207,TH570905,1.77,0.0,1.77
N-99.9508693-20.4062991,TH570905,8.536,0.0,8.536
N-99.9157780-20.4054929,TH570905,4.978,0.0,4.978
N-99.9204791-20.4060860,TH570905,19.763,0.0,19.763
N-99.9325818-20.4048729,TH570905,2.897,0.0,2.897
N-99.9339406-20.4054580,TH570905,0.915,0.0,0.915
N-99.9344094-20.4052579,TH570905,4.377,0.0,4.377
N-99.9384319-20.4027882,TH570905,5.225,0.0,5.225
N-99.9428898-20.4055582,TH570905,8.45,0.0,8.45
N-99.9461679-20.4062518,TH570905,0.906,0.0,0.906
N-99.9468459-20.4054243,TH570905,3.063,0.0,3.063
N-99.9473931-20.4050522,TH570905,3.384,0.0,3.384
N-99.9157831-20.4052590,TH570905,4.882,0.0,4.882
N-99.9212986-20.4049946,TH570905,9.658,0.0,9.658
N-99.9345094-20.4048343,TH570905,2.728,0.0,2.728
N-99.9465269-20.4052375,TH570905,2.338,0.0,2.338
N-99.9467116-20.4048213,TH570905,11.418,0.0,11.418
N-99.9482592-20.4043759,TH570905,3.483,0.0,3.483
N-99.9483051-20.4043383,TH570905,4.66,0.0,4.66
N-99.9157482-20.4040951,TH570905,4.199,0.0,4.199
N-99.9164912-20.4029764,TH570905,4.593,0.0,4.593
N-99.9167111-20.4027401,TH570905,4.707,0.0,4.707
N-99.9214158-20.4048329,TH570905,2.894,0.0,2.894
N-99.9218048-20.4043405,TH570905,10.323,0.0,10.323
N-99.9317856-20.4044671,TH570905,0.998,0.0,0.998
N-99.9328798-20.4040725,TH570905,1.983,0.0,1.983
N-99.9345253-20.4042271,TH570905,0.971,0.0,0.971
N-99.9346769-20.4038915,TH570905,2.782,0.0,2.782
N-99.9383384-20.4027424,TH570905,0.908,0.0,0.908
N-99.9385295-20.4027501,TH570905,2.593,0.0,2.593
N-99.9490239-20.4036042,TH570905,6.836,0.0,6.836
N-99.9503865-20.4026389,TH570905,4.774,0.0,4.774
N-99.9528638-20.4029936,TH570905,6.929,0.0,6.929
N-99.9168348-20.4025038,TH570905,5.026,0.0,5.026
N-99.9224763-20.4035662,TH570905,11.822,0.0,11.822
N-99.9316432-20.4030713,TH570905,1.04,0.0,1.04
N-99.9321474-20.4032523,TH570905,1.023,0.0,1.023
N-99.9331105-20.4032882,TH570905,1.011,0.0,1.011
N-99.9346554-20.4027954,TH570905,3.423,0.0,3.423
N-99.9349022-20.4030569,TH570905,1.916,0.0,1.916
N-99.9382449-20.4026586,TH570905,2.773,0.0,2.773
N-99.9395662-20.4020108,TH570905,6.959,0.0,6.959
N-99.9407248-20.4011764,TH570905,6.763,0.0,6.763
N-99.9537419-20.4035343,TH570905,1.14,0.0,1.14
N-99.9168936-20.4022926,TH570905,4.449,0.0,4.449
N-99.9169660-20.4019607,TH570905,2.517,0.0,2.517
N-99.9235228-20.4025574,TH570905,9.243,0.0,9.243
N-99.9304361-20.4026854,TH570905,1.261,0.0,1.261
N-99.9317478-20.4027098,TH570905,1.086,0.0,1.086
N-99.9324559-20.4024684,TH570905,1.069,0.0,1.069
N-99.9333465-20.4024736,TH570905,1.059,0.0,1.059
N-99.9348539-20.4029060,TH570905,1.036,0.0,1.036
N-99.9349076-20.4029664,TH570905,0.97,0.0,0.97
N-99.9376025-20.4019461,TH570905,3.874,0.0,3.874
N-99.9416395-20.4004867,TH570905,14.806,0.0,14.806
N-99.9484054-20.4010289,TH570905,4.968,0.0,4.968
N-99.9490427-20.4017645,TH570905,8.331,0.0,8.331
N-99.9502989-20.4025843,TH570905,2.108,0.0,2.108
N-99.9504538-20.4025807,TH570905,2.127,0.0,2.127
N-99.9507554-20.4018904,TH570905,1.842,0.0,1.842
N-99.9532591-20.4026394,TH570905,2.288,0.0,2.288
N-99.9550964-20.4024076,TH570905,1.148,0.0,1.148
N-99.9170786-20.4015007,TH570905,1.625,0.0,1.625
N-99.9179754-20.4006492,TH570905,3.309,0.0,3.309
N-99.9183277-20.4003835,TH570905,5.761,0.0,5.761
N-99.9246463-20.4015116,TH570905,1.643,0.0,1.643
N-99.9300018-20.4014646,TH570905,2.821,0.0,2.821
N-99.9303921-20.4016918,TH570905,1.397,0.0,1.397
N-99.9317505-20.4017540,TH570905,1.41,0.0,1.41
N-99.9320242-20.4016189,TH570905,1.385,0.0,1.385
N-99.9334645-20.4022775,TH570905,2.855,0.0,2.855
N-99.9335289-20.4022926,TH570905,2.858,0.0,2.858
N-99.9367976-20.4010277,TH570905,3.081,0.0,3.081
N-99.9482058-20.4007992,TH570905,7.712,0.0,7.712
N-99.9507125-20.4016755,TH570905,9.263,0.0,9.263
N-99.9518241-20.4013718,TH570905,2.252,0.0,2.252
N-99.9527039-20.4014523,TH570905,1.88,0.0,1.88
N-99.9532351-20.4011488,TH570905,3.61,0.0,3.61
N-99.9553968-20.4021461,TH570905,1.251,0.0,1.251
N-99.9188633-20.3996974,TH570905,5.391,0.0,5.391
N-99.9240901-20.4009025,TH570905,17.121,0.0,17.121
N-99.9252732-20.4012771,TH570905,1.455,0.0,1.455
N-99.9300377-20.4014410,TH570905,1.474,0.0,1.474
N-99.9309969-20.4004097,TH570905,3.26,0.0,3.26
N-99.9316004-20.4011086,TH570905,6.456,0.0,6.456
N-99.9356796-20.3999684,TH570905,2.735,0.0,2.735
N-99.9361674-20.4003457,TH570905,1.085,0.0,1.085
N-99.9370749-20.4009436,TH570905,1.018,0.0,1.018
N-99.9374933-20.4003955,TH570905,1.005,0.0,1.005
N-99.9462158-20.3984063,TH570905,5.272,0.0,5.272
N-99.9484433-20.4007717,TH570905,3.821,0.0,3.821
N-99.9521782-20.4009093,TH570905,6.502,0.0,6.502
N-99.9531868-20.4007817,TH570905,1.979,0.0,1.979
N-99.9539030-20.4001985,TH570905,3.603,0.0,3.603
N-99.9562632-20.4009902,TH570905,2.816,0.0,2.816
N-99.9191933-20.3992792,TH570905,3.541,0.0,3.541
N-99.9193552-20.3989764,TH570905,4.975,0.0,4.975
N-99.9262336-20.3999140,TH570905,9.836,0.0,9.836
N-99.9299455-20.3991476,TH570905,3.463,0.0,3.463
N-99.9303558-20.3996605,TH570905,1.807,0.0,1.807
N-99.9307314-20.4001080,TH570905,1.764,0.0,1.764
N-99.9355779-20.3998351,TH570905,3.53,0.0,3.53
N-99.9365759-20.4005102,TH570905,1.112,0.0,1.112
N-99.9376972-20.4000411,TH570905,2.095,0.0,2.095
N-99.9379493-20.3995232,TH570905,2.139,0.0,2.139
N-99.9449310-20.3980511,TH570905,13.471,0.0,13.471
N-99.9484145-20.3996134,TH570905,5.707,0.0,5.707
N-99.9525215-20.4004668,TH570905,4.349,0.0,4.349
N-99.9528015-20.4002742,TH570905,2.278,0.0,2.278
N-99.9533575-20.3998790,TH570905,1.925,0.0,1.925
N-99.9541630-20.3993607,TH570905,3.841,0.0,3.841
N-99.9566843-20.4006378,TH570905,3.513,0.0,3.513
N-99.9579342-20.3997378,TH570905,2.649,0.0,2.649
N-99.9195519-20.3983789,TH570905,1.58,0.0,1.58
N-99.9268463-20.3997594,TH570905,1.541,0.0,1.541
N-99.9276539-20.3989884,TH570905,1.734,0.0,1.734
N-99.9299213-20.3991099,TH570905,1.777,0.0,1.777
N-99.9303049-20.3987655,TH570905,3.774,0.0,3.774
N-99.9310291-20.3981948,TH570905,3.73,0.0,3.73
N-99.9311149-20.3981370,TH570905,1.772,0.0,1.772
N-99.9355768-20.3995172,TH570905,3.648,0.0,3.648
N-99.9355862-20.3994958,TH570905,1.854,0.0,1.854
N-99.9358866-20.3991590,TH570905,3.86,0.0,3.86
N-99.9361655-20.3988749,TH570905,1.445,0.0,1.445
N-99.9381397-20.3992089,TH570905,1.05,0.0,1.05
N-99.9384455-20.3986634,TH570905,3.054,0.0,3.054
N-99.9481556-20.3985765,TH570905,1.154,0.0,1.154
N-99.9484453-20.3991464,TH570905,4.224,0.0,4.224
N-99.9531824-20.3996456,TH570905,2.225,0.0,2.225
N-99.9532318-20.3995424,TH570905,4.0,0.0,4.0
N-99.9535101-20.3992148,TH570905,3.897,0.0,3.897
N-99.9546887-20.3989886,TH570905,2.081,0.0,2.081
N-99.9558045-20.3985461,TH570905,4.564,0.0,4.564
N-99.9564053-20.3982042,TH570905,3.851,0.0,3.851
N-99.9583285-20.3994316,TH570905,2.385,0.0,2.385
N-99.9195986-20.3981887,TH570905,1.591,0.0,1.591
N-99.9196611-20.3979980,TH570905,1.584,0.0,1.584
N-99.9197594-20.3976705,TH570905,3.124,0.0,3.124
N-99.9273684-20.3989076,TH570905,7.363,0.0,7.363
N-99.9278267-20.3985299,TH570905,8.761,0.0,8.761
N-99.9284944-20.3980842,TH570905,6.644,0.0,6.644
N-99.9286863-20.3982352,TH570905,1.918,0.0,1.918
N-99.9311364-20.3980943,TH570905,3.786,0.0,3.786
N-99.9336240-20.3967457,TH570905,10.836,0.0,10.836
N-99.9362084-20.3987881,TH570905,2.052,0.0,2.052
N-99.9367810-20.3982992,TH570905,1.475,0.0,1.475
N-99.9371324-20.3980151,TH570905,1.205,0.0,1.205
N-99.9389042-20.3978891,TH570905,3.447,0.0,3.447
N-99.9392019-20.3972983,TH570905,4.839,0.0,4.839
N-99.9458276-20.3981897,TH570905,0.841,0.0,0.841
N-99.9462316-20.3982568,TH570905,0.85,0.0,0.85
N-99.9481549-20.3985461,TH570905,1.13,0.0,1.13
N-99.9483716-20.3984909,TH570905,6.214,0.0,6.214
N-99.9539461-20.3983382,TH570905,1.951,0.0,1.951
N-99.9541524-20.3985116,TH570905,1.992,0.0,1.992
N-99.9546275-20.3983756,TH570905,2.292,0.0,2.292
N-99.9571134-20.3976511,TH570905,1.835,0.0,1.835
N-99.9600824-20.3985532,TH570905,2.338,0.0,2.338
N-99.9199096-20.3970368,TH570905,3.871,0.0,3.871
N-99.9290851-20.3977350,TH570905,7.714,0.0,7.714
N-99.9304018-20.3972076,TH570905,5.28,0.0,5.28
N-99.9307904-20.3976619,TH570905,2.921,0.0,2.921
N-99.9311203-20.3980415,TH570905,3.359,0.0,3.359
N-99.9317300-20.3964641,TH570905,6.604,0.0,6.604
N-99.9356940-20.3968982,TH570905,5.337,0.0,5.337
N-99.9361909-20.3974648,TH570905,2.499,0.0,2.499
N-99.9368507-20.3976320,TH570905,2.143,0.0,2.143
N-99.9371392-20.3979309,TH570905,1.781,0.0,1.781
N-99.9395079-20.3967594,TH570905,2.488,0.0,2.488
N-99.9398832-20.3962596,TH570905,1.039,0.0,1.039
N-99.9463655-20.3971990,TH570905,1.721,0.0,1.721
N-99.9480059-20.3974995,TH570905,0.915,0.0,0.915
N-99.9483646-20.3974833,TH570905,6.241,0.0,6.241
N-99.9538750-20.3968390,TH570905,8.811,0.0,8.811
N-99.9539319-20.3969978,TH570905,1.792,0.0,1.792
N-99.9541025-20.3973434,TH570905,3.749,0.0,3.749
N-99.9541608-20.3976799,TH570905,2.054,0.0,2.054
N-99.9562542-20.3974391,TH570905,2.196,0.0,2.196
N-99.9564855-20.3977966,TH570905,2.105,0.0,2.105
N-99.9572051-20.3975574,TH570905,1.948,0.0,1.948
N-99.9575855-20.3971684,TH570905,1.692,0.0,1.692
N-99.9584243-20.3965041,TH570905,1.622,0.0,1.622
N-99.9602868-20.3967554,TH570905,3.822,0.0,3.822
N-99.9609336-20.3982040,TH570905,1.071,0.0,1.071
N-99.9618208-20.3975066,TH570905,1.06,0.0,1.06
N-99.9620408-20.3971163,TH570905,2.798,0.0,2.798
N-99.9198831-20.3966217,TH570905,5.786,0.0,5.786
N-99.9199247-20.3968172,TH570905,3.72,0.0,3.72
N-99.9302323-20.3970451,TH570905,8.845,0.0,8.845
N-99.9322222-20.3961865,TH570905,3.352,0.0,3.352
N-99.9335163-20.3966024,TH570905,3.492,0.0,3.492
N-99.9340613-20.3963571,TH570905,3.356,0.0,3.356
N-99.9352451-20.3963862,TH570905,2.828,0.0,2.828
N-99.9367837-20.3967156,TH570905,2.399,0.0,2.399
N-99.9368736-20.3968298,TH570905,2.357,0.0,2.357
N-99.9397054-20.3964596,TH570905,1.112,0.0,1.112
N-99.9399569-20.3961496,TH570905,2.14,0.0,2.14
N-99.9399792-20.3960708,TH570905,3.245,0.0,3.245
N-99.9463698-20.3971645,TH570905,1.743,0.0,1.743
N-99.9464931-20.3962404,TH570905,2.727,0.0,2.727
N-99.9483432-20.3971364,TH570905,6.385,0.0,6.385
N-99.9540449-20.3966686,TH570905,1.773,0.0,1.773
N-99.9545880-20.3962131,TH570905,1.836,0.0,1.836
N-99.9560830-20.3969546,TH570905,1.948,0.0,1.948
N-99.9568266-20.3967317,TH570905,2.081,0.0,2.081
N-99.9578215-20.3968869,TH570905,1.802,0.0,1.802
N-99.9581756-20.3966254,TH570905,1.766,0.0,1.766
N-99.9588301-20.3962936,TH570905,1.682,0.0,1.682
N-99.9619643-20.3971528,TH570905,0.9,0.0,0.9
N-99.9635374-20.3971144,TH570905,0.873,0.0,0.873
N-99.9196393-20.3960148,TH570905,3.609,0.0,3.609
N-99.9313467-20.3955710,TH570905,6.373,0.0,6.373
N-99.9315916-20.3962139,TH570905,3.525,0.0,3.525
N-99.9327587-20.3956603,TH570905,6.567,0.0,6.567
N-99.9329149-20.3958619,TH570905,3.497,0.0,3.497
N-99.9346809-20.3957134,TH570905,3.488,0.0,3.488
N-99.9348298-20.3958913,TH570905,3.075,0.0,3.075
N-99.9357798-20.3955806,TH570905,5.007,0.0,5.007
N-99.9363137-20.3961138,TH570905,2.619,0.0,2.619
N-99.9365310-20.3963445,TH570905,2.36,0.0,2.36
N-99.9396992-20.3953177,TH570905,4.705,0.0,4.705
N-99.9397898-20.3955662,TH570905,1.89,0.0,1.89
N-99.9398805-20.3959232,TH570905,1.111,0.0,1.111
N-99.9426082-20.3936001,TH570905,13.253,0.0,13.253
N-99.9465485-20.3956975,TH570905,1.783,0.0,1.783
N-99.9482949-20.3957285,TH570905,2.848,0.0,2.848
N-99.9483164-20.3960604,TH570905,2.081,0.0,2.081
N-99.9541112-20.3965151,TH570905,2.242,0.0,2.242
N-99.9542898-20.3963304,TH570905,2.532,0.0,2.532
N-99.9550998-20.3958318,TH570905,1.578,0.0,1.578
N-99.9556524-20.3957202,TH570905,1.844,0.0,1.844
N-99.9562512-20.3955274,TH570905,1.79,0.0,1.79
N-99.9582448-20.3961989,TH570905,3.388,0.0,3.388
N-99.9593558-20.3959416,TH570905,1.706,0.0,1.706
N-99.9598425-20.3960239,TH570905,1.662,0.0,1.662
N-99.9599861-20.3961271,TH570905,1.074,0.0,1.074
N-99.9631619-20.3961591,TH570905,1.585,0.0,1.585
N-99.9194369-20.3949681,TH570905,12.634,0.0,12.634
N-99.9291971-20.3939084,TH570905,24.61,0.0,24.61
N-99.9310023-20.3946551,TH570905,4.794,0.0,4.794
N-99.9333058-20.3950553,TH570905,3.66,0.0,3.66
N-99.9343455-20.3952097,TH570905,3.348,0.0,3.348
N-99.9351768-20.3948445,TH570905,2.921,0.0,2.921
N-99.9355762-20.3953475,TH570905,2.508,0.0,2.508
N-99.9372692-20.3936997,TH570905,13.838,0.0,13.838
N-99.9395367-20.3948926,TH570905,7.161,0.0,7.161
N-99.9422860-20.3935486,TH570905,1.5,0.0,1.5
N-99.9447436-20.3933134,TH570905,6.29,0.0,6.29
N-99.9466256-20.3952499,TH570905,3.646,0.0,3.646
N-99.9480713-20.3947676,TH570905,0.88,0.0,0.88
N-99.9482976-20.3952081,TH570905,3.834,0.0,3.834
N-99.9542474-20.3963598,TH570905,0.989,0.0,0.989
N-99.9548052-20.3959888,TH570905,1.291,0.0,1.291
N-99.9551697-20.3957489,TH570905,2.697,0.0,2.697
N-99.9557218-20.3954779,TH570905,1.838,0.0,1.838
N-99.9565152-20.3952241,TH570905,1.744,0.0,1.744
N-99.9573068-20.3948257,TH570905,3.317,0.0,3.317
N-99.9599566-20.3952980,TH570905,3.268,0.0,3.268
N-99.9607984-20.3947269,TH570905,1.592,0.0,1.592
N-99.9306541-20.3937993,TH570905,1.955,0.0,1.955
N-99.9308360-20.3942176,TH570905,4.126,0.0,4.126
N-99.9326927-20.3938807,TH570905,3.091,0.0,3.091
N-99.9335718-20.3939109,TH570905,3.36,0.0,3.36
N-99.9336937-20.3940354,TH570905,2.963,0.0,2.963
N-99.9351974-20.3941623,TH570905,8.142,0.0,8.142
N-99.9353809-20.3944957,TH570905,2.477,0.0,2.477
N-99.9389918-20.3933088,TH570905,5.732,0.0,5.732
N-99.9420256-20.3934104,TH570905,4.984,0.0,4.984
N-99.9451131-20.3931942,TH570905,2.389,0.0,2.389
N-99.9480079-20.3939842,TH570905,0.897,0.0,0.897
N-99.9482413-20.3942704,TH570905,0.896,0.0,0.896
N-99.9485131-20.3938726,TH570905,2.847,0.0,2.847
N-99.9503955-20.3920836,TH570905,1.925,0.0,1.925
N-99.9511892-20.3918914,TH570905,0.926,0.0,0.926
N-99.9518810-20.3917784,TH570905,3.617,0.0,3.617
N-99.9539392-20.3919616,TH570905,7.992,0.0,7.992
N-99.9556166-20.3955096,TH570905,1.277,0.0,1.277
N-99.9569029-20.3939640,TH570905,5.379,0.0,5.379
N-99.9570959-20.3943006,TH570905,1.694,0.0,1.694
N-99.9579263-20.3934521,TH570905,1.161,0.0,1.161
N-99.9599674-20.3941799,TH570905,4.272,0.0,4.272
N-99.9606727-20.3942426,TH570905,0.791,0.0,0.791
N-99.9611126-20.3938806,TH570905,3.802,0.0,3.802
N-99.9624859-20.3930459,TH570905,4.348,0.0,4.348
N-99.9303183-20.3933403,TH570905,1.626,0.0,1.626
N-99.9305083-20.3935862,TH570905,1.637,0.0,1.637
N-99.9325056-20.3933465,TH570905,3.95,0.0,3.95
N-99.9338192-20.3931787,TH570905,4.815,0.0,4.815
N-99.9395470-20.3927201,TH570905,1.85,0.0,1.85
N-99.9410010-20.3924760,TH570905,4.03,0.0,4.03
N-99.9455801-20.3928918,TH570905,3.182,0.0,3.182
N-99.9461914-20.3924724,TH570905,1.366,0.0,1.366
N-99.9478890-20.3932710,TH570905,1.362,0.0,1.362
N-99.9481474-20.3934231,TH570905,1.038,0.0,1.038
N-99.9499467-20.3921464,TH570905,2.042,0.0,2.042
N-99.9514232-20.3918547,TH570905,1.986,0.0,1.986
N-99.9578579-20.3932107,TH570905,0.919,0.0,0.919
N-99.9579464-20.3934232,TH570905,0.882,0.0,0.882
N-99.9631476-20.3927904,TH570905,1.413,0.0,1.413
N-99.9642944-20.3918008,TH570905,4.101,0.0,4.101
N-99.9653625-20.3913879,TH570905,1.95,0.0,1.95
N-99.9660447-20.3912713,TH570905,3.272,0.0,3.272
N-99.9195104-20.3913412,TH570905,7.611,0.0,7.611
N-99.9285695-20.3907431,TH570905,21.217,0.0,21.217
N-99.9292049-20.3916818,TH570905,3.763,0.0,3.763
N-99.9294466-20.3923798,TH570905,2.713,0.0,2.713
N-99.9301428-20.3924713,TH570905,1.561,0.0,1.561
N-99.9309526-20.3921749,TH570905,1.58,0.0,1.58
N-99.9321489-20.3923119,TH570905,1.935,0.0,1.935
N-99.9323112-20.3927858,TH570905,1.894,0.0,1.894
N-99.9337622-20.3918870,TH570905,5.764,0.0,5.764
N-99.9342209-20.3926362,TH570905,2.007,0.0,2.007
N-99.9343221-20.3927401,TH570905,3.76,0.0,3.76
N-99.9392475-20.3928623,TH570905,1.423,0.0,1.423
N-99.9394930-20.3925598,TH570905,1.733,0.0,1.733
N-99.9399693-20.3924850,TH570905,1.838,0.0,1.838
N-99.9414299-20.3922319,TH570905,2.315,0.0,2.315
N-99.9417959-20.3919249,TH570905,2.181,0.0,2.181
N-99.9460333-20.3923035,TH570905,1.549,0.0,1.549
N-99.9467631-20.3920841,TH570905,3.188,0.0,3.188
N-99.9478194-20.3925577,TH570905,1.347,0.0,1.347
N-99.9482817-20.3923753,TH570905,1.053,0.0,1.053
N-99.9493812-20.3922002,TH570905,1.063,0.0,1.063
N-99.9507051-20.3920073,TH570905,1.015,0.0,1.015
N-99.9572182-20.3920806,TH570905,10.421,0.0,10.421
N-99.9576205-20.3928462,TH570905,1.59,0.0,1.59
N-99.9578243-20.3930523,TH570905,1.609,0.0,1.609
N-99.9629070-20.3928141,TH570905,0.707,0.0,0.707
N-99.9633251-20.3924650,TH570905,1.399,0.701,0.698
N-99.9634866-20.3922990,TH570905,4.905,0.0,4.905
N-99.9646714-20.3915944,TH570905,3.351,0.0,3.351
N-99.9657216-20.3913161,TH570905,1.344,0.0,1.344
N-99.9667807-20.3911142,TH570905,3.264,0.0,3.264
N-99.9698547-20.3926689,TH570905,2.611,0.0,2.611
N-99.9207547-20.3889823,TH570905,4.817,0.0,4.817
N-99.9297264-20.3915431,TH570905,1.286,0.0,1.286
N-99.9308521-20.3915326,TH570905,1.393,0.0,1.393
N-99.9319585-20.3918921,TH570905,1.87,0.0,1.87
N-99.9320376-20.3919197,TH570905,1.902,0.0,1.902
N-99.9333653-20.3912635,TH570905,1.945,0.0,1.945
N-99.9354145-20.3901448,TH570905,20.529,0.0,20.529
N-99.9396470-20.3917335,TH570905,6.48,0.0,6.48
N-99.9407962-20.3918033,TH570905,2.471,0.0,2.471
N-99.9419474-20.3917303,TH570905,2.504,0.0,2.504
N-99.9422697-20.3912899,TH570905,7.822,0.0,7.822
N-99.9451177-20.3908225,TH570905,3.748,0.0,3.748
N-99.9451806-20.3908494,TH570905,1.915,0.0,1.915
N-99.9458986-20.3920836,TH570905,1.871,0.0,1.871
N-99.9473334-20.3917491,TH570905,1.523,0.0,1.523
N-99.9479945-20.3917739,TH570905,1.115,0.0,1.115
N-99.9493675-20.3915725,TH570905,1.058,0.0,1.058
N-99.9498260-20.3919499,TH570905,1.063,0.0,1.063
N-99.9509654-20.3914912,TH570905,1.059,0.0,1.059
N-99.9527426-20.3915899,TH570905,0.834,0.0,0.834
N-99.9536043-20.3914463,TH570905,0.827,0.0,0.827
N-99.9650035-20.3914777,TH570905,2.606,0.0,2.606
N-99.9680975-20.3906546,TH570905,1.923,0.0,1.923
N-99.9706768-20.3914219,TH570905,3.73,0.0,3.73
N-99.9126989-20.3910800,TH570905,1.53,0.0,1.53
N-99.9196208-20.3907511,TH570905,1.503,0.0,1.503
N-99.9198774-20.3900979,TH570905,1.557,0.0,1.557
N-99.9209976-20.3886916,TH570905,3.291,0.0,3.291
N-99.9288860-20.3907607,TH570905,1.217,0.0,1.217
N-99.9295297-20.3909719,TH570905,1.229,0.0,1.229
N-99.9305637-20.3906363,TH570905,1.231,0.0,1.231
N-99.9314958-20.3913390,TH570905,1.556,0.0,1.556
N-99.9321341-20.3911403,TH570905,1.598,0.0,1.598
N-99.9331735-20.3908248,TH570905,3.104,0.0,3.104
N-99.9336670-20.3906740,TH570905,5.469,0.0,5.469
N-99.9395393-20.3906070,TH570905,3.176,0.0,3.176
N-99.9395483-20.3906609,TH570905,4.716,0.0,4.716
N-99.9416976-20.3909501,TH570905,4.793,0.0,4.793
N-99.9420802-20.3905593,TH570905,2.69,0.0,2.69
N-99.9449562-20.3906026,TH570905,2.686,0.0,2.686
N-99.9453253-20.3907808,TH570905,1.921,0.0,1.921
N-99.9475962-20.3909380,TH570905,5.009,0.0,5.009
N-99.9492017-20.3912757,TH570905,2.644,0.0,2.644
N-99.9504000-20.3911232,TH570905,2.462,0.0,2.462
N-99.9507231-20.3910020,TH570905,1.076,0.0,1.076
N-99.9516072-20.3905846,TH570905,1.069,0.0,1.069
N-99.9519393-20.3913475,TH570905,0.855,0.0,0.855
N-99.9534670-20.3906678,TH570905,0.843,0.0,0.843
N-99.9537237-20.3905519,TH570905,1.661,0.0,1.661
N-99.9558971-20.3895218,TH570905,1.651,0.0,1.651
N-99.9682686-20.3905709,TH570905,0.646,0.0,0.646
N-99.9684143-20.3904275,TH570905,0.637,0.0,0.637
N-99.9138308-20.3905621,TH570905,0.763,0.0,0.763
N-99.9144128-20.3903509,TH570905,3.048,0.0,3.048
N-99.9149385-20.3902202,TH570905,2.187,0.0,2.187
N-99.9202570-20.3894585,TH570905,2.315,0.0,2.315
N-99.9212317-20.3883141,TH570905,4.801,0.0,4.801
N-99.9288484-20.3907180,TH570905,1.194,0.0,1.194
N-99.9306899-20.3898182,TH570905,3.356,0.0,3.356
N-99.9312792-20.3897494,TH570905,1.533,0.0,1.533
N-99.9394047-20.3893415,TH570905,7.663,0.0,7.663
N-99.9418550-20.3896018,TH570905,1.837,0.0,1.837
N-99.9420076-20.3900236,TH570905,2.645,0.0,2.645
N-99.9422757-20.3902021,TH570905,2.83,0.0,2.83
N-99.9434630-20.3895441,TH570905,3.121,0.0,3.121
N-99.9443593-20.3897050,TH570905,2.826,0.0,2.826
N-99.9449607-20.3896556,TH570905,5.653,0.0,5.653
N-99.9453044-20.3905810,TH570905,2.576,0.0,2.576
N-99.9471357-20.3896787,TH570905,8.557,0.0,8.557
N-99.9482278-20.3889331,TH570905,3.601,0.0,3.601
N-99.9515582-20.3899415,TH570905,3.811,0.0,3.811
N-99.9524860-20.3895226,TH570905,0.879,0.0,0.879
N-99.9535190-20.3897229,TH570905,0.853,0.0,0.853
N-99.9541608-20.3894178,TH570905,1.863,0.0,1.863
N-99.9548028-20.3891217,TH570905,1.827,0.0,1.827
N-99.9559247-20.3895002,TH570905,0.783,0.0,0.783
N-99.9559408-20.3894741,TH570905,1.544,0.0,1.544
N-99.9684861-20.3898890,TH570905,1.24,0.0,1.24
N-99.9688990-20.3899339,TH570905,0.615,0.0,0.615
N-99.9701491-20.3897249,TH570905,2.896,0.0,2.896
N-99.9738222-20.3875059,TH570905,10.099,0.0,10.099
N-99.9108047-20.3898814,TH570905,4.648,0.0,4.648
N-99.9140829-20.3904540,TH570905,1.507,0.0,1.507
N-99.9154401-20.3900668,TH570905,2.147,0.0,2.147
N-99.9162394-20.3897500,TH570905,2.145,0.0,2.145
N-99.9169891-20.3895376,TH570905,1.456,0.0,1.456
N-99.9172318-20.3895426,TH570905,2.303,0.0,2.303
N-99.9172928-20.3896174,TH570905,0.765,0.0,0.765
N-99.9200052-20.3897902,TH570905,0.743,0.0,0.743
N-99.9217955-20.3873635,TH570905,5.658,0.0,5.658
N-99.9308467-20.3888223,TH570905,1.799,0.0,1.799
N-99.9312893-20.3891667,TH570905,1.845,0.0,1.845
N-99.9393508-20.3889286,TH570905,1.984,0.0,1.984
N-99.9416890-20.3892158,TH570905,4.366,0.0,4.366
N-99.9425594-20.3896053,TH570905,3.184,0.0,3.184
N-99.9437167-20.3891909,TH570905,3.478,0.0,3.478
N-99.9443279-20.3894537,TH570905,3.532,0.0,3.532
N-99.9447542-20.3891395,TH570905,3.257,0.0,3.257
N-99.9485958-20.3888074,TH570905,10.757,0.0,10.757
N-99.9523522-20.3892427,TH570905,2.626,0.0,2.626
N-99.9530340-20.3892657,TH570905,1.053,0.0,1.053
N-99.9558080-20.3891934,TH570905,0.972,0.0,0.972
N-99.9559401-20.3894420,TH570905,1.57,0.0,1.57
N-99.9570383-20.3873835,TH570905,11.433,0.0,11.433
N-99.9594416-20.3862069,TH570905,11.089,0.0,11.089
N-99.9677860-20.3880490,TH570905,3.503,0.0,3.503
N-99.9699581-20.3894267,TH570905,0.605,0.0,0.605
N-99.9699811-20.3894115,TH570905,4.435,0.0,4.435
N-99.9701169-20.3896413,TH570905,0.55,0.0,0.55
N-99.9742261-20.3872726,TH570905,4.117,0.0,4.117
N-99.9753974-20.3864513,TH570905,4.048,0.0,4.048
N-99.9164405-20.3896771,TH570905,1.467,0.0,1.467
N-99.9171795-20.3895263,TH570905,2.299,0.0,2.299
N-99.9268086-20.3860755,TH570905,8.317,0.0,8.317
N-99.9275449-20.3863672,TH570905,3.401,0.0,3.401
N-99.9280049-20.3865382,TH570905,2.589,0.0,2.589
N-99.9289262-20.3868914,TH570905,1.988,0.0,1.988
N-99.9302217-20.3875501,TH570905,0.905,0.0,0.905
N-99.9305275-20.3877638,TH570905,2.16,0.0,2.16
N-99.9311573-20.3882098,TH570905,2.74,0.0,2.74
N-99.9314688-20.3875078,TH570905,2.172,0.0,2.172
N-99.9392610-20.3880310,TH570905,1.968,0.0,1.968
N-99.9393328-20.3885696,TH570905,3.189,0.0,3.189
N-99.9413928-20.3882958,TH570905,4.267,0.0,4.267
N-99.9430641-20.3882787,TH570905,6.187,0.0,6.187
N-99.9439643-20.3885336,TH570905,3.726,0.0,3.726
N-99.9450781-20.3880167,TH570905,3.611,0.0,3.611
N-99.9454392-20.3878073,TH570905,6.425,0.0,6.425
N-99.9462910-20.3874660,TH570905,7.174,0.0,7.174
N-99.9477342-20.3876181,TH570905,3.254,0.0,3.254
N-99.9509699-20.3867834,TH570905,6.309,0.0,6.309
N-99.9526170-20.3881477,TH570905,2.667,0.0,2.667
N-99.9531645-20.3882554,TH570905,1.068,0.0,1.068
N-99.9537966-20.3889423,TH570905,1.046,0.0,1.046
N-99.9551706-20.3889510,TH570905,1.021,0.0,1.021
N-99.9555835-20.3887920,TH570905,0.987,0.0,0.987
N-99.9596136-20.3860833,TH570905,5.771,0.0,5.771
N-99.9604483-20.3854909,TH570905,9.809,0.0,9.809
N-99.9672341-20.3867970,TH570905,9.039,0.0,9.039
N-99.9677591-20.3880175,TH570905,2.3,0.0,2.3
N-99.9769188-20.3858095,TH570905,2.988,0.0,2.988
N-99.9773452-20.3856838,TH570905,4.335,0.0,4.335
N-99.9787678-20.3853652,TH570905,4.795,0.0,4.795
N-99.9799571-20.3852620,TH570905,3.762,0.0,3.762
N-99.9165022-20.3896583,TH570905,1.487,0.0,1.487
N-99.9170950-20.3895200,TH570905,1.503,0.0,1.503
N-99.9207897-20.3864489,TH570905,3.146,0.0,3.146
N-99.9208327-20.3864816,TH570905,1.592,0.0,1.592
N-99.9220595-20.3868940,TH570905,1.617,0.0,1.617
N-99.9221671-20.3866450,TH570905,1.633,0.0,1.633
N-99.9285749-20.3867531,TH570905,1.766,0.0,1.766
N-99.9292628-20.3870221,TH570905,0.903,0.0,0.903
N-99.9300903-20.3874144,TH570905,1.256,0.0,1.256
N-99.9317014-20.3871082,TH570905,5.09,0.0,5.09
N-99.9391803-20.3873129,TH570905,3.971,0.0,3.971
N-99.9392431-20.3877617,TH570905,1.829,0.0,1.829
N-99.9412671-20.3874476,TH570905,4.18,0.0,4.18
N-99.9432719-20.3880376,TH570905,2.589,0.0,2.589
N-99.9435127-20.3878211,TH570905,3.086,0.0,3.086
N-99.9441758-20.3875026,TH570905,6.558,0.0,6.558
N-99.9458011-20.3876499,TH570905,3.37,0.0,3.37
N-99.9476579-20.3874745,TH570905,3.538,0.0,3.538
N-99.9481426-20.3876091,TH570905,2.973,0.0,2.973
N-99.9487125-20.3872636,TH570905,2.212,0.0,2.212
N-99.9496847-20.3867861,TH570905,4.383,0.0,4.383
N-99.9522849-20.3867968,TH570905,4.105,0.0,4.105
N-99.9526349-20.3881163,TH570905,1.141,0.0,1.141
N-99.9531600-20.3882060,TH570905,1.088,0.0,1.088
N-99.9542775-20.3867385,TH570905,2.172,0.0,2.172
N-99.9544574-20.3866797,TH570905,3.179,0.0,3.179
N-99.9613299-20.3848693,TH570905,6.092,0.0,6.092
N-99.9758911-20.3861685,TH570905,3.052,0.0,3.052
N-99.9813574-20.3852216,TH570905,6.651,0.0,6.651
N-99.9824703-20.3851722,TH570905,6.873,0.0,6.873
N-99.9847412-20.3851902,TH570905,6.634,0.0,6.634
N-99.9222064-20.3864274,TH570905,0.818,0.0,0.818
N-99.9248864-20.3849703,TH570905,1.703,0.0,1.703
N-99.9251063-20.3849972,TH570905,0.825,0.0,0.825
N-99.9307099-20.3869253,TH570905,1.285,0.0,1.285
N-99.9323542-20.3857646,TH570905,3.068,0.0,3.068
N-99.9332024-20.3851049,TH570905,3.518,0.0,3.518
N-99.9338487-20.3846875,TH570905,1.677,0.0,1.677
N-99.9339833-20.3845843,TH570905,2.696,0.0,2.696
N-99.9390456-20.3861910,TH570905,4.29,0.0,4.29
N-99.9390995-20.3865051,TH570905,4.701,0.0,4.701
N-99.9411549-20.3865500,TH570905,3.85,0.0,3.85
N-99.9420660-20.3857781,TH570905,2.703,0.0,2.703
N-99.9438492-20.3876356,TH570905,2.726,0.0,2.726
N-99.9450720-20.3864319,TH570905,3.371,0.0,3.371
N-99.9454029-20.3871006,TH570905,3.831,0.0,3.831
N-99.9471348-20.3864791,TH570905,7.314,0.0,7.314
N-99.9474575-20.3865311,TH570905,3.218,0.0,3.218
N-99.9485027-20.3867832,TH570905,2.958,0.0,2.958
N-99.9494860-20.3865917,TH570905,2.972,0.0,2.972
N-99.9523208-20.3867834,TH570905,1.516,0.0,1.516
N-99.9533979-20.3867654,TH570905,2.463,0.0,2.463
N-99.9616735-20.3846023,TH570905,5.11,0.0,5.11
N-99.9664232-20.3850730,TH570905,5.265,0.0,5.265
N-99.9757340-20.3862403,TH570905,1.526,0.0,1.526
N-99.9862850-20.3850780,TH570905,4.307,0.0,4.307
N-99.9870704-20.3849389,TH570905,7.762,0.0,7.762
N-99.9107919-20.3834065,TH570905,11.461,0.0,11.461
N-99.9189994-20.3840566,TH570905,19.441,0.0,19.441
N-99.9207830-20.3863018,TH570905,2.376,0.0,2.376
N-99.9223843-20.3857313,TH570905,1.654,0.0,1.654
N-99.9224755-20.3854432,TH570905,1.709,0.0,1.709
N-99.9249761-20.3849927,TH570905,1.738,0.0,1.738
N-99.9300259-20.3863408,TH570905,2.133,0.0,2.133
N-99.9305516-20.3861849,TH570905,1.239,0.0,1.239
N-99.9389559-20.3852979,TH570905,1.859,0.0,1.859
N-99.9412806-20.3862807,TH570905,1.83,0.0,1.83
N-99.9417473-20.3859711,TH570905,3.022,0.0,3.022
N-99.9422859-20.3856300,TH570905,2.014,0.0,2.014
N-99.9423352-20.3855716,TH570905,2.06,0.0,2.06
N-99.9448908-20.3860864,TH570905,15.287,0.0,15.287
N-99.9474091-20.3863961,TH570905,3.365,0.0,3.365
N-99.9483092-20.3860091,TH570905,3.536,0.0,3.536
N-99.9492298-20.3860973,TH570905,3.115,0.0,3.115
N-99.9501684-20.3863534,TH570905,2.943,0.0,2.943
N-99.9509699-20.3863750,TH570905,2.859,0.0,2.859
N-99.9522849-20.3863615,TH570905,2.169,0.0,2.169
N-99.9523836-20.3863660,TH570905,1.56,0.0,1.56
N-99.9544410-20.3863796,TH570905,6.445,0.0,6.445
N-99.9792839-20.3852979,TH570905,2.384,0.0,2.384
N-99.9866441-20.3850286,TH570905,1.074,0.0,1.074
N-99.9900010-20.3841176,TH570905,7.629,0.0,7.629
N-99.9904767-20.3840009,TH570905,3.038,0.0,3.038
N-99.9205296-20.3841056,TH570905,0.799,0.0,0.799
N-99.9206053-20.3841371,TH570905,0.819,0.0,0.819
N-99.9226404-20.3851743,TH570905,0.866,0.0,0.866
N-99.9231350-20.3846819,TH570905,0.879,0.0,0.879
N-99.9243523-20.3847459,TH570905,0.887,0.0,0.887
N-99.9255192-20.3847504,TH570905,1.785,0.0,1.785
N-99.9288830-20.3844678,TH570905,1.722,0.0,1.722
N-99.9300579-20.3848600,TH570905,1.735,0.0,1.735
N-99.9325023-20.3855268,TH570905,0.834,0.0,0.834
N-99.9326280-20.3854280,TH570905,0.838,0.0,0.838
N-99.9340416-20.3845035,TH570905,1.575,0.0,1.575
N-99.9388751-20.3846651,TH570905,1.535,0.0,1.535
N-99.9389020-20.3847818,TH570905,0.786,0.0,0.786
N-99.9389289-20.3851588,TH570905,1.79,0.0,1.79
N-99.9424070-20.3851318,TH570905,4.408,0.0,4.408
N-99.9468648-20.3840415,TH570905,25.039,0.0,25.039
N-99.9473838-20.3848750,TH570905,7.228,0.0,7.228
N-99.9484192-20.3850535,TH570905,3.863,0.0,3.863
N-99.9491537-20.3850227,TH570905,7.059,0.0,7.059
N-99.9510068-20.3837684,TH570905,12.306,0.0,12.306
N-99.9529984-20.3837855,TH570905,2.146,0.0,2.146
N-99.9534872-20.3839410,TH570905,4.275,0.0,4.275
N-99.9535328-20.3839460,TH570905,1.656,0.0,1.656
N-99.9627005-20.3838138,TH570905,14.026,0.0,14.026
N-99.9663335-20.3847289,TH570905,1.215,0.0,1.215
N-99.9722680-20.3817039,TH570905,11.074,0.0,11.074
N-99.9912845-20.3837855,TH570905,2.469,0.0,2.469
N-99.9917513-20.3836419,TH570905,3.227,0.0,3.227
N-99.9930842-20.3832783,TH570905,6.853,0.0,6.853
N-99.9953147-20.3828116,TH570905,9.252,0.0,9.252
N-99.9199516-20.3838932,TH570905,0.812,0.0,0.812
N-99.9206583-20.3840968,TH570905,0.881,0.0,0.881
N-99.9209708-20.3836946,TH570905,0.942,0.0,0.942
N-99.9229577-20.3847839,TH570905,0.998,0.0,0.998
N-99.9233560-20.3845574,TH570905,0.959,0.0,0.959
N-99.9239753-20.3845664,TH570905,0.948,0.0,0.948
N-99.9258243-20.3841714,TH570905,1.772,0.0,1.772
N-99.9278439-20.3830809,TH570905,1.685,0.0,1.685
N-99.9288953-20.3843570,TH570905,1.692,0.0,1.692
N-99.9301559-20.3840201,TH570905,1.702,0.0,1.702
N-99.9316676-20.3836733,TH570905,0.824,0.0,0.824
N-99.9323677-20.3838618,TH570905,0.821,0.0,0.821
N-99.9339609-20.3843599,TH570905,3.902,0.0,3.902
N-99.9340551-20.3844452,TH570905,2.308,0.0,2.308
N-99.9387024-20.3837610,TH570905,0.759,0.0,0.759
N-99.9387299-20.3838978,TH570905,0.755,0.0,0.755
N-99.9387719-20.3839964,TH570905,0.771,0.0,0.771
N-99.9388123-20.3841355,TH570905,1.768,0.0,1.768
N-99.9423711-20.3841086,TH570905,3.584,0.0,3.584
N-99.9428289-20.3835656,TH570905,3.841,0.0,3.841
N-99.9432508-20.3831706,TH570905,5.583,0.0,5.583
N-99.9484747-20.3842522,TH570905,3.938,0.0,3.938
N-99.9493992-20.3837944,TH570905,3.781,0.0,3.781
N-99.9497761-20.3840996,TH570905,3.637,0.0,3.637
N-99.9526125-20.3836823,TH570905,5.847,0.0,5.847
N-99.9535824-20.3838919,TH570905,1.781,0.0,1.781
N-99.9536039-20.3838492,TH570905,12.738,0.0,12.738
N-99.9663463-20.3842009,TH570905,2.446,0.0,2.446
N-99.9663847-20.3845169,TH570905,1.142,0.0,1.142
N-99.9689169-20.3813171,TH570905,4.038,0.0,4.038
N-99.9924334-20.3834668,TH570905,1.959,0.0,1.959
N-99.9972714-20.3822551,TH570905,8.489,0.0,8.489
N-99.9123260-20.3812243,TH570905,3.034,0.0,3.034
N-99.9193172-20.3840164,TH570905,1.882,0.0,1.882
N-99.9200723-20.3838769,TH570905,2.051,0.0,2.051
N-99.9212109-20.3833966,TH570905,1.143,0.0,1.143
N-99.9213839-20.3831942,TH570905,1.151,0.0,1.151
N-99.9217741-20.3828661,TH570905,1.151,0.0,1.151
N-99.9239978-20.3823987,TH570905,1.63,0.0,1.63
N-99.9243568-20.3825378,TH570905,3.372,0.0,3.372
N-99.9247158-20.3824930,TH570905,1.436,0.0,1.436
N-99.9261519-20.3835072,TH570905,0.898,0.0,0.898
N-99.9265738-20.3830988,TH570905,0.886,0.0,0.886
N-99.9285619-20.3832110,TH570905,0.817,0.0,0.817
N-99.9290175-20.3832484,TH570905,1.624,0.0,1.624
N-99.9302358-20.3833359,TH570905,1.639,0.0,1.639
N-99.9310303-20.3834893,TH570905,0.842,0.0,0.842
N-99.9316092-20.3836598,TH570905,0.808,0.0,0.808
N-99.9325016-20.3830899,TH570905,1.556,0.0,1.556
N-99.9326304-20.3829063,TH570905,12.595,0.0,12.595
N-99.9386703-20.3832947,TH570905,4.015,0.0,4.015
N-99.9423891-20.3840233,TH570905,1.0,0.0,1.0
N-99.9424564-20.3839156,TH570905,2.031,0.0,2.031
N-99.9435021-20.3829283,TH570905,4.477,0.0,4.477
N-99.9442605-20.3822461,TH570905,6.867,0.0,6.867
N-99.9487170-20.3831796,TH570905,3.645,0.0,3.645
N-99.9490267-20.3834848,TH570905,3.476,0.0,3.476
N-99.9499108-20.3834175,TH570905,3.527,0.0,3.527
N-99.9508834-20.3832837,TH570905,3.417,0.0,3.417
N-99.9517150-20.3833652,TH570905,3.433,0.0,3.433
N-99.9531286-20.3838304,TH570905,2.608,0.0,2.608
N-99.9659450-20.3829724,TH570905,0.658,0.0,0.658
N-99.9661883-20.3833244,TH570905,1.87,0.0,1.87
N-99.9683066-20.3814877,TH570905,3.038,0.0,3.038
N-99.9987569-20.3819230,TH570905,5.223,0.0,5.223
N-99.9993762-20.3817570,TH570905,2.755,0.0,2.755
N-100.0019540-20.3834278,TH570905,4.363,0.0,4.363
N-99.9215461-20.3830434,TH570905,2.272,0.0,2.272
N-99.9219793-20.3826147,TH570905,1.154,0.0,1.154
N-99.9221054-20.3824249,TH570905,2.595,0.0,2.595
N-99.9237965-20.3822865,TH570905,1.653,0.0,1.653
N-99.9251601-20.3823494,TH570905,3.334,0.0,3.334
N-99.9253935-20.3823314,TH570905,3.042,0.0,3.042
N-99.9269643-20.3828879,TH570905,2.039,0.0,2.039
N-99.9275663-20.3828576,TH570905,0.865,0.0,0.865
N-99.9280778-20.3824359,TH570905,0.826,0.0,0.826
N-99.9304020-20.3833546,TH570905,1.609,0.0,1.609
N-99.9384991-20.3820646,TH570905,1.483,0.0,1.483
N-99.9385701-20.3827130,TH570905,3.194,0.0,3.194
N-99.9447273-20.3819006,TH570905,6.937,0.0,6.937
N-99.9455216-20.3813441,TH570905,4.249,0.0,4.249
N-99.9484390-20.3819403,TH570905,5.606,0.0,5.606
N-99.9487099-20.3822831,TH570905,2.876,0.0,2.876
N-99.9493670-20.3825048,TH570905,3.727,0.0,3.727
N-99.9501397-20.3827533,TH570905,4.146,0.0,4.146
N-99.9510027-20.3822767,TH570905,3.937,0.0,3.937
N-99.9517184-20.3824651,TH570905,3.466,0.0,3.466
N-99.9522909-20.3824588,TH570905,2.953,0.0,2.953
N-99.9523522-20.3822910,TH570905,5.492,0.0,5.492
N-99.9540706-20.3809062,TH570905,9.343,0.0,9.343
N-99.9542201-20.3806921,TH570905,16.224,0.0,16.224
N-99.9656543-20.3822686,TH570905,1.413,0.0,1.413
N-99.9658338-20.3823224,TH570905,0.649,0.0,0.649
N-99.9667269-20.3818467,TH570905,1.293,0.0,1.293
N-99.9671038-20.3817839,TH570905,0.618,0.0,0.618
N-99.9755455-20.3796028,TH570905,8.393,0.0,8.393
N-100.0000045-20.3815685,TH570905,2.84,0.0,2.84
N-100.0010591-20.3813665,TH570905,2.888,0.0,2.888
N-99.9161340-20.3789760,TH570905,1.549,0.0,1.549
N-99.9177204-20.3792149,TH570905,3.227,0.0,3.227
N-99.9195747-20.3839749,TH570905,1.097,0.0,1.097
N-99.9224460-20.3818975,TH570905,1.172,0.0,1.172
N-99.9225781-20.3816706,TH570905,2.66,0.0,2.66
N-99.9237150-20.3819095,TH570905,3.442,0.0,3.442
N-99.9281579-20.3821471,TH570905,2.52,0.0,2.52
N-99.9295268-20.3832559,TH570905,0.804,0.0,0.804
N-99.9384374-20.3812050,TH570905,6.259,0.0,6.259
N-99.9384938-20.3817869,TH570905,2.161,0.0,2.161
N-99.9387428-20.3811891,TH570905,0.748,0.0,0.748
N-99.9392471-20.3807968,TH570905,7.096,0.0,7.096
N-99.9457056-20.3811646,TH570905,2.754,0.0,2.754
N-99.9478619-20.3812167,TH570905,9.59,0.0,9.59
N-99.9491847-20.3818893,TH570905,3.285,0.0,3.285
N-99.9501492-20.3815398,TH570905,3.828,0.0,3.828
N-99.9506065-20.3819648,TH570905,3.643,0.0,3.643
N-99.9515085-20.3814428,TH570905,9.284,0.0,9.284
N-99.9540089-20.3809150,TH570905,2.593,0.0,2.593
N-99.9540357-20.3809201,TH570905,2.238,0.0,2.238
N-99.9577895-20.3789237,TH570905,19.482,0.0,19.482
N-99.9654363-20.3813800,TH570905,1.537,0.0,1.537
N-99.9655151-20.3815505,TH570905,1.398,0.0,1.398
N-99.9674270-20.3816941,TH570905,1.285,0.0,1.285
N-99.9711699-20.3806888,TH570905,1.763,0.0,1.763
N-99.9774112-20.3792029,TH570905,6.529,0.0,6.529
N-99.9792000-20.3788294,TH570905,3.227,0.0,3.227
N-99.9798830-20.3788599,TH570905,2.687,0.0,2.687
N-99.9807205-20.3787303,TH570905,6.027,0.0,6.027
N-99.9827288-20.3784178,TH570905,6.725,0.0,6.725
N-99.9845546-20.3781956,TH570905,7.455,0.0,7.455
N-100.0014738-20.3812288,TH570905,9.291,0.0,9.291
N-99.9184212-20.3791373,TH570905,7.895,0.0,7.895
N-99.9227089-20.3814707,TH570905,1.845,0.0,1.845
N-99.9228430-20.3813022,TH570905,4.019,0.0,4.019
N-99.9233231-20.3808597,TH570905,1.859,0.0,1.859
N-99.9239188-20.3808674,TH570905,1.804,0.0,1.804
N-99.9243705-20.3805216,TH570905,3.486,0.0,3.486
N-99.9283797-20.3807896,TH570905,3.951,0.0,3.951
N-99.9284783-20.3804257,TH570905,3.56,0.0,3.56
N-99.9286898-20.3799879,TH570905,6.212,0.0,6.212
N-99.9455979-20.3805048,TH570905,2.988,0.0,2.988
N-99.9457595-20.3808818,TH570905,3.393,0.0,3.393
N-99.9493338-20.3807365,TH570905,15.805,0.0,15.805
N-99.9496020-20.3810471,TH570905,3.02,0.0,3.02
N-99.9529850-20.3804330,TH570905,6.139,0.0,6.139
N-99.9537210-20.3807517,TH570905,3.0,0.0,3.0
N-99.9586880-20.3782222,TH570905,5.265,0.0,5.265
N-99.9654819-20.3808867,TH570905,5.429,0.0,5.429
N-99.9662088-20.3802838,TH570905,1.381,0.0,1.381
N-99.9700016-20.3800979,TH570905,1.203,0.0,1.203
N-99.9719642-20.3805093,TH570905,1.191,0.0,1.191
N-99.9720785-20.3804736,TH570905,2.917,0.0,2.917
N-99.9857688-20.3780906,TH570905,3.581,0.0,3.581
N-99.9867869-20.3781081,TH570905,3.664,0.0,3.664
N-99.9873146-20.3780731,TH570905,3.772,0.0,3.772
N-99.9880992-20.3779855,TH570905,4.709,0.0,4.709
N-99.9892620-20.3779198,TH570905,5.584,0.0,5.584
N-99.9930149-20.3786490,TH570905,7.715,0.0,7.715
N-99.9936799-20.3790922,TH570905,1.579,0.0,1.579
N-99.9938301-20.3791476,TH570905,4.351,0.0,4.351
N-99.9957401-20.3791720,TH570905,10.177,0.0,10.177
N-100.0032771-20.3785937,TH570905,9.666,0.0,9.666
N-99.9228068-20.3813412,TH570905,1.501,0.0,1.501
N-99.9235806-20.3799244,TH570905,4.229,0.0,4.229
N-99.9240957-20.3800367,TH570905,1.904,0.0,1.904
N-99.9243164-20.3795669,TH570905,1.857,0.0,1.857
N-99.9245184-20.3792796,TH570905,5.473,0.0,5.473
N-99.9297657-20.3783423,TH570905,10.108,0.0,10.108
N-99.9410281-20.3785747,TH570905,8.245,0.0,8.245
N-99.9451806-20.3798182,TH570905,2.631,0.0,2.631
N-99.9451985-20.3799214,TH570905,1.009,0.0,1.009
N-99.9454543-20.3802804,TH570905,1.062,0.0,1.062
N-99.9522744-20.3801585,TH570905,11.207,0.0,11.207
N-99.9598739-20.3774261,TH570905,6.462,0.0,6.462
N-99.9644707-20.3783628,TH570905,6.697,0.0,6.697
N-99.9663590-20.3800726,TH570905,1.413,0.0,1.413
N-99.9672495-20.3793283,TH570905,2.698,0.0,2.698
N-99.9680676-20.3788753,TH570905,3.343,0.0,3.343
N-99.9699184-20.3797283,TH570905,0.619,0.0,0.619
N-99.9904529-20.3778542,TH570905,5.199,0.0,5.199
N-99.9935457-20.3790068,TH570905,1.655,0.0,1.655
N-99.9962604-20.3791418,TH570905,0.966,0.0,0.966
N-99.9974779-20.3790168,TH570905,5.237,0.0,5.237
N-99.9981270-20.3789012,TH570905,4.035,0.0,4.035
N-99.9991733-20.3786641,TH570905,7.342,0.0,7.342
N-100.0000260-20.3787201,TH570905,2.692,0.0,2.692
N-100.0009014-20.3788248,TH570905,4.313,0.0,4.313
N-100.0026011-20.3786540,TH570905,5.691,0.0,5.691
N-100.0029767-20.3786389,TH570905,1.103,0.0,1.103
N-100.0053153-20.3780614,TH570905,10.704,0.0,10.704
N-100.0062060-20.3782567,TH570905,10.334,0.0,10.334
N-99.9193514-20.3781280,TH570905,4.645,0.0,4.645
N-99.9235880-20.3799071,TH570905,3.799,0.0,3.799
N-99.9235984-20.3798977,TH570905,2.203,0.0,2.203
N-99.9244241-20.3793963,TH570905,2.024,0.0,2.024
N-99.9260156-20.3781756,TH570905,9.955,0.0,9.955
N-99.9314504-20.3764712,TH570905,2.176,0.0,2.176
N-99.9316765-20.3763221,TH570905,4.976,0.0,4.976
N-99.9383458-20.3782025,TH570905,7.953,0.0,7.953
N-99.9452861-20.3795878,TH570905,0.921,0.0,0.921
N-99.9454183-20.3791484,TH570905,1.008,0.0,1.008
N-99.9455145-20.3792272,TH570905,1.037,0.0,1.037
N-99.9459570-20.3786738,TH570905,1.079,0.0,1.079
N-99.9463339-20.3783282,TH570905,1.252,0.0,1.252
N-99.9527157-20.3794233,TH570905,6.431,0.0,6.431
N-99.9536692-20.3793562,TH570905,6.751,0.0,6.751
N-99.9541176-20.3786426,TH570905,9.735,0.0,9.735
N-99.9584506-20.3783668,TH570905,1.235,0.0,1.235
N-99.9607176-20.3769280,TH570905,2.73,0.0,2.73
N-99.9698165-20.3791399,TH570905,1.86,0.0,1.86
N-99.9714472-20.3783120,TH570905,9.004,0.0,9.004
N-99.9917755-20.3779357,TH570905,3.482,0.0,3.482
N-99.9969629-20.3790118,TH570905,3.865,0.0,3.865
N-99.9199247-20.3775009,TH570905,4.715,0.0,4.715
N-99.9234545-20.3770203,TH570905,16.764,0.0,16.764
N-99.9252589-20.3779153,TH570905,1.766,0.0,1.766
N-99.9307071-20.3769224,TH570905,3.915,0.0,3.915
N-99.9415538-20.3775689,TH570905,3.064,0.0,3.064
N-99.9454633-20.3789924,TH570905,2.751,0.0,2.751
N-99.9461140-20.3785032,TH570905,1.923,0.0,1.923
N-99.9465853-20.3780859,TH570905,2.812,0.0,2.812
N-99.9469398-20.3777807,TH570905,1.063,0.0,1.063
N-99.9472315-20.3774935,TH570905,4.726,0.0,4.726
N-99.9476220-20.3771703,TH570905,2.044,0.0,2.044
N-99.9480214-20.3768068,TH570905,4.1,0.0,4.1
N-99.9524546-20.3771033,TH570905,18.259,0.0,18.259
N-99.9531288-20.3787360,TH570905,7.059,0.0,7.059
N-99.9534725-20.3781950,TH570905,4.063,0.0,4.063
N-99.9544076-20.3780797,TH570905,3.537,0.0,3.537
N-99.9557226-20.3771299,TH570905,13.383,0.0,13.383
N-99.9570286-20.3777538,TH570905,8.044,0.0,8.044
N-99.9574864-20.3779356,TH570905,5.014,0.0,5.014
N-99.9583160-20.3784339,TH570905,1.292,0.0,1.292
N-99.9643481-20.3779557,TH570905,1.747,0.0,1.747
N-99.9647781-20.3776476,TH570905,1.563,0.0,1.563
N-99.9697010-20.3785413,TH570905,3.364,0.0,3.364
N-99.9754276-20.3771253,TH570905,7.044,0.0,7.044
N-100.0000474-20.3785743,TH570905,3.287,0.0,3.287
N-100.0008352-20.3785466,TH570905,6.846,0.0,6.846
N-100.0057820-20.3781016,TH570905,3.327,0.0,3.327
N-99.9209505-20.3764259,TH570905,3.627,0.0,3.627
N-99.9250883-20.3775922,TH570905,1.764,0.0,1.764
N-99.9256700-20.3773876,TH570905,1.73,0.0,1.73
N-99.9267865-20.3761277,TH570905,11.371,0.0,11.371
N-99.9311885-20.3765840,TH570905,1.512,0.0,1.512
N-99.9382386-20.3771666,TH570905,3.884,0.0,3.884
N-99.9419185-20.3769051,TH570905,5.195,0.0,5.195
N-99.9470071-20.3777044,TH570905,1.857,0.0,1.857
N-99.9479406-20.3768652,TH570905,3.702,0.0,3.702
N-99.9485824-20.3762952,TH570905,3.686,0.0,3.686
N-99.9533772-20.3774127,TH570905,4.449,0.0,4.449
N-99.9538824-20.3774654,TH570905,4.02,0.0,4.02
N-99.9546166-20.3775544,TH570905,3.536,0.0,3.536
N-99.9572504-20.3778249,TH570905,2.362,0.0,2.362
N-99.9578994-20.3781619,TH570905,1.751,0.0,1.751
N-99.9607714-20.3768786,TH570905,0.918,0.0,0.918
N-99.9638415-20.3766242,TH570905,1.987,0.0,1.987
N-99.9641286-20.3773283,TH570905,1.715,0.0,1.715
N-99.9657089-20.3769277,TH570905,1.62,0.0,1.62
N-99.9659698-20.3767167,TH570905,1.603,0.0,1.603
N-99.9669126-20.3762672,TH570905,3.25,0.0,3.25
N-99.9759855-20.3769945,TH570905,3.774,0.0,3.774
N-99.9786140-20.3768537,TH570905,4.375,0.0,4.375
N-99.9792148-20.3767733,TH570905,3.633,0.0,3.633
N-99.9813499-20.3762503,TH570905,4.459,0.0,4.459
N-99.9910366-20.3775871,TH570905,0.828,0.0,0.828
N-99.9916199-20.3779005,TH570905,0.861,0.0,0.861
N-99.9252301-20.3768244,TH570905,1.78,0.0,1.78
N-99.9259786-20.3766591,TH570905,1.782,0.0,1.782
N-99.9309549-20.3766968,TH570905,3.165,0.0,3.165
N-99.9318157-20.3760753,TH570905,4.141,0.0,4.141
N-99.9382707-20.3765833,TH570905,7.682,0.0,7.682
N-99.9429378-20.3753764,TH570905,9.043,0.0,9.043
N-99.9484567-20.3763984,TH570905,2.419,0.0,2.419
N-99.9487125-20.3761426,TH570905,1.67,0.0,1.67
N-99.9527157-20.3766856,TH570905,15.801,0.0,15.801
N-99.9530882-20.3770581,TH570905,4.434,0.0,4.434
N-99.9542057-20.3766497,TH570905,4.103,0.0,4.103
N-99.9548340-20.3769145,TH570905,3.599,0.0,3.599
N-99.9599430-20.3766259,TH570905,2.033,0.0,2.033
N-99.9599574-20.3766721,TH570905,1.75,0.0,1.75
N-99.9608881-20.3766587,TH570905,1.177,0.0,1.177
N-99.9610587-20.3762413,TH570905,1.175,0.0,1.175
N-99.9624230-20.3757477,TH570905,2.287,0.0,2.287
N-99.9637796-20.3765135,TH570905,2.232,0.0,2.232
N-99.9680944-20.3758162,TH570905,4.73,0.0,4.73
N-99.9829834-20.3756770,TH570905,1.865,0.0,1.865
N-99.9830989-20.3756326,TH570905,3.257,0.0,3.257
N-99.9910319-20.3770268,TH570905,8.112,0.0,8.112
N-99.9963409-20.3748982,TH570905,3.692,0.0,3.692
N-99.9965233-20.3749850,TH570905,1.861,0.0,1.861
N-99.9968223-20.3750566,TH570905,3.948,0.0,3.948
N-99.9970329-20.3750516,TH570905,1.957,0.0,1.957
N-99.9992470-20.3752759,TH570905,6.873,0.0,6.873
N-99.9998277-20.3756621,TH570905,3.72,0.0,3.72
N-100.0002338-20.3757936,TH570905,13.434,0.0,13.434
N-100.0016651-20.3758235,TH570905,11.966,0.0,11.966
N-100.0055299-20.3780563,TH570905,3.032,0.0,3.032
N-99.9216628-20.3757433,TH570905,1.996,0.0,1.996
N-99.9217593-20.3756678,TH570905,2.188,0.0,2.188
N-99.9238280-20.3759643,TH570905,2.034,0.0,2.034
N-99.9242136-20.3759014,TH570905,1.911,0.0,1.911
N-99.9252095-20.3759227,TH570905,1.851,0.0,1.851
N-99.9259966-20.3757129,TH570905,3.411,0.0,3.411
N-99.9320849-20.3748411,TH570905,7.266,0.0,7.266
N-99.9487035-20.3760214,TH570905,1.46,0.0,1.46
N-99.9488920-20.3756489,TH570905,5.933,0.0,5.933
N-99.9538107-20.3761830,TH570905,11.963,0.0,11.963
N-99.9553085-20.3757253,TH570905,4.088,0.0,4.088
N-99.9557094-20.3758662,TH570905,3.387,0.0,3.387
N-99.9560165-20.3755255,TH570905,3.19,0.0,3.19
N-99.9561667-20.3752553,TH570905,3.175,0.0,3.175
N-99.9599477-20.3766108,TH570905,2.327,0.0,2.327
N-99.9599554-20.3765992,TH570905,2.222,0.0,2.222
N-99.9601435-20.3764565,TH570905,2.145,0.0,2.145
N-99.9611215-20.3761202,TH570905,2.405,0.0,2.405
N-99.9632129-20.3752809,TH570905,2.302,0.0,2.302
N-99.9654520-20.3756475,TH570905,5.352,0.0,5.352
N-99.9704473-20.3735441,TH570905,2.334,0.0,2.334
N-99.9726120-20.3732607,TH570905,4.237,0.0,4.237
N-99.9868511-20.3739275,TH570905,9.56,0.0,9.56
N-99.9945530-20.3739998,TH570905,13.519,0.0,13.519
N-99.9961759-20.3747763,TH570905,3.871,0.0,3.871
N-99.9974808-20.3749774,TH570905,5.519,0.0,5.519
N-99.9985081-20.3749787,TH570905,3.147,0.0,3.147
N-100.0009059-20.3753355,TH570905,4.613,0.0,4.613
N-100.0016905-20.3757581,TH570905,2.646,0.0,2.646
N-100.0018662-20.3752301,TH570905,12.901,0.0,12.901
N-99.9224353-20.3747777,TH570905,4.157,0.0,4.157
N-99.9232024-20.3747526,TH570905,4.291,0.0,4.291
N-99.9242913-20.3748733,TH570905,1.911,0.0,1.911
N-99.9249083-20.3749498,TH570905,1.82,0.0,1.82
N-99.9255560-20.3754382,TH570905,1.687,0.0,1.687
N-99.9381420-20.3741695,TH570905,16.555,0.0,16.555
N-99.9435064-20.3743505,TH570905,4.594,0.0,4.594
N-99.9487888-20.3758285,TH570905,0.879,0.0,0.879
N-99.9490985-20.3749354,TH570905,9.001,0.0,9.001
N-99.9549565-20.3744021,TH570905,15.551,0.0,15.551
N-99.9552153-20.3745154,TH570905,3.924,0.0,3.924
N-99.9557899-20.3748142,TH570905,3.262,0.0,3.262
N-99.9563465-20.3747838,TH570905,6.835,0.0,6.835
N-99.9583099-20.3738622,TH570905,13.815,0.0,13.815
N-99.9614895-20.3752091,TH570905,3.654,0.0,3.654
N-99.9615972-20.3751508,TH570905,2.548,0.0,2.548
N-99.9630917-20.3749713,TH570905,4.797,0.0,4.797
N-99.9631323-20.3750836,TH570905,1.197,0.0,1.197
N-99.9676686-20.3747716,TH570905,6.264,0.0,6.264
N-99.9685927-20.3743045,TH570905,5.143,0.0,5.143
N-99.9693356-20.3738374,TH570905,4.059,0.0,4.059
N-99.9711122-20.3733505,TH570905,0.758,0.0,0.758
N-99.9733093-20.3732795,TH570905,4.379,0.0,4.379
N-99.9741998-20.3733110,TH570905,5.466,0.0,5.466
N-99.9751198-20.3733361,TH570905,5.327,0.0,5.327
N-99.9759822-20.3733399,TH570905,0.712,0.0,0.712
N-99.9761136-20.3733273,TH570905,0.705,0.0,0.705
N-99.9764904-20.3732016,TH570905,12.683,0.0,12.683
N-99.9794148-20.3733056,TH570905,1.39,0.0,1.39
N-99.9829312-20.3750202,TH570905,2.127,0.0,2.127
N-99.9829580-20.3752112,TH570905,0.704,0.0,0.704
N-99.9871864-20.3736956,TH570905,2.307,0.0,2.307
N-99.9883809-20.3732749,TH570905,4.205,0.0,4.205
N-99.9898215-20.3729787,TH570905,2.701,0.0,2.701
N-99.9919981-20.3729742,TH570905,8.918,0.0,8.918
N-99.9966104-20.3750151,TH570905,2.996,0.0,2.996
N-99.9981728-20.3749686,TH570905,3.708,0.0,3.708
N-99.9990284-20.3751270,TH570905,3.9,0.0,3.9
N-100.0000377-20.3746136,TH570905,4.646,0.0,4.646
N-100.0008706-20.3747289,TH570905,4.187,0.0,4.187
N-100.0016816-20.3752650,TH570905,3.915,0.0,3.915
N-99.9245917-20.3743654,TH570905,1.959,0.0,1.959
N-99.9248975-20.3739128,TH570905,1.819,0.0,1.819
N-99.9257660-20.3733153,TH570905,8.128,0.0,8.128
N-99.9267399-20.3723279,TH570905,7.29,0.0,7.29
N-99.9294144-20.3718338,TH570905,8.891,0.0,8.891
N-99.9323273-20.3738583,TH570905,3.599,0.0,3.599
N-99.9437532-20.3737873,TH570905,13.513,0.0,13.513
N-99.9493767-20.3737371,TH570905,12.014,0.0,12.014
N-99.9549926-20.3742923,TH570905,13.968,0.0,13.968
N-99.9561419-20.3740866,TH570905,7.521,0.0,7.521
N-99.9576312-20.3735543,TH570905,3.554,0.0,3.554
N-99.9615389-20.3751553,TH570905,1.664,0.0,1.664
N-99.9697885-20.3736931,TH570905,2.913,0.0,2.913
N-99.9718811-20.3732393,TH570905,1.654,0.0,1.654
N-99.9758038-20.3733298,TH570905,2.449,0.0,2.449
N-99.9763295-20.3732607,TH570905,0.726,0.0,0.726
N-99.9793369-20.3732625,TH570905,9.026,0.0,9.026
N-99.9796997-20.3732376,TH570905,0.706,0.0,0.706
N-99.9808128-20.3730767,TH570905,3.307,0.0,3.307
N-99.9827944-20.3740634,TH570905,1.451,0.0,1.451
N-99.9828239-20.3742520,TH570905,1.476,0.0,1.476
N-99.9908806-20.3728844,TH570905,1.903,0.0,1.903
N-99.9960918-20.3746094,TH570905,2.937,0.0,2.937
N-99.9966745-20.3746616,TH570905,3.341,0.0,3.341
N-99.9981191-20.3745103,TH570905,7.97,0.0,7.97
N-99.9990665-20.3744731,TH570905,4.536,0.0,4.536
N-99.9999569-20.3741020,TH570905,4.542,0.0,4.542
N-100.0009059-20.3741085,TH570905,4.127,0.0,4.127
N-100.0016156-20.3747155,TH570905,7.042,0.0,7.042
N-100.0026789-20.3726654,TH570905,18.88,0.0,18.88
N-99.9235618-20.3724265,TH570905,9.147,0.0,9.147
N-99.9243611-20.3725548,TH570905,6.055,0.0,6.055
N-99.9250316-20.3736161,TH570905,1.959,0.0,1.959
N-99.9323542-20.3736967,TH570905,3.709,0.0,3.709
N-99.9328389-20.3718612,TH570905,7.647,0.0,7.647
N-99.9496505-20.3726466,TH570905,8.536,0.0,8.536
N-99.9555472-20.3726781,TH570905,12.44,0.0,12.44
N-99.9563025-20.3735102,TH570905,8.265,0.0,8.265
N-99.9576344-20.3733287,TH570905,4.057,0.0,4.057
N-99.9586711-20.3729203,TH570905,7.157,0.0,7.157
N-99.9587250-20.3728889,TH570905,3.057,0.0,3.057
N-99.9589269-20.3726510,TH570905,2.732,0.0,2.732
N-99.9623384-20.3727301,TH570905,11.967,0.0,11.967
N-99.9626564-20.3724940,TH570905,3.551,0.0,3.551
N-99.9629840-20.3721933,TH570905,5.945,0.0,5.945
N-99.9632981-20.3718881,TH570905,0.972,0.0,0.972
N-99.9710945-20.3732576,TH570905,0.854,0.0,0.854
N-99.9801916-20.3731364,TH570905,2.559,0.0,2.559
N-99.9817471-20.3730352,TH570905,1.598,0.0,1.598
N-99.9826549-20.3732475,TH570905,0.774,0.0,0.774
N-99.9827220-20.3735744,TH570905,1.531,0.0,1.531
N-99.9876128-20.3734045,TH570905,4.23,0.0,4.23
N-99.9897766-20.3729697,TH570905,0.869,0.0,0.869
N-99.9917288-20.3728799,TH570905,2.67,0.0,2.67
N-99.9945331-20.3728402,TH570905,18.484,0.0,18.484
N-99.9947007-20.3734713,TH570905,7.601,0.0,7.601
N-99.9968022-20.3725749,TH570905,13.056,0.0,13.056
N-99.9981241-20.3734409,TH570905,8.476,0.0,8.476
N-99.9990861-20.3733141,TH570905,4.872,0.0,4.872
N-99.9998948-20.3734359,TH570905,4.895,0.0,4.895
N-100.0009166-20.3735956,TH570905,4.656,0.0,4.656
N-100.0018266-20.3732659,TH570905,7.053,0.0,7.053
N-99.9249217-20.3726277,TH570905,2.142,0.0,2.142
N-99.9258202-20.3726304,TH570905,2.049,0.0,2.049
N-99.9295136-20.3716911,TH570905,0.849,0.0,0.849
N-99.9361628-20.3701311,TH570905,6.479,0.0,6.479
N-99.9497447-20.3721933,TH570905,1.575,0.0,1.575
N-99.9498165-20.3719509,TH570905,3.973,0.0,3.973
N-99.9540384-20.3706425,TH570905,2.26,0.0,2.26
N-99.9549686-20.3713226,TH570905,6.644,0.0,6.644
N-99.9557585-20.3727498,TH570905,3.926,0.0,3.926
N-99.9564649-20.3728503,TH570905,4.095,0.0,4.095
N-99.9574945-20.3721848,TH570905,3.741,0.0,3.741
N-99.9589539-20.3725478,TH570905,3.325,0.0,3.325
N-99.9592305-20.3720748,TH570905,3.18,0.0,3.18
N-99.9633924-20.3717894,TH570905,4.374,0.0,4.374
N-99.9637469-20.3714977,TH570905,7.17,0.0,7.17
N-99.9646161-20.3709307,TH570905,3.608,0.0,3.608
N-99.9652424-20.3706288,TH570905,7.658,0.0,7.658
N-99.9710083-20.3724536,TH570905,2.351,0.0,2.351
N-99.9710442-20.3723324,TH570905,1.145,0.0,1.145
N-99.9825288-20.3725598,TH570905,1.689,0.0,1.689
N-99.9825476-20.3727207,TH570905,0.851,0.0,0.851
N-99.9897587-20.3723324,TH570905,2.057,0.0,2.057
N-99.9908358-20.3728710,TH570905,2.584,0.0,2.584
N-99.9914820-20.3728350,TH570905,2.863,0.0,2.863
N-99.9975720-20.3725259,TH570905,4.934,0.0,4.934
N-99.9984048-20.3726151,TH570905,5.295,0.0,5.295
N-99.9989440-20.3728992,TH570905,5.35,0.0,5.35
N-99.9999132-20.3725499,TH570905,5.521,0.0,5.521
N-100.0009740-20.3724789,TH570905,4.963,0.0,4.963
N-100.0017964-20.3726401,TH570905,4.864,0.0,4.864
N-100.0024294-20.3726602,TH570905,4.084,0.0,4.084
N-99.9251760-20.3712643,TH570905,2.137,0.0,2.137
N-99.9263245-20.3717805,TH570905,2.047,0.0,2.047
N-99.9268790-20.3714079,TH570905,3.386,0.0,3.386
N-99.9295706-20.3715873,TH570905,1.122,0.0,1.122
N-99.9296471-20.3713610,TH570905,1.111,0.0,1.111
N-99.9351865-20.3700506,TH570905,2.243,0.0,2.243
N-99.9378687-20.3702367,TH570905,6.814,0.0,6.814
N-99.9405563-20.3689342,TH570905,11.766,0.0,11.766
N-99.9449012-20.3695831,TH570905,9.305,0.0,9.305
N-99.9476480-20.3698092,TH570905,4.282,0.0,4.282
N-99.9478572-20.3698695,TH570905,6.143,0.0,6.143
N-99.9498928-20.3716099,TH570905,4.447,0.0,4.447
N-99.9539579-20.3705457,TH570905,5.48,0.0,5.48
N-99.9541269-20.3707092,TH570905,2.853,0.0,2.853
N-99.9550584-20.3714348,TH570905,4.347,0.0,4.347
N-99.9560098-20.3713047,TH570905,3.926,0.0,3.926
N-99.9566818-20.3720152,TH570905,3.606,0.0,3.606
N-99.9574998-20.3720138,TH570905,4.273,0.0,4.273
N-99.9586250-20.3720155,TH570905,3.74,0.0,3.74
N-99.9593353-20.3718702,TH570905,10.034,0.0,10.034
N-99.9665377-20.3701076,TH570905,9.843,0.0,9.843
N-99.9673469-20.3697131,TH570905,11.134,0.0,11.134
N-99.9708378-20.3712149,TH570905,1.288,0.0,1.288
N-99.9708916-20.3713451,TH570905,1.302,0.0,1.302
N-99.9710666-20.3715515,TH570905,5.278,0.0,5.278
N-99.9824296-20.3715251,TH570905,0.888,0.0,0.888
N-99.9824564-20.3718143,TH570905,2.683,0.0,2.683
N-99.9855914-20.3698301,TH570905,10.396,0.0,10.396
N-99.9897228-20.3710219,TH570905,9.339,0.0,9.339
N-99.9967693-20.3719755,TH570905,9.403,0.0,9.403
N-99.9980413-20.3713527,TH570905,4.903,0.0,4.903
N-99.9983336-20.3717042,TH570905,5.049,0.0,5.049
N-99.9989857-20.3717041,TH570905,4.423,0.0,4.423
N-100.0000337-20.3717352,TH570905,4.787,0.0,4.787
N-100.0009810-20.3717349,TH570905,4.819,0.0,4.819
N-100.0015887-20.3721439,TH570905,4.322,0.0,4.322
N-100.0026654-20.3717047,TH570905,11.157,0.0,11.157
N-99.9241460-20.3698989,TH570905,3.189,0.0,3.189
N-99.9246776-20.3705156,TH570905,1.921,0.0,1.921
N-99.9251691-20.3708065,TH570905,2.1,0.0,2.1
N-99.9262976-20.3708653,TH570905,2.007,0.0,2.007
N-99.9268152-20.3708101,TH570905,1.802,0.0,1.802
N-99.9268386-20.3708694,TH570905,1.673,0.0,1.673
N-99.9285226-20.3702553,TH570905,1.433,0.0,1.433
N-99.9297631-20.3709424,TH570905,1.153,0.0,1.153
N-99.9298181-20.3707268,TH570905,1.145,0.0,1.145
N-99.9298576-20.3705853,TH570905,1.141,0.0,1.141
N-99.9317265-20.3697813,TH570905,0.9,0.0,0.9
N-99.9332877-20.3703981,TH570905,1.591,0.0,1.591
N-99.9341297-20.3700053,TH570905,1.565,0.0,1.565
N-99.9431795-20.3684765,TH570905,4.33,0.0,4.33
N-99.9501621-20.3706494,TH570905,5.748,0.0,5.748
N-99.9539338-20.3704816,TH570905,3.02,0.0,3.02
N-99.9541832-20.3707217,TH570905,3.442,0.0,3.442
N-99.9551212-20.3710354,TH570905,3.928,0.0,3.928
N-99.9557944-20.3705821,TH570905,4.081,0.0,4.081
N-99.9565530-20.3709457,TH570905,3.945,0.0,3.945
N-99.9578139-20.3708873,TH570905,4.386,0.0,4.386
N-99.9585385-20.3706146,TH570905,4.122,0.0,4.122
N-99.9591648-20.3705462,TH570905,3.907,0.0,3.907
N-99.9599143-20.3704789,TH570905,4.131,0.0,4.131
N-99.9610664-20.3701141,TH570905,7.835,0.0,7.835
N-99.9616017-20.3701917,TH570905,3.52,0.0,3.52
N-99.9619108-20.3701111,TH570905,3.339,0.0,3.339
N-99.9641104-20.3711745,TH570905,2.439,0.0,2.439
N-99.9707076-20.3704565,TH570905,3.098,0.0,3.098
N-99.9707704-20.3707392,TH570905,4.702,0.0,4.702
N-99.9710397-20.3714752,TH570905,1.546,0.0,1.546
N-99.9823451-20.3706589,TH570905,3.15,0.0,3.15
N-99.9823786-20.3709707,TH570905,1.894,0.0,1.894
N-99.9865814-20.3692172,TH570905,1.838,0.0,1.838
N-99.9957557-20.3698008,TH570905,50.995,0.0,50.995
N-99.9962984-20.3708185,TH570905,11.277,0.0,11.277
N-99.9978189-20.3707751,TH570905,9.257,0.0,9.257
N-99.9989589-20.3710074,TH570905,4.496,0.0,4.496
N-99.9997191-20.3712316,TH570905,4.406,0.0,4.406
N-100.0010079-20.3705633,TH570905,8.769,0.0,8.769
N-100.0030720-20.3699283,TH570905,13.561,0.0,13.561
N-99.9255817-20.3699433,TH570905,1.931,0.0,1.931
N-99.9258166-20.3698586,TH570905,2.088,0.0,2.088
N-99.9266839-20.3702216,TH570905,2.003,0.0,2.003
N-99.9272874-20.3702141,TH570905,1.888,0.0,1.888
N-99.9284032-20.3700215,TH570905,1.76,0.0,1.76
N-99.9288592-20.3694155,TH570905,1.665,0.0,1.665
N-99.9299606-20.3700318,TH570905,1.652,0.0,1.652
N-99.9307863-20.3697461,TH570905,1.638,0.0,1.638
N-99.9316849-20.3697750,TH570905,1.549,0.0,1.549
N-99.9318217-20.3697285,TH570905,0.815,0.0,0.815
N-99.9336630-20.3698846,TH570905,0.787,0.0,0.787
N-99.9493217-20.3697841,TH570905,2.716,0.0,2.716
N-99.9502563-20.3699808,TH570905,3.648,0.0,3.648
N-99.9512207-20.3690549,TH570905,8.009,0.0,8.009
N-99.9528944-20.3691477,TH570905,6.165,0.0,6.165
N-99.9539432-20.3703571,TH570905,3.291,0.0,3.291
N-99.9541569-20.3701484,TH570905,3.382,0.0,3.382
N-99.9545961-20.3697564,TH570905,3.95,0.0,3.95
N-99.9558931-20.3699500,TH570905,4.376,0.0,4.376
N-99.9566039-20.3697210,TH570905,4.116,0.0,4.116
N-99.9573685-20.3700853,TH570905,4.393,0.0,4.393
N-99.9583568-20.3700265,TH570905,4.12,0.0,4.12
N-99.9592815-20.3702949,TH570905,4.12,0.0,4.12
N-99.9601611-20.3698416,TH570905,4.57,0.0,4.57
N-99.9616979-20.3701737,TH570905,3.68,0.0,3.68
N-99.9622780-20.3698662,TH570905,3.656,0.0,3.656
N-99.9628823-20.3691163,TH570905,7.269,0.0,7.269
N-99.9645460-20.3704602,TH570905,3.361,0.0,3.361
N-99.9650905-20.3702038,TH570905,2.157,0.0,2.157
N-99.9679996-20.3693187,TH570905,5.238,0.0,5.238
N-99.9684041-20.3689293,TH570905,6.466,0.0,6.466
N-99.9706268-20.3697743,TH570905,6.932,0.0,6.932
N-99.9706672-20.3701827,TH570905,4.866,0.0,4.866
N-99.9748679-20.3670232,TH570905,21.671,0.0,21.671
N-99.9822727-20.3698341,TH570905,5.236,0.0,5.236
N-99.9822982-20.3701635,TH570905,2.34,0.0,2.34
N-99.9864039-20.3693135,TH570905,1.84,0.0,1.84
N-99.9891496-20.3694332,TH570905,1.959,0.0,1.959
N-99.9897138-20.3695140,TH570905,9.729,0.0,9.729
N-99.9966502-20.3700470,TH570905,5.743,0.0,5.743
N-99.9972470-20.3700017,TH570905,5.777,0.0,5.777
N-99.9990133-20.3699783,TH570905,7.654,0.0,7.654
N-100.0000180-20.3700436,TH570905,4.192,0.0,4.192
N-100.0010133-20.3700383,TH570905,4.382,0.0,4.382
N-100.0019704-20.3700371,TH570905,4.112,0.0,4.112
N-100.0026973-20.3699562,TH570905,8.719,0.0,8.719
N-100.0051851-20.3696230,TH570905,23.188,0.0,23.188
N-99.9228175-20.3687604,TH570905,1.116,0.0,1.116
N-99.9241546-20.3697470,TH570905,1.415,0.0,1.415
N-99.9257027-20.3691355,TH570905,3.723,0.0,3.723
N-99.9261744-20.3688992,TH570905,1.923,0.0,1.923
N-99.9278909-20.3694873,TH570905,2.091,0.0,2.091
N-99.9284834-20.3691810,TH570905,3.944,0.0,3.944
N-99.9291140-20.3688839,TH570905,1.745,0.0,1.745
N-99.9298925-20.3691496,TH570905,1.681,0.0,1.681
N-99.9309996-20.3691691,TH570905,1.733,0.0,1.733
N-99.9318069-20.3691554,TH570905,1.566,0.0,1.566
N-99.9320030-20.3691878,TH570905,1.826,0.0,1.826
N-99.9335658-20.3691992,TH570905,0.798,0.0,0.798
N-99.9345830-20.3692281,TH570905,3.048,0.0,3.048
N-99.9378580-20.3693616,TH570905,6.356,0.0,6.356
N-99.9461567-20.3688285,TH570905,3.407,0.0,3.407
N-99.9501908-20.3692560,TH570905,5.381,0.0,5.381
N-99.9532901-20.3689138,TH570905,3.281,0.0,3.281
N-99.9540396-20.3691146,TH570905,3.381,0.0,3.381
N-99.9550724-20.3692711,TH570905,4.091,0.0,4.091
N-99.9555015-20.3696734,TH570905,4.365,0.0,4.365
N-99.9567944-20.3695073,TH570905,4.135,0.0,4.135
N-99.9575078-20.3692759,TH570905,4.116,0.0,4.116
N-99.9583263-20.3691743,TH570905,3.899,0.0,3.899
N-99.9592558-20.3696276,TH570905,3.914,0.0,3.914
N-99.9602043-20.3690456,TH570905,7.994,0.0,7.994
N-99.9607097-20.3690105,TH570905,3.902,0.0,3.902
N-99.9615146-20.3687941,TH570905,6.824,0.0,6.824
N-99.9631614-20.3688502,TH570905,4.271,0.0,4.271
N-99.9637746-20.3684842,TH570905,3.75,0.0,3.75
N-99.9649931-20.3682690,TH570905,6.583,0.0,6.583
N-99.9654709-20.3681723,TH570905,9.263,0.0,9.263
N-99.9704383-20.3684998,TH570905,12.824,0.0,12.824
N-99.9731119-20.3670203,TH570905,4.421,0.0,4.421
N-99.9764177-20.3664533,TH570905,14.575,0.0,14.575
N-99.9782428-20.3660269,TH570905,10.64,0.0,10.64
N-99.9821708-20.3687806,TH570905,1.357,0.0,1.357
N-99.9822016-20.3691439,TH570905,6.731,0.0,6.731
N-99.9866141-20.3691449,TH570905,1.831,0.0,1.831
N-99.9891483-20.3693973,TH570905,1.972,0.0,1.972
N-99.9896824-20.3694602,TH570905,1.486,0.0,1.486
N-99.9909894-20.3671986,TH570905,13.793,0.0,13.793
N-99.9988878-20.3688023,TH570905,3.096,0.0,3.096
N-99.9991855-20.3687969,TH570905,3.756,0.0,3.756
N-100.0001757-20.3691548,TH570905,4.092,0.0,4.092
N-100.0004414-20.3688797,TH570905,4.19,0.0,4.19
N-100.0019916-20.3699295,TH570905,3.556,0.0,3.556
N-99.9237643-20.3679332,TH570905,1.061,0.0,1.061
N-99.9257310-20.3688535,TH570905,1.614,0.0,1.614
N-99.9261315-20.3680334,TH570905,6.983,0.0,6.983
N-99.9280424-20.3693968,TH570905,2.026,0.0,2.026
N-99.9294948-20.3685721,TH570905,1.721,0.0,1.721
N-99.9298761-20.3683816,TH570905,1.613,0.0,1.613
N-99.9303531-20.3681195,TH570905,1.597,0.0,1.597
N-99.9312973-20.3688537,TH570905,1.568,0.0,1.568
N-99.9337334-20.3685090,TH570905,0.781,0.0,0.781
N-99.9338132-20.3681589,TH570905,0.794,0.0,0.794
N-99.9443543-20.3681245,TH570905,1.516,0.0,1.516
N-99.9451801-20.3686679,TH570905,0.795,0.0,0.795
N-99.9454432-20.3682150,TH570905,0.821,0.0,0.821
N-99.9522999-20.3687963,TH570905,2.051,0.0,2.051
N-99.9523387-20.3687870,TH570905,2.811,0.0,2.811
N-99.9533075-20.3685469,TH570905,3.129,0.0,3.129
N-99.9544929-20.3687017,TH570905,3.151,0.0,3.151
N-99.9547505-20.3681345,TH570905,3.379,0.0,3.379
N-99.9566093-20.3685178,TH570905,7.62,0.0,7.62
N-99.9575297-20.3682447,TH570905,3.669,0.0,3.669
N-99.9583195-20.3687730,TH570905,6.982,0.0,6.982
N-99.9610404-20.3689462,TH570905,3.67,0.0,3.67
N-99.9618172-20.3686566,TH570905,7.331,0.0,7.331
N-99.9627750-20.3682355,TH570905,11.619,0.0,11.619
N-99.9634556-20.3686430,TH570905,4.335,0.0,4.335
N-99.9640705-20.3683756,TH570905,4.074,0.0,4.074
N-99.9671794-20.3682104,TH570905,3.72,0.0,3.72
N-99.9676693-20.3681228,TH570905,4.173,0.0,4.173
N-99.9681720-20.3680151,TH570905,3.657,0.0,3.657
N-99.9683933-20.3688231,TH570905,3.301,0.0,3.301
N-99.9728095-20.3670146,TH570905,3.411,0.0,3.411
N-99.9804087-20.3664022,TH570905,1.652,0.0,1.652
N-99.9819334-20.3677848,TH570905,4.994,0.0,4.994
N-99.9820957-20.3682412,TH570905,1.598,0.0,1.598
N-99.9821305-20.3683940,TH570905,1.543,0.0,1.543
N-99.9821399-20.3684556,TH570905,1.538,0.0,1.538
N-99.9848531-20.3666259,TH570905,5.961,0.0,5.961
N-99.9865837-20.3685430,TH570905,3.306,0.0,3.306
N-99.9873453-20.3675196,TH570905,1.068,0.0,1.068
N-99.9891034-20.3681677,TH570905,3.795,0.0,3.795
N-99.9960848-20.3699358,TH570905,2.684,0.0,2.684
N-99.9987635-20.3682509,TH570905,16.062,0.0,16.062
N-99.9999753-20.3687064,TH570905,3.558,0.0,3.558
N-100.0004739-20.3684550,TH570905,6.479,0.0,6.479
N-99.9239507-20.3672970,TH570905,1.057,0.0,1.057
N-99.9243182-20.3670430,TH570905,1.061,0.0,1.061
N-99.9261047-20.3669824,TH570905,3.231,0.0,3.231
N-99.9293842-20.3672876,TH570905,1.696,0.0,1.696
N-99.9294291-20.3674504,TH570905,1.642,0.0,1.642
N-99.9299441-20.3674416,TH570905,1.588,0.0,1.588
N-99.9307072-20.3677825,TH570905,1.665,0.0,1.665
N-99.9319585-20.3669389,TH570905,6.18,0.0,6.18
N-99.9338977-20.3677905,TH570905,0.786,0.0,0.786
N-99.9340231-20.3672612,TH570905,0.78,0.0,0.78
N-99.9342913-20.3672109,TH570905,1.496,0.0,1.496
N-99.9431969-20.3676695,TH570905,2.134,0.0,2.134
N-99.9449390-20.3679334,TH570905,1.599,0.0,1.599
N-99.9459526-20.3675816,TH570905,2.51,0.0,2.51
N-99.9469718-20.3664249,TH570905,11.394,0.0,11.394
N-99.9504134-20.3692178,TH570905,1.077,0.0,1.077
N-99.9521542-20.3675384,TH570905,2.309,0.0,2.309
N-99.9525699-20.3673724,TH570905,7.676,0.0,7.676
N-99.9549004-20.3676017,TH570905,8.881,0.0,8.881
N-99.9574325-20.3671669,TH570905,7.337,0.0,7.337
N-99.9583773-20.3675104,TH570905,3.327,0.0,3.327
N-99.9585919-20.3672690,TH570905,3.329,0.0,3.329
N-99.9586397-20.3671399,TH570905,3.326,0.0,3.326
N-99.9638451-20.3677704,TH570905,15.223,0.0,15.223
N-99.9648309-20.3673200,TH570905,7.069,0.0,7.069
N-99.9666965-20.3675442,TH570905,4.119,0.0,4.119
N-99.9674875-20.3672399,TH570905,4.337,0.0,4.337
N-99.9681720-20.3679702,TH570905,4.217,0.0,4.217
N-99.9699525-20.3668571,TH570905,10.687,0.0,10.687
N-99.9703531-20.3676471,TH570905,4.034,0.0,4.034
N-99.9705276-20.3674839,TH570905,4.214,0.0,4.214
N-99.9724207-20.3669839,TH570905,16.115,0.0,16.115
N-99.9733712-20.3669925,TH570905,3.495,0.0,3.495
N-99.9736984-20.3669134,TH570905,6.476,0.0,6.476
N-99.9787813-20.3660269,TH570905,5.135,0.0,5.135
N-99.9806433-20.3665112,TH570905,2.651,0.0,2.651
N-99.9817751-20.3673259,TH570905,5.101,0.0,5.101
N-99.9833789-20.3661788,TH570905,4.704,0.0,4.704
N-99.9862535-20.3673232,TH570905,1.065,0.0,1.065
N-99.9865603-20.3674392,TH570905,1.06,0.0,1.06
N-99.9876294-20.3674800,TH570905,2.131,0.0,2.131
N-99.9887395-20.3672280,TH570905,1.097,0.0,1.097
N-99.9890649-20.3674529,TH570905,1.106,0.0,1.106
N-99.9900721-20.3669800,TH570905,2.579,0.0,2.579
N-99.9912460-20.3667702,TH570905,1.822,0.0,1.822
N-99.9913131-20.3666313,TH570905,3.634,0.0,3.634
N-100.0005390-20.3677220,TH570905,9.591,0.0,9.591
N-100.0005900-20.3670580,TH570905,2.136,0.0,2.136
N-99.9260081-20.3667561,TH570905,2.097,0.0,2.097
N-99.9293835-20.3667998,TH570905,1.084,0.0,1.084
N-99.9293970-20.3667727,TH570905,2.131,0.0,2.131
N-99.9299414-20.3668073,TH570905,2.392,0.0,2.392
N-99.9304873-20.3670858,TH570905,1.59,0.0,1.59
N-99.9340875-20.3669689,TH570905,0.778,0.0,0.778
N-99.9341847-20.3665483,TH570905,1.531,0.0,1.531
N-99.9342799-20.3661875,TH570905,1.519,0.0,1.519
N-99.9376219-20.3648003,TH570905,9.65,0.0,9.65
N-99.9426886-20.3654111,TH570905,1.392,0.0,1.392
N-99.9431655-20.3668392,TH570905,2.939,0.0,2.939
N-99.9521622-20.3675107,TH570905,2.293,0.0,2.293
N-99.9521837-20.3674881,TH570905,1.095,0.0,1.095
N-99.9539563-20.3659824,TH570905,4.339,0.0,4.339
N-99.9544606-20.3661131,TH570905,7.862,2.848,5.015
N-99.9549434-20.3667468,TH570905,6.229,0.0,6.229
N-99.9574549-20.3670861,TH570905,4.288,0.0,4.288
N-99.9577062-20.3668123,TH570905,3.94,0.0,3.94
N-99.9580952-20.3663817,TH570905,7.155,0.0,7.155
N-99.9588721-20.3665485,TH570905,3.363,0.0,3.363
N-99.9592514-20.3659816,TH570905,3.266,0.0,3.266
N-99.9597781-20.3653961,TH570905,6.976,0.0,6.976
N-99.9609277-20.3649635,TH570905,20.031,0.0,20.031
N-99.9651928-20.3670393,TH570905,6.654,0.0,6.654
N-99.9654860-20.3667848,TH570905,3.769,0.0,3.769
N-99.9667132-20.3666181,TH570905,3.928,0.0,3.928
N-99.9676962-20.3663680,TH570905,4.288,0.0,4.288
N-99.9679302-20.3671493,TH570905,3.711,0.0,3.711
N-99.9707558-20.3668050,TH570905,4.101,0.0,4.101
N-99.9732522-20.3664578,TH570905,3.673,0.0,3.673
N-99.9747422-20.3665520,TH570905,3.311,0.0,3.311
N-99.9755163-20.3662781,TH570905,3.213,0.0,3.213
N-99.9801631-20.3662611,TH570905,2.968,0.0,2.968
N-99.9809570-20.3665961,TH570905,2.975,0.0,2.975
N-99.9816312-20.3665851,TH570905,2.594,0.0,2.594
N-99.9822774-20.3663994,TH570905,2.027,0.0,2.027
N-99.9844768-20.3664394,TH570905,1.545,0.0,1.545
N-99.9864350-20.3669506,TH570905,2.129,0.0,2.129
N-99.9887482-20.3665936,TH570905,2.201,0.0,2.201
N-99.9907770-20.3669631,TH570905,1.61,0.0,1.61
N-99.9913922-20.3664353,TH570905,13.635,0.0,13.635
N-99.9965286-20.3648856,TH570905,17.329,0.0,17.329
N-99.9968477-20.3650290,TH570905,7.147,0.0,7.147
N-99.9976632-20.3655620,TH570905,4.701,0.0,4.701
N-99.9980172-20.3657430,TH570905,4.648,0.0,4.648
N-99.9986288-20.3658713,TH570905,4.514,0.0,4.514
N-99.9995166-20.3659593,TH570905,4.696,0.0,4.696
N-100.0006320-20.3665540,TH570905,11.195,0.0,11.195
N-99.9256460-20.3662557,TH570905,1.033,0.0,1.033
N-99.9294144-20.3667639,TH570905,2.122,0.0,2.122
N-99.9298771-20.3667897,TH570905,1.075,0.0,1.075
N-99.9299508-20.3668142,TH570905,1.073,0.0,1.073
N-99.9344046-20.3656211,TH570905,2.237,0.0,2.237
N-99.9426752-20.3653834,TH570905,1.371,0.0,1.371
N-99.9427128-20.3654237,TH570905,0.735,0.0,0.735
N-99.9432642-20.3658654,TH570905,0.768,0.0,0.768
N-99.9432732-20.3657397,TH570905,0.794,0.0,0.794
N-99.9433405-20.3654839,TH570905,0.827,0.0,0.827
N-99.9482378-20.3647251,TH570905,11.932,0.0,11.932
N-99.9515040-20.3642093,TH570905,9.678,0.0,9.678
N-99.9537417-20.3657510,TH570905,4.137,0.0,4.137
N-99.9547717-20.3664048,TH570905,3.775,0.0,3.775
N-99.9573121-20.3656621,TH570905,4.588,0.0,4.588
N-99.9573573-20.3658635,TH570905,4.172,0.0,4.172
N-99.9592860-20.3659417,TH570905,3.343,0.0,3.343
N-99.9659602-20.3663198,TH570905,9.946,0.0,9.946
N-99.9666481-20.3656245,TH570905,3.694,0.0,3.694
N-99.9674045-20.3656993,TH570905,3.711,0.0,3.711
N-99.9681450-20.3652999,TH570905,6.777,0.0,6.777
N-99.9691369-20.3654749,TH570905,10.43,0.0,10.43
N-99.9703033-20.3658977,TH570905,3.465,0.0,3.465
N-99.9705729-20.3657669,TH570905,3.501,0.0,3.501
N-99.9714481-20.3658474,TH570905,8.274,0.0,8.274
N-99.9727855-20.3660539,TH570905,3.587,0.0,3.587
N-99.9731887-20.3660928,TH570905,3.485,0.0,3.485
N-99.9740608-20.3659334,TH570905,6.925,0.0,6.925
N-99.9751675-20.3664016,TH570905,3.605,0.0,3.605
N-99.9758916-20.3661130,TH570905,3.501,0.0,3.501
N-99.9767517-20.3656825,TH570905,3.351,0.0,3.351
N-99.9770286-20.3655704,TH570905,2.783,0.0,2.783
N-99.9781710-20.3658070,TH570905,2.968,0.0,2.968
N-99.9792816-20.3654820,TH570905,2.716,0.0,2.716
N-99.9798859-20.3660259,TH570905,2.714,0.0,2.714
N-99.9809571-20.3656173,TH570905,2.656,0.0,2.656
N-99.9816973-20.3656802,TH570905,2.384,0.0,2.384
N-99.9825035-20.3659301,TH570905,1.626,0.0,1.626
N-99.9844332-20.3657543,TH570905,1.542,0.0,1.542
N-99.9849842-20.3658507,TH570905,1.475,0.0,1.475
N-99.9865812-20.3661661,TH570905,2.159,0.0,2.159
N-99.9880098-20.3654283,TH570905,2.213,0.0,2.213
N-99.9888937-20.3654513,TH570905,3.733,0.0,3.733
N-99.9982345-20.3658034,TH570905,2.257,0.0,2.257
N-100.0001442-20.3660297,TH570905,2.11,0.0,2.11
N-100.0007550-20.3655000,TH570905,9.924,0.0,9.924
N-99.9254395-20.3659062,TH570905,1.032,0.0,1.032
N-99.9298040-20.3667815,TH570905,0.913,0.0,0.913
N-99.9344831-20.3652992,TH570905,1.535,0.0,1.535
N-99.9345709-20.3649088,TH570905,2.217,0.0,2.217
N-99.9427208-20.3648378,TH570905,1.467,0.0,1.467
N-99.9434841-20.3650082,TH570905,0.774,0.0,0.774
N-99.9434976-20.3649050,TH570905,1.638,0.0,1.638
N-99.9488065-20.3641417,TH570905,16.223,0.0,16.223
N-99.9533252-20.3643833,TH570905,2.04,0.0,2.04
N-99.9536988-20.3651878,TH570905,4.337,0.0,4.337
N-99.9573460-20.3655004,TH570905,8.086,0.0,8.086
N-99.9575298-20.3652009,TH570905,4.15,0.0,4.15
N-99.9582186-20.3649107,TH570905,3.565,0.0,3.565
N-99.9594206-20.3650576,TH570905,3.379,0.0,3.379
N-99.9600775-20.3650663,TH570905,3.25,0.0,3.25
N-99.9613408-20.3643326,TH570905,3.161,0.0,3.161
N-99.9615204-20.3640583,TH570905,11.056,0.0,11.056
N-99.9665833-20.3654659,TH570905,9.924,0.0,9.924
N-99.9672609-20.3650037,TH570905,3.316,0.0,3.316
N-99.9704608-20.3656724,TH570905,4.662,0.0,4.662
N-99.9705851-20.3656944,TH570905,4.852,0.0,4.852
N-99.9731076-20.3654488,TH570905,14.569,0.0,14.569
N-99.9753619-20.3650504,TH570905,5.793,0.0,5.793
N-99.9759495-20.3646357,TH570905,3.4,0.0,3.4
N-99.9768732-20.3651165,TH570905,6.348,0.0,6.348
N-99.9785469-20.3648650,TH570905,2.805,0.0,2.805
N-99.9790309-20.3653599,TH570905,2.634,0.0,2.634
N-99.9798493-20.3649132,TH570905,2.389,0.0,2.389
N-99.9806312-20.3654161,TH570905,2.125,0.0,2.125
N-99.9820273-20.3654928,TH570905,1.62,0.0,1.62
N-99.9825785-20.3650364,TH570905,1.578,0.0,1.578
N-99.9834006-20.3649182,TH570905,1.554,0.0,1.554
N-99.9839263-20.3652363,TH570905,1.463,0.0,1.463
N-99.9848877-20.3654283,TH570905,2.321,0.0,2.321
N-99.9867608-20.3649804,TH570905,3.263,0.0,3.263
N-99.9874025-20.3650250,TH570905,1.103,0.0,1.103
N-99.9881038-20.3653734,TH570905,1.116,0.0,1.116
N-99.9888709-20.3654224,TH570905,1.172,0.0,1.172
N-99.9922348-20.3639624,TH570905,20.027,0.0,20.027
N-99.9974459-20.3652979,TH570905,2.128,0.0,2.128
N-100.0007910-20.3650330,TH570905,11.592,0.0,11.592
N-99.9346702-20.3644788,TH570905,0.713,0.0,0.713
N-99.9347983-20.3639357,TH570905,0.726,0.0,0.726
N-99.9349578-20.3636855,TH570905,0.711,0.0,0.711
N-99.9376702-20.3644181,TH570905,1.376,0.0,1.376
N-99.9378955-20.3637944,TH570905,6.64,0.0,6.64
N-99.9428295-20.3640067,TH570905,4.297,0.0,4.297
N-99.9434638-20.3641765,TH570905,3.655,0.0,3.655
N-99.9531409-20.3637193,TH570905,1.463,0.0,1.463
N-99.9533984-20.3640009,TH570905,2.957,0.0,2.957
N-99.9535272-20.3643932,TH570905,3.075,0.0,3.075
N-99.9577679-20.3646679,TH570905,2.473,0.0,2.473
N-99.9577898-20.3645991,TH570905,2.828,0.0,2.828
N-99.9578485-20.3645297,TH570905,2.578,0.0,2.578
N-99.9580967-20.3645863,TH570905,2.39,0.0,2.39
N-99.9590327-20.3637062,TH570905,2.265,0.0,2.265
N-99.9598261-20.3640254,TH570905,2.215,0.0,2.215
N-99.9607427-20.3642717,TH570905,1.738,0.0,1.738
N-99.9668929-20.3643036,TH570905,7.51,0.0,7.51
N-99.9677052-20.3639849,TH570905,5.189,0.0,5.189
N-99.9758990-20.3639911,TH570905,9.789,0.0,9.789
N-99.9768241-20.3640502,TH570905,2.713,0.0,2.713
N-99.9772487-20.3643219,TH570905,2.386,0.0,2.386
N-99.9785525-20.3640595,TH570905,4.563,0.0,4.563
N-99.9789333-20.3643060,TH570905,3.881,0.0,3.881
N-99.9793866-20.3645964,TH570905,3.789,0.0,3.789
N-99.9801886-20.3651282,TH570905,1.592,0.0,1.592
N-99.9827355-20.3642706,TH570905,2.775,0.0,2.775
N-99.9832032-20.3646337,TH570905,1.37,0.0,1.37
N-99.9837611-20.3647846,TH570905,2.392,0.0,2.392
N-99.9871799-20.3640213,TH570905,1.021,0.0,1.021
N-99.9875327-20.3640747,TH570905,2.047,0.0,2.047
N-99.9888360-20.3654036,TH570905,1.045,0.0,1.045
N-99.9902214-20.3627758,TH570905,3.53,0.0,3.53
N-99.9970798-20.3643688,TH570905,1.245,0.0,1.245
N-99.9973065-20.3637791,TH570905,2.72,0.0,2.72
N-100.0008910-20.3633770,TH570905,10.746,0.0,10.746
N-99.9348606-20.3637169,TH570905,0.71,0.0,0.71
N-99.9351697-20.3633548,TH570905,0.709,0.0,0.709
N-99.9352945-20.3631687,TH570905,0.696,0.0,0.696
N-99.9428630-20.3639791,TH570905,2.211,0.0,2.211
N-99.9434155-20.3639200,TH570905,14.637,0.0,14.637
N-99.9434611-20.3639929,TH570905,2.315,0.0,2.315
N-99.9505864-20.3631052,TH570905,2.235,0.0,2.235
N-99.9509645-20.3631195,TH570905,2.231,0.0,2.231
N-99.9512975-20.3632041,TH570905,2.089,0.0,2.089
N-99.9530658-20.3633974,TH570905,3.301,0.0,3.301
N-99.9552424-20.3621629,TH570905,1.511,0.0,1.511
N-99.9552648-20.3621539,TH570905,3.13,0.0,3.13
N-99.9583085-20.3633818,TH570905,3.374,0.0,3.374
N-99.9583132-20.3632982,TH570905,3.204,0.0,3.204
N-99.9595283-20.3635137,TH570905,4.785,0.0,4.785
N-99.9609040-20.3640493,TH570905,1.741,0.0,1.741
N-99.9615742-20.3631250,TH570905,3.528,0.0,3.528
N-99.9619336-20.3626473,TH570905,5.453,0.0,5.453
N-99.9623519-20.3622983,TH570905,3.618,0.0,3.618
N-99.9630065-20.3617521,TH570905,5.349,0.0,5.349
N-99.9660627-20.3623648,TH570905,3.681,0.0,3.681
N-99.9661883-20.3624725,TH570905,1.624,0.0,1.624
N-99.9667942-20.3627373,TH570905,3.21,0.0,3.21
N-99.9675347-20.3633477,TH570905,4.462,0.0,4.462
N-99.9676693-20.3635496,TH570905,1.665,0.0,1.665
N-99.9677142-20.3636573,TH570905,2.847,0.0,2.847
N-99.9770464-20.3638408,TH570905,1.684,0.0,1.684
N-99.9775627-20.3636861,TH570905,3.883,0.0,3.883
N-99.9780630-20.3637716,TH570905,4.637,0.0,4.637
N-99.9826132-20.3635876,TH570905,5.412,0.0,5.412
N-99.9826711-20.3628825,TH570905,13.731,0.0,13.731
N-99.9871763-20.3637563,TH570905,3.669,0.0,3.669
N-99.9876128-20.3635776,TH570905,1.414,0.0,1.414
N-99.9884498-20.3627105,TH570905,2.889,0.0,2.889
N-99.9892518-20.3628010,TH570905,1.445,0.0,1.445
N-99.9909389-20.3627683,TH570905,5.53,0.0,5.53
N-99.9971656-20.3634686,TH570905,2.511,0.0,2.511
N-99.9971844-20.3633278,TH570905,5.305,0.0,5.305
N-99.9973091-20.3636974,TH570905,1.635,0.0,1.635
N-100.0005810-20.3624163,TH570905,9.372,0.0,9.372
N-99.9355526-20.3625294,TH570905,1.374,0.0,1.374
N-99.9356351-20.3622911,TH570905,0.672,0.0,0.672
N-99.9389145-20.3608929,TH570905,5.517,0.0,5.517
N-99.9429247-20.3639527,TH570905,1.492,0.0,1.492
N-99.9500188-20.3626833,TH570905,16.936,0.0,16.936
N-99.9509924-20.3625937,TH570905,4.192,0.0,4.192
N-99.9532589-20.3624720,TH570905,4.28,0.0,4.28
N-99.9541832-20.3619699,TH570905,3.781,0.0,3.781
N-99.9549641-20.3621180,TH570905,1.537,0.0,1.537
N-99.9562432-20.3614269,TH570905,1.599,0.0,1.599
N-99.9587025-20.3622571,TH570905,4.758,0.0,4.758
N-99.9659505-20.3622347,TH570905,1.98,0.0,1.98
N-99.9672654-20.3630425,TH570905,1.519,0.0,1.519
N-99.9698863-20.3606190,TH570905,4.453,0.0,4.453
N-99.9705730-20.3606280,TH570905,3.796,0.0,3.796
N-99.9706179-20.3605921,TH570905,7.399,0.0,7.399
N-99.9757751-20.3614981,TH570905,29.987,0.0,29.987
N-99.9779141-20.3637238,TH570905,3.116,0.0,3.116
N-99.9782225-20.3638483,TH570905,1.578,0.0,1.578
N-99.9877795-20.3626160,TH570905,2.859,0.0,2.859
N-99.9890429-20.3627852,TH570905,1.436,0.0,1.436
N-99.9975076-20.3625043,TH570905,3.353,0.0,3.353
N-99.9976798-20.3620365,TH570905,1.889,0.0,1.889
N-99.9357578-20.3618354,TH570905,0.677,0.0,0.677
N-99.9358316-20.3616160,TH570905,0.658,0.0,0.658
N-99.9358959-20.3614123,TH570905,0.654,0.0,0.654
N-99.9359449-20.3612419,TH570905,0.641,0.0,0.641
N-99.9391291-20.3605810,TH570905,1.362,0.0,1.362
N-99.9505591-20.3619508,TH570905,6.129,0.0,6.129
N-99.9508128-20.3616070,TH570905,5.401,0.0,5.401
N-99.9514889-20.3618532,TH570905,2.055,0.0,2.055
N-99.9525243-20.3615263,TH570905,2.321,0.0,2.321
N-99.9534024-20.3618173,TH570905,2.255,0.0,2.255
N-99.9554039-20.3616602,TH570905,4.631,0.0,4.631
N-99.9563015-20.3614044,TH570905,2.381,0.0,2.381
N-99.9584961-20.3613685,TH570905,6.539,0.0,6.539
N-99.9623787-20.3614632,TH570905,4.546,0.0,4.546
N-99.9632855-20.3614604,TH570905,5.138,0.0,5.138
N-99.9653850-20.3612743,TH570905,2.708,0.0,2.708
N-99.9656408-20.3617410,TH570905,1.986,0.0,1.986
N-99.9668346-20.3611262,TH570905,3.082,0.0,3.082
N-99.9686207-20.3606101,TH570905,3.744,0.0,3.744
N-99.9692580-20.3606101,TH570905,4.206,0.0,4.206
N-99.9879883-20.3615055,TH570905,7.569,0.0,7.569
N-99.9891552-20.3619862,TH570905,1.463,0.0,1.463
N-99.9903461-20.3613727,TH570905,4.009,0.0,4.009
N-99.9960128-20.3603907,TH570905,6.281,0.0,6.281
N-99.9964420-20.3607503,TH570905,1.677,0.0,1.677
N-99.9965667-20.3608195,TH570905,3.491,0.0,3.491
N-99.9978206-20.3616367,TH570905,3.697,0.0,3.697
N-99.9358108-20.3608622,TH570905,0.617,0.0,0.617
N-99.9360006-20.3610018,TH570905,0.631,0.0,0.631
N-99.9392363-20.3602994,TH570905,1.4,0.0,1.4
N-99.9392745-20.3601523,TH570905,1.294,0.0,1.294
N-99.9513492-20.3607621,TH570905,9.238,0.0,9.238
N-99.9529802-20.3613251,TH570905,2.642,0.0,2.642
N-99.9535043-20.3610650,TH570905,2.671,0.0,2.671
N-99.9542731-20.3608473,TH570905,2.458,0.0,2.458
N-99.9550943-20.3607133,TH570905,2.533,0.0,2.533
N-99.9555924-20.3608569,TH570905,5.65,0.0,5.65
N-99.9564227-20.3610274,TH570905,2.509,0.0,2.509
N-99.9583121-20.3605786,TH570905,9.021,0.0,9.021
N-99.9584153-20.3611172,TH570905,1.603,0.0,1.603
N-99.9624002-20.3608170,TH570905,18.538,0.0,18.538
N-99.9634658-20.3609544,TH570905,5.74,0.0,5.74
N-99.9651830-20.3605607,TH570905,2.814,0.0,2.814
N-99.9654927-20.3605383,TH570905,2.405,0.0,2.405
N-99.9668525-20.3606774,TH570905,1.953,0.0,1.953
N-99.9679790-20.3605831,TH570905,4.667,0.0,4.667
N-99.9824440-20.3592841,TH570905,5.515,0.0,5.515
N-99.9825513-20.3593646,TH570905,1.758,0.0,1.758
N-99.9832354-20.3596648,TH570905,7.302,0.0,7.302
N-99.9876334-20.3597862,TH570905,6.578,0.0,6.578
N-99.9893054-20.3610357,TH570905,1.406,0.0,1.406
N-99.9904239-20.3604284,TH570905,4.748,0.0,4.748
N-99.9934124-20.3586632,TH570905,3.201,0.0,3.201
N-99.9957245-20.3598853,TH570905,4.567,0.0,4.567
N-99.9972855-20.3609100,TH570905,1.881,0.0,1.881
N-99.9359684-20.3609597,TH570905,0.554,0.0,0.554
N-99.9392969-20.3600177,TH570905,1.181,0.0,1.181
N-99.9395034-20.3594342,TH570905,1.317,0.0,1.317
N-99.9402304-20.3581687,TH570905,1.285,0.0,1.285
N-99.9404099-20.3579891,TH570905,2.725,0.0,2.725
N-99.9464585-20.3555583,TH570905,9.046,0.0,9.046
N-99.9516603-20.3604201,TH570905,7.941,0.0,7.941
N-99.9520895-20.3601385,TH570905,9.784,0.0,9.784
N-99.9537098-20.3609630,TH570905,2.737,0.0,2.737
N-99.9547290-20.3600779,TH570905,5.278,0.0,5.278
N-99.9563823-20.3610095,TH570905,2.668,0.0,2.668
N-99.9635590-20.3600019,TH570905,2.82,0.0,2.82
N-99.9639982-20.3597619,TH570905,2.476,0.0,2.476
N-99.9649766-20.3599907,TH570905,4.535,0.0,4.535
N-99.9654837-20.3599459,TH570905,5.525,0.0,5.525
N-99.9668929-20.3606011,TH570905,1.49,0.0,1.49
N-99.9706493-20.3598426,TH570905,5.974,0.0,5.974
N-99.9883136-20.3596721,TH570905,0.956,0.0,0.956
N-99.9894744-20.3599519,TH570905,1.952,0.0,1.952
N-99.9904789-20.3597168,TH570905,2.065,0.0,2.065
N-99.9929229-20.3585261,TH570905,2.061,0.0,2.061
N-99.9941138-20.3585664,TH570905,3.081,0.0,3.081
N-99.9395483-20.3590124,TH570905,0.582,0.0,0.582
N-99.9396919-20.3588149,TH570905,0.637,0.0,0.637
N-99.9410472-20.3572531,TH570905,3.497,0.0,3.497
N-99.9468110-20.3555111,TH570905,5.123,0.0,5.123
N-99.9542550-20.3584828,TH570905,4.567,0.0,4.567
N-99.9543452-20.3585324,TH570905,2.358,0.0,2.358
N-99.9550348-20.3590720,TH570905,5.23,0.0,5.23
N-99.9578131-20.3588429,TH570905,8.146,0.0,8.146
N-99.9579396-20.3590528,TH570905,3.152,0.0,3.152
N-99.9591601-20.3576034,TH570905,9.316,0.0,9.316
N-99.9618584-20.3582120,TH570905,12.664,0.0,12.664
N-99.9629122-20.3590034,TH570905,3.353,0.0,3.353
N-99.9637514-20.3593176,TH570905,3.078,0.0,3.078
N-99.9638916-20.3590061,TH570905,2.586,0.0,2.586
N-99.9728932-20.3574416,TH570905,1.604,0.0,1.604
N-99.9732702-20.3574685,TH570905,3.923,0.0,3.923
N-99.9742037-20.3574282,TH570905,7.772,0.0,7.772
N-99.9766374-20.3576234,TH570905,6.532,0.0,6.532
N-99.9768305-20.3575127,TH570905,6.494,0.0,6.494
N-99.9824172-20.3591282,TH570905,4.856,0.0,4.856
N-99.9831253-20.3594450,TH570905,2.593,0.0,2.593
N-99.9831843-20.3595456,TH570905,0.897,0.0,0.897
N-99.9882059-20.3589944,TH570905,0.961,0.0,0.961
N-99.9894369-20.3591321,TH570905,0.971,0.0,0.971
N-99.9902496-20.3595093,TH570905,0.977,0.0,0.977
N-99.9904521-20.3596087,TH570905,1.0,0.0,1.0
N-99.9918500-20.3582847,TH570905,2.005,0.0,2.005
N-99.9955997-20.3592692,TH570905,1.601,0.0,1.601
N-99.9956520-20.3591636,TH570905,2.079,0.0,2.079
N-99.9958371-20.3589285,TH570905,2.543,0.0,2.543
N-99.9407959-20.3574955,TH570905,1.213,0.0,1.213
N-99.9416845-20.3563780,TH570905,1.424,0.0,1.424
N-99.9457282-20.3553301,TH570905,4.437,0.0,4.437
N-99.9480702-20.3553930,TH570905,9.441,0.0,9.441
N-99.9485907-20.3553380,TH570905,6.713,0.0,6.713
N-99.9538736-20.3578994,TH570905,2.82,0.0,2.82
N-99.9549219-20.3581972,TH570905,2.284,0.0,2.284
N-99.9551687-20.3577345,TH570905,3.921,0.0,3.921
N-99.9620354-20.3582321,TH570905,3.268,0.0,3.268
N-99.9633671-20.3582621,TH570905,2.969,0.0,2.969
N-99.9640365-20.3585786,TH570905,2.659,0.0,2.659
N-99.9642725-20.3577789,TH570905,4.375,0.0,4.375
N-99.9665653-20.3568941,TH570905,6.276,0.0,6.276
N-99.9673462-20.3569165,TH570905,3.273,0.0,3.273
N-99.9681989-20.3567325,TH570905,2.02,0.0,2.02
N-99.9696844-20.3567999,TH570905,0.935,0.0,0.935
N-99.9705371-20.3571364,TH570905,0.906,0.0,0.906
N-99.9706403-20.3571320,TH570905,1.738,0.0,1.738
N-99.9723816-20.3573115,TH570905,2.418,0.0,2.418
N-99.9825727-20.3578658,TH570905,4.896,0.0,4.896
N-99.9874561-20.3570882,TH570905,13.461,0.0,13.461
N-99.9884437-20.3580789,TH570905,1.878,0.0,1.878
N-99.9895965-20.3583249,TH570905,0.971,0.0,0.971
N-99.9896085-20.3583526,TH570905,0.973,0.0,0.973
N-99.9909402-20.3580372,TH570905,1.879,0.0,1.879
N-99.9924870-20.3583916,TH570905,1.0,0.0,1.0
N-99.9933144-20.3582926,TH570905,1.035,0.0,1.035
N-99.9940706-20.3582011,TH570905,7.671,0.0,7.671
N-99.9948918-20.3581859,TH570905,8.507,0.0,8.507
N-99.9956775-20.3584582,TH570905,1.587,0.0,1.587
N-99.9970465-20.3581935,TH570905,8.234,0.0,8.234
N-99.9975831-20.3586051,TH570905,2.888,0.0,2.888
N-99.9413838-20.3567595,TH570905,1.252,0.0,1.252
N-99.9418012-20.3561985,TH570905,2.027,0.0,2.027
N-99.9493042-20.3552356,TH570905,6.471,0.0,6.471
N-99.9556195-20.3572765,TH570905,1.519,0.0,1.519
N-99.9566492-20.3565978,TH570905,2.994,0.0,2.994
N-99.9581909-20.3566293,TH570905,2.997,0.0,2.997
N-99.9589135-20.3574820,TH570905,3.025,0.0,3.025
N-99.9611350-20.3572980,TH570905,2.687,0.0,2.687
N-99.9614491-20.3570557,TH570905,4.684,0.0,4.684
N-99.9630520-20.3569293,TH570905,5.549,0.0,5.549
N-99.9632786-20.3572513,TH570905,2.813,0.0,2.813
N-99.9643712-20.3575169,TH570905,5.037,0.0,5.037
N-99.9695812-20.3567550,TH570905,0.928,0.0,0.928
N-99.9704563-20.3570961,TH570905,0.9,0.0,0.9
N-99.9716949-20.3570826,TH570905,3.199,0.0,3.199
N-99.9826586-20.3574635,TH570905,1.655,0.0,1.655
N-99.9828034-20.3570008,TH570905,3.22,0.0,3.22
N-99.9883383-20.3574617,TH570905,0.885,0.0,0.885
N-99.9889481-20.3576027,TH570905,3.999,0.0,3.999
N-99.9899929-20.3578505,TH570905,4.816,0.0,4.816
N-99.9915337-20.3579991,TH570905,0.915,0.0,0.915
N-99.9927290-20.3581020,TH570905,4.534,0.0,4.534
N-99.9930136-20.3582316,TH570905,0.982,0.0,0.982
N-99.9958838-20.3581249,TH570905,5.908,0.0,5.908
N-99.9454260-20.3551806,TH570905,6.749,0.0,6.749
N-99.9524195-20.3562972,TH570905,2.384,0.0,2.384
N-99.9524689-20.3563376,TH570905,1.302,0.0,1.302
N-99.9530433-20.3566652,TH570905,1.352,0.0,1.352
N-99.9533485-20.3571364,TH570905,1.384,0.0,1.384
N-99.9554262-20.3572013,TH570905,1.443,0.0,1.443
N-99.9556407-20.3569700,TH570905,2.566,0.0,2.566
N-99.9577063-20.3560544,TH570905,2.807,0.0,2.807
N-99.9603027-20.3564618,TH570905,1.565,0.0,1.565
N-99.9605065-20.3564819,TH570905,3.169,0.0,3.169
N-99.9624994-20.3561975,TH570905,12.798,0.0,12.798
N-99.9647208-20.3565844,TH570905,4.679,0.0,4.679
N-99.9653895-20.3566518,TH570905,1.554,0.0,1.554
N-99.9683290-20.3566877,TH570905,1.005,0.0,1.005
N-99.9691997-20.3565485,TH570905,1.757,0.0,1.757
N-99.9701691-20.3568986,TH570905,2.554,0.0,2.554
N-99.9709814-20.3570377,TH570905,1.719,0.0,1.719
N-99.9773133-20.3561347,TH570905,8.401,0.0,8.401
N-99.9811136-20.3543251,TH570905,5.079,0.0,5.079
N-99.9828731-20.3567041,TH570905,1.551,0.0,1.551
N-99.9829375-20.3563369,TH570905,1.593,0.0,1.593
N-99.9879561-20.3572406,TH570905,3.123,0.0,3.123
N-99.9902938-20.3579229,TH570905,1.694,0.0,1.694
N-99.9919850-20.3579381,TH570905,9.699,0.0,9.699
N-99.9418820-20.3559472,TH570905,0.616,0.0,0.616
N-99.9437975-20.3545745,TH570905,8.629,0.0,8.629
N-99.9502276-20.3550389,TH570905,9.047,0.552,8.495
N-99.9522759-20.3556510,TH570905,2.03,0.0,2.03
N-99.9528728-20.3563511,TH570905,3.129,0.0,3.129
N-99.9564776-20.3564972,TH570905,2.141,0.0,2.141
N-99.9570036-20.3561701,TH570905,1.136,0.0,1.136
N-99.9574756-20.3559085,TH570905,1.083,0.0,1.083
N-99.9595597-20.3553323,TH570905,2.576,0.0,2.576
N-99.9597797-20.3552746,TH570905,1.49,0.0,1.49
N-99.9649003-20.3561087,TH570905,1.536,0.0,1.536
N-99.9649377-20.3560136,TH570905,1.52,0.0,1.52
N-99.9656049-20.3561671,TH570905,2.553,0.0,2.553
N-99.9678847-20.3567819,TH570905,1.987,0.0,1.987
N-99.9686073-20.3565485,TH570905,0.946,0.0,0.946
N-99.9689573-20.3564947,TH570905,2.627,0.0,2.627
N-99.9693568-20.3566069,TH570905,1.733,0.0,1.733
N-99.9714481-20.3570377,TH570905,1.604,0.0,1.604
N-99.9828517-20.3558289,TH570905,1.324,0.0,1.324
N-99.9829482-20.3559949,TH570905,2.127,0.0,2.127
N-99.9885828-20.3575224,TH570905,0.798,0.0,0.798
N-99.9423038-20.3548297,TH570905,0.644,0.0,0.644
N-99.9436128-20.3545273,TH570905,3.039,0.0,3.039
N-99.9510193-20.3548701,TH570905,4.907,0.551,4.357
N-99.9517822-20.3546861,TH570905,8.262,0.0,8.262
N-99.9521009-20.3550496,TH570905,1.825,0.0,1.825
N-99.9575052-20.3552985,TH570905,0.972,0.0,0.972
N-99.9575333-20.3551451,TH570905,0.981,0.0,0.981
N-99.9575709-20.3549691,TH570905,2.874,0.0,2.874
N-99.9598588-20.3552017,TH570905,6.133,0.0,6.133
N-99.9651201-20.3553095,TH570905,1.46,0.0,1.46
N-99.9651791-20.3547663,TH570905,7.692,0.0,7.692
N-99.9688048-20.3564992,TH570905,0.915,0.0,0.915
N-99.9737998-20.3574147,TH570905,0.724,0.0,0.724
N-99.9744993-20.3527107,TH570905,1.949,0.0,1.949
N-99.9748748-20.3527459,TH570905,1.896,0.0,1.896
N-99.9790537-20.3538423,TH570905,1.242,0.0,1.242
N-99.9796491-20.3540033,TH570905,2.442,0.0,2.442
N-99.9817895-20.3544760,TH570905,1.195,0.0,1.195
N-99.9827605-20.3547174,TH570905,1.834,0.0,1.834
N-99.9829858-20.3549186,TH570905,2.712,0.0,2.712
N-99.9424292-20.3541102,TH570905,4.168,0.0,4.168
N-99.9519932-20.3546681,TH570905,16.206,0.0,16.206
N-99.9520515-20.3548162,TH570905,0.889,0.0,0.889
N-99.9577036-20.3543417,TH570905,2.783,0.0,2.783
N-99.9577801-20.3539368,TH570905,1.819,0.0,1.819
N-99.9596228-20.3552796,TH570905,0.987,0.0,0.987
N-99.9736946-20.3524642,TH570905,2.194,0.0,2.194
N-99.9739736-20.3525749,TH570905,0.676,0.0,0.676
N-99.9765861-20.3532036,TH570905,0.61,0.0,0.61
N-99.9767684-20.3533192,TH570905,1.221,0.0,1.221
N-99.9773317-20.3532086,TH570905,1.202,0.0,1.202
N-99.9789679-20.3537266,TH570905,0.612,0.0,0.612
N-99.9829375-20.3547929,TH570905,2.514,0.0,2.514
N-99.9578324-20.3537142,TH570905,0.88,0.0,0.88
N-99.9578914-20.3534112,TH570905,1.753,0.0,1.753
N-99.9579209-20.3533081,TH570905,10.161,0.0,10.161
N-99.9651845-20.3535542,TH570905,2.95,0.0,2.95
N-99.9734640-20.3522027,TH570905,4.116,0.0,4.116
N-99.9762374-20.3528666,TH570905,0.603,0.0,0.603
N-99.9781632-20.3530527,TH570905,0.593,0.0,0.593
N-99.9789732-20.3532036,TH570905,0.594,0.0,0.594
N-99.9631713-20.3506726,TH570905,1.884,0.0,1.884
N-99.9653239-20.3529054,TH570905,0.903,0.0,0.903
N-99.9742150-20.3526151,TH570905,0.621,0.0,0.621
N-99.9760013-20.3527459,TH570905,0.599,0.0,0.599
N-99.9788552-20.3530124,TH570905,0.59,0.0,0.59
N-99.9789303-20.3531080,TH570905,0.59,0.0,0.59
N-99.9401491-20.3515390,TH570905,4.436,0.0,4.436
N-99.8724384-20.4424145,TH570906,7.042,7.042,0.0
N-99.8724530-20.4425046,TH570906,9.606,9.606,0.0
N-99.8733362-20.4428351,TH570906,13.463,13.463,0.0
N-99.8782822-20.4425455,TH570906,30.091,30.091,0.0
N-99.8788641-20.4421098,TH570906,32.198,32.198,0.0
N-99.8799903-20.4426041,TH570906,36.709,0.0,36.709
N-99.8805704-20.4424724,TH570906,38.287,0.0,38.287
N-99.8720537-20.4415514,TH570906,5.788,5.788,0.0
N-99.8722431-20.4418873,TH570906,8.049,8.049,0.0
N-99.8736754-20.4414474,TH570906,10.387,10.387,0.0
N-99.8742226-20.4416686,TH570906,12.244,12.244,0.0
N-99.8751313-20.4418616,TH570906,12.467,0.0,12.467
N-99.8756729-20.4416626,TH570906,12.393,12.393,0.0
N-99.8765078-20.4416912,TH570906,10.622,10.622,0.0
N-99.8775375-20.4416471,TH570906,24.308,24.308,0.0
N-99.8783380-20.4413657,TH570906,27.645,27.645,0.0
N-99.8793320-20.4415211,TH570906,30.428,30.428,0.0
N-99.8799538-20.4419090,TH570906,35.966,0.0,35.966
N-99.8809577-20.4418168,TH570906,39.015,0.0,39.015
N-99.8721528-20.4413875,TH570906,4.892,4.892,0.0
N-99.8727765-20.4408494,TH570906,5.357,5.357,0.0
N-99.8733992-20.4409183,TH570906,8.315,8.315,0.0
N-99.8739825-20.4409586,TH570906,9.749,0.0,9.749
N-99.8746786-20.4405753,TH570906,9.719,0.0,9.719
N-99.8757935-20.4408085,TH570906,10.125,10.125,0.0
N-99.8766442-20.4409285,TH570906,10.122,10.122,0.0
N-99.8773088-20.4409596,TH570906,21.968,21.968,0.0
N-99.8785744-20.4409286,TH570906,27.222,27.222,0.0
N-99.8791714-20.4406896,TH570906,30.554,30.554,0.0
N-99.8796459-20.4408171,TH570906,34.86,0.0,34.86
N-99.8808248-20.4411760,TH570906,35.893,0.0,35.893
N-99.8817347-20.4408239,TH570906,39.582,0.0,39.582
N-99.8722519-20.4399426,TH570906,9.353,9.353,0.0
N-99.8723189-20.4401229,TH570906,4.637,4.637,0.0
N-99.8730039-20.4400557,TH570906,5.778,0.0,5.778
N-99.8743973-20.4401548,TH570906,5.833,0.0,5.833
N-99.8748408-20.4399759,TH570906,7.024,7.024,0.0
N-99.8757209-20.4400590,TH570906,7.114,7.114,0.0
N-99.8767976-20.4393071,TH570906,16.365,7.501,8.864
N-99.8773420-20.4390786,TH570906,49.481,49.481,0.0
N-99.8787384-20.4407946,TH570906,25.289,25.289,0.0
N-99.8797198-20.4400812,TH570906,28.753,28.753,0.0
N-99.8801429-20.4398816,TH570906,31.824,0.0,31.824
N-99.8808587-20.4399441,TH570906,31.986,0.0,31.986
N-99.8816391-20.4400141,TH570906,37.179,0.0,37.179
N-99.8716039-20.4384898,TH570906,4.311,4.311,0.0
N-99.8719816-20.4388958,TH570906,4.517,4.517,0.0
N-99.8725306-20.4393131,TH570906,9.371,0.0,9.371
N-99.8727417-20.4395318,TH570906,4.992,4.992,0.0
N-99.8742762-20.4392458,TH570906,9.946,9.946,0.0
N-99.8751104-20.4393802,TH570906,5.184,5.184,0.0
N-99.8757537-20.4391916,TH570906,6.102,6.102,0.0
N-99.8777820-20.4387604,TH570906,40.45,40.45,0.0
N-99.8800055-20.4392253,TH570906,53.332,53.332,0.0
N-99.8807083-20.4388760,TH570906,28.687,0.0,28.687
N-99.8820045-20.4394605,TH570906,37.908,0.0,37.908
N-99.8825655-20.4392147,TH570906,41.791,0.0,41.791
N-99.8711047-20.4374574,TH570906,10.99,10.99,0.0
N-99.8714590-20.4382487,TH570906,3.316,3.316,0.0
N-99.8715216-20.4383748,TH570906,3.937,0.0,3.937
N-99.8718676-20.4387795,TH570906,4.235,4.235,0.0
N-99.8753975-20.4380680,TH570906,4.932,4.932,0.0
N-99.8755685-20.4383272,TH570906,5.993,5.993,0.0
N-99.8783077-20.4384939,TH570906,21.349,21.349,0.0
N-99.8791392-20.4382426,TH570906,22.403,0.0,22.403
N-99.8799117-20.4382175,TH570906,24.594,24.594,0.0
N-99.8809093-20.4384515,TH570906,27.307,0.0,27.307
N-99.8816067-20.4384943,TH570906,35.908,0.0,35.908
N-99.8823792-20.4379388,TH570906,39.631,0.0,39.631
N-99.8709717-20.4372099,TH570906,3.292,3.292,0.0
N-99.8730403-20.4367240,TH570906,4.244,4.244,0.0
N-99.8736545-20.4370533,TH570906,4.691,4.691,0.0
N-99.8740632-20.4372343,TH570906,4.84,0.0,4.84
N-99.8748299-20.4375293,TH570906,5.005,5.005,0.0
N-99.8752265-20.4377339,TH570906,5.685,0.0,5.685
N-99.8755395-20.4382530,TH570906,8.065,8.065,0.0
N-99.8783493-20.4375992,TH570906,39.254,39.254,0.0
N-99.8790202-20.4375009,TH570906,20.489,0.0,20.489
N-99.8801287-20.4373124,TH570906,24.437,0.0,24.437
N-99.8808537-20.4375363,TH570906,27.015,0.0,27.015
N-99.8817840-20.4373780,TH570906,35.408,0.0,35.408
N-99.8823769-20.4376610,TH570906,37.282,0.0,37.282
N-99.8834097-20.4376023,TH570906,39.686,0.0,39.686
N-99.8704074-20.4364872,TH570906,7.32,7.32,0.0
N-99.8704959-20.4366632,TH570906,4.361,4.361,0.0
N-99.8722109-20.4361945,TH570906,4.467,4.467,0.0
N-99.8725623-20.4364333,TH570906,4.386,4.386,0.0
N-99.8732951-20.4368521,TH570906,4.861,0.0,4.861
N-99.8744053-20.4363671,TH570906,4.922,4.922,0.0
N-99.8746273-20.4366944,TH570906,5.107,5.107,0.0
N-99.8746346-20.4365648,TH570906,6.802,6.802,0.0
N-99.8767962-20.4357987,TH570906,36.547,27.341,9.206
N-99.8788702-20.4372727,TH570906,21.17,21.17,0.0
N-99.8792624-20.4367952,TH570906,21.209,21.209,0.0
N-99.8802260-20.4365090,TH570906,23.137,0.0,23.137
N-99.8811800-20.4370390,TH570906,25.497,0.0,25.497
N-99.8817222-20.4366944,TH570906,33.173,33.173,0.0
N-99.8823364-20.4368100,TH570906,36.882,0.0,36.882
N-99.8836512-20.4366226,TH570906,38.501,0.0,38.501
N-99.8702610-20.4359005,TH570906,7.608,7.608,0.0
N-99.8702921-20.4356503,TH570906,4.517,4.517,0.0
N-99.8720446-20.4359759,TH570906,4.503,4.503,0.0
N-99.8720795-20.4358301,TH570906,4.667,4.667,0.0
N-99.8730481-20.4362239,TH570906,5.141,5.141,0.0
N-99.8742307-20.4358318,TH570906,11.579,11.579,0.0
N-99.8757461-20.4353173,TH570906,7.744,7.744,0.0
N-99.8772430-20.4354230,TH570906,18.098,18.098,0.0
N-99.8784095-20.4356139,TH570906,19.744,19.744,0.0
N-99.8790310-20.4358810,TH570906,20.039,0.0,20.039
N-99.8800619-20.4357786,TH570906,24.213,0.0,24.213
N-99.8808502-20.4359820,TH570906,22.013,0.0,22.013
N-99.8815615-20.4360822,TH570906,33.072,0.0,33.072
N-99.8826690-20.4358398,TH570906,37.039,0.0,37.039
N-99.8829855-20.4362595,TH570906,37.432,0.0,37.432
N-99.8704675-20.4352068,TH570906,11.88,11.88,0.0
N-99.8706595-20.4348133,TH570906,9.235,4.379,4.855
N-99.8721277-20.4344473,TH570906,5.202,5.202,0.0
N-99.8726765-20.4346726,TH570906,6.489,6.489,0.0
N-99.8734156-20.4349521,TH570906,7.479,7.479,0.0
N-99.8740134-20.4346111,TH570906,7.56,0.0,7.56
N-99.8752847-20.4347795,TH570906,7.464,0.0,7.464
N-99.8760733-20.4347820,TH570906,8.972,0.0,8.972
N-99.8761591-20.4346840,TH570906,9.03,9.03,0.0
N-99.8775527-20.4351896,TH570906,20.34,20.34,0.0
N-99.8781042-20.4349851,TH570906,22.58,0.0,22.58
N-99.8791324-20.4348934,TH570906,25.366,0.0,25.366
N-99.8797634-20.4349178,TH570906,22.473,22.473,0.0
N-99.8808936-20.4349761,TH570906,27.353,0.0,27.353
N-99.8816366-20.4350289,TH570906,34.899,0.0,34.899
N-99.8827574-20.4349628,TH570906,37.549,0.0,37.549
N-99.8833247-20.4350484,TH570906,38.108,0.0,38.108
N-99.8842516-20.4347752,TH570906,33.928,0.0,33.928
N-99.8708553-20.4343584,TH570906,4.68,4.68,0.0
N-99.8709251-20.4341875,TH570906,14.059,14.059,0.0
N-99.8721567-20.4342693,TH570906,5.949,0.0,5.949
N-99.8723601-20.4341307,TH570906,7.375,7.375,0.0
N-99.8732228-20.4340614,TH570906,8.692,8.692,0.0
N-99.8744452-20.4342567,TH570906,8.822,0.0,8.822
N-99.8750380-20.4343622,TH570906,8.719,8.719,0.0
N-99.8758051-20.4344754,TH570906,8.85,8.85,0.0
N-99.8765655-20.4339229,TH570906,9.082,9.082,0.0
N-99.8775920-20.4343440,TH570906,20.404,0.0,20.404
N-99.8784150-20.4343342,TH570906,22.908,0.0,22.908
N-99.8791553-20.4340829,TH570906,22.422,0.0,22.422
N-99.8797466-20.4341210,TH570906,24.867,0.0,24.867
N-99.8808742-20.4341768,TH570906,29.396,29.396,0.0
N-99.8818964-20.4338432,TH570906,39.005,39.005,0.0
N-99.8822829-20.4338747,TH570906,39.885,39.885,0.0
N-99.8832529-20.4346167,TH570906,39.138,0.0,39.138
N-99.8840870-20.4338489,TH570906,34.967,0.0,34.967
N-99.8848579-20.4341556,TH570906,31.223,0.0,31.223
N-99.8855800-20.4342142,TH570906,23.447,0.0,23.447
N-99.8867485-20.4338797,TH570906,18.947,0.0,18.947
N-99.8679127-20.4308585,TH570906,15.55,15.55,0.0
N-99.8712778-20.4328503,TH570906,12.15,5.152,6.997
N-99.8727236-20.4336630,TH570906,7.401,7.401,0.0
N-99.8734260-20.4335454,TH570906,7.471,7.471,0.0
N-99.8744960-20.4331030,TH570906,8.04,8.04,0.0
N-99.8750060-20.4334510,TH570906,7.986,7.986,0.0
N-99.8757740-20.4337270,TH570906,8.972,8.972,0.0
N-99.8769477-20.4330653,TH570906,8.339,8.339,0.0
N-99.8774809-20.4333855,TH570906,20.161,20.161,0.0
N-99.8785604-20.4333267,TH570906,19.305,0.0,19.305
N-99.8791129-20.4333732,TH570906,22.052,0.0,22.052
N-99.8798688-20.4331253,TH570906,28.601,0.0,28.601
N-99.8806251-20.4335124,TH570906,30.125,30.125,0.0
N-99.8815290-20.4331521,TH570906,42.095,0.0,42.095
N-99.8821797-20.4331432,TH570906,41.191,0.0,41.191
N-99.8836318-20.4333242,TH570906,39.717,0.0,39.717
N-99.8841903-20.4330579,TH570906,36.076,0.0,36.076
N-99.8850741-20.4333535,TH570906,31.721,0.0,31.721
N-99.8861162-20.4338675,TH570906,23.909,0.0,23.909
N-99.8867351-20.4335928,TH570906,18.985,0.0,18.985
N-99.8875102-20.4333292,TH570906,14.875,0.0,14.875
N-99.8697417-20.4308429,TH570906,9.75,9.75,0.0
N-99.8712563-20.4326827,TH570906,17.907,17.907,0.0
N-99.8728132-20.4325598,TH570906,8.736,8.736,0.0
N-99.8733126-20.4326795,TH570906,8.084,8.084,0.0
N-99.8741685-20.4325597,TH570906,6.259,0.0,6.259
N-99.8749629-20.4324721,TH570906,7.507,0.0,7.507
N-99.8756629-20.4318991,TH570906,16.413,9.069,7.343
N-99.8766097-20.4321378,TH570906,17.103,9.156,7.947
N-99.8773893-20.4323610,TH570906,19.771,0.0,19.771
N-99.8782438-20.4326540,TH570906,21.824,0.0,21.824
N-99.8788588-20.4327463,TH570906,24.714,0.0,24.714
N-99.8802850-20.4325072,TH570906,28.408,0.0,28.408
N-99.8807647-20.4324040,TH570906,29.98,0.0,29.98
N-99.8814647-20.4322732,TH570906,37.383,0.0,37.383
N-99.8824895-20.4328185,TH570906,41.545,0.0,41.545
N-99.8830114-20.4324998,TH570906,41.524,0.0,41.524
N-99.8842172-20.4326944,TH570906,36.756,0.0,36.756
N-99.8849806-20.4326285,TH570906,31.831,0.0,31.831
N-99.8859130-20.4324847,TH570906,24.349,0.0,24.349
N-99.8863180-20.4324633,TH570906,20.421,0.0,20.421
N-99.8879072-20.4327536,TH570906,14.913,0.0,14.913
N-99.8698421-20.4308723,TH570906,4.999,4.999,0.0
N-99.8712849-20.4316904,TH570906,13.125,13.125,0.0
N-99.8729378-20.4316100,TH570906,8.702,8.702,0.0
N-99.8731277-20.4315904,TH570906,8.116,0.0,8.116
N-99.8738413-20.4318344,TH570906,6.057,6.057,0.0
N-99.8750487-20.4317520,TH570906,6.036,6.036,0.0
N-99.8774654-20.4319669,TH570906,17.552,0.0,17.552
N-99.8783907-20.4316553,TH570906,21.966,0.0,21.966
N-99.8789375-20.4318303,TH570906,24.682,0.0,24.682
N-99.8798956-20.4316273,TH570906,25.915,0.0,25.915
N-99.8809231-20.4317429,TH570906,26.232,0.0,26.232
N-99.8818322-20.4316675,TH570906,34.41,0.0,34.41
N-99.8825881-20.4317070,TH570906,37.45,0.0,37.45
N-99.8831029-20.4314117,TH570906,41.494,0.0,41.494
N-99.8842759-20.4318232,TH570906,37.347,0.0,37.347
N-99.8850080-20.4317518,TH570906,33.581,0.0,33.581
N-99.8861882-20.4315399,TH570906,26.31,0.0,26.31
N-99.8865258-20.4314313,TH570906,22.322,0.0,22.322
N-99.8871455-20.4315246,TH570906,22.214,0.0,22.214
N-99.8887155-20.4309135,TH570906,15.763,0.0,15.763
N-99.8683673-20.4305833,TH570906,5.559,5.559,0.0
N-99.8692001-20.4305845,TH570906,7.649,7.649,0.0
N-99.8699426-20.4308429,TH570906,6.408,6.408,0.0
N-99.8709773-20.4306243,TH570906,6.017,6.017,0.0
N-99.8712134-20.4308523,TH570906,6.518,6.518,0.0
N-99.8723853-20.4310118,TH570906,7.364,7.364,0.0
N-99.8732460-20.4308850,TH570906,6.935,0.0,6.935
N-99.8743246-20.4310088,TH570906,6.057,0.0,6.057
N-99.8746906-20.4307102,TH570906,6.157,0.0,6.157
N-99.8758191-20.4308079,TH570906,6.483,0.0,6.483
N-99.8769859-20.4311237,TH570906,8.037,0.0,8.037
N-99.8777175-20.4306423,TH570906,14.162,0.0,14.162
N-99.8781951-20.4309871,TH570906,18.165,0.0,18.165
N-99.8790400-20.4307249,TH570906,18.719,0.0,18.719
N-99.8798001-20.4310545,TH570906,18.957,0.0,18.957
N-99.8808007-20.4310168,TH570906,22.197,22.197,0.0
N-99.8817477-20.4309022,TH570906,29.537,29.537,0.0
N-99.8826541-20.4308095,TH570906,32.873,32.873,0.0
N-99.8830084-20.4311583,TH570906,37.003,0.0,37.003
N-99.8843437-20.4307980,TH570906,35.83,0.0,35.83
N-99.8850726-20.4307471,TH570906,33.082,0.0,33.082
N-99.8862791-20.4306550,TH570906,29.05,0.0,29.05
N-99.8870083-20.4306637,TH570906,28.594,0.0,28.594
N-99.8874164-20.4308283,TH570906,25.579,0.0,25.579
N-99.8883866-20.4306656,TH570906,18.659,0.0,18.659
N-99.8663840-20.4289792,TH570906,3.64,3.64,0.0
N-99.8669841-20.4290754,TH570906,3.845,3.845,0.0
N-99.8678412-20.4298371,TH570906,4.72,4.72,0.0
N-99.8682806-20.4301198,TH570906,6.772,6.772,0.0
N-99.8690660-20.4300703,TH570906,8.863,0.0,8.863
N-99.8699227-20.4300204,TH570906,7.737,0.0,7.737
N-99.8709019-20.4297156,TH570906,6.413,6.413,0.0
N-99.8715162-20.4301371,TH570906,6.412,0.0,6.412
N-99.8723358-20.4299775,TH570906,6.384,6.384,0.0
N-99.8734234-20.4296215,TH570906,12.417,6.047,6.37
N-99.8744965-20.4302171,TH570906,12.572,0.0,12.572
N-99.8758133-20.4299382,TH570906,7.89,7.89,0.0
N-99.8769094-20.4302856,TH570906,9.309,0.0,9.309
N-99.8775728-20.4298427,TH570906,15.615,0.0,15.615
N-99.8783746-20.4300881,TH570906,19.342,0.0,19.342
N-99.8791860-20.4300165,TH570906,19.488,0.0,19.488
N-99.8800483-20.4300454,TH570906,19.74,0.0,19.74
N-99.8808194-20.4297878,TH570906,21.659,0.0,21.659
N-99.8814967-20.4302207,TH570906,28.795,0.0,28.795
N-99.8825817-20.4303759,TH570906,31.799,0.0,31.799
N-99.8835365-20.4300979,TH570906,33.532,0.0,33.532
N-99.8840779-20.4300225,TH570906,34.23,0.0,34.23
N-99.8847486-20.4298852,TH570906,33.745,0.0,33.745
N-99.8859144-20.4295535,TH570906,32.799,0.0,32.799
N-99.8867237-20.4294588,TH570906,28.868,0.0,28.868
N-99.8661952-20.4287879,TH570906,3.051,3.051,0.0
N-99.8662445-20.4288787,TH570906,3.695,3.695,0.0
N-99.8666175-20.4290179,TH570906,3.839,3.839,0.0
N-99.8674168-20.4291918,TH570906,4.876,4.876,0.0
N-99.8675958-20.4294015,TH570906,6.155,6.155,0.0
N-99.8692712-20.4296432,TH570906,8.244,8.244,0.0
N-99.8700310-20.4294990,TH570906,6.484,6.484,0.0
N-99.8704188-20.4290651,TH570906,6.47,0.0,6.47
N-99.8715316-20.4291046,TH570906,5.937,0.0,5.937
N-99.8727001-20.4296737,TH570906,5.818,0.0,5.818
N-99.8739083-20.4295226,TH570906,6.151,6.151,0.0
N-99.8751061-20.4293785,TH570906,6.312,0.0,6.312
N-99.8760679-20.4290840,TH570906,6.904,0.0,6.904
N-99.8765910-20.4291845,TH570906,8.095,0.0,8.095
N-99.8771713-20.4295552,TH570906,12.232,0.0,12.232
N-99.8789312-20.4293768,TH570906,15.761,0.0,15.761
N-99.8793135-20.4293331,TH570906,15.711,0.0,15.711
N-99.8800310-20.4292094,TH570906,19.431,0.0,19.431
N-99.8807397-20.4291715,TH570906,39.131,0.0,39.131
N-99.8817716-20.4291372,TH570906,26.627,0.0,26.627
N-99.8825267-20.4288012,TH570906,28.837,0.0,28.837
N-99.8831780-20.4290610,TH570906,29.41,0.0,29.41
N-99.8839209-20.4288868,TH570906,31.531,0.0,31.531
N-99.8635595-20.4283186,TH570906,1.748,1.748,0.0
N-99.8650578-20.4274035,TH570906,5.689,5.689,0.0
N-99.8662067-20.4286203,TH570906,3.689,3.689,0.0
N-99.8664890-20.4280860,TH570906,3.792,3.792,0.0
N-99.8674660-20.4279139,TH570906,4.147,4.147,0.0
N-99.8677043-20.4278221,TH570906,5.649,0.0,5.649
N-99.8695877-20.4295527,TH570906,6.39,6.39,0.0
N-99.8705695-20.4286161,TH570906,6.016,6.016,0.0
N-99.8706758-20.4282580,TH570906,5.575,0.0,5.575
N-99.8717953-20.4284263,TH570906,6.524,0.0,6.524
N-99.8722977-20.4279759,TH570906,6.065,6.065,0.0
N-99.8725518-20.4277818,TH570906,14.408,6.635,7.773
N-99.8749039-20.4280811,TH570906,16.09,8.378,7.713
N-99.8758426-20.4281628,TH570906,7.17,7.17,0.0
N-99.8769513-20.4282289,TH570906,6.945,6.945,0.0
N-99.8772430-20.4284219,TH570906,12.116,0.0,12.116
N-99.8784123-20.4282967,TH570906,17.235,0.0,17.235
N-99.8794396-20.4284653,TH570906,19.737,0.0,19.737
N-99.8798024-20.4282861,TH570906,17.101,0.0,17.101
N-99.8818204-20.4279804,TH570906,24.398,0.0,24.398
N-99.8825119-20.4283010,TH570906,26.344,0.0,26.344
N-99.8834073-20.4283494,TH570906,26.797,0.0,26.797
N-99.8843761-20.4283566,TH570906,29.23,0.0,29.23
N-99.8640740-20.4274346,TH570906,1.708,1.708,0.0
N-99.8658463-20.4271903,TH570906,6.851,6.851,0.0
N-99.8667960-20.4277790,TH570906,3.818,3.818,0.0
N-99.8672215-20.4277551,TH570906,4.155,4.155,0.0
N-99.8680071-20.4273935,TH570906,9.216,9.216,0.0
N-99.8708216-20.4277665,TH570906,5.557,5.557,0.0
N-99.8709236-20.4273292,TH570906,6.164,6.164,0.0
N-99.8714575-20.4274052,TH570906,7.01,0.0,7.01
N-99.8731110-20.4273484,TH570906,7.628,7.628,0.0
N-99.8746356-20.4274627,TH570906,9.222,0.0,9.222
N-99.8746625-20.4275784,TH570906,9.506,9.506,0.0
N-99.8756955-20.4273966,TH570906,8.875,0.0,8.875
N-99.8765998-20.4271028,TH570906,7.978,0.0,7.978
N-99.8774767-20.4273623,TH570906,14.038,0.0,14.038
N-99.8777547-20.4274840,TH570906,15.194,0.0,15.194
N-99.8788764-20.4270548,TH570906,17.375,17.375,0.0
N-99.8800242-20.4275306,TH570906,18.595,0.0,18.595
N-99.8813999-20.4273273,TH570906,17.786,0.0,17.786
N-99.8814971-20.4275757,TH570906,22.823,0.0,22.823
N-99.8830216-20.4279642,TH570906,24.18,0.0,24.18
N-99.8835762-20.4273873,TH570906,24.533,0.0,24.533
N-99.8625150-20.4268900,TH570906,1.213,1.213,0.0
N-99.8645829-20.4268792,TH570906,1.495,1.495,0.0
N-99.8649059-20.4267549,TH570906,12.917,12.917,0.0
N-99.8668172-20.4270938,TH570906,3.843,3.843,0.0
N-99.8675506-20.4268117,TH570906,8.067,8.067,0.0
N-99.8679543-20.4269764,TH570906,10.522,10.522,0.0
N-99.8709373-20.4272043,TH570906,6.608,6.608,0.0
N-99.8710470-20.4262031,TH570906,14.417,14.417,0.0
N-99.8716656-20.4263667,TH570906,6.825,0.0,6.825
N-99.8723958-20.4265837,TH570906,7.864,0.0,7.864
N-99.8731041-20.4267941,TH570906,8.493,0.0,8.493
N-99.8743720-20.4267946,TH570906,9.479,0.0,9.479
N-99.8749069-20.4270290,TH570906,9.731,0.0,9.731
N-99.8761435-20.4265774,TH570906,9.952,0.0,9.952
N-99.8766462-20.4266178,TH570906,9.148,0.0,9.148
N-99.8774546-20.4265390,TH570906,18.536,0.0,18.536
N-99.8784044-20.4269090,TH570906,20.006,0.0,20.006
N-99.8794484-20.4264514,TH570906,24.269,0.0,24.269
N-99.8801503-20.4270782,TH570906,22.928,0.0,22.928
N-99.8806545-20.4268570,TH570906,21.31,21.31,0.0
N-99.8812436-20.4264291,TH570906,21.023,21.023,0.0
N-99.8831698-20.4268042,TH570906,44.984,0.0,44.984
N-99.8623344-20.4264837,TH570906,1.232,1.232,0.0
N-99.8646374-20.4268080,TH570906,1.59,0.0,1.59
N-99.8650915-20.4268392,TH570906,3.508,3.508,0.0
N-99.8674294-20.4268592,TH570906,7.777,7.777,0.0
N-99.8678000-20.4268394,TH570906,10.221,10.221,0.0
N-99.8678932-20.4269058,TH570906,7.033,7.033,0.0
N-99.8711328-20.4259015,TH570906,15.397,15.397,0.0
N-99.8717684-20.4258541,TH570906,8.11,0.0,8.11
N-99.8724927-20.4257834,TH570906,8.086,0.0,8.086
N-99.8733102-20.4259813,TH570906,8.398,0.0,8.398
N-99.8741233-20.4255844,TH570906,8.792,0.0,8.792
N-99.8750337-20.4261462,TH570906,9.934,0.0,9.934
N-99.8758305-20.4255251,TH570906,9.964,0.0,9.964
N-99.8767814-20.4256907,TH570906,10.075,0.0,10.075
N-99.8776056-20.4255643,TH570906,21.778,0.0,21.778
N-99.8781091-20.4258264,TH570906,24.256,0.0,24.256
N-99.8793190-20.4255768,TH570906,22.726,0.0,22.726
N-99.8798267-20.4257578,TH570906,22.315,0.0,22.315
N-99.8805111-20.4258758,TH570906,21.577,0.0,21.577
N-99.8818709-20.4256769,TH570906,18.36,0.0,18.36
N-99.8825160-20.4257912,TH570906,18.722,0.0,18.722
N-99.8621513-20.4263510,TH570906,1.337,1.337,0.0
N-99.8647863-20.4267521,TH570906,4.612,4.612,0.0
N-99.8650304-20.4268000,TH570906,3.594,3.594,0.0
N-99.8676531-20.4268064,TH570906,4.155,4.155,0.0
N-99.8695208-20.4232170,TH570906,13.639,13.639,0.0
N-99.8713903-20.4255596,TH570906,8.054,8.054,0.0
N-99.8717443-20.4250167,TH570906,7.116,7.116,0.0
N-99.8723638-20.4252492,TH570906,7.323,0.0,7.323
N-99.8733781-20.4249737,TH570906,7.548,0.0,7.548
N-99.8739453-20.4250445,TH570906,9.002,0.0,9.002
N-99.8744266-20.4250921,TH570906,9.177,0.0,9.177
N-99.8757518-20.4252390,TH570906,11.084,0.0,11.084
N-99.8766889-20.4249366,TH570906,10.048,0.0,10.048
N-99.8778962-20.4247491,TH570906,18.904,0.0,18.904
N-99.8782447-20.4251515,TH570906,20.453,0.0,20.453
N-99.8788458-20.4249136,TH570906,17.183,0.0,17.183
N-99.8799357-20.4252734,TH570906,20.503,20.503,0.0
N-99.8810602-20.4251484,TH570906,21.49,21.49,0.0
N-99.8820224-20.4252785,TH570906,20.884,0.0,20.884
N-99.8825508-20.4252257,TH570906,21.047,0.0,21.047
N-99.8614595-20.4228969,TH570906,1.288,1.288,0.0
N-99.8616002-20.4227788,TH570906,1.486,1.486,0.0
N-99.8665915-20.4219944,TH570906,22.946,22.946,0.0
N-99.8693491-20.4230712,TH570906,25.33,25.33,0.0
N-99.8705829-20.4235388,TH570906,15.513,7.595,7.918
N-99.8710925-20.4237222,TH570906,7.973,7.973,0.0
N-99.8716772-20.4241172,TH570906,7.084,0.0,7.084
N-99.8726021-20.4243817,TH570906,8.136,0.0,8.136
N-99.8734368-20.4242953,TH570906,8.662,0.0,8.662
N-99.8742534-20.4236588,TH570906,19.807,0.0,19.807
N-99.8750216-20.4236026,TH570906,20.801,0.0,20.801
N-99.8759848-20.4241298,TH570906,10.538,0.0,10.538
N-99.8767407-20.4239298,TH570906,9.814,0.0,9.814
N-99.8775782-20.4244286,TH570906,16.453,16.453,0.0
N-99.8785866-20.4241476,TH570906,15.058,15.058,0.0
N-99.8791133-20.4241441,TH570906,31.686,0.0,31.686
N-99.8805232-20.4250469,TH570906,19.087,0.0,19.087
N-99.8824744-20.4239918,TH570906,41.416,20.848,20.568
N-99.8616866-20.4226794,TH570906,1.563,1.563,0.0
N-99.8617972-20.4225355,TH570906,1.874,1.874,0.0
N-99.8618731-20.4224014,TH570906,6.283,6.283,0.0
N-99.8664273-20.4218711,TH570906,13.76,13.76,0.0
N-99.8672260-20.4219791,TH570906,6.019,6.019,0.0
N-99.8699499-20.4231718,TH570906,7.689,7.689,0.0
N-99.8718917-20.4233782,TH570906,7.204,0.0,7.204
N-99.8727069-20.4234474,TH570906,8.207,0.0,8.207
N-99.8733468-20.4233694,TH570906,9.488,9.488,0.0
N-99.8757458-20.4233153,TH570906,9.745,0.0,9.745
N-99.8769423-20.4231344,TH570906,9.39,0.0,9.39
N-99.8771728-20.4233000,TH570906,15.33,0.0,15.33
N-99.8788716-20.4234168,TH570906,13.217,13.217,0.0
N-99.8794049-20.4234722,TH570906,12.612,0.0,12.612
N-99.8795405-20.4232424,TH570906,15.729,0.0,15.729
N-99.8815065-20.4227358,TH570906,70.881,18.964,51.917
N-99.8824975-20.4235896,TH570906,18.088,0.0,18.088
N-99.8891000-20.4232788,TH570906,28.441,0.0,28.441
N-99.8900349-20.4233629,TH570906,24.479,0.0,24.479
N-99.8662554-20.4217120,TH570906,5.817,5.817,0.0
N-99.8674650-20.4219413,TH570906,6.523,6.523,0.0
N-99.8688288-20.4222769,TH570906,6.859,6.859,0.0
N-99.8690487-20.4224127,TH570906,7.232,7.232,0.0
N-99.8699502-20.4223319,TH570906,6.766,0.0,6.766
N-99.8708496-20.4225769,TH570906,7.022,0.0,7.022
N-99.8718113-20.4224431,TH570906,6.28,0.0,6.28
N-99.8723377-20.4225868,TH570906,7.259,0.0,7.259
N-99.8732167-20.4224783,TH570906,8.703,8.703,0.0
N-99.8740252-20.4224575,TH570906,9.004,0.0,9.004
N-99.8750811-20.4220043,TH570906,9.16,0.0,9.16
N-99.8757899-20.4224839,TH570906,8.523,0.0,8.523
N-99.8767570-20.4224925,TH570906,8.48,0.0,8.48
N-99.8774613-20.4224670,TH570906,13.66,0.0,13.66
N-99.8783616-20.4227950,TH570906,12.384,0.0,12.384
N-99.8792427-20.4224563,TH570906,9.131,0.0,9.131
N-99.8798285-20.4225478,TH570906,12.238,12.238,0.0
N-99.8827681-20.4226993,TH570906,20.446,0.0,20.446
N-99.8877356-20.4227500,TH570906,24.032,0.0,24.032
N-99.8886602-20.4220581,TH570906,24.056,0.0,24.056
N-99.8889869-20.4225353,TH570906,23.966,0.0,23.966
N-99.8901844-20.4226832,TH570906,23.622,0.0,23.622
N-99.8910589-20.4223300,TH570906,23.674,0.0,23.674
N-99.8943686-20.4223463,TH570906,11.022,0.0,11.022
N-99.8950741-20.4225298,TH570906,12.984,0.0,12.984
N-99.8960545-20.4227088,TH570906,13.287,0.0,13.287
N-99.8962360-20.4226091,TH570906,11.85,0.0,11.85
N-99.8616873-20.4216915,TH570906,3.765,3.765,0.0
N-99.8618296-20.4220121,TH570906,3.953,3.953,0.0
N-99.8662002-20.4214805,TH570906,11.102,11.102,0.0
N-99.8674153-20.4216277,TH570906,6.446,0.0,6.446
N-99.8681636-20.4220004,TH570906,6.796,0.0,6.796
N-99.8690811-20.4215354,TH570906,7.526,0.0,7.526
N-99.8701026-20.4215487,TH570906,6.978,0.0,6.978
N-99.8707652-20.4216011,TH570906,5.727,0.0,5.727
N-99.8717509-20.4219429,TH570906,5.993,0.0,5.993
N-99.8719373-20.4219002,TH570906,6.139,0.0,6.139
N-99.8732336-20.4217644,TH570906,7.767,0.0,7.767
N-99.8738283-20.4217443,TH570906,8.943,0.0,8.943
N-99.8752404-20.4216001,TH570906,8.428,0.0,8.428
N-99.8759549-20.4217759,TH570906,9.116,0.0,9.116
N-99.8764724-20.4218238,TH570906,8.138,0.0,8.138
N-99.8778114-20.4216136,TH570906,13.339,0.0,13.339
N-99.8783408-20.4216458,TH570906,11.175,0.0,11.175
N-99.8793002-20.4217979,TH570906,10.336,0.0,10.336
N-99.8799919-20.4217157,TH570906,11.509,0.0,11.509
N-99.8811394-20.4215008,TH570906,11.798,11.798,0.0
N-99.8816816-20.4216711,TH570906,16.481,0.0,16.481
N-99.8824526-20.4215431,TH570906,16.867,0.0,16.867
N-99.8832258-20.4217732,TH570906,15.46,0.0,15.46
N-99.8841152-20.4220133,TH570906,16.197,0.0,16.197
N-99.8849674-20.4221402,TH570906,15.353,0.0,15.353
N-99.8858580-20.4217293,TH570906,15.763,0.0,15.763
N-99.8863728-20.4222935,TH570906,18.825,0.0,18.825
N-99.8879377-20.4218831,TH570906,36.881,0.0,36.881
N-99.8895174-20.4216991,TH570906,19.478,0.0,19.478
N-99.8901995-20.4220267,TH570906,19.01,0.0,19.01
N-99.8907263-20.4218370,TH570906,18.545,0.0,18.545
N-99.8916343-20.4220457,TH570906,18.524,0.0,18.524
N-99.8921828-20.4219300,TH570906,20.912,0.0,20.912
N-99.8936015-20.4214501,TH570906,20.811,0.0,20.811
N-99.8939905-20.4217971,TH570906,10.715,0.0,10.715
N-99.8948757-20.4217619,TH570906,11.927,0.0,11.927
N-99.8960428-20.4211336,TH570906,32.111,0.0,32.111
N-99.8980418-20.4218013,TH570906,11.158,0.0,11.158
N-99.8982573-20.4216490,TH570906,8.323,0.0,8.323
N-99.8612916-20.4211763,TH570906,3.82,3.82,0.0
N-99.8614572-20.4213700,TH570906,1.957,1.957,0.0
N-99.8652405-20.4194993,TH570906,10.244,10.244,0.0
N-99.8660717-20.4206617,TH570906,11.307,11.307,0.0
N-99.8671456-20.4209211,TH570906,6.81,6.81,0.0
N-99.8676253-20.4207868,TH570906,6.004,0.0,6.004
N-99.8684867-20.4207360,TH570906,6.305,0.0,6.305
N-99.8690243-20.4206560,TH570906,6.968,0.0,6.968
N-99.8697406-20.4208068,TH570906,6.127,0.0,6.127
N-99.8710604-20.4209246,TH570906,15.334,0.0,15.334
N-99.8716232-20.4212762,TH570906,5.259,0.0,5.259
N-99.8730462-20.4210557,TH570906,5.779,0.0,5.779
N-99.8730987-20.4206157,TH570906,6.83,0.0,6.83
N-99.8743304-20.4208868,TH570906,7.895,0.0,7.895
N-99.8753111-20.4205841,TH570906,8.304,0.0,8.304
N-99.8758586-20.4210534,TH570906,9.141,0.0,9.141
N-99.8767114-20.4207796,TH570906,8.293,0.0,8.293
N-99.8771755-20.4210587,TH570906,12.483,0.0,12.483
N-99.8780887-20.4211364,TH570906,11.044,0.0,11.044
N-99.8789277-20.4208357,TH570906,11.629,0.0,11.629
N-99.8800185-20.4207602,TH570906,12.136,0.0,12.136
N-99.8808571-20.4209210,TH570906,14.043,0.0,14.043
N-99.8815539-20.4208117,TH570906,19.659,0.0,19.659
N-99.8818684-20.4208920,TH570906,19.023,0.0,19.023
N-99.8837365-20.4202835,TH570906,17.786,0.0,17.786
N-99.8843970-20.4204033,TH570906,34.61,0.0,34.61
N-99.8860303-20.4208913,TH570906,16.467,0.0,16.467
N-99.8862816-20.4204873,TH570906,15.528,0.0,15.528
N-99.8881455-20.4210454,TH570906,40.604,0.0,40.604
N-99.8891135-20.4210797,TH570906,20.111,0.0,20.111
N-99.8895353-20.4211426,TH570906,19.729,0.0,19.729
N-99.8907665-20.4201750,TH570906,35.182,0.0,35.182
N-99.8934918-20.4209315,TH570906,33.157,0.0,33.157
N-99.8936672-20.4208118,TH570906,8.517,0.0,8.517
N-99.8950326-20.4209526,TH570906,9.862,0.0,9.862
N-99.8955807-20.4209554,TH570906,8.83,0.0,8.83
N-99.8980851-20.4214158,TH570906,9.355,0.0,9.355
N-99.8986060-20.4213298,TH570906,7.582,0.0,7.582
N-99.8991082-20.4208168,TH570906,6.886,0.0,6.886
N-99.9002547-20.4209931,TH570906,7.78,0.0,7.78
N-99.8612056-20.4211421,TH570906,1.826,1.826,0.0
N-99.8649404-20.4192990,TH570906,12.329,12.329,0.0
N-99.8658674-20.4199882,TH570906,5.601,5.601,0.0
N-99.8663843-20.4201777,TH570906,6.011,6.011,0.0
N-99.8678700-20.4201390,TH570906,5.347,5.347,0.0
N-99.8683789-20.4199742,TH570906,5.267,5.267,0.0
N-99.8691131-20.4201655,TH570906,5.822,0.0,5.822
N-99.8695637-20.4205677,TH570906,5.725,0.0,5.725
N-99.8731323-20.4202764,TH570906,5.318,0.0,5.318
N-99.8734206-20.4199785,TH570906,6.401,0.0,6.401
N-99.8740603-20.4201274,TH570906,6.543,0.0,6.543
N-99.8751824-20.4200163,TH570906,7.136,0.0,7.136
N-99.8759481-20.4199309,TH570906,8.084,0.0,8.084
N-99.8765942-20.4196919,TH570906,7.17,0.0,7.17
N-99.8775069-20.4202588,TH570906,12.069,0.0,12.069
N-99.8783363-20.4196142,TH570906,10.598,10.598,0.0
N-99.8796460-20.4195575,TH570906,11.233,0.0,11.233
N-99.8798383-20.4196933,TH570906,11.86,0.0,11.86
N-99.8809807-20.4199886,TH570906,13.94,0.0,13.94
N-99.8816118-20.4205946,TH570906,19.592,0.0,19.592
N-99.8829825-20.4195321,TH570906,19.695,19.695,0.0
N-99.8832977-20.4196214,TH570906,19.756,0.0,19.756
N-99.8841638-20.4200465,TH570906,19.677,0.0,19.677
N-99.8844748-20.4201572,TH570906,19.82,0.0,19.82
N-99.8863220-20.4202001,TH570906,19.281,0.0,19.281
N-99.8870065-20.4199044,TH570906,39.041,0.0,39.041
N-99.8881164-20.4201101,TH570906,17.144,0.0,17.144
N-99.8889589-20.4198553,TH570906,17.24,0.0,17.24
N-99.8902254-20.4194156,TH570906,16.459,0.0,16.459
N-99.8907542-20.4200729,TH570906,28.829,0.0,28.829
N-99.8934239-20.4195124,TH570906,20.939,0.0,20.939
N-99.8936392-20.4199822,TH570906,21.643,0.0,21.643
N-99.8955663-20.4200979,TH570906,10.543,0.0,10.543
N-99.8955864-20.4200099,TH570906,8.429,0.0,8.429
N-99.8968004-20.4195843,TH570906,6.699,0.0,6.699
N-99.8975921-20.4197965,TH570906,7.106,0.0,7.106
N-99.8981507-20.4195549,TH570906,6.877,0.0,6.877
N-99.8992825-20.4202789,TH570906,7.848,0.0,7.848
N-99.8999235-20.4202123,TH570906,18.211,0.0,18.211
N-99.9010851-20.4202219,TH570906,7.202,0.0,7.202
N-99.8611079-20.4211134,TH570906,1.825,1.825,0.0
N-99.8641014-20.4182717,TH570906,27.004,27.004,0.0
N-99.8645415-20.4186994,TH570906,3.107,3.107,0.0
N-99.8659251-20.4192581,TH570906,4.982,0.0,4.982
N-99.8665831-20.4193055,TH570906,4.84,0.0,4.84
N-99.8672645-20.4190400,TH570906,4.768,0.0,4.768
N-99.8682379-20.4193093,TH570906,5.011,0.0,5.011
N-99.8688862-20.4191683,TH570906,5.409,0.0,5.409
N-99.8701560-20.4190248,TH570906,14.187,9.113,5.074
N-99.8736875-20.4195084,TH570906,14.675,0.0,14.675
N-99.8745652-20.4193533,TH570906,5.697,5.697,0.0
N-99.8748903-20.4192017,TH570906,6.183,0.0,6.183
N-99.8758428-20.4191014,TH570906,10.651,4.302,6.349
N-99.8766276-20.4188946,TH570906,6.293,6.293,0.0
N-99.8777524-20.4194971,TH570906,11.128,0.0,11.128
N-99.8785473-20.4189415,TH570906,11.038,0.0,11.038
N-99.8787877-20.4189894,TH570906,10.334,0.0,10.334
N-99.8802166-20.4191106,TH570906,11.014,0.0,11.014
N-99.8808183-20.4191432,TH570906,11.607,0.0,11.607
N-99.8812949-20.4189574,TH570906,14.771,0.0,14.771
N-99.8828473-20.4191662,TH570906,35.595,0.0,35.595
N-99.8842205-20.4191079,TH570906,17.116,0.0,17.116
N-99.8850017-20.4189949,TH570906,19.982,0.0,19.982
N-99.8863651-20.4192573,TH570906,33.642,0.0,33.642
N-99.8874692-20.4194697,TH570906,17.034,0.0,17.034
N-99.8883637-20.4196418,TH570906,14.137,0.0,14.137
N-99.8889773-20.4197599,TH570906,16.825,0.0,16.825
N-99.8899781-20.4192131,TH570906,16.047,0.0,16.047
N-99.8906891-20.4190772,TH570906,18.145,0.0,18.145
N-99.8919118-20.4190496,TH570906,14.605,0.0,14.605
N-99.8922511-20.4188712,TH570906,12.058,0.0,12.058
N-99.8931235-20.4191379,TH570906,10.825,0.0,10.825
N-99.8958567-20.4193314,TH570906,19.512,0.0,19.512
N-99.8969258-20.4191855,TH570906,7.263,0.0,7.263
N-99.8978780-20.4194163,TH570906,6.739,0.0,6.739
N-99.8983718-20.4191364,TH570906,6.338,0.0,6.338
N-99.8988104-20.4196731,TH570906,7.739,0.0,7.739
N-99.9011923-20.4187254,TH570906,28.405,0.0,28.405
N-99.8589365-20.4179721,TH570906,1.344,1.344,0.0
N-99.8645720-20.4182198,TH570906,15.73,15.73,0.0
N-99.8661233-20.4189070,TH570906,3.214,3.214,0.0
N-99.8667238-20.4186858,TH570906,3.746,3.746,0.0
N-99.8674631-20.4183692,TH570906,7.273,7.273,0.0
N-99.8685598-20.4183886,TH570906,4.683,0.0,4.683
N-99.8693803-20.4184050,TH570906,5.032,0.0,5.032
N-99.8699682-20.4184768,TH570906,5.043,0.0,5.043
N-99.8700439-20.4180281,TH570906,4.922,4.922,0.0
N-99.8703602-20.4176593,TH570906,8.136,8.136,0.0
N-99.8744009-20.4181385,TH570906,4.034,4.034,0.0
N-99.8744157-20.4181925,TH570906,4.191,4.191,0.0
N-99.8744634-20.4182453,TH570906,4.258,0.0,4.258
N-99.8767358-20.4188780,TH570906,5.562,0.0,5.562
N-99.8775974-20.4185551,TH570906,6.614,0.0,6.614
N-99.8782306-20.4182007,TH570906,6.423,0.0,6.423
N-99.8788127-20.4183093,TH570906,6.577,0.0,6.577
N-99.8804705-20.4188180,TH570906,6.28,0.0,6.28
N-99.8808798-20.4185231,TH570906,7.495,0.0,7.495
N-99.8818207-20.4184258,TH570906,38.073,0.0,38.073
N-99.8825005-20.4187563,TH570906,17.722,0.0,17.722
N-99.8837060-20.4187971,TH570906,20.471,20.471,0.0
N-99.8843897-20.4183598,TH570906,18.061,0.0,18.061
N-99.8848192-20.4182425,TH570906,21.208,0.0,21.208
N-99.8857158-20.4181674,TH570906,46.977,0.0,46.977
N-99.8864941-20.4182752,TH570906,22.06,0.0,22.06
N-99.8875154-20.4176150,TH570906,39.747,0.0,39.747
N-99.8884054-20.4176109,TH570906,64.346,0.0,64.346
N-99.8898814-20.4188310,TH570906,38.851,0.0,38.851
N-99.8906575-20.4186929,TH570906,15.818,0.0,15.818
N-99.8916336-20.4182062,TH570906,17.757,0.0,17.757
N-99.8924805-20.4181120,TH570906,15.607,0.0,15.607
N-99.8937062-20.4182327,TH570906,15.444,0.0,15.444
N-99.8944402-20.4182441,TH570906,7.593,0.0,7.593
N-99.8949876-20.4182503,TH570906,8.118,0.0,8.118
N-99.8956019-20.4182179,TH570906,7.224,0.0,7.224
N-99.8971598-20.4184417,TH570906,6.643,0.0,6.643
N-99.8972682-20.4180970,TH570906,11.956,0.0,11.956
N-99.8986791-20.4184765,TH570906,13.21,0.0,13.21
N-99.9015090-20.4183870,TH570906,5.835,0.0,5.835
N-99.8589380-20.4178771,TH570906,1.191,1.191,0.0
N-99.8643027-20.4182495,TH570906,3.586,3.586,0.0
N-99.8678568-20.4179935,TH570906,3.857,3.857,0.0
N-99.8682457-20.4173500,TH570906,4.23,4.23,0.0
N-99.8693803-20.4175209,TH570906,4.04,0.0,4.04
N-99.8701791-20.4172112,TH570906,4.16,0.0,4.16
N-99.8711620-20.4167086,TH570906,3.245,3.245,0.0
N-99.8719467-20.4162428,TH570906,6.431,3.275,3.156
N-99.8744519-20.4179349,TH570906,3.563,0.0,3.563
N-99.8744895-20.4178783,TH570906,4.021,0.0,4.021
N-99.8751815-20.4172336,TH570906,7.657,3.595,4.062
N-99.8759419-20.4172687,TH570906,12.381,4.096,8.285
N-99.8766698-20.4175951,TH570906,4.092,0.0,4.092
N-99.8774514-20.4178850,TH570906,5.188,0.0,5.188
N-99.8782287-20.4173658,TH570906,5.177,0.0,5.177
N-99.8789528-20.4179430,TH570906,12.265,5.216,7.05
N-99.8810448-20.4184653,TH570906,8.669,0.0,8.669
N-99.8819149-20.4184499,TH570906,21.198,0.0,21.198
N-99.8837579-20.4165088,TH570906,47.019,0.0,47.019
N-99.8846295-20.4179286,TH570906,21.864,0.0,21.864
N-99.8848000-20.4171284,TH570906,19.253,0.0,19.253
N-99.8866135-20.4175867,TH570906,23.368,0.0,23.368
N-99.8899127-20.4176508,TH570906,39.76,0.0,39.76
N-99.8908375-20.4175672,TH570906,18.441,0.0,18.441
N-99.8911448-20.4177976,TH570906,18.206,0.0,18.206
N-99.8925341-20.4175653,TH570906,18.34,0.0,18.34
N-99.8933790-20.4174132,TH570906,18.501,0.0,18.501
N-99.8941106-20.4174110,TH570906,8.932,0.0,8.932
N-99.8950393-20.4175113,TH570906,7.219,0.0,7.219
N-99.8957125-20.4175867,TH570906,7.156,0.0,7.156
N-99.8962275-20.4178129,TH570906,6.671,0.0,6.671
N-99.8985341-20.4173241,TH570906,12.03,0.0,12.03
N-99.8988587-20.4167823,TH570906,15.366,0.0,15.366
N-99.9017663-20.4181095,TH570906,4.598,0.0,4.598
N-99.9021069-20.4177325,TH570906,5.298,0.0,5.298
N-99.9023906-20.4173708,TH570906,5.341,0.0,5.341
N-99.8588575-20.4177137,TH570906,0.851,0.851,0.0
N-99.8589163-20.4177858,TH570906,1.137,1.137,0.0
N-99.8675896-20.4162089,TH570906,27.638,22.868,4.77
N-99.8684532-20.4168027,TH570906,2.726,2.726,0.0
N-99.8690522-20.4166930,TH570906,3.011,0.0,3.011
N-99.8699054-20.4169733,TH570906,3.111,0.0,3.111
N-99.8709690-20.4164617,TH570906,3.245,0.0,3.245
N-99.8717875-20.4163012,TH570906,3.18,0.0,3.18
N-99.8734970-20.4163337,TH570906,6.813,3.45,3.363
N-99.8764005-20.4172863,TH570906,4.109,4.109,0.0
N-99.8783329-20.4165905,TH570906,16.313,5.135,11.178
N-99.8803456-20.4160839,TH570906,28.872,0.0,28.872
N-99.8817355-20.4161640,TH570906,55.461,0.0,55.461
N-99.8834608-20.4163560,TH570906,47.071,0.0,47.071
N-99.8849928-20.4165384,TH570906,52.015,0.0,52.015
N-99.8866940-20.4163749,TH570906,51.171,0.0,51.171
N-99.8894689-20.4165038,TH570906,18.915,0.0,18.915
N-99.8904631-20.4163897,TH570906,19.371,0.0,19.371
N-99.8905815-20.4166983,TH570906,18.385,0.0,18.385
N-99.8916530-20.4167450,TH570906,15.59,0.0,15.59
N-99.8923917-20.4168213,TH570906,16.326,0.0,16.326
N-99.8931832-20.4164052,TH570906,15.997,0.0,15.997
N-99.8939852-20.4163474,TH570906,7.791,0.0,7.791
N-99.8950496-20.4165344,TH570906,7.811,0.0,7.811
N-99.8958223-20.4168248,TH570906,7.187,0.0,7.187
N-99.8970878-20.4165111,TH570906,6.679,0.0,6.679
N-99.8973119-20.4165643,TH570906,6.321,0.0,6.321
N-99.8984611-20.4167524,TH570906,5.977,0.0,5.977
N-99.9014124-20.4155556,TH570906,20.63,0.0,20.63
N-99.9024093-20.4168730,TH570906,11.787,0.0,11.787
N-99.9034469-20.4166812,TH570906,6.643,0.0,6.643
N-99.8582420-20.4157968,TH570906,3.085,3.085,0.0
N-99.8694070-20.4165532,TH570906,2.946,2.946,0.0
N-99.8702390-20.4161552,TH570906,2.887,2.887,0.0
N-99.8706028-20.4157512,TH570906,3.07,0.0,3.07
N-99.8714582-20.4157751,TH570906,3.186,0.0,3.186
N-99.8723481-20.4159834,TH570906,3.094,0.0,3.094
N-99.8733516-20.4157175,TH570906,10.167,10.167,0.0
N-99.8735592-20.4157369,TH570906,19.775,7.883,11.891
N-99.8763549-20.4172775,TH570906,4.249,0.0,4.249
N-99.8784111-20.4159252,TH570906,18.487,0.0,18.487
N-99.8816053-20.4161610,TH570906,14.664,0.0,14.664
N-99.8840758-20.4153897,TH570906,28.772,0.0,28.772
N-99.8850942-20.4157090,TH570906,28.92,0.0,28.92
N-99.8852745-20.4157226,TH570906,25.738,0.0,25.738
N-99.8867058-20.4157170,TH570906,27.527,0.0,27.527
N-99.8875628-20.4157125,TH570906,24.129,0.0,24.129
N-99.8883972-20.4156720,TH570906,23.389,0.0,23.389
N-99.8894680-20.4156719,TH570906,20.965,0.0,20.965
N-99.8901106-20.4158811,TH570906,15.415,0.0,15.415
N-99.8913164-20.4160696,TH570906,16.313,0.0,16.313
N-99.8916962-20.4155980,TH570906,13.428,0.0,13.428
N-99.8922679-20.4158676,TH570906,13.078,0.0,13.078
N-99.8935748-20.4159477,TH570906,12.851,0.0,12.851
N-99.8944451-20.4157437,TH570906,7.779,0.0,7.779
N-99.8947844-20.4158457,TH570906,8.335,0.0,8.335
N-99.8960907-20.4158728,TH570906,7.98,0.0,7.98
N-99.8964664-20.4159729,TH570906,7.818,0.0,7.818
N-99.8972848-20.4157805,TH570906,6.745,0.0,6.745
N-99.8983894-20.4160156,TH570906,6.049,0.0,6.049
N-99.8991222-20.4158743,TH570906,10.361,0.0,10.361
N-99.9031128-20.4163625,TH570906,6.245,0.0,6.245
N-99.9036546-20.4159603,TH570906,6.368,0.0,6.368
N-99.9043788-20.4155330,TH570906,7.745,0.0,7.745
N-99.8581969-20.4151836,TH570906,1.629,1.629,0.0
N-99.8582471-20.4155037,TH570906,1.062,1.062,0.0
N-99.8590079-20.4129551,TH570906,2.892,2.892,0.0
N-99.8687431-20.4141683,TH570906,2.398,2.398,0.0
N-99.8691191-20.4142741,TH570906,4.597,4.597,0.0
N-99.8704565-20.4148804,TH570906,2.58,2.58,0.0
N-99.8705197-20.4150842,TH570906,2.701,2.701,0.0
N-99.8715806-20.4152113,TH570906,2.925,0.0,2.925
N-99.8716935-20.4154241,TH570906,3.082,3.082,0.0
N-99.8777577-20.4142209,TH570906,40.26,0.0,40.26
N-99.8787716-20.4142460,TH570906,22.791,0.0,22.791
N-99.8794120-20.4142498,TH570906,20.515,0.0,20.515
N-99.8806493-20.4148416,TH570906,14.333,0.0,14.333
N-99.8816890-20.4149479,TH570906,14.514,0.0,14.514
N-99.8817775-20.4148882,TH570906,15.871,0.0,15.871
N-99.8838221-20.4151989,TH570906,21.386,0.0,21.386
N-99.8841922-20.4150159,TH570906,28.815,0.0,28.815
N-99.8848439-20.4151398,TH570906,31.06,0.0,31.06
N-99.8855497-20.4149202,TH570906,32.543,0.0,32.543
N-99.8866360-20.4148690,TH570906,31.895,0.0,31.895
N-99.8873816-20.4149121,TH570906,30.992,0.0,30.992
N-99.8883069-20.4147337,TH570906,28.134,0.0,28.134
N-99.8890580-20.4149523,TH570906,23.849,0.0,23.849
N-99.8900557-20.4146796,TH570906,17.944,0.0,17.944
N-99.8906739-20.4147450,TH570906,16.683,0.0,16.683
N-99.8916959-20.4149476,TH570906,16.864,0.0,16.864
N-99.8922009-20.4155835,TH570906,14.331,0.0,14.331
N-99.8934241-20.4150258,TH570906,13.326,0.0,13.326
N-99.8939362-20.4148639,TH570906,7.851,0.0,7.851
N-99.8950341-20.4149272,TH570906,8.789,0.0,8.789
N-99.8955780-20.4147438,TH570906,10.727,0.0,10.727
N-99.8967292-20.4150579,TH570906,8.652,0.0,8.652
N-99.8973955-20.4150630,TH570906,6.799,0.0,6.799
N-99.8987654-20.4150640,TH570906,6.027,0.0,6.027
N-99.8988765-20.4149859,TH570906,5.371,0.0,5.371
N-99.8990873-20.4145848,TH570906,11.279,0.0,11.279
N-99.9017718-20.4151534,TH570906,19.641,0.0,19.641
N-99.9028608-20.4147864,TH570906,14.989,0.0,14.989
N-99.9042646-20.4145723,TH570906,9.168,0.0,9.168
N-99.9050305-20.4149498,TH570906,8.233,0.0,8.233
N-99.8583501-20.4137646,TH570906,0.762,0.762,0.0
N-99.8584914-20.4136980,TH570906,0.772,0.772,0.0
N-99.8585341-20.4136407,TH570906,0.79,0.79,0.0
N-99.8590669-20.4128745,TH570906,4.853,4.853,0.0
N-99.8684802-20.4134343,TH570906,6.762,6.762,0.0
N-99.8685875-20.4138566,TH570906,2.552,2.552,0.0
N-99.8686680-20.4140778,TH570906,1.567,1.567,0.0
N-99.8698964-20.4142900,TH570906,2.052,2.052,0.0
N-99.8708595-20.4144752,TH570906,2.192,0.0,2.192
N-99.8712851-20.4137378,TH570906,9.458,7.326,2.132
N-99.8753411-20.4128383,TH570906,20.396,0.0,20.396
N-99.8800001-20.4142636,TH570906,6.895,0.0,6.895
N-99.8806424-20.4142994,TH570906,7.464,0.0,7.464
N-99.8818207-20.4143614,TH570906,17.252,0.0,17.252
N-99.8825118-20.4141550,TH570906,18.084,0.0,18.084
N-99.8834547-20.4139167,TH570906,19.748,0.0,19.748
N-99.8840824-20.4140763,TH570906,25.752,0.0,25.752
N-99.8855198-20.4144900,TH570906,28.128,0.0,28.128
N-99.8858247-20.4140867,TH570906,32.016,0.0,32.016
N-99.8866493-20.4142406,TH570906,27.289,0.0,27.289
N-99.8873041-20.4139442,TH570906,28.382,0.0,28.382
N-99.8883438-20.4139749,TH570906,27.119,0.0,27.119
N-99.8891487-20.4139984,TH570906,24.157,0.0,24.157
N-99.8898799-20.4140335,TH570906,19.11,0.0,19.11
N-99.8906288-20.4140673,TH570906,20.114,0.0,20.114
N-99.8916656-20.4141062,TH570906,20.336,0.0,20.336
N-99.8925808-20.4141135,TH570906,16.138,0.0,16.138
N-99.8936637-20.4140838,TH570906,15.812,0.0,15.812
N-99.8940347-20.4140788,TH570906,8.112,0.0,8.112
N-99.8951352-20.4141080,TH570906,9.842,0.0,9.842
N-99.8952834-20.4139772,TH570906,11.573,0.0,11.573
N-99.8972461-20.4143222,TH570906,16.747,0.0,16.747
N-99.8993675-20.4141046,TH570906,10.486,0.0,10.486
N-99.9027205-20.4142990,TH570906,9.119,0.0,9.119
N-99.9035286-20.4143793,TH570906,7.709,0.0,7.709
N-99.9040895-20.4144152,TH570906,8.25,0.0,8.25
N-99.9051295-20.4144522,TH570906,14.932,0.0,14.932
N-99.9058256-20.4141585,TH570906,9.027,0.0,9.027
N-99.8585860-20.4133940,TH570906,0.724,0.724,0.0
N-99.8590877-20.4127616,TH570906,5.924,5.924,0.0
N-99.8684907-20.4132908,TH570906,8.396,8.396,0.0
N-99.8688582-20.4130424,TH570906,2.782,2.782,0.0
N-99.8699536-20.4135695,TH570906,1.926,0.0,1.926
N-99.8709346-20.4134965,TH570906,2.073,0.0,2.073
N-99.8730642-20.4114991,TH570906,14.641,3.271,11.37
N-99.8758265-20.4126925,TH570906,4.996,0.0,4.996
N-99.8764622-20.4125693,TH570906,6.895,0.0,6.895
N-99.8807484-20.4131902,TH570906,15.575,0.0,15.575
N-99.8817040-20.4131811,TH570906,19.882,0.0,19.882
N-99.8826240-20.4132933,TH570906,21.733,0.0,21.733
N-99.8834386-20.4133184,TH570906,24.35,0.0,24.35
N-99.8841015-20.4132800,TH570906,23.082,0.0,23.082
N-99.8853900-20.4132040,TH570906,25.303,0.0,25.303
N-99.8859219-20.4132319,TH570906,32.098,0.0,32.098
N-99.8861017-20.4132588,TH570906,31.818,0.0,31.818
N-99.8880638-20.4130142,TH570906,59.449,0.0,59.449
N-99.8882908-20.4132241,TH570906,28.207,0.0,28.207
N-99.8889748-20.4136049,TH570906,26.775,0.0,26.775
N-99.8893761-20.4130058,TH570906,52.125,0.0,52.125
N-99.8906409-20.4129727,TH570906,49.274,0.0,49.274
N-99.8916391-20.4136405,TH570906,21.807,0.0,21.807
N-99.8925934-20.4133008,TH570906,19.136,0.0,19.136
N-99.8935854-20.4132694,TH570906,17.311,0.0,17.311
N-99.8938343-20.4132683,TH570906,9.087,0.0,9.087
N-99.8946456-20.4131528,TH570906,8.491,0.0,8.491
N-99.8958337-20.4134006,TH570906,9.862,0.0,9.862
N-99.8959513-20.4129975,TH570906,8.386,0.0,8.386
N-99.8975347-20.4133795,TH570906,6.914,0.0,6.914
N-99.8985550-20.4129192,TH570906,5.849,0.0,5.849
N-99.8990953-20.4134594,TH570906,5.557,0.0,5.557
N-99.8993115-20.4137333,TH570906,8.95,0.0,8.95
N-99.9026084-20.4125919,TH570906,6.053,0.0,6.053
N-99.9028230-20.4127717,TH570906,7.254,0.0,7.254
N-99.9030873-20.4128730,TH570906,12.525,0.0,12.525
N-99.9038607-20.4143390,TH570906,6.707,0.0,6.707
N-99.9062259-20.4138466,TH570906,7.581,0.0,7.581
N-99.9067590-20.4135078,TH570906,12.135,0.0,12.135
N-99.9075548-20.4133406,TH570906,8.566,0.0,8.566
N-99.8584372-20.4125325,TH570906,3.996,3.996,0.0
N-99.8590251-20.4126327,TH570906,1.612,1.612,0.0
N-99.8590735-20.4126900,TH570906,8.131,8.131,0.0
N-99.8685497-20.4132003,TH570906,14.164,14.164,0.0
N-99.8692606-20.4128363,TH570906,2.525,2.525,0.0
N-99.8700044-20.4127525,TH570906,1.506,1.506,0.0
N-99.8707342-20.4129681,TH570906,4.025,0.0,4.025
N-99.8743259-20.4113725,TH570906,7.007,7.007,0.0
N-99.8757675-20.4124386,TH570906,4.675,0.0,4.675
N-99.8766848-20.4124964,TH570906,5.699,0.0,5.699
N-99.8775136-20.4121746,TH570906,8.129,0.0,8.129
N-99.8783746-20.4120414,TH570906,15.105,0.0,15.105
N-99.8792339-20.4120877,TH570906,17.182,0.0,17.182
N-99.8805170-20.4127484,TH570906,7.323,0.0,7.323
N-99.8808390-20.4127110,TH570906,7.624,0.0,7.624
N-99.8813251-20.4122551,TH570906,17.863,0.0,17.863
N-99.8821542-20.4123672,TH570906,18.626,0.0,18.626
N-99.8829663-20.4124770,TH570906,24.421,0.0,24.421
N-99.8840422-20.4126224,TH570906,26.838,0.0,26.838
N-99.8854711-20.4128156,TH570906,30.088,0.0,30.088
N-99.8861322-20.4126984,TH570906,32.633,0.0,32.633
N-99.8869650-20.4127401,TH570906,63.693,0.0,63.693
N-99.8899136-20.4125567,TH570906,24.974,0.0,24.974
N-99.8916716-20.4125797,TH570906,22.299,0.0,22.299
N-99.8925754-20.4128410,TH570906,19.753,0.0,19.753
N-99.8935806-20.4128119,TH570906,17.096,0.0,17.096
N-99.8939369-20.4125994,TH570906,8.937,0.0,8.937
N-99.8946576-20.4126450,TH570906,7.777,0.0,7.777
N-99.8956939-20.4126874,TH570906,7.816,0.0,7.816
N-99.8968754-20.4119454,TH570906,14.019,0.0,14.019
N-99.8978099-20.4123820,TH570906,6.345,0.0,6.345
N-99.8986123-20.4124089,TH570906,9.625,0.0,9.625
N-99.8993683-20.4113740,TH570906,19.561,0.0,19.561
N-99.9019593-20.4121916,TH570906,12.746,0.0,12.746
N-99.9024086-20.4124059,TH570906,4.89,0.0,4.89
N-99.9034348-20.4117095,TH570906,33.453,0.0,33.453
N-99.9075648-20.4126478,TH570906,12.973,0.0,12.973
N-99.9086370-20.4127902,TH570906,5.866,0.0,5.866
N-99.9091610-20.4126120,TH570906,4.122,0.0,4.122
N-99.8535937-20.4134077,TH570906,0.595,0.595,0.0
N-99.8564680-20.4135309,TH570906,1.208,1.208,0.0
N-99.8575778-20.4130673,TH570906,1.264,1.264,0.0
N-99.8585424-20.4124864,TH570906,2.748,2.748,0.0
N-99.8588911-20.4125177,TH570906,2.958,2.958,0.0
N-99.8589702-20.4125693,TH570906,4.138,4.138,0.0
N-99.8696366-20.4126438,TH570906,1.43,1.43,0.0
N-99.8705507-20.4110635,TH570906,9.047,7.433,1.614
N-99.8715276-20.4112341,TH570906,3.626,0.0,3.626
N-99.8721217-20.4112728,TH570906,6.806,0.0,6.806
N-99.8755556-20.4120364,TH570906,3.795,3.795,0.0
N-99.8757665-20.4113276,TH570906,8.655,0.0,8.655
N-99.8765295-20.4113007,TH570906,10.065,0.0,10.065
N-99.8776873-20.4112962,TH570906,12.893,0.0,12.893
N-99.8805938-20.4117826,TH570906,8.333,0.0,8.333
N-99.8810316-20.4117407,TH570906,7.453,0.0,7.453
N-99.8814455-20.4117010,TH570906,17.863,0.0,17.863
N-99.8824997-20.4116001,TH570906,18.594,0.0,18.594
N-99.8834534-20.4115211,TH570906,23.097,0.0,23.097
N-99.8838189-20.4120064,TH570906,28.114,0.0,28.114
N-99.8848808-20.4117753,TH570906,28.952,0.0,28.952
N-99.8858881-20.4119411,TH570906,27.166,0.0,27.166
N-99.8869650-20.4121024,TH570906,60.479,0.0,60.479
N-99.8893407-20.4118032,TH570906,63.12,0.0,63.12
N-99.8898619-20.4117905,TH570906,28.162,0.0,28.162
N-99.8906507-20.4117714,TH570906,25.961,0.0,25.961
N-99.8916581-20.4117539,TH570906,21.206,0.0,21.206
N-99.8925073-20.4117361,TH570906,18.477,0.0,18.477
N-99.8935981-20.4116521,TH570906,17.042,0.0,17.042
N-99.8941207-20.4116392,TH570906,8.436,8.436,0.0
N-99.8945458-20.4113953,TH570906,7.348,0.0,7.348
N-99.8958710-20.4119148,TH570906,6.606,0.0,6.606
N-99.8977247-20.4119871,TH570906,6.208,0.0,6.208
N-99.8985569-20.4118479,TH570906,4.423,0.0,4.423
N-99.9020170-20.4121332,TH570906,4.321,0.0,4.321
N-99.9021135-20.4121470,TH570906,4.261,0.0,4.261
N-99.9072256-20.4113495,TH570906,8.665,0.0,8.665
N-99.9075392-20.4117420,TH570906,8.862,0.0,8.862
N-99.9096422-20.4119668,TH570906,7.484,0.0,7.484
N-99.9103692-20.4116177,TH570906,7.171,0.0,7.171
N-99.9108477-20.4114005,TH570906,3.775,0.0,3.775
N-99.8534194-20.4133008,TH570906,1.14,1.14,0.0
N-99.8535041-20.4133448,TH570906,0.59,0.59,0.0
N-99.8579796-20.4128606,TH570906,0.681,0.681,0.0
N-99.8587677-20.4124776,TH570906,2.79,2.79,0.0
N-99.8708077-20.4107291,TH570906,1.655,1.655,0.0
N-99.8743259-20.4109115,TH570906,6.947,0.0,6.947
N-99.8781675-20.4113141,TH570906,6.55,0.0,6.55
N-99.8796351-20.4112019,TH570906,14.977,0.0,14.977
N-99.8809620-20.4110338,TH570906,8.395,8.395,0.0
N-99.8813057-20.4109821,TH570906,19.838,0.0,19.838
N-99.8824278-20.4108070,TH570906,21.344,0.0,21.344
N-99.8833032-20.4110510,TH570906,22.822,0.0,22.822
N-99.8843695-20.4105545,TH570906,26.319,0.0,26.319
N-99.8852157-20.4105361,TH570906,28.686,0.0,28.686
N-99.8859229-20.4105452,TH570906,30.304,0.0,30.304
N-99.8867735-20.4109924,TH570906,61.748,0.0,61.748
N-99.8892417-20.4106387,TH570906,59.909,0.0,59.909
N-99.8898908-20.4105602,TH570906,28.166,0.0,28.166
N-99.8905282-20.4104740,TH570906,25.861,0.0,25.861
N-99.8917213-20.4110736,TH570906,20.998,0.0,20.998
N-99.8925826-20.4107621,TH570906,19.558,0.0,19.558
N-99.8930042-20.4108502,TH570906,17.028,0.0,17.028
N-99.8941327-20.4106965,TH570906,8.35,0.0,8.35
N-99.8949882-20.4110108,TH570906,6.814,0.0,6.814
N-99.8956481-20.4110233,TH570906,5.49,0.0,5.49
N-99.8969744-20.4107644,TH570906,8.602,0.0,8.602
N-99.8974016-20.4112816,TH570906,4.27,0.0,4.27
N-99.8986159-20.4113401,TH570906,3.764,0.0,3.764
N-99.9009031-20.4096132,TH570906,9.843,0.0,9.843
N-99.9019129-20.4097748,TH570906,15.205,0.0,15.205
N-99.9053356-20.4094527,TH570906,11.776,0.0,11.776
N-99.9072252-20.4106734,TH570906,24.324,0.0,24.324
N-99.9112995-20.4111944,TH570906,9.901,0.0,9.901
N-99.9125446-20.4108187,TH570906,5.854,0.0,5.854
N-99.8507144-20.4107569,TH570906,3.885,3.885,0.0
N-99.8518154-20.4124562,TH570906,0.563,0.563,0.0
N-99.8586287-20.4124761,TH570906,1.358,1.358,0.0
N-99.8709250-20.4100393,TH570906,6.325,4.496,1.829
N-99.8743259-20.4098915,TH570906,6.559,0.0,6.559
N-99.8749587-20.4098062,TH570906,7.152,0.0,7.152
N-99.8755825-20.4096850,TH570906,8.177,0.0,8.177
N-99.8763410-20.4095369,TH570906,9.377,0.0,9.377
N-99.8778354-20.4103223,TH570906,5.83,0.0,5.83
N-99.8784054-20.4101922,TH570906,6.275,0.0,6.275
N-99.8791459-20.4099453,TH570906,6.219,0.0,6.219
N-99.8798415-20.4097838,TH570906,6.345,0.0,6.345
N-99.8811239-20.4102013,TH570906,7.067,0.0,7.067
N-99.8817184-20.4096013,TH570906,16.641,0.0,16.641
N-99.8823716-20.4101103,TH570906,17.517,0.0,17.517
N-99.8834887-20.4099192,TH570906,19.746,0.0,19.746
N-99.8843121-20.4099050,TH570906,25.351,0.0,25.351
N-99.8850481-20.4098392,TH570906,23.311,0.0,23.311
N-99.8856759-20.4097646,TH570906,28.1,0.0,28.1
N-99.8863669-20.4100126,TH570906,25.171,0.0,25.171
N-99.8871642-20.4101634,TH570906,29.306,0.0,29.306
N-99.8882843-20.4098164,TH570906,28.249,0.0,28.249
N-99.8892109-20.4095820,TH570906,55.11,0.0,55.11
N-99.8904316-20.4098390,TH570906,31.205,0.0,31.205
N-99.8917703-20.4097254,TH570906,13.614,0.0,13.614
N-99.8926775-20.4097381,TH570906,11.776,0.0,11.776
N-99.8934712-20.4100552,TH570906,10.405,0.0,10.405
N-99.8941210-20.4099572,TH570906,8.143,0.0,8.143
N-99.8949528-20.4100532,TH570906,6.236,0.0,6.236
N-99.8950098-20.4098719,TH570906,5.064,0.0,5.064
N-99.8975772-20.4098087,TH570906,3.97,0.0,3.97
N-99.8981586-20.4100744,TH570906,3.094,0.0,3.094
N-99.8989861-20.4101026,TH570906,2.985,0.0,2.985
N-99.8999427-20.4095549,TH570906,3.089,0.0,3.089
N-99.9038382-20.4094202,TH570906,6.99,0.0,6.99
N-99.9040865-20.4094393,TH570906,3.361,0.0,3.361
N-99.9060947-20.4094301,TH570906,7.999,0.0,7.999
N-99.9068521-20.4096963,TH570906,12.669,0.0,12.669
N-99.9114758-20.4092083,TH570906,7.36,0.0,7.36
N-99.9116166-20.4094145,TH570906,3.355,0.0,3.355
N-99.9119049-20.4097740,TH570906,4.712,0.0,4.712
N-99.9121812-20.4101975,TH570906,5.055,0.0,5.055
N-99.9133313-20.4102391,TH570906,4.809,0.0,4.809
N-99.8609792-20.4049649,TH570906,14.398,13.007,1.391
N-99.8617396-20.4046419,TH570906,3.2,3.2,0.0
N-99.8709315-20.4095571,TH570906,2.948,2.948,0.0
N-99.8709706-20.4091603,TH570906,9.061,9.061,0.0
N-99.8729986-20.4087524,TH570906,12.389,0.0,12.389
N-99.8741189-20.4087035,TH570906,6.92,0.0,6.92
N-99.8779938-20.4091857,TH570906,5.717,0.0,5.717
N-99.8784256-20.4091128,TH570906,5.341,0.0,5.341
N-99.8792490-20.4092812,TH570906,5.739,0.0,5.739
N-99.8796019-20.4088424,TH570906,6.3,0.0,6.3
N-99.8808611-20.4091355,TH570906,6.551,0.0,6.551
N-99.8814404-20.4090601,TH570906,16.51,0.0,16.51
N-99.8822920-20.4091530,TH570906,17.393,0.0,17.393
N-99.8830709-20.4093835,TH570906,19.306,0.0,19.306
N-99.8838895-20.4091109,TH570906,24.74,0.0,24.74
N-99.8848468-20.4096256,TH570906,25.048,0.0,25.048
N-99.8857737-20.4093541,TH570906,25.002,0.0,25.002
N-99.8868088-20.4091870,TH570906,68.814,0.0,68.814
N-99.8885215-20.4086700,TH570906,71.194,0.0,71.194
N-99.8903494-20.4093666,TH570906,28.052,0.0,28.052
N-99.8920351-20.4090678,TH570906,12.924,0.0,12.924
N-99.8922155-20.4090340,TH570906,11.336,0.0,11.336
N-99.8934369-20.4088247,TH570906,10.253,0.0,10.253
N-99.8942466-20.4090789,TH570906,7.877,0.0,7.877
N-99.8950420-20.4090650,TH570906,6.013,0.0,6.013
N-99.8957916-20.4088547,TH570906,4.903,0.0,4.903
N-99.8966457-20.4088227,TH570906,4.035,0.0,4.035
N-99.8976825-20.4087840,TH570906,3.86,0.0,3.86
N-99.8983929-20.4091662,TH570906,2.983,0.0,2.983
N-99.8990945-20.4091285,TH570906,3.084,0.0,3.084
N-99.8999562-20.4091779,TH570906,2.995,0.0,2.995
N-99.9014462-20.4092631,TH570906,2.993,0.0,2.993
N-99.9019488-20.4092946,TH570906,3.307,0.0,3.307
N-99.9041982-20.4090503,TH570906,4.049,0.0,4.049
N-99.9066277-20.4088126,TH570906,16.936,0.0,16.936
N-99.9090211-20.4078428,TH570906,26.097,0.0,26.097
N-99.9112304-20.4088099,TH570906,6.697,0.0,6.697
N-99.9124843-20.4091556,TH570906,4.15,0.0,4.15
N-99.9139995-20.4094622,TH570906,12.013,0.0,12.013
N-99.8506066-20.4106513,TH570906,1.103,0.551,0.552
N-99.8568686-20.4040248,TH570906,16.816,16.24,0.576
N-99.8579040-20.4041881,TH570906,3.06,3.06,0.0
N-99.8579738-20.4041957,TH570906,1.865,1.865,0.0
N-99.8620863-20.4044647,TH570906,2.391,2.391,0.0
N-99.8621231-20.4044414,TH570906,2.378,2.378,0.0
N-99.8682875-20.4046891,TH570906,3.876,3.876,0.0
N-99.8684334-20.4047665,TH570906,5.033,5.033,0.0
N-99.8710706-20.4088134,TH570906,1.46,1.46,0.0
N-99.8711326-20.4086460,TH570906,1.567,1.567,0.0
N-99.8711988-20.4084348,TH570906,4.261,4.261,0.0
N-99.8758114-20.4085451,TH570906,13.553,0.0,13.553
N-99.8768676-20.4084410,TH570906,10.161,0.0,10.161
N-99.8775580-20.4083067,TH570906,9.955,0.0,9.955
N-99.8783583-20.4081975,TH570906,10.608,0.0,10.608
N-99.8791833-20.4085610,TH570906,5.717,0.0,5.717
N-99.8797607-20.4085182,TH570906,6.305,0.0,6.305
N-99.8807162-20.4079640,TH570906,13.555,0.0,13.555
N-99.8821959-20.4079662,TH570906,38.345,0.0,38.345
N-99.8831222-20.4079572,TH570906,21.826,0.0,21.826
N-99.8838187-20.4079408,TH570906,23.999,0.0,23.999
N-99.8852517-20.4084501,TH570906,21.191,0.0,21.191
N-99.8854358-20.4084370,TH570906,20.479,0.0,20.479
N-99.8890419-20.4085343,TH570906,19.959,0.0,19.959
N-99.8899699-20.4085092,TH570906,12.879,0.0,12.879
N-99.8906432-20.4084265,TH570906,12.701,0.0,12.701
N-99.8912996-20.4083237,TH570906,11.281,0.0,11.281
N-99.8927110-20.4082305,TH570906,10.017,0.0,10.017
N-99.8932635-20.4082111,TH570906,9.242,0.0,9.242
N-99.8939180-20.4081965,TH570906,6.853,0.0,6.853
N-99.8948141-20.4083861,TH570906,5.792,0.0,5.792
N-99.8956451-20.4082113,TH570906,4.743,0.0,4.743
N-99.8966244-20.4081807,TH570906,3.84,0.0,3.84
N-99.8975736-20.4084372,TH570906,3.817,0.0,3.817
N-99.8987232-20.4081689,TH570906,3.056,0.0,3.056
N-99.8992307-20.4081962,TH570906,3.14,0.0,3.14
N-99.8999744-20.4087274,TH570906,2.898,0.0,2.898
N-99.9014551-20.4083154,TH570906,6.038,0.0,6.038
N-99.9019990-20.4088953,TH570906,3.159,0.0,3.159
N-99.9039684-20.4090298,TH570906,3.903,0.0,3.903
N-99.9043513-20.4083664,TH570906,8.206,0.0,8.206
N-99.9063200-20.4088796,TH570906,7.925,0.0,7.925
N-99.9111458-20.4080082,TH570906,3.125,0.0,3.125
N-99.9115214-20.4080243,TH570906,3.334,0.0,3.334
N-99.9126372-20.4086302,TH570906,7.708,0.0,7.708
N-99.8490299-20.4082028,TH570906,1.588,1.588,0.0
N-99.8491104-20.4084630,TH570906,0.541,0.541,0.0
N-99.8621781-20.4043987,TH570906,12.506,9.812,2.694
N-99.8681844-20.4046159,TH570906,0.955,0.955,0.0
N-99.8688759-20.4048570,TH570906,2.104,2.104,0.0
N-99.8712386-20.4076067,TH570906,7.696,7.696,0.0
N-99.8731502-20.4066695,TH570906,11.624,0.0,11.624
N-99.8735114-20.4068101,TH570906,4.338,4.338,0.0
N-99.8736021-20.4067927,TH570906,4.645,0.0,4.645
N-99.8743709-20.4064281,TH570906,18.166,0.0,18.166
N-99.8792267-20.4075353,TH570906,5.694,0.0,5.694
N-99.8795477-20.4080437,TH570906,5.876,0.0,5.876
N-99.8822209-20.4074625,TH570906,33.29,0.0,33.29
N-99.8838174-20.4075135,TH570906,41.056,0.0,41.056
N-99.8850357-20.4076771,TH570906,18.515,0.0,18.515
N-99.8857286-20.4078578,TH570906,14.716,0.0,14.716
N-99.8863117-20.4069229,TH570906,31.971,0.0,31.971
N-99.8873524-20.4068023,TH570906,36.969,0.0,36.969
N-99.8887208-20.4080044,TH570906,18.363,0.0,18.363
N-99.8892085-20.4071743,TH570906,15.173,0.0,15.173
N-99.8901727-20.4077559,TH570906,10.44,0.0,10.44
N-99.8906041-20.4076747,TH570906,11.234,0.0,11.234
N-99.8920714-20.4073987,TH570906,10.911,0.0,10.911
N-99.8925691-20.4073109,TH570906,9.333,0.0,9.333
N-99.8930002-20.4072280,TH570906,14.421,0.0,14.421
N-99.8942560-20.4077239,TH570906,5.977,0.0,5.977
N-99.8953594-20.4074523,TH570906,5.235,0.0,5.235
N-99.8958408-20.4074193,TH570906,4.068,0.0,4.068
N-99.8972725-20.4073769,TH570906,3.721,0.0,3.721
N-99.8973954-20.4077227,TH570906,3.351,0.0,3.351
N-99.8982366-20.4077615,TH570906,2.947,0.0,2.947
N-99.8988064-20.4073305,TH570906,2.969,0.0,2.969
N-99.9001057-20.4072821,TH570906,2.785,0.0,2.785
N-99.9015264-20.4074780,TH570906,5.476,0.0,5.476
N-99.9015390-20.4073680,TH570906,2.905,0.0,2.905
N-99.9040838-20.4070388,TH570906,9.178,0.0,9.178
N-99.9042294-20.4076283,TH570906,7.595,0.0,7.595
N-99.9090799-20.4071995,TH570906,9.013,0.0,9.013
N-99.9112096-20.4073755,TH570906,2.995,0.0,2.995
N-99.9116534-20.4074122,TH570906,3.254,0.0,3.254
N-99.9125618-20.4072040,TH570906,5.77,0.0,5.77
N-99.9131468-20.4073380,TH570906,8.844,0.0,8.844
N-99.8489356-20.4080704,TH570906,2.005,2.005,0.0
N-99.8580558-20.4041873,TH570906,2.517,2.517,0.0
N-99.8680751-20.4045383,TH570906,2.907,2.907,0.0
N-99.8708661-20.4061139,TH570906,3.626,1.578,2.047
N-99.8709305-20.4062849,TH570906,1.687,1.687,0.0
N-99.8711022-20.4065790,TH570906,2.191,2.191,0.0
N-99.8712175-20.4068606,TH570906,2.363,2.363,0.0
N-99.8734355-20.4067789,TH570906,4.325,4.325,0.0
N-99.8759798-20.4063282,TH570906,6.509,0.0,6.509
N-99.8772539-20.4063110,TH570906,10.969,0.0,10.969
N-99.8783505-20.4064104,TH570906,5.71,0.0,5.71
N-99.8792925-20.4062554,TH570906,6.123,0.0,6.123
N-99.8802185-20.4062159,TH570906,7.131,0.0,7.131
N-99.8809545-20.4061755,TH570906,6.401,0.0,6.401
N-99.8815290-20.4061441,TH570906,11.509,0.0,11.509
N-99.8826863-20.4069270,TH570906,14.294,0.0,14.294
N-99.8833233-20.4067787,TH570906,17.333,0.0,17.333
N-99.8838381-20.4065958,TH570906,15.81,0.0,15.81
N-99.8846509-20.4066443,TH570906,16.694,0.0,16.694
N-99.8858379-20.4068277,TH570906,15.53,0.0,15.53
N-99.8888397-20.4069205,TH570906,13.032,0.0,13.032
N-99.8891092-20.4065358,TH570906,12.681,0.0,12.681
N-99.8899353-20.4064025,TH570906,7.588,0.0,7.588
N-99.8904602-20.4069931,TH570906,9.217,0.0,9.217
N-99.8918907-20.4066917,TH570906,8.649,0.0,8.649
N-99.8924704-20.4067544,TH570906,7.779,0.0,7.779
N-99.8940858-20.4066409,TH570906,5.264,0.0,5.264
N-99.8952857-20.4070585,TH570906,5.103,0.0,5.103
N-99.8955577-20.4066142,TH570906,4.765,0.0,4.765
N-99.8972541-20.4070146,TH570906,4.669,0.0,4.669
N-99.8977750-20.4065486,TH570906,3.839,0.0,3.839
N-99.8979193-20.4064095,TH570906,3.648,0.0,3.648
N-99.8990518-20.4065160,TH570906,3.049,0.0,3.049
N-99.8998335-20.4067034,TH570906,2.933,0.0,2.933
N-99.9016004-20.4068986,TH570906,5.611,0.0,5.611
N-99.9016749-20.4063884,TH570906,2.903,0.0,2.903
N-99.9039390-20.4065160,TH570906,8.338,0.0,8.338
N-99.9087882-20.4062370,TH570906,8.744,0.0,8.744
N-99.9102580-20.4064381,TH570906,2.67,0.0,2.67
N-99.9109501-20.4065110,TH570906,2.492,0.0,2.492
N-99.9116172-20.4070351,TH570906,2.613,0.0,2.613
N-99.9136738-20.4060346,TH570906,2.436,0.0,2.436
N-99.9156892-20.4057669,TH570906,4.17,0.0,4.17
N-99.8586649-20.4040265,TH570906,1.266,1.266,0.0
N-99.8617825-20.4046199,TH570906,0.713,0.713,0.0
N-99.8679908-20.4044321,TH570906,1.936,1.936,0.0
N-99.8694553-20.4049550,TH570906,1.325,1.325,0.0
N-99.8705309-20.4055433,TH570906,1.439,1.439,0.0
N-99.8708018-20.4059556,TH570906,1.896,1.896,0.0
N-99.8736614-20.4064456,TH570906,4.201,0.0,4.201
N-99.8745578-20.4054903,TH570906,12.873,0.0,12.873
N-99.8752735-20.4059937,TH570906,5.983,0.0,5.983
N-99.8759679-20.4059896,TH570906,6.079,0.0,6.079
N-99.8767653-20.4056097,TH570906,10.052,0.0,10.052
N-99.8778399-20.4057222,TH570906,5.691,0.0,5.691
N-99.8782486-20.4056010,TH570906,5.717,0.0,5.717
N-99.8792652-20.4058437,TH570906,6.64,6.64,0.0
N-99.8801916-20.4058254,TH570906,7.803,0.0,7.803
N-99.8809321-20.4057851,TH570906,6.843,0.0,6.843
N-99.8818267-20.4058511,TH570906,13.712,0.0,13.712
N-99.8825870-20.4058926,TH570906,15.675,0.0,15.675
N-99.8826864-20.4057728,TH570906,19.293,0.0,19.293
N-99.8838242-20.4064752,TH570906,17.138,0.0,17.138
N-99.8851793-20.4059152,TH570906,15.224,0.0,15.224
N-99.8858446-20.4059592,TH570906,13.858,0.0,13.858
N-99.8867157-20.4052995,TH570906,37.972,0.0,37.972
N-99.8892489-20.4059824,TH570906,20.668,0.0,20.668
N-99.8898022-20.4058837,TH570906,5.68,0.0,5.68
N-99.8903091-20.4063326,TH570906,6.072,0.0,6.072
N-99.8916716-20.4058479,TH570906,6.048,0.0,6.048
N-99.8923933-20.4059785,TH570906,6.366,0.0,6.366
N-99.8936628-20.4057277,TH570906,10.822,0.0,10.822
N-99.8937978-20.4056960,TH570906,14.781,0.0,14.781
N-99.8953157-20.4054126,TH570906,13.867,0.0,13.867
N-99.8955330-20.4062782,TH570906,4.412,0.0,4.412
N-99.8969044-20.4050984,TH570906,12.293,0.0,12.293
N-99.8979234-20.4062511,TH570906,3.952,0.0,3.952
N-99.8981789-20.4061430,TH570906,3.399,0.0,3.399
N-99.8991191-20.4063047,TH570906,2.943,0.0,2.943
N-99.9000447-20.4057879,TH570906,4.937,0.0,4.937
N-99.9017350-20.4059771,TH570906,2.399,0.0,2.399
N-99.9017999-20.4055326,TH570906,2.345,0.0,2.345
N-99.9036378-20.4057017,TH570906,2.387,0.0,2.387
N-99.9037397-20.4059883,TH570906,4.679,0.0,4.679
N-99.9087319-20.4057593,TH570906,8.117,0.0,8.117
N-99.9102098-20.4056638,TH570906,2.102,0.0,2.102
N-99.9109236-20.4056221,TH570906,1.978,0.0,1.978
N-99.9117815-20.4056814,TH570906,1.921,0.0,1.921
N-99.9124328-20.4057955,TH570906,1.938,0.0,1.938
N-99.9131776-20.4056852,TH570906,2.004,0.0,2.004
N-99.9137959-20.4056889,TH570906,3.727,0.0,3.727
N-99.8457968-20.4046542,TH570906,0.418,0.418,0.0
N-99.8468385-20.4066576,TH570906,0.449,0.449,0.0
N-99.8480087-20.4072048,TH570906,0.465,0.465,0.0
N-99.8480857-20.4072404,TH570906,0.478,0.478,0.0
N-99.8500891-20.4019746,TH570906,7.639,7.159,0.479
N-99.8525678-20.4013550,TH570906,4.006,3.51,0.496
N-99.8607847-20.4045627,TH570906,0.646,0.646,0.0
N-99.8615123-20.4047129,TH570906,0.692,0.692,0.0
N-99.8679640-20.4043618,TH570906,0.966,0.966,0.0
N-99.8691147-20.4048846,TH570906,2.698,2.698,0.0
N-99.8700293-20.4051210,TH570906,1.396,1.396,0.0
N-99.8704424-20.4054201,TH570906,3.683,0.0,3.683
N-99.8706355-20.4056564,TH570906,1.986,0.0,1.986
N-99.8748309-20.4054973,TH570906,4.512,0.0,4.512
N-99.8759285-20.4054024,TH570906,4.62,0.0,4.62
N-99.8775298-20.4053345,TH570906,4.871,0.0,4.871
N-99.8784281-20.4047911,TH570906,5.316,0.0,5.316
N-99.8792158-20.4050964,TH570906,6.56,0.0,6.56
N-99.8801108-20.4050401,TH570906,7.824,0.0,7.824
N-99.8808782-20.4049997,TH570906,7.974,0.0,7.974
N-99.8813764-20.4049683,TH570906,16.585,0.0,16.585
N-99.8824557-20.4052852,TH570906,17.351,0.0,17.351
N-99.8826905-20.4053718,TH570906,19.029,0.0,19.029
N-99.8840100-20.4043526,TH570906,17.96,0.0,17.96
N-99.8851832-20.4055292,TH570906,16.319,0.0,16.319
N-99.8856783-20.4050303,TH570906,15.086,0.0,15.086
N-99.8873806-20.4042732,TH570906,10.756,0.0,10.756
N-99.8888046-20.4048699,TH570906,9.362,0.0,9.362
N-99.8894162-20.4047434,TH570906,7.955,0.0,7.955
N-99.8895343-20.4048214,TH570906,4.48,0.0,4.48
N-99.8909400-20.4049279,TH570906,4.441,0.0,4.441
N-99.8915100-20.4048516,TH570906,5.266,0.0,5.266
N-99.8918197-20.4044566,TH570906,5.311,0.0,5.311
N-99.8959834-20.4052791,TH570906,4.042,0.0,4.042
N-99.8975372-20.4049952,TH570906,4.183,0.0,4.183
N-99.8981207-20.4048426,TH570906,3.267,0.0,3.267
N-99.9000187-20.4050083,TH570906,5.723,0.0,5.723
N-99.9009126-20.4050699,TH570906,2.448,0.0,2.448
N-99.9017154-20.4051161,TH570906,2.364,0.0,2.364
N-99.9021980-20.4045803,TH570906,4.662,0.0,4.662
N-99.9033809-20.4052842,TH570906,2.252,0.0,2.252
N-99.9035465-20.4052555,TH570906,2.382,0.0,2.382
N-99.9053903-20.4039389,TH570906,8.373,0.0,8.373
N-99.9074313-20.4039934,TH570906,7.186,0.0,7.186
N-99.9087694-20.4051484,TH570906,1.8,0.0,1.8
N-99.9088231-20.4051258,TH570906,1.816,0.0,1.816
N-99.9101454-20.4049448,TH570906,1.855,0.0,1.855
N-99.9111888-20.4048191,TH570906,1.913,0.0,1.913
N-99.9112987-20.4050831,TH570906,1.982,0.0,1.982
N-99.9125487-20.4054199,TH570906,1.944,0.0,1.944
N-99.9132098-20.4054489,TH570906,1.92,0.0,1.92
N-99.9157375-20.4048266,TH570906,4.232,0.0,4.232
N-99.8458099-20.4042548,TH570906,0.416,0.416,0.0
N-99.8458287-20.4043716,TH570906,0.863,0.863,0.0
N-99.8575526-20.4039141,TH570906,1.212,1.212,0.0
N-99.8589137-20.4039381,TH570906,0.675,0.675,0.0
N-99.8601038-20.4037790,TH570906,0.678,0.678,0.0
N-99.8607203-20.4044672,TH570906,0.688,0.0,0.688
N-99.8615223-20.4041681,TH570906,1.395,0.0,1.395
N-99.8679108-20.4041549,TH570906,2.959,2.959,0.0
N-99.8679425-20.4042713,TH570906,1.063,1.063,0.0
N-99.8698576-20.4050506,TH570906,1.409,0.0,1.409
N-99.8701741-20.4051989,TH570906,1.506,1.506,0.0
N-99.8743818-20.4036834,TH570906,21.525,0.0,21.525
N-99.8758963-20.4037583,TH570906,3.427,0.0,3.427
N-99.8768817-20.4039210,TH570906,3.417,0.0,3.417
N-99.8779090-20.4040195,TH570906,3.656,0.0,3.656
N-99.8783531-20.4040621,TH570906,4.133,0.0,4.133
N-99.8791552-20.4041218,TH570906,5.644,0.0,5.644
N-99.8800839-20.4043803,TH570906,6.624,0.0,6.624
N-99.8808154-20.4041380,TH570906,6.806,0.0,6.806
N-99.8817473-20.4043170,TH570906,13.692,0.0,13.692
N-99.8826100-20.4042753,TH570906,15.369,0.0,15.369
N-99.8830747-20.4039840,TH570906,19.023,0.0,19.023
N-99.8840153-20.4042629,TH570906,20.915,0.0,20.915
N-99.8849747-20.4042544,TH570906,20.166,0.0,20.166
N-99.8856904-20.4043319,TH570906,15.365,0.0,15.365
N-99.8870583-20.4042447,TH570906,12.797,0.0,12.797
N-99.8876351-20.4041353,TH570906,10.696,0.0,10.696
N-99.8887833-20.4039278,TH570906,15.962,0.0,15.962
N-99.8896775-20.4037067,TH570906,4.141,0.0,4.141
N-99.8908189-20.4042682,TH570906,4.097,0.0,4.097
N-99.8916536-20.4038867,TH570906,3.68,0.0,3.68
N-99.8922502-20.4040045,TH570906,9.207,0.0,9.207
N-99.8960517-20.4052689,TH570906,8.0,0.0,8.0
N-99.8981027-20.4040348,TH570906,3.842,0.0,3.842
N-99.8981835-20.4043400,TH570906,3.077,0.0,3.077
N-99.8999281-20.4038597,TH570906,2.458,0.0,2.458
N-99.8999687-20.4044238,TH570906,2.446,0.0,2.446
N-99.9013945-20.4039384,TH570906,4.76,0.0,4.76
N-99.9018050-20.4039572,TH570906,2.356,0.0,2.356
N-99.9034047-20.4040579,TH570906,4.386,0.0,4.386
N-99.9083153-20.4039685,TH570906,1.73,0.0,1.73
N-99.9091288-20.4039491,TH570906,1.771,0.0,1.771
N-99.9101465-20.4044798,TH570906,1.716,0.0,1.716
N-99.9112424-20.4043892,TH570906,3.423,0.0,3.423
N-99.9125943-20.4037934,TH570906,3.304,0.0,3.304
N-99.9132849-20.4038462,TH570906,1.745,0.0,1.745
N-99.9138576-20.4040599,TH570906,1.85,0.0,1.85
N-99.9157482-20.4040951,TH570906,1.959,0.0,1.959
N-99.8455965-20.4033458,TH570906,1.25,1.25,0.0
N-99.8526282-20.4013169,TH570906,2.043,2.043,0.0
N-99.8587626-20.4033175,TH570906,0.601,0.601,0.0
N-99.8589223-20.4035441,TH570906,0.632,0.632,0.0
N-99.8598884-20.4033975,TH570906,0.667,0.0,0.667
N-99.8604414-20.4038915,TH570906,0.693,0.0,0.693
N-99.8679311-20.4040824,TH570906,0.923,0.0,0.923
N-99.8679588-20.4039823,TH570906,1.872,1.872,0.0
N-99.8682412-20.4033856,TH570906,1.918,1.918,0.0
N-99.8682868-20.4032696,TH570906,4.049,4.049,0.0
N-99.8692052-20.4031963,TH570906,1.319,1.319,0.0
N-99.8696677-20.4030193,TH570906,1.463,1.463,0.0
N-99.8700911-20.4028056,TH570906,2.869,1.389,1.48
N-99.8712179-20.4019204,TH570906,3.162,0.0,3.162
N-99.8725577-20.4017594,TH570906,11.959,0.0,11.959
N-99.8758976-20.4035801,TH570906,3.075,0.0,3.075
N-99.8766378-20.4035739,TH570906,3.075,0.0,3.075
N-99.8779169-20.4028648,TH570906,3.867,0.0,3.867
N-99.8785865-20.4032316,TH570906,3.953,0.0,3.953
N-99.8791377-20.4032077,TH570906,8.176,0.0,8.176
N-99.8803045-20.4031826,TH570906,8.648,0.0,8.648
N-99.8808714-20.4033081,TH570906,5.38,0.0,5.38
N-99.8815785-20.4030368,TH570906,10.521,0.0,10.521
N-99.8823297-20.4032658,TH570906,14.276,0.0,14.276
N-99.8832576-20.4033309,TH570906,18.893,0.0,18.893
N-99.8840247-20.4031976,TH570906,20.501,0.0,20.501
N-99.8849582-20.4034367,TH570906,16.813,0.0,16.813
N-99.8858111-20.4035936,TH570906,14.991,0.0,14.991
N-99.8871937-20.4030569,TH570906,23.495,0.0,23.495
N-99.8872903-20.4034566,TH570906,10.369,0.0,10.369
N-99.8885116-20.4030993,TH570906,8.673,0.0,8.673
N-99.8886386-20.4034837,TH570906,6.918,0.0,6.918
N-99.8899765-20.4031562,TH570906,3.642,0.0,3.642
N-99.8907336-20.4038328,TH570906,3.681,0.0,3.681
N-99.8915773-20.4038642,TH570906,3.646,0.0,3.646
N-99.8922065-20.4038107,TH570906,3.831,0.0,3.831
N-99.8928748-20.4028130,TH570906,23.562,0.0,23.562
N-99.8981267-20.4036729,TH570906,14.341,0.0,14.341
N-99.8983719-20.4033829,TH570906,14.845,0.0,14.845
N-99.8991529-20.4033212,TH570906,2.388,0.0,2.388
N-99.8999472-20.4034379,TH570906,2.359,0.0,2.359
N-99.9018420-20.4034719,TH570906,4.391,0.0,4.391
N-99.9032449-20.4031965,TH570906,2.101,0.0,2.101
N-99.9033284-20.4036180,TH570906,2.093,0.0,2.093
N-99.9051846-20.4031285,TH570906,6.769,0.0,6.769
N-99.9058458-20.4034606,TH570906,3.519,0.0,3.519
N-99.9074729-20.4031384,TH570906,1.716,0.0,1.716
N-99.9082975-20.4031333,TH570906,1.722,0.0,1.722
N-99.9093568-20.4032982,TH570906,1.73,0.0,1.73
N-99.9101492-20.4032478,TH570906,1.654,0.0,1.654
N-99.9114980-20.4031637,TH570906,3.281,0.0,3.281
N-99.9133439-20.4036187,TH570906,1.649,0.0,1.649
N-99.9141669-20.4029504,TH570906,3.591,0.0,3.591
N-99.9160647-20.4033937,TH570906,1.845,0.0,1.845
N-99.8454519-20.4026006,TH570906,0.416,0.416,0.0
N-99.8455786-20.4022587,TH570906,0.413,0.413,0.0
N-99.8456801-20.4021092,TH570906,0.411,0.411,0.0
N-99.8457229-20.4019947,TH570906,0.415,0.415,0.0
N-99.8524652-20.4013307,TH570906,0.483,0.0,0.483
N-99.8571222-20.4039707,TH570906,1.188,1.188,0.0
N-99.8588143-20.4030107,TH570906,1.183,1.183,0.0
N-99.8592587-20.4026954,TH570906,0.621,0.0,0.621
N-99.8595193-20.4026532,TH570906,0.666,0.0,0.666
N-99.8610315-20.4013549,TH570906,2.161,0.0,2.161
N-99.8618575-20.4011658,TH570906,3.936,2.33,1.606
N-99.8639814-20.4004624,TH570906,6.886,4.319,2.567
N-99.8684041-20.4032085,TH570906,4.341,3.228,1.113
N-99.8694658-20.4031292,TH570906,1.299,1.299,0.0
N-99.8706642-20.4021707,TH570906,1.531,0.0,1.531
N-99.8741733-20.4016876,TH570906,4.826,0.0,4.826
N-99.8757045-20.4024623,TH570906,5.73,0.0,5.73
N-99.8763013-20.4025465,TH570906,3.279,0.0,3.279
N-99.8779776-20.4025890,TH570906,11.274,0.0,11.274
N-99.8808852-20.4025289,TH570906,4.933,0.0,4.933
N-99.8816550-20.4020463,TH570906,11.335,0.0,11.335
N-99.8825267-20.4027942,TH570906,12.653,0.0,12.653
N-99.8833340-20.4027263,TH570906,14.342,0.0,14.342
N-99.8838490-20.4026835,TH570906,14.417,0.0,14.417
N-99.8850882-20.4025672,TH570906,12.864,0.0,12.864
N-99.8863849-20.4024147,TH570906,24.304,0.0,24.304
N-99.8883846-20.4027150,TH570906,9.24,0.0,9.24
N-99.8897070-20.4023354,TH570906,7.672,0.0,7.672
N-99.8899430-20.4026697,TH570906,4.077,0.0,4.077
N-99.8902193-20.4026622,TH570906,4.012,0.0,4.012
N-99.8924610-20.4020339,TH570906,7.358,3.301,4.057
N-99.8927406-20.4025012,TH570906,8.226,0.0,8.226
N-99.8986521-20.4032407,TH570906,4.749,0.0,4.749
N-99.8989790-20.4031422,TH570906,4.789,0.0,4.789
N-99.8997933-20.4029707,TH570906,6.551,0.0,6.551
N-99.9018784-20.4030365,TH570906,2.183,0.0,2.183
N-99.9030906-20.4024537,TH570906,5.866,0.0,5.866
N-99.9074328-20.4021719,TH570906,1.74,0.0,1.74
N-99.9075130-20.4027518,TH570906,1.68,0.0,1.68
N-99.9082889-20.4027274,TH570906,1.679,0.0,1.679
N-99.9093921-20.4026927,TH570906,1.669,0.0,1.669
N-99.9101615-20.4024208,TH570906,4.691,0.0,4.691
N-99.9116099-20.4025666,TH570906,1.607,0.0,1.607
N-99.9126516-20.4025565,TH570906,1.586,0.0,1.586
N-99.9133010-20.4027389,TH570906,1.558,0.0,1.558
N-99.9143377-20.4023907,TH570906,3.385,0.0,3.385
N-99.9164912-20.4029764,TH570906,1.856,0.0,1.856
N-99.9168348-20.4025038,TH570906,1.857,0.0,1.857
N-99.8437510-20.4022590,TH570906,0.465,0.465,0.0
N-99.8453928-20.4012981,TH570906,0.473,0.473,0.0
N-99.8457402-20.4017352,TH570906,0.901,0.901,0.0
N-99.8475782-20.4000854,TH570906,0.851,0.851,0.0
N-99.8488937-20.4003685,TH570906,0.968,0.968,0.0
N-99.8502772-20.4017207,TH570906,0.51,0.51,0.0
N-99.8504086-20.4014153,TH570906,0.525,0.0,0.525
N-99.8514828-20.4010718,TH570906,0.524,0.524,0.0
N-99.8527185-20.4010342,TH570906,1.591,1.591,0.0
N-99.8589823-20.4028330,TH570906,0.619,0.619,0.0
N-99.8594396-20.4021813,TH570906,0.653,0.0,0.653
N-99.8595249-20.4020511,TH570906,0.667,0.667,0.0
N-99.8598839-20.4016472,TH570906,1.369,0.657,0.713
N-99.8649777-20.4000406,TH570906,1.813,0.914,0.899
N-99.8704037-20.4023722,TH570906,3.841,2.574,1.267
N-99.8709378-20.4019998,TH570906,1.992,0.0,1.992
N-99.8713286-20.4013526,TH570906,2.035,0.0,2.035
N-99.8751382-20.4016517,TH570906,2.213,0.0,2.213
N-99.8753177-20.4015799,TH570906,2.292,0.0,2.292
N-99.8764981-20.4012613,TH570906,2.218,0.0,2.218
N-99.8765474-20.4012119,TH570906,3.098,0.0,3.098
N-99.8800432-20.4010610,TH570906,10.27,3.612,6.658
N-99.8807692-20.4015222,TH570906,4.661,0.0,4.661
N-99.8813988-20.4015347,TH570906,5.397,0.0,5.397
N-99.8827574-20.4015762,TH570906,6.191,0.0,6.191
N-99.8837283-20.4017722,TH570906,6.338,0.0,6.338
N-99.8844016-20.4016390,TH570906,6.354,0.0,6.354
N-99.8847759-20.4017820,TH570906,6.691,0.0,6.691
N-99.8857400-20.4009602,TH570906,10.966,0.0,10.966
N-99.8869282-20.4011111,TH570906,5.257,0.0,5.257
N-99.8876578-20.4010834,TH570906,8.984,0.0,8.984
N-99.8885389-20.4009904,TH570906,8.142,0.0,8.142
N-99.8889774-20.4009489,TH570906,8.286,0.0,8.286
N-99.8898143-20.4023077,TH570906,4.114,0.0,4.114
N-99.8910172-20.4007767,TH570906,7.924,0.0,7.924
N-99.8921881-20.4015786,TH570906,3.918,3.918,0.0
N-99.8922820-20.4017772,TH570906,3.607,0.0,3.607
N-99.9004884-20.4008366,TH570906,11.953,0.0,11.953
N-99.9019681-20.4006959,TH570906,5.153,0.0,5.153
N-99.9030584-20.4018956,TH570906,3.058,0.0,3.058
N-99.9032033-20.4011565,TH570906,1.512,0.0,1.512
N-99.9073297-20.4017852,TH570906,9.676,0.0,9.676
N-99.9082677-20.4017371,TH570906,1.393,0.0,1.393
N-99.9094208-20.4016778,TH570906,4.022,0.0,4.022
N-99.9120471-20.4018979,TH570906,1.334,0.0,1.334
N-99.9126787-20.4020648,TH570906,1.313,0.0,1.313
N-99.9130422-20.4020563,TH570906,1.292,0.0,1.292
N-99.9137691-20.4022210,TH570906,1.371,0.0,1.371
N-99.9154827-20.4009401,TH570906,8.93,0.0,8.93
N-99.9169660-20.4019607,TH570906,1.654,0.0,1.654
N-99.8434220-20.4021820,TH570906,0.422,0.422,0.0
N-99.8452708-20.4009923,TH570906,0.465,0.465,0.0
N-99.8453032-20.4008700,TH570906,0.473,0.473,0.0
N-99.8453949-20.4006868,TH570906,0.474,0.474,0.0
N-99.8461089-20.4001375,TH570906,0.425,0.425,0.0
N-99.8485161-20.4001932,TH570906,0.946,0.946,0.0
N-99.8504883-20.4009138,TH570906,0.509,0.509,0.0
N-99.8506185-20.4007977,TH570906,0.52,0.52,0.0
N-99.8518343-20.4010146,TH570906,0.527,0.527,0.0
N-99.8531381-20.4002459,TH570906,2.127,2.127,0.0
N-99.8542325-20.3990292,TH570906,2.662,2.662,0.0
N-99.8592158-20.3995244,TH570906,5.649,4.355,1.294
N-99.8603058-20.4012164,TH570906,0.699,0.0,0.699
N-99.8608847-20.4007362,TH570906,0.768,0.0,0.768
N-99.8614637-20.4010548,TH570906,0.786,0.0,0.786
N-99.8648385-20.4000720,TH570906,0.886,0.886,0.0
N-99.8651303-20.3999508,TH570906,1.87,0.961,0.909
N-99.8651931-20.3998521,TH570906,2.872,1.926,0.946
N-99.8713286-20.4009680,TH570906,5.431,1.581,3.85
N-99.8723423-20.4012299,TH570906,2.365,0.0,2.365
N-99.8724684-20.4002699,TH570906,7.426,0.0,7.426
N-99.8742721-20.4016517,TH570906,2.541,0.0,2.541
N-99.8754569-20.4006509,TH570906,4.383,0.0,4.383
N-99.8765564-20.4011670,TH570906,4.924,0.0,4.924
N-99.8776402-20.3996372,TH570906,8.385,2.684,5.701
N-99.8801744-20.4008069,TH570906,3.533,0.0,3.533
N-99.8807377-20.4007843,TH570906,3.704,0.0,3.704
N-99.8817274-20.4011086,TH570906,4.571,0.0,4.571
N-99.8826648-20.4007264,TH570906,4.622,0.0,4.622
N-99.8826930-20.4010118,TH570906,4.582,0.0,4.582
N-99.8845675-20.4008280,TH570906,5.386,0.0,5.386
N-99.8851043-20.4008697,TH570906,5.004,0.0,5.004
N-99.8864669-20.4010570,TH570906,4.765,0.0,4.765
N-99.8901013-20.4008370,TH570906,4.115,0.0,4.115
N-99.8912935-20.4007553,TH570906,3.72,0.0,3.72
N-99.8922283-20.4006535,TH570906,6.157,0.0,6.157
N-99.8924127-20.4001761,TH570906,6.789,0.0,6.789
N-99.9033167-20.4007842,TH570906,1.487,0.0,1.487
N-99.9034876-20.4004023,TH570906,1.463,0.0,1.463
N-99.9037352-20.4000027,TH570906,1.449,0.0,1.449
N-99.9082635-20.4015382,TH570906,3.803,0.0,3.803
N-99.9104512-20.4002412,TH570906,1.267,0.0,1.267
N-99.9106494-20.4003317,TH570906,2.595,0.0,2.595
N-99.9125591-20.4004523,TH570906,6.154,0.0,6.154
N-99.9133909-20.4004826,TH570906,4.916,0.0,4.916
N-99.9142811-20.4004775,TH570906,10.828,0.0,10.828
N-99.9169187-20.4011857,TH570906,1.616,0.0,1.616
N-99.9174269-20.4009756,TH570906,3.099,0.0,3.099
N-99.8454173-20.4005553,TH570906,1.185,1.185,0.0
N-99.8454778-20.4004382,TH570906,1.22,1.22,0.0
N-99.8459076-20.4002292,TH570906,0.427,0.427,0.0
N-99.8464027-20.3999140,TH570906,0.424,0.424,0.0
N-99.8474794-20.4000002,TH570906,0.427,0.427,0.0
N-99.8491573-20.4000326,TH570906,0.491,0.491,0.0
N-99.8500285-20.3999329,TH570906,0.518,0.518,0.0
N-99.8508852-20.3995983,TH570906,0.527,0.527,0.0
N-99.8516799-20.3996887,TH570906,0.525,0.525,0.0
N-99.8536503-20.3994435,TH570906,1.035,1.035,0.0
N-99.8555629-20.3980739,TH570906,3.248,3.248,0.0
N-99.8602789-20.3997489,TH570906,0.695,0.0,0.695
N-99.8607968-20.3996907,TH570906,0.761,0.0,0.761
N-99.8615197-20.3998765,TH570906,0.779,0.0,0.779
N-99.8617385-20.3997429,TH570906,0.82,0.0,0.82
N-99.8642102-20.4002695,TH570906,0.889,0.0,0.889
N-99.8669833-20.3981647,TH570906,1.882,0.978,0.903
N-99.8675251-20.3980214,TH570906,1.114,1.114,0.0
N-99.8707334-20.3984861,TH570906,2.493,2.493,0.0
N-99.8714389-20.4001503,TH570906,4.991,3.108,1.883
N-99.8744799-20.3996095,TH570906,2.346,0.0,2.346
N-99.8755736-20.3997533,TH570906,4.06,0.0,4.06
N-99.8763006-20.3998745,TH570906,2.182,2.182,0.0
N-99.8795288-20.3998818,TH570906,2.969,0.0,2.969
N-99.8800884-20.3999508,TH570906,3.49,0.0,3.49
N-99.8930250-20.3986171,TH570906,2.332,0.0,2.332
N-99.8957993-20.3974097,TH570906,2.147,0.0,2.147
N-99.8964555-20.3974283,TH570906,6.659,0.0,6.659
N-99.9004787-20.4003003,TH570906,8.981,0.0,8.981
N-99.9008784-20.4002613,TH570906,1.614,0.0,1.614
N-99.9017715-20.4001382,TH570906,1.613,0.0,1.613
N-99.9025199-20.4000615,TH570906,1.481,0.0,1.481
N-99.9032789-20.3999999,TH570906,1.461,0.0,1.461
N-99.9039551-20.3996479,TH570906,2.785,0.0,2.785
N-99.9043706-20.3989239,TH570906,1.389,0.0,1.389
N-99.9103918-20.4000753,TH570906,2.459,0.0,2.459
N-99.9179754-20.4006492,TH570906,1.527,0.0,1.527
N-99.9183277-20.4003835,TH570906,1.555,0.0,1.555
N-99.8459330-20.3982041,TH570906,0.844,0.844,0.0
N-99.8466501-20.3994028,TH570906,0.428,0.428,0.0
N-99.8467528-20.3992255,TH570906,0.424,0.424,0.0
N-99.8475079-20.3991638,TH570906,0.429,0.0,0.429
N-99.8481816-20.3991157,TH570906,0.471,0.471,0.0
N-99.8487477-20.3991606,TH570906,0.491,0.491,0.0
N-99.8501824-20.3994725,TH570906,0.514,0.514,0.0
N-99.8510431-20.3995119,TH570906,0.524,0.524,0.0
N-99.8517968-20.3991744,TH570906,0.534,0.0,0.534
N-99.8522137-20.3987240,TH570906,3.593,2.555,1.038
N-99.8544685-20.3986672,TH570906,1.532,1.532,0.0
N-99.8601936-20.3993180,TH570906,0.683,0.0,0.683
N-99.8607950-20.3990039,TH570906,0.765,0.0,0.765
N-99.8618500-20.3991096,TH570906,0.782,0.0,0.782
N-99.8625366-20.3990795,TH570906,0.814,0.0,0.814
N-99.8636202-20.3988582,TH570906,1.681,0.845,0.836
N-99.8643283-20.3987174,TH570906,1.772,0.0,1.772
N-99.8652155-20.3991609,TH570906,0.89,0.0,0.89
N-99.8654668-20.3987660,TH570906,0.911,0.0,0.911
N-99.8665519-20.3981971,TH570906,0.943,0.943,0.0
N-99.8673025-20.3980918,TH570906,1.921,0.967,0.954
N-99.8677749-20.3979180,TH570906,1.938,1.0,0.938
N-99.8689822-20.3975646,TH570906,2.413,2.413,0.0
N-99.8709802-20.3987275,TH570906,1.359,1.359,0.0
N-99.8715370-20.3991671,TH570906,1.852,0.0,1.852
N-99.8726231-20.3990846,TH570906,1.89,0.0,1.89
N-99.8738639-20.3992071,TH570906,2.489,0.0,2.489
N-99.8980463-20.3972544,TH570906,10.573,0.0,10.573
N-99.9015821-20.3996788,TH570906,7.88,0.0,7.88
N-99.9023715-20.3996163,TH570906,1.415,0.0,1.415
N-99.9033578-20.3995663,TH570906,1.375,0.0,1.375
N-99.9041706-20.3991349,TH570906,1.364,0.0,1.364
N-99.9044833-20.3987932,TH570906,1.313,0.0,1.313
N-99.9045879-20.3986348,TH570906,3.904,0.0,3.904
N-99.9051297-20.3977825,TH570906,6.095,0.0,6.095
N-99.9091203-20.3979840,TH570906,11.01,0.0,11.01
N-99.9105849-20.3983808,TH570906,8.295,0.0,8.295
N-99.9185649-20.3987278,TH570906,2.844,0.0,2.844
N-99.9186051-20.3987831,TH570906,1.434,0.0,1.434
N-99.9191933-20.3992792,TH570906,1.622,0.0,1.622
N-99.8458311-20.3980412,TH570906,2.29,2.29,0.0
N-99.8465972-20.3984770,TH570906,0.422,0.422,0.0
N-99.8473202-20.3988771,TH570906,0.421,0.421,0.0
N-99.8485161-20.3985596,TH570906,0.524,0.0,0.524
N-99.8489890-20.3984337,TH570906,0.543,0.543,0.0
N-99.8495135-20.3977911,TH570906,0.56,0.56,0.0
N-99.8514098-20.3991603,TH570906,0.576,0.0,0.576
N-99.8547904-20.3984158,TH570906,2.985,2.985,0.0
N-99.8560778-20.3977521,TH570906,3.045,3.045,0.0
N-99.8572007-20.3973256,TH570906,3.286,2.699,0.587
N-99.8588673-20.3975912,TH570906,1.233,0.618,0.615
N-99.8594666-20.3980569,TH570906,0.64,0.0,0.64
N-99.8596505-20.3982146,TH570906,0.678,0.0,0.678
N-99.8610102-20.3987723,TH570906,0.804,0.0,0.804
N-99.8614700-20.3982899,TH570906,0.804,0.0,0.804
N-99.8628799-20.3989085,TH570906,0.836,0.836,0.0
N-99.8650328-20.3980830,TH570906,0.934,0.0,0.934
N-99.8659580-20.3983183,TH570906,0.938,0.0,0.938
N-99.8667714-20.3981923,TH570906,1.868,0.0,1.868
N-99.8682094-20.3977420,TH570906,0.971,0.971,0.0
N-99.8702828-20.3978828,TH570906,1.219,1.219,0.0
N-99.9028517-20.3995783,TH570906,1.371,0.0,1.371
N-99.9041429-20.3990254,TH570906,1.349,0.0,1.349
N-99.9185622-20.3986800,TH570906,4.077,0.0,4.077
N-99.9186373-20.3982627,TH570906,2.226,0.0,2.226
N-99.9195519-20.3983789,TH570906,1.59,0.0,1.59
N-99.8458588-20.3979508,TH570906,0.778,0.778,0.0
N-99.8462417-20.3973891,TH570906,0.4,0.4,0.0
N-99.8468323-20.3972226,TH570906,0.403,0.403,0.0
N-99.8470456-20.3971556,TH570906,0.403,0.403,0.0
N-99.8491116-20.3981122,TH570906,0.433,0.433,0.0
N-99.8493531-20.3978796,TH570906,0.439,0.439,0.0
N-99.8497422-20.3973439,TH570906,0.454,0.454,0.0
N-99.8497600-20.3972820,TH570906,0.465,0.465,0.0
N-99.8565533-20.3974501,TH570906,8.541,7.963,0.578
N-99.8582343-20.3972995,TH570906,1.158,0.565,0.593
N-99.8601964-20.3969791,TH570906,0.617,0.0,0.617
N-99.8611240-20.3977088,TH570906,0.736,0.0,0.736
N-99.8612153-20.3974971,TH570906,1.483,0.749,0.734
N-99.8643697-20.3972092,TH570906,0.806,0.806,0.0
N-99.8644550-20.3973568,TH570906,0.852,0.0,0.852
N-99.8646651-20.3978122,TH570906,0.886,0.0,0.886
N-99.8657549-20.3981383,TH570906,0.898,0.0,0.898
N-99.8987026-20.3967200,TH570906,1.465,0.0,1.465
N-99.8991069-20.3964094,TH570906,2.849,0.0,2.849
N-99.9015854-20.3957130,TH570906,9.731,0.0,9.731
N-99.9036061-20.3969113,TH570906,8.939,0.0,8.939
N-99.9058083-20.3966914,TH570906,3.411,0.0,3.411
N-99.9105673-20.3978771,TH570906,4.643,0.0,4.643
N-99.9186829-20.3981169,TH570906,3.424,0.0,3.424
N-99.9197594-20.3976705,TH570906,0.932,0.0,0.932
N-99.8459120-20.3958087,TH570906,1.861,1.861,0.0
N-99.8459476-20.3958935,TH570906,0.774,0.774,0.0
N-99.8462631-20.3961925,TH570906,0.797,0.797,0.0
N-99.8467906-20.3967056,TH570906,0.396,0.396,0.0
N-99.8470869-20.3969203,TH570906,0.838,0.838,0.0
N-99.8496667-20.3971749,TH570906,4.425,3.986,0.439
N-99.8497422-20.3972289,TH570906,3.309,3.309,0.0
N-99.8577837-20.3971990,TH570906,3.295,3.295,0.0
N-99.8600570-20.3963935,TH570906,0.601,0.0,0.601
N-99.8602300-20.3966593,TH570906,0.615,0.0,0.615
N-99.8607106-20.3971052,TH570906,0.733,0.0,0.733
N-99.8612201-20.3972854,TH570906,0.714,0.0,0.714
N-99.8626955-20.3959661,TH570906,3.967,2.49,1.477
N-99.8633849-20.3962492,TH570906,2.269,0.74,1.529
N-99.8640611-20.3965692,TH570906,2.424,1.615,0.808
N-99.8642909-20.3968707,TH570906,1.73,0.853,0.877
N-99.8643959-20.3970738,TH570906,0.89,0.0,0.89
N-99.9060577-20.3963169,TH570906,0.988,0.0,0.988
N-99.9067792-20.3957059,TH570906,1.968,0.0,1.968
N-99.9105153-20.3963847,TH570906,9.896,0.0,9.896
N-99.9166591-20.3947669,TH570906,14.117,0.0,14.117
N-99.9196393-20.3960148,TH570906,0.812,0.0,0.812
N-99.9198831-20.3966217,TH570906,0.863,0.0,0.863
N-99.8470147-20.3968269,TH570906,0.841,0.841,0.0
N-99.8601003-20.3962448,TH570906,1.734,1.129,0.605
N-99.8610149-20.3954492,TH570906,0.726,0.0,0.726
N-99.8616582-20.3957446,TH570906,1.434,0.0,1.434
N-99.8637329-20.3963600,TH570906,2.901,2.901,0.0
N-99.8991268-20.3960987,TH570906,1.406,0.0,1.406
N-99.9031282-20.3950291,TH570906,13.318,0.0,13.318
N-99.9059182-20.3965230,TH570906,1.206,0.0,1.206
N-99.9062267-20.3961308,TH570906,2.384,0.0,2.384
N-99.9069536-20.3955149,TH570906,0.972,0.0,0.972
N-99.9070367-20.3953816,TH570906,0.974,0.0,0.974
N-99.9101719-20.3957009,TH570906,7.15,0.0,7.15
N-99.9171232-20.3946689,TH570906,1.487,0.0,1.487
N-99.9186011-20.3947933,TH570906,2.273,0.0,2.273
N-99.9194721-20.3955157,TH570906,0.836,0.0,0.836
N-99.8458379-20.3943406,TH570906,1.116,1.116,0.0
N-99.8461734-20.3950121,TH570906,0.393,0.393,0.0
N-99.8465987-20.3950061,TH570906,0.394,0.394,0.0
N-99.8467328-20.3948611,TH570906,0.825,0.825,0.0
N-99.8607194-20.3949877,TH570906,43.083,38.937,4.147
N-99.8621375-20.3958184,TH570906,1.433,1.433,0.0
N-99.8629647-20.3960707,TH570906,1.327,1.327,0.0
N-99.8994353-20.3947669,TH570906,1.386,0.0,1.386
N-99.9013016-20.3952014,TH570906,1.395,0.0,1.395
N-99.9015080-20.3951819,TH570906,4.134,0.0,4.134
N-99.9063957-20.3959875,TH570906,1.197,0.0,1.197
N-99.9070850-20.3952157,TH570906,1.958,0.0,1.958
N-99.9072432-20.3944011,TH570906,2.145,0.0,2.145
N-99.9174263-20.3946035,TH570906,0.765,0.0,0.765
N-99.9191898-20.3949266,TH570906,0.802,0.0,0.802
N-99.8458233-20.3942629,TH570906,1.107,1.107,0.0
N-99.8458318-20.3941495,TH570906,0.386,0.386,0.0
N-99.8467328-20.3942424,TH570906,0.397,0.397,0.0
N-99.8468118-20.3940490,TH570906,0.394,0.394,0.0
N-99.8473241-20.3933078,TH570906,1.2,1.2,0.0
N-99.8474513-20.3930242,TH570906,2.019,2.019,0.0
N-99.8997010-20.3939911,TH570906,2.755,0.0,2.755
N-99.9072888-20.3942277,TH570906,0.973,0.0,0.973
N-99.9073613-20.3940944,TH570906,0.955,0.0,0.955
N-99.9076570-20.3938190,TH570906,0.929,0.0,0.929
N-99.9096838-20.3935689,TH570906,3.551,0.0,3.551
N-99.9116617-20.3915485,TH570906,3.959,0.0,3.959
N-99.9175456-20.3945771,TH570906,0.757,0.0,0.757
N-99.9181706-20.3946953,TH570906,1.468,0.0,1.468
N-99.9189873-20.3948813,TH570906,0.791,0.0,0.791
N-99.8451482-20.3922652,TH570906,0.686,0.686,0.0
N-99.8459259-20.3934452,TH570906,0.346,0.346,0.0
N-99.8459412-20.3933328,TH570906,0.354,0.354,0.0
N-99.8468806-20.3936558,TH570906,0.363,0.363,0.0
N-99.8475063-20.3926826,TH570906,5.305,5.305,0.0
N-99.8996601-20.3935385,TH570906,2.663,0.0,2.663
N-99.9067267-20.3920440,TH570906,11.0,0.0,11.0
N-99.9075519-20.3936740,TH570906,1.856,0.0,1.856
N-99.9083456-20.3933075,TH570906,0.916,0.0,0.916
N-99.9096680-20.3933880,TH570906,0.882,0.0,0.882
N-99.9097277-20.3932225,TH570906,0.873,0.0,0.873
N-99.9098933-20.3928902,TH570906,0.792,0.0,0.792
N-99.9110681-20.3918166,TH570906,3.136,0.0,3.136
N-99.9126989-20.3910800,TH570906,3.839,0.0,3.839
N-99.9175778-20.3945734,TH570906,0.719,0.0,0.719
N-99.8444222-20.3917990,TH570906,0.341,0.341,0.0
N-99.8457392-20.3925008,TH570906,0.349,0.349,0.0
N-99.8470078-20.3920768,TH570906,0.352,0.352,0.0
N-99.8474204-20.3924022,TH570906,8.519,8.138,0.381
N-99.9019569-20.3904151,TH570906,15.303,0.0,15.303
N-99.9088593-20.3926546,TH570906,0.91,0.0,0.91
N-99.9093863-20.3925935,TH570906,0.901,0.0,0.901
N-99.9098581-20.3924703,TH570906,0.871,0.0,0.871
N-99.9138308-20.3905621,TH570906,2.285,0.0,2.285
N-99.9168268-20.3915401,TH570906,4.97,0.0,4.97
N-99.9195104-20.3913412,TH570906,2.894,0.0,2.894
N-99.8441645-20.3917008,TH570906,0.336,0.336,0.0
N-99.8448994-20.3918228,TH570906,0.337,0.337,0.0
N-99.8464543-20.3918233,TH570906,0.341,0.341,0.0
N-99.8464852-20.3917384,TH570906,0.348,0.348,0.0
N-99.8472038-20.3922153,TH570906,0.344,0.344,0.0
N-99.9072989-20.3912649,TH570906,0.972,0.0,0.972
N-99.9078950-20.3907807,TH570906,1.926,0.0,1.926
N-99.9097339-20.3922255,TH570906,1.784,0.0,1.784
N-99.9144128-20.3903509,TH570906,0.703,0.0,0.703
N-99.8439039-20.3915790,TH570906,0.331,0.331,0.0
N-99.8458595-20.3908135,TH570906,0.667,0.667,0.0
N-99.8463993-20.3910777,TH570906,0.338,0.338,0.0
N-99.8465645-20.3912457,TH570906,1.083,1.083,0.0
N-99.9069953-20.3899944,TH570906,2.14,0.0,2.14
N-99.9073693-20.3910396,TH570906,1.031,0.0,1.031
N-99.9075917-20.3909142,TH570906,1.012,0.0,1.012
N-99.9086806-20.3901598,TH570906,4.793,0.0,4.793
N-99.9103207-20.3900904,TH570906,3.589,0.0,3.589
N-99.9140829-20.3904540,TH570906,0.777,0.0,0.777
N-99.9149385-20.3902202,TH570906,0.714,0.0,0.714
N-99.9154401-20.3900668,TH570906,1.431,0.0,1.431
N-99.9168187-20.3909870,TH570906,0.712,0.0,0.712
N-99.9169609-20.3904163,TH570906,0.716,0.0,0.716
N-99.9195289-20.3910188,TH570906,1.477,0.0,1.477
N-99.8432136-20.3900693,TH570906,0.307,0.307,0.0
N-99.8433094-20.3902013,TH570906,0.329,0.329,0.0
N-99.8457357-20.3901238,TH570906,0.34,0.34,0.0
N-99.8457830-20.3900999,TH570906,0.341,0.341,0.0
N-99.8461620-20.3900175,TH570906,2.076,2.076,0.0
N-99.9018817-20.3901018,TH570906,1.218,0.0,1.218
N-99.9064115-20.3890939,TH570906,10.294,0.0,10.294
N-99.9067535-20.3896214,TH570906,1.113,0.0,1.113
N-99.9076882-20.3901147,TH570906,1.018,0.0,1.018
N-99.9108047-20.3898814,TH570906,8.385,0.0,8.385
N-99.9166618-20.3896645,TH570906,0.711,0.0,0.711
N-99.9171929-20.3898179,TH570906,0.74,0.0,0.74
N-99.9172908-20.3896570,TH570906,0.746,0.0,0.746
N-99.9198774-20.3900979,TH570906,0.775,0.0,0.775
N-99.8430239-20.3893498,TH570906,0.311,0.311,0.0
N-99.8430620-20.3894207,TH570906,0.308,0.308,0.0
N-99.8460176-20.3891506,TH570906,1.615,1.615,0.0
N-99.9022120-20.3887283,TH570906,1.469,0.0,1.469
N-99.9023099-20.3884530,TH570906,2.956,0.0,2.956
N-99.9072376-20.3894157,TH570906,3.141,0.0,3.141
N-99.9074951-20.3897275,TH570906,0.983,0.0,0.983
N-99.8427823-20.3886452,TH570906,0.3,0.3,0.0
N-99.8430426-20.3883157,TH570906,0.302,0.302,0.0
N-99.8430520-20.3882500,TH570906,0.304,0.304,0.0
N-99.8460108-20.3885157,TH570906,0.312,0.312,0.0
N-99.8460692-20.3882708,TH570906,0.637,0.637,0.0
N-99.8462411-20.3878164,TH570906,3.133,3.133,0.0
N-99.9023313-20.3880859,TH570906,1.474,0.0,1.474
N-99.8430056-20.3876021,TH570906,0.304,0.304,0.0
N-99.8430845-20.3873672,TH570906,0.302,0.302,0.0
N-99.8435613-20.3869667,TH570906,0.301,0.301,0.0
N-99.8461861-20.3879350,TH570906,0.31,0.31,0.0
N-99.8462755-20.3873974,TH570906,18.482,18.162,0.32
N-99.8673273-20.3813877,TH570906,9.191,8.707,0.484
N-99.9030364-20.3867746,TH570906,4.422,0.0,4.422
N-99.9073127-20.3860265,TH570906,12.737,0.0,12.737
N-99.8425832-20.3866462,TH570906,0.305,0.305,0.0
N-99.8433081-20.3866702,TH570906,0.302,0.302,0.0
N-99.8436802-20.3867883,TH570906,0.619,0.619,0.0
N-99.9064735-20.3854457,TH570906,1.432,0.0,1.432
N-99.8425078-20.3857900,TH570906,0.302,0.302,0.0
N-99.8435402-20.3860344,TH570906,0.3,0.3,0.0
N-99.8439373-20.3857086,TH570906,0.305,0.305,0.0
N-99.8441900-20.3854648,TH570906,0.308,0.308,0.0
N-99.8444020-20.3850074,TH570906,0.31,0.31,0.0
N-99.9105439-20.3834414,TH570906,3.59,0.0,3.59
N-99.8432883-20.3847968,TH570906,0.345,0.345,0.0
N-99.8443078-20.3850862,TH570906,0.346,0.346,0.0
N-99.8446393-20.3846935,TH570906,0.346,0.346,0.0
N-99.8449775-20.3843338,TH570906,0.693,0.693,0.0
N-99.8450751-20.3841382,TH570906,1.042,1.042,0.0
N-99.9071337-20.3853216,TH570906,1.031,0.0,1.031
N-99.8435619-20.3841054,TH570906,0.345,0.345,0.0
N-99.8452871-20.3834458,TH570906,15.283,15.283,0.0
N-99.8434171-20.3836604,TH570906,0.345,0.345,0.0
N-99.8450818-20.3834347,TH570906,1.714,1.714,0.0
N-99.8432176-20.3796331,TH570906,1.2,0.9,0.301
N-99.8435945-20.3788307,TH570906,2.454,2.454,0.0
N-99.8456812-20.3763515,TH570906,29.426,29.119,0.307
N-99.8434923-20.3786647,TH570906,0.302,0.302,0.0
N-99.8434094-20.3775106,TH570906,0.312,0.312,0.0
N-99.8437339-20.3772718,TH570906,0.606,0.606,0.0
N-99.8436481-20.3768142,TH570906,0.285,0.285,0.0
N-99.8439056-20.3764295,TH570906,0.571,0.571,0.0
N-99.8455417-20.3762887,TH570906,3.483,3.483,0.0
N-99.8442221-20.3761127,TH570906,1.755,1.755,0.0
N-99.8444661-20.3761026,TH570906,1.762,1.762,0.0
N-99.8402787-20.3740882,TH570906,0.292,0.292,0.0
N-99.9598588-20.3552017,TH570908,2.955,0.0,2.955
N-99.9651845-20.3535542,TH570908,0.998,0.0,0.998
N-99.9579209-20.3533081,TH570908,33.987,8.849,25.138
N-99.9651791-20.3530463,TH570908,1.855,0.0,1.855
N-99.9631713-20.3506726,TH570908,29.847,2.663,27.184
N-99.9639988-20.3505079,TH570908,3.402,0.0,3.402
N-99.9655278-20.3527948,TH570908,0.901,0.0,0.901
N-99.9648383-20.3503356,TH570908,1.701,0.0,1.701
N-99.9635603-20.3505859,TH570908,1.687,0.0,1.687
N-99.9651481-20.3502677,TH570908,0.844,0.0,0.844
N-99.9401491-20.3515390,TH570908,13.457,4.286,9.171
N-99.9437975-20.3545745,TH570908,1.635,1.076,0.558
N-99.9652567-20.3502413,TH570908,0.8,0.0,0.8
N-99.9656248-20.3501438,TH570908,0.787,0.0,0.787
N-99.9485907-20.3553380,TH570908,0.559,0.559,0.0
N-99.9519932-20.3546681,TH570908,3.237,2.668,0.569
N-99.9658431-20.3478545,TH570908,2.229,0.0,2.229
N-99.9383994-20.3500456,TH570908,2.651,0.0,2.651
N-99.9502276-20.3550389,TH570908,1.037,1.037,0.0
N-99.9510193-20.3548701,TH570908,1.043,1.043,0.0
N-99.9517822-20.3546861,TH570908,2.638,2.638,0.0
N-99.9658495-20.3476216,TH570908,23.182,0.704,22.478
N-99.9367194-20.3470450,TH570908,17.577,1.032,16.545
N-99.9469622-20.3374750,TH570908,74.867,22.54,52.326
N-99.9647418-20.3405867,TH570908,72.472,13.318,59.153
N-99.9651372-20.3405618,TH570908,5.59,0.0,5.59
N-99.9319223-20.3395304,TH570908,22.032,0.0,22.032
N-99.9389255-20.3364835,TH570908,32.37,0.0,32.37
N-99.9265174-20.3401656,TH570908,1.498,0.0,1.498
N-99.9294748-20.3390224,TH570908,2.179,0.0,2.179
N-99.9304159-20.3391375,TH570908,0.753,0.0,0.753
N-99.9304346-20.3391431,TH570908,1.031,0.0,1.031
N-99.9519141-20.3325663,TH570908,39.003,4.004,35.0
N-99.9260643-20.3402925,TH570908,13.084,4.706,8.378
N-99.9274915-20.3397361,TH570908,14.512,3.075,11.437
N-99.9298758-20.3388376,TH570908,0.762,0.0,0.762
N-99.9308614-20.3390136,TH570908,1.041,0.0,1.041
N-99.9348953-20.3362064,TH570908,13.886,0.0,13.886
N-99.9298476-20.3386716,TH570908,9.559,0.58,8.979
N-99.9303795-20.3384118,TH570908,5.124,0.0,5.124
N-99.9307421-20.3385169,TH570908,1.045,0.0,1.045
N-99.9315239-20.3382239,TH570908,1.2,0.0,1.2
N-99.9316406-20.3386150,TH570908,2.436,0.0,2.436
N-99.9650888-20.3362992,TH570908,39.756,0.0,39.756
N-99.9311665-20.3380274,TH570908,8.096,0.0,8.096
N-99.9314435-20.3380353,TH570908,2.786,0.0,2.786
N-99.9314649-20.3380479,TH570908,3.224,0.0,3.224
N-99.9400454-20.3348846,TH570908,8.847,0.0,8.847
N-99.9467603-20.3367839,TH570908,2.104,0.0,2.104
N-99.9467154-20.3365864,TH570908,3.537,0.0,3.537
N-99.9468680-20.3370352,TH570908,2.519,0.0,2.519
N-99.9348270-20.3354645,TH570908,3.712,0.0,3.712
N-99.9387297-20.3355706,TH570908,1.489,0.0,1.489
N-99.9388665-20.3361591,TH570908,0.764,0.0,0.764
N-99.9428415-20.3329650,TH570908,6.97,0.0,6.97
N-99.9466346-20.3356171,TH570908,6.918,0.0,6.918
N-99.9347148-20.3349035,TH570908,5.663,0.0,5.663
N-99.9385956-20.3348664,TH570908,2.49,0.0,2.49
N-99.9408495-20.3337792,TH570908,2.397,0.0,2.397
N-99.9408828-20.3337572,TH570908,1.039,0.0,1.039
N-99.9464551-20.3346746,TH570908,2.311,0.0,2.311
N-99.9465000-20.3349933,TH570908,2.297,0.0,2.297
N-99.9585767-20.3287846,TH570908,29.313,0.0,29.313
N-99.9649939-20.3339094,TH570908,32.364,0.0,32.364
N-99.9342346-20.3330724,TH570908,6.111,0.0,6.111
N-99.9385072-20.3344423,TH570908,7.635,0.0,7.635
N-99.9400816-20.3340835,TH570908,1.182,0.0,1.182
N-99.9409023-20.3337308,TH570908,1.185,0.0,1.185
N-99.9463250-20.3338174,TH570908,0.804,0.0,0.804
N-99.9463878-20.3343470,TH570908,2.394,0.0,2.394
N-99.9492780-20.3316094,TH570908,6.733,0.0,6.733
N-99.9340057-20.3322153,TH570908,6.696,0.0,6.696
N-99.9341853-20.3328166,TH570908,3.426,0.0,3.426
N-99.9401098-20.3336596,TH570908,5.909,0.0,5.909
N-99.9407353-20.3333542,TH570908,7.65,0.0,7.65
N-99.9408902-20.3336390,TH570908,1.2,0.0,1.2
N-99.9462532-20.3334494,TH570908,3.264,0.0,3.264
N-99.9651213-20.3336843,TH570908,3.864,0.0,3.864
N-99.9651951-20.3336063,TH570908,9.251,0.0,9.251
N-99.9337724-20.3312952,TH570908,23.662,1.617,22.046
N-99.9425570-20.3324644,TH570908,4.699,0.0,4.699
N-99.9428308-20.3326632,TH570908,0.825,0.0,0.825
N-99.9428415-20.3327034,TH570908,0.843,0.0,0.843
N-99.9461499-20.3325518,TH570908,3.343,0.0,3.343
N-99.9507051-20.3315017,TH570908,2.251,0.0,2.251
N-99.9651629-20.3336264,TH570908,6.378,0.0,6.378
N-99.9656324-20.3336565,TH570908,4.543,0.0,4.543
N-99.9127422-20.3261252,TH570908,0.925,0.925,0.0
N-99.9426398-20.3324240,TH570908,4.121,0.0,4.121
N-99.9428093-20.3326305,TH570908,0.865,0.0,0.865
N-99.9463295-20.3317530,TH570908,2.44,0.0,2.44
N-99.9463788-20.3314837,TH570908,1.202,0.0,1.202
N-99.9475053-20.3308016,TH570908,2.174,0.0,2.174
N-99.9492196-20.3315376,TH570908,0.779,0.0,0.779
N-99.9519079-20.3315735,TH570908,3.865,0.0,3.865
N-99.9645996-20.3292757,TH570908,32.018,0.0,32.018
N-99.9269284-20.3226471,TH570908,41.053,8.025,33.028
N-99.9330812-20.3281941,TH570908,25.062,1.529,23.533
N-99.9450414-20.3296661,TH570908,7.006,0.0,7.006
N-99.9461353-20.3306337,TH570908,2.81,0.0,2.81
N-99.9464192-20.3308375,TH570908,1.338,0.0,1.338
N-99.9486138-20.3307028,TH570908,1.193,0.0,1.193
N-99.9491209-20.3308420,TH570908,1.636,0.0,1.636
N-99.9517912-20.3314478,TH570908,0.765,0.0,0.765
N-99.9518944-20.3315196,TH570908,2.594,0.0,2.594
N-99.9648644-20.3292084,TH570908,6.266,0.0,6.266
N-99.9429515-20.3282751,TH570908,14.527,0.0,14.527
N-99.9458992-20.3297936,TH570908,5.037,0.0,5.037
N-99.9461706-20.3301155,TH570908,1.348,0.0,1.348
N-99.9473605-20.3304288,TH570908,2.788,0.0,2.788
N-99.9484957-20.3304021,TH570908,7.893,0.0,7.893
N-99.9489234-20.3307028,TH570908,1.049,0.0,1.049
N-99.9490446-20.3307343,TH570908,1.659,0.0,1.659
N-99.9518018-20.3298917,TH570908,19.126,0.0,19.126
N-99.9450459-20.3295001,TH570908,1.965,0.0,1.965
N-99.9452501-20.3292001,TH570908,1.942,0.0,1.942
N-99.9453556-20.3294103,TH570908,1.95,0.0,1.95
N-99.9585993-20.3287102,TH570908,1.126,0.0,1.126
N-99.9135904-20.3244467,TH570908,1.843,0.914,0.93
N-99.9323497-20.3261880,TH570908,5.515,0.0,5.515
N-99.9326145-20.3266009,TH570908,7.06,0.0,7.06
N-99.9429455-20.3282114,TH570908,5.134,0.0,5.134
N-99.9430008-20.3281495,TH570908,4.077,0.0,4.077
N-99.9442025-20.3281027,TH570908,2.054,0.0,2.054
N-99.9449980-20.3283248,TH570908,5.816,0.0,5.816
N-99.9585859-20.3280864,TH570908,6.933,0.0,6.933
N-99.9589763-20.3276062,TH570908,4.339,0.0,4.339
N-99.9609824-20.3262598,TH570908,7.47,0.0,7.47
N-99.9652818-20.3290289,TH570908,1.964,0.0,1.964
N-99.9424767-20.3264256,TH570908,24.22,0.0,24.22
N-99.9429716-20.3281649,TH570908,1.972,0.0,1.972
N-99.9441017-20.3280610,TH570908,2.16,0.0,2.16
N-99.9449551-20.3271477,TH570908,3.955,0.0,3.955
N-99.9450141-20.3280079,TH570908,3.786,0.0,3.786
N-99.9586352-20.3279607,TH570908,5.5,0.0,5.5
N-99.9593847-20.3269869,TH570908,2.681,0.0,2.681
N-99.9604483-20.3264079,TH570908,1.808,0.0,1.808
N-99.9620595-20.3259636,TH570908,8.289,0.0,8.289
N-99.9638905-20.3264753,TH570908,6.092,0.0,6.092
N-99.9645233-20.3269083,TH570908,2.017,0.0,2.017
N-99.9444428-20.3262244,TH570908,4.523,0.0,4.523
N-99.9450244-20.3262334,TH570908,7.746,0.0,7.746
N-99.9474694-20.3242762,TH570908,4.916,0.0,4.916
N-99.9486317-20.3240114,TH570908,7.103,0.0,7.103
N-99.9497896-20.3239755,TH570908,29.354,0.0,29.354
N-99.9592142-20.3272068,TH570908,1.876,0.0,1.876
N-99.9598650-20.3266553,TH570908,1.686,0.0,1.686
N-99.9613908-20.3261207,TH570908,4.272,0.0,4.272
N-99.9221936-20.3198511,TH570908,23.419,0.0,23.419
N-99.9323318-20.3259008,TH570908,2.552,0.0,2.552
N-99.9323632-20.3256809,TH570908,0.567,0.0,0.567
N-99.9434584-20.3257239,TH570908,2.11,0.0,2.11
N-99.9450946-20.3258197,TH570908,2.071,0.0,2.071
N-99.9451302-20.3256987,TH570908,1.969,0.0,1.969
N-99.9452448-20.3253820,TH570908,1.849,0.0,1.849
N-99.9475502-20.3242403,TH570908,3.176,0.0,3.176
N-99.9557136-20.3216553,TH570908,16.025,0.0,16.025
N-99.9597368-20.3256660,TH570908,4.064,0.0,4.064
N-99.9597842-20.3260495,TH570908,1.709,0.0,1.709
N-99.9633834-20.3255867,TH570908,2.082,0.0,2.082
N-99.9644470-20.3264034,TH570908,1.775,0.0,1.775
N-99.9323632-20.3252276,TH570908,2.031,0.0,2.031
N-99.9324574-20.3247788,TH570908,3.619,0.0,3.619
N-99.9425170-20.3252133,TH570908,15.898,0.0,15.898
N-99.9433967-20.3251731,TH570908,2.142,0.0,2.142
N-99.9442443-20.3251429,TH570908,2.07,0.0,2.07
N-99.9452930-20.3251305,TH570908,3.988,0.0,3.988
N-99.9463339-20.3243166,TH570908,5.872,0.0,5.872
N-99.9480663-20.3240204,TH570908,3.725,0.0,3.725
N-99.9597099-20.3251580,TH570908,22.317,0.0,22.317
N-99.9633340-20.3251199,TH570908,2.017,0.0,2.017
N-99.9633508-20.3250503,TH570908,12.367,0.0,12.367
N-99.9135859-20.3243570,TH570908,5.905,0.0,5.905
N-99.9322914-20.3235851,TH570908,3.165,0.0,3.165
N-99.9323901-20.3239979,TH570908,3.464,0.0,3.464
N-99.9324529-20.3244916,TH570908,3.065,0.0,3.065
N-99.9412626-20.3214668,TH570908,38.777,0.0,38.777
N-99.9436906-20.3236793,TH570908,9.174,0.0,9.174
N-99.9442964-20.3236614,TH570908,4.879,0.0,4.879
N-99.9451671-20.3244871,TH570908,2.08,0.0,2.08
N-99.9459884-20.3243929,TH570908,2.032,0.0,2.032
N-99.9321747-20.3227234,TH570908,6.359,0.0,6.359
N-99.9450195-20.3234554,TH570908,9.629,0.0,9.629
N-99.9477746-20.3240294,TH570908,3.699,0.0,3.699
N-99.9569433-20.3212110,TH570908,5.619,0.0,5.619
N-99.9640011-20.3248269,TH570908,1.921,0.0,1.921
N-99.9114676-20.3229074,TH570908,0.477,0.0,0.477
N-99.9319479-20.3216358,TH570908,3.695,0.0,3.695
N-99.9422679-20.3211975,TH570908,4.933,0.0,4.933
N-99.9445388-20.3235895,TH570908,2.046,0.0,2.046
N-99.9562342-20.3214443,TH570908,4.158,0.0,4.158
N-99.9582627-20.3209193,TH570908,6.671,0.0,6.671
N-99.9595552-20.3208071,TH570908,11.129,0.0,11.129
N-99.9599188-20.3207577,TH570908,8.605,0.0,8.605
N-99.9607849-20.3204884,TH570908,10.927,0.0,10.927
N-99.9617543-20.3202910,TH570908,5.978,0.0,5.978
N-99.9105970-20.3218168,TH570908,0.989,0.0,0.989
N-99.9110368-20.3224900,TH570908,0.487,0.0,0.487
N-99.9116741-20.3229657,TH570908,0.985,0.0,0.985
N-99.9118401-20.3231049,TH570908,0.945,0.0,0.945
N-99.9265962-20.3203538,TH570908,4.39,0.0,4.39
N-99.9426319-20.3211112,TH570908,1.918,0.0,1.918
N-99.9450355-20.3212319,TH570908,8.852,0.0,8.852
N-99.9557316-20.3216104,TH570908,9.186,0.0,9.186
N-99.9574190-20.3210763,TH570908,2.35,0.0,2.35
N-99.9624768-20.3201563,TH570908,3.78,0.0,3.78
N-99.9095423-20.3208699,TH570908,1.025,0.0,1.025
N-99.9101482-20.3215745,TH570908,0.499,0.0,0.499
N-99.9136458-20.3178955,TH570908,9.43,0.0,9.43
N-99.9159933-20.3165551,TH570908,2.12,0.0,2.12
N-99.9278753-20.3192408,TH570908,0.513,0.0,0.513
N-99.9293114-20.3191869,TH570908,2.11,0.0,2.11
N-99.9319479-20.3208687,TH570908,2.734,0.0,2.734
N-99.9320648-20.3200688,TH570908,7.442,0.0,7.442
N-99.9425462-20.3206410,TH570908,1.671,0.0,1.671
N-99.9435118-20.3201780,TH570908,4.163,0.0,4.163
N-99.9446241-20.3204346,TH570908,2.035,0.0,2.035
N-99.9450731-20.3209452,TH570908,1.893,0.0,1.893
N-99.9451402-20.3205916,TH570908,5.009,0.0,5.009
N-99.9452287-20.3201755,TH570908,5.762,0.0,5.762
N-99.9576569-20.3209911,TH570908,3.597,0.0,3.597
N-99.9092192-20.3200262,TH570908,0.526,0.0,0.526
N-99.9159678-20.3165626,TH570908,2.787,0.0,2.787
N-99.9274759-20.3192408,TH570908,2.379,0.0,2.379
N-99.9286427-20.3191959,TH570908,1.74,0.0,1.74
N-99.9293653-20.3191510,TH570908,0.53,0.0,0.53
N-99.9426033-20.3202615,TH570908,1.318,0.0,1.318
N-99.9427481-20.3201384,TH570908,2.001,0.0,2.001
N-99.9443234-20.3202147,TH570908,2.051,0.0,2.051
N-99.9452126-20.3200145,TH570908,10.452,0.0,10.452
N-99.9616197-20.3202461,TH570908,1.934,0.0,1.934
N-99.9082184-20.3192767,TH570908,0.539,0.0,0.539
N-99.9089723-20.3195146,TH570908,1.059,0.0,1.059
N-99.9113055-20.3178851,TH570908,0.508,0.0,0.508
N-99.9113511-20.3178775,TH570908,1.048,0.0,1.048
N-99.9121604-20.3175461,TH570908,2.199,0.0,2.199
N-99.9160064-20.3165479,TH570908,2.844,0.0,2.844
N-99.9224494-20.3190658,TH570908,2.254,0.0,2.254
N-99.9265020-20.3193665,TH570908,0.541,0.0,0.541
N-99.9265244-20.3192228,TH570908,2.281,0.0,2.281
N-99.9265783-20.3191959,TH570908,2.34,0.0,2.34
N-99.9293877-20.3190703,TH570908,0.588,0.0,0.588
N-99.9319288-20.3190374,TH570908,5.731,0.0,5.731
N-99.9428554-20.3197254,TH570908,20.518,0.0,20.518
N-99.9449443-20.3190637,TH570908,12.22,0.0,12.22
N-99.9615613-20.3202416,TH570908,7.74,0.0,7.74
N-99.9082722-20.3186260,TH570908,1.075,0.0,1.075
N-99.9109434-20.3176084,TH570908,0.531,0.0,0.531
N-99.9112116-20.3178524,TH570908,0.53,0.0,0.53
N-99.9225302-20.3185541,TH570908,2.264,0.0,2.264
N-99.9226020-20.3182579,TH570908,1.658,0.0,1.658
N-99.9293698-20.3186843,TH570908,0.654,0.0,0.654
N-99.9294236-20.3179707,TH570908,4.16,0.0,4.16
N-99.9314362-20.3179486,TH570908,2.014,0.0,2.014
N-99.9318511-20.3187499,TH570908,7.024,0.0,7.024
N-99.9445420-20.3179469,TH570908,8.939,0.0,8.939
N-99.9565798-20.3167570,TH570908,7.889,0.0,7.889
N-99.9566426-20.3167994,TH570908,7.718,0.0,7.718
N-99.9585859-20.3165211,TH570908,11.9,0.0,11.9
N-99.9590302-20.3163865,TH570908,11.253,0.0,11.253
N-99.9080927-20.3174277,TH570908,0.546,0.0,0.546
N-99.9082588-20.3178226,TH570908,0.543,0.0,0.543
N-99.9107100-20.3172588,TH570908,0.54,0.0,0.54
N-99.9107824-20.3174172,TH570908,0.538,0.0,0.538
N-99.9114771-20.3177166,TH570908,0.553,0.0,0.553
N-99.9146542-20.3166790,TH570908,0.565,0.0,0.565
N-99.9160164-20.3165328,TH570908,2.437,0.0,2.437
N-99.9225572-20.3174322,TH570908,3.537,0.0,3.537
N-99.9313323-20.3174439,TH570908,2.885,0.0,2.885
N-99.9313546-20.3176258,TH570908,1.394,0.0,1.394
N-99.9443596-20.3170666,TH570908,5.39,0.0,5.39
N-99.9444455-20.3176602,TH570908,3.988,0.0,3.988
N-99.9492773-20.3128311,TH570908,18.897,0.0,18.897
N-99.9560836-20.3157106,TH570908,4.17,0.0,4.17
N-99.9562874-20.3160552,TH570908,3.084,0.0,3.084
N-99.9604663-20.3159108,TH570908,3.614,0.0,3.614
N-99.9611888-20.3157851,TH570908,1.816,0.0,1.816
N-99.9080523-20.3171046,TH570908,1.111,0.0,1.111
N-99.9103566-20.3162790,TH570908,1.141,0.0,1.141
N-99.9105370-20.3168488,TH570908,0.553,0.0,0.553
N-99.9120223-20.3175725,TH570908,0.558,0.0,0.558
N-99.9138492-20.3168092,TH570908,1.196,0.0,1.196
N-99.9152362-20.3166161,TH570908,1.227,0.0,1.227
N-99.9161026-20.3160766,TH570908,3.159,0.0,3.159
N-99.9224405-20.3167096,TH570908,4.326,0.0,4.326
N-99.9270109-20.3146837,TH570908,7.749,0.0,7.749
N-99.9311575-20.3165788,TH570908,2.893,0.0,2.893
N-99.9442684-20.3166440,TH570908,8.825,0.0,8.825
N-99.9557859-20.3149484,TH570908,5.093,0.0,5.093
N-99.9560139-20.3155093,TH570908,3.981,0.0,3.981
N-99.9565074-20.3165230,TH570908,2.861,0.0,2.861
N-99.9599983-20.3160495,TH570908,4.519,0.0,4.519
N-99.9614491-20.3157133,TH570908,1.867,0.0,1.867
N-99.9069708-20.3157941,TH570908,1.133,0.0,1.133
N-99.9077292-20.3166692,TH570908,0.563,0.0,0.563
N-99.9100783-20.3156867,TH570908,1.744,0.0,1.744
N-99.9102956-20.3161174,TH570908,0.566,0.0,0.566
N-99.9139595-20.3162614,TH570908,1.229,0.0,1.229
N-99.9141188-20.3157050,TH570908,1.261,0.0,1.261
N-99.9163681-20.3149887,TH570908,4.652,0.0,4.652
N-99.9223866-20.3158839,TH570908,3.317,0.0,3.317
N-99.9224225-20.3158345,TH570908,2.013,0.0,2.013
N-99.9226065-20.3157223,TH570908,0.619,0.0,0.619
N-99.9228085-20.3153229,TH570908,0.61,0.0,0.61
N-99.9228623-20.3151703,TH570908,1.294,0.0,1.294
N-99.9310610-20.3157337,TH570908,5.202,0.0,5.202
N-99.9326218-20.3132754,TH570908,29.556,0.0,29.556
N-99.9442684-20.3158441,TH570908,21.41,0.0,21.41
N-99.9555525-20.3144780,TH570908,9.83,0.0,9.83
N-99.9559495-20.3153282,TH570908,2.424,0.0,2.424
N-99.9608926-20.3158121,TH570908,1.966,0.0,1.966
N-99.9064726-20.3153139,TH570908,0.567,0.0,0.567
N-99.9095406-20.3146830,TH570908,3.041,0.0,3.041
N-99.9098001-20.3151264,TH570908,1.816,0.0,1.816
N-99.9143538-20.3146667,TH570908,3.292,0.0,3.292
N-99.9229252-20.3148651,TH570908,1.987,0.0,1.987
N-99.9230688-20.3144298,TH570908,3.483,0.0,3.483
N-99.9308464-20.3148080,TH570908,3.144,0.0,3.144
N-99.9312893-20.3141812,TH570908,0.778,0.0,0.778
N-99.9523801-20.3121375,TH570908,6.776,0.0,6.776
N-99.9551931-20.3137108,TH570908,10.972,0.0,10.972
N-99.9600130-20.3145106,TH570908,24.848,0.0,24.848
N-99.9606952-20.3144073,TH570908,1.915,0.0,1.915
N-99.9031112-20.3142862,TH570908,0.563,0.0,0.563
N-99.9044620-20.3146856,TH570908,0.559,0.0,0.559
N-99.9049018-20.3146632,TH570908,1.125,0.0,1.125
N-99.9056199-20.3145824,TH570908,2.862,0.0,2.862
N-99.9088030-20.3133964,TH570908,2.422,0.0,2.422
N-99.9090014-20.3137536,TH570908,1.883,0.0,1.883
N-99.9092402-20.3141598,TH570908,1.233,0.0,1.233
N-99.9144879-20.3141058,TH570908,1.346,0.0,1.346
N-99.9166149-20.3138995,TH570908,3.43,0.0,3.43
N-99.9232483-20.3135322,TH570908,3.779,0.0,3.779
N-99.9270950-20.3142195,TH570908,2.437,0.0,2.437
N-99.9271697-20.3138691,TH570908,1.87,0.0,1.87
N-99.9307069-20.3138622,TH570908,1.752,0.0,1.752
N-99.9308571-20.3142622,TH570908,0.903,0.0,0.903
N-99.9313107-20.3141460,TH570908,0.891,0.0,0.891
N-99.9442148-20.3131979,TH570908,15.595,0.0,15.595
N-99.9017154-20.3138598,TH570908,0.593,0.0,0.593
N-99.9021149-20.3138060,TH570908,2.938,0.0,2.938
N-99.9029855-20.3141381,TH570908,3.484,0.0,3.484
N-99.9085575-20.3129311,TH570908,3.192,0.0,3.192
N-99.9145985-20.3135945,TH570908,1.375,0.0,1.375
N-99.9146764-20.3133078,TH570908,2.101,0.0,2.101
N-99.9148111-20.3132292,TH570908,0.678,0.0,0.678
N-99.9156232-20.3130549,TH570908,0.7,0.0,0.7
N-99.9168127-20.3130034,TH570908,2.875,0.0,2.875
N-99.9221577-20.3119974,TH570908,4.365,0.0,4.365
N-99.9222116-20.3120512,TH570908,2.095,0.0,2.095
N-99.9270540-20.3129847,TH570908,4.985,0.0,4.985
N-99.9306533-20.3131579,TH570908,1.997,0.0,1.997
N-99.9306757-20.3135008,TH570908,0.942,0.0,0.942
N-99.9316047-20.3133886,TH570908,0.934,0.0,0.934
N-99.9441745-20.3127472,TH570908,0.785,0.0,0.785
N-99.9547613-20.3127952,TH570908,2.477,0.0,2.477
N-99.9549115-20.3130895,TH570908,6.675,0.0,6.675
N-99.9005621-20.3128590,TH570908,2.412,0.0,2.412
N-99.9009435-20.3132809,TH570908,0.591,0.0,0.591
N-99.9055346-20.3145958,TH570908,0.579,0.0,0.579
N-99.9082276-20.3122607,TH570908,1.228,0.0,1.228
N-99.9083631-20.3125839,TH570908,0.634,0.0,0.634
N-99.9147168-20.3132540,TH570908,1.41,0.0,1.41
N-99.9155509-20.3124478,TH570908,1.439,0.0,1.439
N-99.9164942-20.3124745,TH570908,0.728,0.0,0.728
N-99.9168020-20.3129418,TH570908,0.741,0.0,0.741
N-99.9168127-20.3129694,TH570908,1.488,0.0,1.488
N-99.9222969-20.3120512,TH570908,1.415,0.0,1.415
N-99.9233425-20.3120512,TH570908,2.41,0.0,2.41
N-99.9268610-20.3117999,TH570908,5.893,0.0,5.893
N-99.9284632-20.3115306,TH570908,2.501,0.0,2.501
N-99.9298569-20.3115691,TH570908,3.171,0.0,3.171
N-99.9305460-20.3124737,TH570908,2.398,0.0,2.398
N-99.9317975-20.3126575,TH570908,0.963,0.0,0.963
N-99.9320383-20.3126122,TH570908,6.224,0.0,6.224
N-99.9441558-20.3125389,TH570908,8.518,0.0,8.518
N-99.9470803-20.3108559,TH570908,3.06,0.0,3.06
N-99.9492497-20.3124101,TH570908,2.192,0.0,2.192
N-99.9492883-20.3123224,TH570908,3.781,0.0,3.781
N-99.9546030-20.3124406,TH570908,1.272,0.0,1.272
N-99.8995209-20.3117909,TH570908,5.611,0.0,5.611
N-99.9001851-20.3125449,TH570908,1.203,0.0,1.203
N-99.9080788-20.3113237,TH570908,3.879,0.0,3.879
N-99.9081700-20.3120117,TH570908,1.95,0.0,1.95
N-99.9153130-20.3112896,TH570908,2.155,0.0,2.155
N-99.9154391-20.3120284,TH570908,0.755,0.0,0.755
N-99.9166095-20.3117539,TH570908,3.029,0.0,3.029
N-99.9232752-20.3119300,TH570908,1.605,0.0,1.605
N-99.9233201-20.3119480,TH570908,5.517,0.0,5.517
N-99.9276329-20.3116832,TH570908,2.562,0.0,2.562
N-99.9285126-20.3114768,TH570908,1.307,0.0,1.307
N-99.9304065-20.3110549,TH570908,5.867,0.0,5.867
N-99.9319497-20.3126173,TH570908,1.887,0.0,1.887
N-99.9323175-20.3129434,TH570908,1.873,0.0,1.873
N-99.9360746-20.3074691,TH570908,23.486,0.0,23.486
N-99.9442684-20.3118195,TH570908,4.694,0.0,4.694
N-99.9454574-20.3108253,TH570908,1.612,0.0,1.612
N-99.9521423-20.3113235,TH570908,6.799,0.0,6.799
N-99.9524106-20.3120650,TH570908,0.835,0.0,0.835
N-99.9542811-20.3114394,TH570908,1.163,0.0,1.163
N-99.9543402-20.3116633,TH570908,2.596,0.0,2.596
N-99.9544930-20.3120909,TH570908,4.08,0.0,4.08
N-99.9562055-20.3094610,TH570908,17.616,0.0,17.616
N-99.8984842-20.3111132,TH570908,0.614,0.0,0.614
N-99.9080110-20.3106515,TH570908,3.972,0.0,3.972
N-99.9150899-20.3103079,TH570908,2.11,0.0,2.11
N-99.9152014-20.3107993,TH570908,2.223,0.0,2.223
N-99.9164017-20.3103263,TH570908,0.752,0.0,0.752
N-99.9165814-20.3115463,TH570908,3.357,0.0,3.357
N-99.9221308-20.3110100,TH570908,3.004,0.0,3.004
N-99.9269194-20.3117730,TH570908,1.271,0.0,1.271
N-99.9283690-20.3105567,TH570908,1.353,0.0,1.353
N-99.9298006-20.3112075,TH570908,3.646,0.0,3.646
N-99.9443221-20.3112510,TH570908,4.915,0.0,4.915
N-99.9451165-20.3106304,TH570908,0.83,0.0,0.83
N-99.9471433-20.3106829,TH570908,5.309,0.0,5.309
N-99.9489895-20.3104447,TH570908,17.238,0.0,17.238
N-99.9542319-20.3107459,TH570908,3.738,0.0,3.738
N-99.9586038-20.3085596,TH570908,14.863,0.0,14.863
N-99.9594206-20.3085193,TH570908,8.364,0.0,8.364
N-99.8980174-20.3100227,TH570908,1.236,0.0,1.236
N-99.8983316-20.3107542,TH570908,0.606,0.0,0.606
N-99.9078695-20.3097641,TH570908,2.686,0.0,2.686
N-99.9079064-20.3099723,TH570908,0.695,0.0,0.695
N-99.9079728-20.3100547,TH570908,2.811,0.0,2.811
N-99.9149479-20.3093705,TH570908,0.699,0.0,0.699
N-99.9150118-20.3097263,TH570908,2.15,0.0,2.15
N-99.9150592-20.3101301,TH570908,0.761,0.0,0.761
N-99.9163748-20.3100402,TH570908,0.762,0.0,0.762
N-99.9163923-20.3099792,TH570908,2.141,0.0,2.141
N-99.9163936-20.3099390,TH570908,2.297,0.0,2.297
N-99.9221084-20.3097175,TH570908,7.898,0.0,7.898
N-99.9221712-20.3105208,TH570908,1.171,0.0,1.171
N-99.9279740-20.3093091,TH570908,1.314,0.0,1.314
N-99.9281311-20.3096592,TH570908,2.086,0.0,2.086
N-99.9282657-20.3101080,TH570908,4.556,0.0,4.556
N-99.9302834-20.3096075,TH570908,2.126,0.0,2.126
N-99.9307220-20.3095767,TH570908,13.549,0.0,13.549
N-99.9442255-20.3092336,TH570908,3.917,0.0,3.917
N-99.9443328-20.3097820,TH570908,3.686,0.0,3.686
N-99.9449554-20.3100348,TH570908,2.83,0.0,2.83
N-99.9542238-20.3096611,TH570908,17.55,0.0,17.55
N-99.8979277-20.3096367,TH570908,5.676,0.0,5.676
N-99.9077488-20.3086712,TH570908,2.026,0.0,2.026
N-99.9078052-20.3091202,TH570908,3.595,0.0,3.595
N-99.9086165-20.3077763,TH570908,2.269,0.0,2.269
N-99.9148054-20.3085096,TH570908,1.463,0.0,1.463
N-99.9148812-20.3090215,TH570908,2.93,0.0,2.93
N-99.9163292-20.3091152,TH570908,3.837,0.0,3.837
N-99.9219872-20.3089097,TH570908,6.738,0.0,6.738
N-99.9279740-20.3092508,TH570908,7.869,0.0,7.869
N-99.9280503-20.3092104,TH570908,5.131,0.0,5.131
N-99.9292261-20.3089591,TH570908,2.422,0.0,2.422
N-99.9302670-20.3094150,TH570908,2.185,0.0,2.185
N-99.9361285-20.3073928,TH570908,4.672,0.0,4.672
N-99.9441719-20.3088613,TH570908,3.785,0.0,3.785
N-99.9443787-20.3092552,TH570908,1.039,0.0,1.039
N-99.9561854-20.3091507,TH570908,4.761,0.0,4.761
N-99.8968785-20.3084330,TH570908,1.928,0.0,1.928
N-99.8975866-20.3091565,TH570908,4.514,0.0,4.514
N-99.9076778-20.3080278,TH570908,4.263,0.0,4.263
N-99.9085569-20.3077945,TH570908,0.746,0.0,0.746
N-99.9086400-20.3077411,TH570908,1.669,0.0,1.669
N-99.9146595-20.3077543,TH570908,1.561,0.0,1.561
N-99.9147125-20.3080159,TH570908,0.785,0.0,0.785
N-99.9147430-20.3082019,TH570908,1.491,0.0,1.491
N-99.9162286-20.3080989,TH570908,0.762,0.0,0.762
N-99.9164814-20.3079121,TH570908,0.778,0.0,0.778
N-99.9164942-20.3079027,TH570908,1.581,0.0,1.581
N-99.9218346-20.3082051,TH570908,6.553,0.0,6.553
N-99.9269789-20.3066902,TH570908,16.419,0.0,16.419
N-99.9292172-20.3085462,TH570908,4.685,0.0,4.685
N-99.9300098-20.3082700,TH570908,2.199,0.0,2.199
N-99.9306455-20.3084838,TH570908,4.279,0.0,4.279
N-99.9314484-20.3073702,TH570908,7.041,0.0,7.041
N-99.9384112-20.3049209,TH570908,11.686,0.0,11.686
N-99.9442094-20.3084186,TH570908,6.162,0.0,6.162
N-99.9442953-20.3080262,TH570908,3.788,0.0,3.788
N-99.9559380-20.3080031,TH570908,9.694,0.0,9.694
N-99.8958498-20.3077339,TH570908,0.68,0.0,0.68
N-99.8964954-20.3079083,TH570908,2.639,0.0,2.639
N-99.9072647-20.3059293,TH570908,5.735,0.0,5.735
N-99.9076825-20.3079606,TH570908,2.245,0.0,2.245
N-99.9077368-20.3079140,TH570908,0.758,0.0,0.758
N-99.9086286-20.3075857,TH570908,4.004,0.0,4.004
N-99.9108656-20.3050489,TH570908,4.35,0.0,4.35
N-99.9145954-20.3071619,TH570908,2.723,0.0,2.723
N-99.9163775-20.3072449,TH570908,1.557,0.0,1.557
N-99.9164861-20.3077442,TH570908,2.359,0.0,2.359
N-99.9216686-20.3071280,TH570908,4.051,0.0,4.051
N-99.9270460-20.3066776,TH570908,2.588,0.0,2.588
N-99.9288426-20.3064723,TH570908,7.821,0.0,7.821
N-99.9295210-20.3077509,TH570908,2.569,0.0,2.569
N-99.9298784-20.3076373,TH570908,2.566,0.0,2.566
N-99.9309862-20.3074537,TH570908,2.416,0.0,2.416
N-99.9326235-20.3063381,TH570908,1.403,0.0,1.403
N-99.9339653-20.3061227,TH570908,1.378,0.0,1.378
N-99.9442899-20.3072413,TH570908,5.525,0.0,5.525
N-99.9443328-20.3076287,TH570908,5.591,0.0,5.591
N-99.9448478-20.3060389,TH570908,4.113,0.0,4.113
N-99.9557742-20.3071142,TH570908,5.716,0.0,5.716
N-99.9575267-20.3069507,TH570908,5.53,0.0,5.53
N-99.9585298-20.3073417,TH570908,2.577,0.0,2.577
N-99.9594257-20.3075204,TH570908,2.132,0.0,2.132
N-99.8946874-20.3068857,TH570908,0.69,0.0,0.69
N-99.8949073-20.3070293,TH570908,1.346,0.0,1.346
N-99.8963981-20.3078627,TH570908,0.672,0.0,0.672
N-99.9072862-20.3059538,TH570908,0.774,0.0,0.774
N-99.9073660-20.3059551,TH570908,2.096,0.0,2.096
N-99.9084999-20.3065846,TH570908,3.227,0.0,3.227
N-99.9144715-20.3065087,TH570908,2.165,0.0,2.165
N-99.9144944-20.3066604,TH570908,1.864,0.0,1.864
N-99.9162796-20.3067783,TH570908,2.261,0.0,2.261
N-99.9216371-20.3067914,TH570908,7.638,0.0,7.638
N-99.9273410-20.3064500,TH570908,5.215,0.0,5.215
N-99.9301763-20.3067377,TH570908,2.724,0.0,2.724
N-99.9309345-20.3066630,TH570908,2.663,0.0,2.663
N-99.9313938-20.3065760,TH570908,2.165,0.0,2.165
N-99.9325634-20.3063453,TH570908,3.682,0.0,3.682
N-99.9335022-20.3061541,TH570908,2.927,0.0,2.927
N-99.9342157-20.3060988,TH570908,2.828,0.0,2.828
N-99.9351866-20.3060183,TH570908,3.104,0.0,3.104
N-99.9360746-20.3070831,TH570908,2.819,0.0,2.819
N-99.9395050-20.3044234,TH570908,8.853,0.0,8.853
N-99.9442470-20.3068640,TH570908,2.854,0.0,2.854
N-99.9442684-20.3066376,TH570908,3.0,0.0,3.0
N-99.9447030-20.3062402,TH570908,1.49,0.0,1.49
N-99.9468755-20.3042780,TH570908,9.838,0.0,9.838
N-99.9470365-20.3041070,TH570908,9.763,0.0,9.763
N-99.9556241-20.3064738,TH570908,17.815,0.0,17.815
N-99.9558154-20.3069348,TH570908,2.266,0.0,2.266
N-99.9569015-20.3061481,TH570908,2.463,0.0,2.463
N-99.9580805-20.3067280,TH570908,2.613,0.0,2.613
N-99.9586572-20.3068443,TH570908,2.171,0.0,2.171
N-99.8940726-20.3061182,TH570908,0.717,0.0,0.717
N-99.8944182-20.3065446,TH570908,0.685,0.0,0.685
N-99.8968926-20.3039634,TH570908,12.95,0.0,12.95
N-99.8997395-20.3018940,TH570908,6.641,0.0,6.641
N-99.9067122-20.3040533,TH570908,4.607,0.0,4.607
N-99.9071071-20.3050262,TH570908,3.713,0.0,3.713
N-99.9072191-20.3056916,TH570908,3.165,0.0,3.165
N-99.9083872-20.3058255,TH570908,2.188,0.0,2.188
N-99.9108160-20.3050300,TH570908,14.538,0.0,14.538
N-99.9118781-20.3047809,TH570908,4.84,0.0,4.84
N-99.9125916-20.3046929,TH570908,4.46,0.0,4.46
N-99.9143242-20.3055413,TH570908,1.134,0.0,1.134
N-99.9143879-20.3060233,TH570908,1.13,0.0,1.13
N-99.9150163-20.3052614,TH570908,0.894,0.0,0.894
N-99.9161227-20.3061368,TH570908,3.096,0.0,3.096
N-99.9214666-20.3057143,TH570908,4.708,0.0,4.708
N-99.9216371-20.3063965,TH570908,2.127,0.0,2.127
N-99.9242565-20.3041018,TH570908,16.02,0.0,16.02
N-99.9246642-20.3040804,TH570908,4.685,0.0,4.685
N-99.9278024-20.3059683,TH570908,3.233,0.0,3.233
N-99.9281926-20.3056968,TH570908,3.157,0.0,3.157
N-99.9289251-20.3054412,TH570908,3.171,0.0,3.171
N-99.9301162-20.3061531,TH570908,3.311,0.0,3.311
N-99.9308453-20.3060953,TH570908,3.017,0.0,3.017
N-99.9310063-20.3061859,TH570908,2.252,0.0,2.252
N-99.9357291-20.3059028,TH570908,0.956,0.0,0.956
N-99.9362703-20.3057013,TH570908,4.97,0.0,4.97
N-99.9438717-20.3050518,TH570908,13.765,0.0,13.765
N-99.9443704-20.3064414,TH570908,2.675,0.0,2.675
N-99.9449229-20.3057471,TH570908,3.967,0.0,3.967
N-99.9463284-20.3044592,TH570908,3.631,0.0,3.631
N-99.9569044-20.3058472,TH570908,2.278,0.0,2.278
N-99.9575178-20.3058552,TH570908,4.71,0.0,4.71
N-99.9588759-20.3061938,TH570908,2.411,0.0,2.411
N-99.9591395-20.3060487,TH570908,4.414,0.0,4.414
N-99.8932872-20.3052207,TH570908,0.795,0.0,0.795
N-99.8934847-20.3053284,TH570908,0.708,0.0,0.708
N-99.8937270-20.3057547,TH570908,0.684,0.0,0.684
N-99.9012194-20.3015083,TH570908,7.142,0.0,7.142
N-99.9083262-20.3057620,TH570908,1.112,0.0,1.112
N-99.9083624-20.3057765,TH570908,1.146,0.0,1.146
N-99.9136450-20.3045112,TH570908,1.615,0.0,1.615
N-99.9142022-20.3050639,TH570908,1.605,0.0,1.605
N-99.9148902-20.3051281,TH570908,1.096,0.0,1.096
N-99.9158424-20.3049470,TH570908,1.635,0.0,1.635
N-99.9181196-20.3037194,TH570908,5.714,0.0,5.714
N-99.9214711-20.3045565,TH570908,9.371,0.0,9.371
N-99.9271801-20.3046577,TH570908,2.569,0.0,2.569
N-99.9272311-20.3047583,TH570908,2.852,0.0,2.852
N-99.9273196-20.3048061,TH570908,3.251,0.0,3.251
N-99.9278238-20.3052187,TH570908,3.169,0.0,3.169
N-99.9291998-20.3048717,TH570908,2.741,0.0,2.741
N-99.9300153-20.3051729,TH570908,2.745,0.0,2.745
N-99.9304685-20.3053318,TH570908,2.833,0.0,2.833
N-99.9322959-20.3040044,TH570908,8.359,0.0,8.359
N-99.9336288-20.3046103,TH570908,2.725,0.0,2.725
N-99.9396123-20.3042675,TH570908,2.47,0.0,2.47
N-99.9415449-20.3033368,TH570908,18.677,0.0,18.677
N-99.9452448-20.3050277,TH570908,5.049,0.0,5.049
N-99.9562513-20.3046997,TH570908,9.996,0.0,9.996
N-99.9568014-20.3045492,TH570908,3.648,0.0,3.648
N-99.8922460-20.3044936,TH570908,0.818,0.0,0.818
N-99.8926679-20.3047180,TH570908,0.791,0.0,0.791
N-99.8941710-20.3031072,TH570908,2.745,0.0,2.745
N-99.9066250-20.3035515,TH570908,2.646,0.0,2.646
N-99.9067356-20.3040898,TH570908,1.079,0.0,1.079
N-99.9069878-20.3042420,TH570908,2.277,0.0,2.277
N-99.9136131-20.3042502,TH570908,1.737,0.0,1.737
N-99.9141497-20.3043651,TH570908,1.631,0.0,1.631
N-99.9147186-20.3042766,TH570908,1.645,0.0,1.645
N-99.9157841-20.3048866,TH570908,0.92,0.0,0.92
N-99.9158270-20.3049130,TH570908,0.817,0.0,0.817
N-99.9246924-20.3040464,TH570908,2.422,0.0,2.422
N-99.9251993-20.3033861,TH570908,8.427,0.0,8.427
N-99.9270916-20.3043483,TH570908,3.073,0.0,3.073
N-99.9275028-20.3040942,TH570908,6.298,0.0,6.298
N-99.9282388-20.3036948,TH570908,2.953,0.0,2.953
N-99.9290118-20.3040418,TH570908,2.725,0.0,2.725
N-99.9299099-20.3040259,TH570908,5.377,0.0,5.377
N-99.9324529-20.3039416,TH570908,1.877,0.0,1.877
N-99.9335076-20.3037455,TH570908,1.491,0.0,1.491
N-99.9342456-20.3036445,TH570908,8.38,0.0,8.38
N-99.9384945-20.3045010,TH570908,1.356,0.0,1.356
N-99.9385598-20.3043477,TH570908,2.43,0.0,2.43
N-99.9387747-20.3040148,TH570908,1.464,0.0,1.464
N-99.9396498-20.3039857,TH570908,2.007,0.0,2.007
N-99.9400736-20.3036889,TH570908,4.707,0.0,4.707
N-99.9427967-20.3036355,TH570908,2.721,0.0,2.721
N-99.9436323-20.3040314,TH570908,2.465,0.0,2.465
N-99.9441196-20.3038087,TH570908,2.719,0.0,2.719
N-99.9451267-20.3043787,TH570908,2.462,0.0,2.462
N-99.9454540-20.3041271,TH570908,2.415,0.0,2.415
N-99.9470633-20.3039158,TH570908,5.305,0.0,5.305
N-99.9519280-20.3006918,TH570908,22.329,0.0,22.329
N-99.9568132-20.3042600,TH570908,5.307,0.0,5.307
N-99.8926070-20.3034210,TH570908,0.786,0.0,0.786
N-99.9025817-20.3010626,TH570908,2.937,0.0,2.937
N-99.9064989-20.3028251,TH570908,3.013,0.0,3.013
N-99.9065848-20.3032389,TH570908,2.7,0.0,2.7
N-99.9069589-20.3041313,TH570908,2.613,0.0,2.613
N-99.9130805-20.3027226,TH570908,1.945,0.0,1.945
N-99.9132394-20.3030876,TH570908,1.838,0.0,1.838
N-99.9133533-20.3034082,TH570908,1.806,0.0,1.806
N-99.9140452-20.3033160,TH570908,1.75,0.0,1.75
N-99.9148580-20.3030050,TH570908,6.457,0.0,6.457
N-99.9179560-20.3031735,TH570908,3.434,0.0,3.434
N-99.9214352-20.3033896,TH570908,10.638,0.0,10.638
N-99.9271747-20.3042804,TH570908,3.083,0.0,3.083
N-99.9285719-20.3033174,TH570908,2.819,0.0,2.819
N-99.9290551-20.3030248,TH570908,2.573,0.0,2.573
N-99.9298115-20.3037969,TH570908,5.339,0.0,5.339
N-99.9298759-20.3039002,TH570908,2.66,0.0,2.66
N-99.9326953-20.3037576,TH570908,1.624,0.0,1.624
N-99.9333909-20.3036359,TH570908,1.147,0.0,1.147
N-99.9388120-20.3038703,TH570908,4.255,0.0,4.255
N-99.9423496-20.3032421,TH570908,2.796,0.0,2.796
N-99.9432732-20.3031921,TH570908,2.532,0.0,2.532
N-99.9440405-20.3035559,TH570908,2.372,0.0,2.372
N-99.9452877-20.3031813,TH570908,2.354,0.0,2.354
N-99.9462621-20.3033358,TH570908,2.279,0.0,2.279
N-99.9468165-20.3032517,TH570908,2.142,0.0,2.142
N-99.9469989-20.3035385,TH570908,4.965,0.0,4.965
N-99.9565550-20.3036087,TH570908,7.158,0.0,7.158
N-99.9566925-20.3034044,TH570908,6.636,0.0,6.636
N-99.8967881-20.3025146,TH570908,1.28,0.0,1.28
N-99.9038097-20.3006732,TH570908,2.346,0.0,2.346
N-99.9064138-20.3024515,TH570908,2.692,0.0,2.692
N-99.9099293-20.3003395,TH570908,15.064,0.0,15.064
N-99.9127692-20.3018767,TH570908,1.952,0.0,1.952
N-99.9128785-20.3022890,TH570908,4.19,0.0,4.19
N-99.9130177-20.3025877,TH570908,1.822,0.0,1.822
N-99.9138580-20.3027181,TH570908,1.752,0.0,1.752
N-99.9177602-20.3023283,TH570908,3.747,0.0,3.747
N-99.9250303-20.3022063,TH570908,17.739,0.0,17.739
N-99.9258028-20.3024981,TH570908,5.936,0.0,5.936
N-99.9278309-20.3024663,TH570908,2.863,0.0,2.863
N-99.9281150-20.3027732,TH570908,2.741,0.0,2.741
N-99.9291717-20.3020767,TH570908,23.931,0.0,23.931
N-99.9325158-20.3038160,TH570908,1.722,0.0,1.722
N-99.9334088-20.3027882,TH570908,3.894,0.0,3.894
N-99.9388302-20.3027119,TH570908,6.774,0.0,6.774
N-99.9429903-20.3025808,TH570908,5.791,0.0,5.791
N-99.9431498-20.3024624,TH570908,8.691,0.0,8.691
N-99.9441256-20.3024568,TH570908,2.39,0.0,2.39
N-99.9451053-20.3029951,TH570908,2.409,0.0,2.409
N-99.9466771-20.3026681,TH570908,6.863,0.0,6.863
N-99.9520597-20.3006196,TH570908,8.809,0.0,8.809
N-99.9566013-20.3034954,TH570908,5.501,0.0,5.501
N-99.9031740-20.3008540,TH570908,0.761,0.0,0.761
N-99.9062575-20.3013761,TH570908,1.669,0.0,1.669
N-99.9063125-20.3019170,TH570908,3.526,0.0,3.526
N-99.9122069-20.3010701,TH570908,4.825,0.0,4.825
N-99.9127388-20.3016712,TH570908,2.333,0.0,2.333
N-99.9135842-20.3016948,TH570908,4.037,0.0,4.037
N-99.9137009-20.3020494,TH570908,2.159,0.0,2.159
N-99.9173981-20.3012969,TH570908,4.323,0.0,4.323
N-99.9175858-20.3017749,TH570908,3.45,0.0,3.45
N-99.9188974-20.3005598,TH570908,6.6,0.0,6.6
N-99.9209956-20.3008548,TH570908,24.891,0.0,24.891
N-99.9256566-20.3019484,TH570908,4.023,0.0,4.023
N-99.9272157-20.3018721,TH570908,7.162,0.0,7.162
N-99.9277246-20.3015686,TH570908,19.603,0.0,19.603
N-99.9280304-20.3018818,TH570908,2.692,0.0,2.692
N-99.9331738-20.3009920,TH570908,13.041,0.0,13.041
N-99.9340119-20.3007666,TH570908,12.777,0.0,12.777
N-99.9389065-20.3014419,TH570908,6.274,0.0,6.274
N-99.9440111-20.3016714,TH570908,8.458,0.0,8.458
N-99.9466878-20.3015864,TH570908,7.162,0.0,7.162
N-99.9486378-20.2998589,TH570908,2.15,0.0,2.15
N-99.9571387-20.3030035,TH570908,2.399,0.0,2.399
N-99.9057702-20.3001898,TH570908,1.923,0.0,1.923
N-99.9061677-20.3007057,TH570908,3.458,0.0,3.458
N-99.9084557-20.2995281,TH570908,12.03,0.0,12.03
N-99.9121750-20.3009344,TH570908,2.437,0.0,2.437
N-99.9126210-20.3007911,TH570908,2.351,0.0,2.351
N-99.9133015-20.3006222,TH570908,4.48,0.0,4.48
N-99.9135797-20.3016140,TH570908,2.255,0.0,2.255
N-99.9171406-20.3006177,TH570908,6.452,0.0,6.452
N-99.9252999-20.3004869,TH570908,9.511,0.0,9.511
N-99.9255306-20.3013598,TH570908,3.344,0.0,3.344
N-99.9333403-20.3008380,TH570908,5.941,0.0,5.941
N-99.9388930-20.3007059,TH570908,14.381,0.0,14.381
N-99.9440624-20.3005902,TH570908,9.323,0.0,9.323
N-99.9448371-20.3003688,TH570908,5.768,0.0,5.768
N-99.9460655-20.3003487,TH570908,2.368,0.0,2.368
N-99.9464893-20.3006908,TH570908,3.76,0.0,3.76
N-99.9481228-20.2998932,TH570908,6.723,0.0,6.723
N-99.9486532-20.2998422,TH570908,2.536,0.0,2.536
N-99.9521012-20.3004231,TH570908,1.522,0.0,1.522
N-99.9550180-20.2989556,TH570908,13.459,0.0,13.459
N-99.9060592-20.3001356,TH570908,3.407,0.0,3.407
N-99.9093945-20.2993570,TH570908,6.231,0.0,6.231
N-99.9102206-20.2993269,TH570908,6.01,0.0,6.01
N-99.9124505-20.3000820,TH570908,4.878,0.0,4.878
N-99.9130984-20.2996442,TH570908,2.464,0.0,2.464
N-99.9137430-20.2995480,TH570908,2.363,0.0,2.363
N-99.9144892-20.2989338,TH570908,2.382,0.0,2.382
N-99.9169046-20.2999435,TH570908,6.727,0.0,6.727
N-99.9186373-20.2998655,TH570908,4.034,0.0,4.034
N-99.9250264-20.2995029,TH570908,12.634,0.0,12.634
N-99.9251874-20.3000765,TH570908,3.168,0.0,3.168
N-99.9253858-20.3003230,TH570908,8.81,0.0,8.81
N-99.9335513-20.3007434,TH570908,4.094,0.0,4.094
N-99.9390860-20.2990543,TH570908,3.471,0.0,3.471
N-99.9433989-20.2989735,TH570908,8.804,0.0,8.804
N-99.9440218-20.2995331,TH570908,6.178,0.0,6.178
N-99.9456685-20.3000318,TH570908,2.495,0.0,2.495
N-99.9466294-20.2999758,TH570908,2.239,0.0,2.239
N-99.9486559-20.2998240,TH570908,1.396,0.0,1.396
N-99.9521861-20.2999968,TH570908,2.907,0.0,2.907
N-99.9522714-20.2997499,TH570908,2.953,0.0,2.953
N-99.9112477-20.2991845,TH570908,4.647,0.0,4.647
N-99.9124005-20.2989818,TH570908,2.419,0.0,2.419
N-99.9133481-20.2988992,TH570908,2.324,0.0,2.324
N-99.9143534-20.2989392,TH570908,2.451,0.0,2.451
N-99.9146251-20.2988852,TH570908,5.102,0.0,5.102
N-99.9167007-20.2993070,TH570908,4.532,0.0,4.532
N-99.9179724-20.2987400,TH570908,2.141,0.0,2.141
N-99.9184039-20.2990655,TH570908,2.083,0.0,2.083
N-99.9185890-20.2994982,TH570908,1.993,0.0,1.993
N-99.9205426-20.2984184,TH570908,8.823,0.0,8.823
N-99.9243477-20.2984207,TH570908,4.908,0.0,4.908
N-99.9247002-20.2988227,TH570908,5.669,0.0,5.669
N-99.9248404-20.2990255,TH570908,5.859,0.0,5.859
N-99.9337837-20.3007187,TH570908,2.895,0.0,2.895
N-99.9389110-20.2992249,TH570908,3.237,0.0,3.237
N-99.9391085-20.2990184,TH570908,3.107,0.0,3.107
N-99.9431191-20.2985014,TH570908,2.5,0.0,2.5
N-99.9433421-20.2988831,TH570908,2.787,0.0,2.787
N-99.9440487-20.2990753,TH570908,3.126,0.0,3.126
N-99.9452716-20.2991261,TH570908,5.407,0.0,5.407
N-99.9465642-20.2987633,TH570908,2.214,0.0,2.214
N-99.9486398-20.2995051,TH570908,1.472,0.0,1.472
N-99.9487357-20.2994366,TH570908,7.464,0.0,7.464
N-99.9524509-20.2990992,TH570908,5.018,0.0,5.018
N-99.9049148-20.2983767,TH570908,2.757,0.0,2.757
N-99.9111310-20.2985427,TH570908,6.417,0.0,6.417
N-99.9119720-20.2984769,TH570908,2.435,0.0,2.435
N-99.9122509-20.2984467,TH570908,2.44,0.0,2.44
N-99.9128909-20.2982358,TH570908,2.317,0.0,2.317
N-99.9138364-20.2979487,TH570908,6.374,0.0,6.374
N-99.9159851-20.2981015,TH570908,2.22,0.0,2.22
N-99.9164540-20.2985347,TH570908,2.221,0.0,2.221
N-99.9172969-20.2980824,TH570908,4.18,0.0,4.18
N-99.9183009-20.2987583,TH570908,4.085,0.0,4.085
N-99.9203600-20.2979677,TH570908,17.982,0.0,17.982
N-99.9230441-20.2971730,TH570908,13.249,0.0,13.249
N-99.9242939-20.2982673,TH570908,4.846,0.0,4.846
N-99.9258792-20.2970935,TH570908,12.166,0.0,12.166
N-99.9278465-20.2962882,TH570908,13.714,0.0,13.714
N-99.9293393-20.2953778,TH570908,7.074,0.0,7.074
N-99.9387943-20.2973893,TH570908,6.121,0.0,6.121
N-99.9389693-20.2984170,TH570908,5.7,0.0,5.7
N-99.9391085-20.2989376,TH570908,1.52,0.0,1.52
N-99.9430483-20.2982657,TH570908,4.386,0.0,4.386
N-99.9430660-20.2984018,TH570908,2.924,0.0,2.924
N-99.9442311-20.2988388,TH570908,3.151,0.0,3.151
N-99.9451323-20.2983307,TH570908,2.937,0.0,2.937
N-99.9454588-20.2983048,TH570908,2.51,0.0,2.51
N-99.9464944-20.2983631,TH570908,4.182,0.0,4.182
N-99.9525586-20.2983183,TH570908,7.038,0.0,7.038
N-99.9048933-20.2974510,TH570908,2.647,0.0,2.647
N-99.9124829-20.2971511,TH570908,6.267,0.0,6.267
N-99.9156010-20.2972065,TH570908,4.575,0.0,4.575
N-99.9166373-20.2979279,TH570908,2.189,0.0,2.189
N-99.9171756-20.2979843,TH570908,5.256,0.0,5.256
N-99.9243130-20.2976867,TH570908,3.79,0.0,3.79
N-99.9256700-20.2971287,TH570908,1.915,0.0,1.915
N-99.9300474-20.2950105,TH570908,8.326,0.0,8.326
N-99.9323165-20.2944671,TH570908,13.575,0.0,13.575
N-99.9387135-20.2971156,TH570908,5.492,0.0,5.492
N-99.9429315-20.2974027,TH570908,13.555,0.0,13.555
N-99.9429881-20.2975288,TH570908,2.568,0.0,2.568
N-99.9447568-20.2984514,TH570908,2.974,0.0,2.974
N-99.9455078-20.2971533,TH570908,2.679,0.0,2.679
N-99.9456794-20.2974351,TH570908,2.683,0.0,2.683
N-99.9463609-20.2976406,TH570908,6.171,0.0,6.171
N-99.9500813-20.2960789,TH570908,5.916,0.0,5.916
N-99.9505032-20.2962539,TH570908,5.721,0.0,5.721
N-99.9509699-20.2964558,TH570908,8.245,0.0,8.245
N-99.9518451-20.2969719,TH570908,3.845,0.0,3.845
N-99.9525182-20.2973310,TH570908,3.744,0.0,3.744
N-99.9047493-20.2969989,TH570908,3.867,0.0,3.867
N-99.9048611-20.2972095,TH570908,2.509,0.0,2.509
N-99.9117467-20.2956090,TH570908,1.142,0.0,1.142
N-99.9120833-20.2961537,TH570908,1.212,0.0,1.212
N-99.9122845-20.2966241,TH570908,3.62,0.0,3.62
N-99.9154186-20.2966279,TH570908,4.069,0.0,4.069
N-99.9156667-20.2964392,TH570908,4.216,0.0,4.216
N-99.9170294-20.2979426,TH570908,2.02,0.0,2.02
N-99.9243388-20.2963526,TH570908,3.792,0.0,3.792
N-99.9334001-20.2942608,TH570908,9.196,0.0,9.196
N-99.9381301-20.2954236,TH570908,3.024,0.0,3.024
N-99.9385340-20.2963526,TH570908,1.84,0.0,1.84
N-99.9386148-20.2965860,TH570908,1.976,0.0,1.976
N-99.9450357-20.2965445,TH570908,5.358,0.0,5.358
N-99.9456922-20.2963212,TH570908,7.159,0.0,7.159
N-99.9461410-20.2971156,TH570908,4.517,0.0,4.517
N-99.9498524-20.2958749,TH570908,13.818,0.0,13.818
N-99.9528324-20.2967116,TH570908,1.585,0.0,1.585
N-99.9106309-20.2942971,TH570908,4.236,0.0,4.236
N-99.9149720-20.2949927,TH570908,2.025,0.0,2.025
N-99.9156721-20.2963625,TH570908,8.411,0.0,8.411
N-99.9243388-20.2954820,TH570908,4.974,0.0,4.974
N-99.9272694-20.2954865,TH570908,1.771,0.0,1.771
N-99.9274096-20.2957062,TH570908,1.143,0.0,1.143
N-99.9295914-20.2952067,TH570908,1.069,0.0,1.069
N-99.9351060-20.2937627,TH570908,3.744,0.0,3.744
N-99.9380583-20.2952755,TH570908,1.81,0.0,1.81
N-99.9383904-20.2959218,TH570908,1.006,0.0,1.006
N-99.9384981-20.2961103,TH570908,4.023,0.0,4.023
N-99.9433809-20.2943869,TH570908,11.991,0.0,11.991
N-99.9449338-20.2957345,TH570908,5.112,0.0,5.112
N-99.9454319-20.2960923,TH570908,2.551,0.0,2.551
N-99.9038526-20.2951466,TH570908,2.932,0.0,2.932
N-99.9214531-20.2933278,TH570908,1.403,0.0,1.403
N-99.9223417-20.2936599,TH570908,2.232,0.0,2.232
N-99.9227008-20.2937407,TH570908,2.28,0.0,2.28
N-99.9242536-20.2946741,TH570908,6.348,0.0,6.348
N-99.9271752-20.2952755,TH570908,1.632,0.0,1.632
N-99.9271931-20.2952172,TH570908,1.632,0.0,1.632
N-99.9275567-20.2948133,TH570908,2.143,0.0,2.143
N-99.9353152-20.2936973,TH570908,4.991,0.0,4.991
N-99.9379506-20.2949614,TH570908,2.987,0.0,2.987
N-99.9383051-20.2956884,TH570908,1.565,0.0,1.565
N-99.9391264-20.2931617,TH570908,8.641,0.0,8.641
N-99.9448372-20.2950251,TH570908,5.415,0.0,5.415
N-99.9453960-20.2949793,TH570908,2.511,0.0,2.511
N-99.9457685-20.2943869,TH570908,10.322,0.0,10.322
N-99.9498300-20.2946382,TH570908,8.27,0.0,8.27
N-99.9508667-20.2943285,TH570908,2.704,0.0,2.704
N-99.9037048-20.2941497,TH570908,2.086,0.0,2.086
N-99.9037454-20.2937479,TH570908,2.786,0.0,2.786
N-99.9239664-20.2941984,TH570908,2.479,0.0,2.479
N-99.9241952-20.2944767,TH570908,1.57,0.0,1.57
N-99.9275896-20.2943023,TH570908,2.717,0.0,2.717
N-99.9279112-20.2938349,TH570908,2.849,0.0,2.849
N-99.9287818-20.2931931,TH570908,1.947,0.0,1.947
N-99.9346286-20.2937426,TH570908,11.031,0.0,11.031
N-99.9366295-20.2930382,TH570908,18.954,0.0,18.954
N-99.9381211-20.2942298,TH570908,2.108,0.0,2.108
N-99.9385071-20.2936060,TH570908,2.046,0.0,2.046
N-99.9431580-20.2936921,TH570908,5.638,0.0,5.638
N-99.9439284-20.2942972,TH570908,3.129,0.0,3.129
N-99.9448050-20.2941446,TH570908,2.982,0.0,2.982
N-99.9473751-20.2930047,TH570908,5.672,0.0,5.672
N-99.9474200-20.2929867,TH570908,2.607,0.0,2.607
N-99.9509767-20.2942405,TH570908,2.753,0.0,2.753
N-99.9064976-20.2906505,TH570908,5.512,0.0,5.512
N-99.9217942-20.2934445,TH570908,1.691,0.0,1.691
N-99.9231226-20.2937990,TH570908,2.562,0.0,2.562
N-99.9236342-20.2939695,TH570908,1.726,0.0,1.726
N-99.9241279-20.2943735,TH570908,0.895,0.0,0.895
N-99.9281625-20.2935701,TH570908,0.883,0.0,0.883
N-99.9288088-20.2931213,TH570908,7.371,0.0,7.371
N-99.9386372-20.2933861,TH570908,1.64,0.0,1.64
N-99.9393059-20.2929014,TH570908,8.606,0.0,8.606
N-99.9431647-20.2935814,TH570908,3.264,0.0,3.264
N-99.9431849-20.2935160,TH570908,3.844,0.0,3.844
N-99.9432211-20.2932883,TH570908,4.126,0.0,4.126
N-99.9436592-20.2935432,TH570908,3.759,0.0,3.759
N-99.9448480-20.2933043,TH570908,3.259,0.0,3.259
N-99.9458666-20.2930226,TH570908,3.299,0.0,3.299
N-99.9461320-20.2931707,TH570908,3.176,0.0,3.176
N-99.9482996-20.2926546,TH570908,2.951,0.0,2.951
N-99.9035737-20.2922586,TH570908,0.655,0.0,0.655
N-99.9036381-20.2928825,TH570908,0.654,0.0,0.654
N-99.9208473-20.2927488,TH570908,3.318,0.0,3.318
N-99.9212961-20.2932201,TH570908,0.847,0.0,0.847
N-99.9234323-20.2938708,TH570908,1.692,0.0,1.692
N-99.9279740-20.2916448,TH570908,8.574,0.0,8.574
N-99.9387674-20.2933053,TH570908,1.607,0.0,1.607
N-99.9397816-20.2919186,TH570908,10.917,0.0,10.917
N-99.9432063-20.2929801,TH570908,3.403,0.0,3.403
N-99.9432184-20.2929600,TH570908,3.575,0.0,3.575
N-99.9432594-20.2929321,TH570908,3.938,0.0,3.938
N-99.9446346-20.2924455,TH570908,3.493,0.0,3.493
N-99.9451038-20.2925377,TH570908,3.492,0.0,3.492
N-99.9459846-20.2924691,TH570908,11.295,0.0,11.295
N-99.9474110-20.2924437,TH570908,3.343,0.0,3.343
N-99.9036702-20.2915843,TH570908,1.302,0.0,1.302
N-99.9197612-20.2918064,TH570908,0.823,0.0,0.823
N-99.9201651-20.2922327,TH570908,1.648,0.0,1.648
N-99.9277182-20.2911556,TH570908,9.258,0.0,9.258
N-99.9398714-20.2914294,TH570908,5.183,0.0,5.183
N-99.9401486-20.2910105,TH570908,10.762,0.0,10.762
N-99.9437119-20.2920216,TH570908,8.195,0.0,8.195
N-99.9442953-20.2919348,TH570908,3.896,0.0,3.896
N-99.9450759-20.2918678,TH570908,8.088,0.0,8.088
N-99.9475322-20.2923674,TH570908,3.296,0.0,3.296
N-99.9031231-20.2907894,TH570908,0.668,0.0,0.668
N-99.9035630-20.2913831,TH570908,0.64,0.0,0.64
N-99.9195772-20.2912948,TH570908,3.272,0.0,3.272
N-99.9268790-20.2897195,TH570908,8.373,0.0,8.373
N-99.9399612-20.2911433,TH570908,5.069,0.0,5.069
N-99.9400958-20.2907248,TH570908,3.588,0.0,3.588
N-99.9411678-20.2899136,TH570908,12.183,0.0,12.183
N-99.9435134-20.2904002,TH570908,3.642,0.0,3.642
N-99.9436153-20.2905185,TH570908,7.851,0.0,7.851
N-99.9450035-20.2909949,TH570908,4.122,0.0,4.122
N-99.9451905-20.2905264,TH570908,4.114,0.0,4.114
N-99.9458456-20.2899639,TH570908,7.711,0.0,7.711
N-99.9059153-20.2895307,TH570908,1.277,0.0,1.277
N-99.9189983-20.2899035,TH570908,2.418,0.0,2.418
N-99.9258573-20.2882373,TH570908,3.099,0.0,3.099
N-99.9261448-20.2886496,TH570908,3.171,0.0,3.171
N-99.9263476-20.2888875,TH570908,4.439,0.0,4.439
N-99.9303376-20.2872695,TH570908,31.257,0.0,31.257
N-99.9377800-20.2877224,TH570908,11.914,0.0,11.914
N-99.9380044-20.2878481,TH570908,2.648,0.0,2.648
N-99.9382468-20.2879558,TH570908,11.459,0.0,11.459
N-99.9400958-20.2898093,TH570908,5.671,0.0,5.671
N-99.9401137-20.2901189,TH570908,3.944,0.0,3.944
N-99.9416613-20.2895312,TH570908,11.609,0.0,11.609
N-99.9434906-20.2902191,TH570908,3.358,0.0,3.358
N-99.9436711-20.2899726,TH570908,9.904,0.0,9.904
N-99.9450414-20.2901279,TH570908,3.846,0.0,3.846
N-99.9188053-20.2892528,TH570908,0.721,0.0,0.721
N-99.9189310-20.2887726,TH570908,2.245,0.0,2.245
N-99.9255925-20.2877669,TH570908,3.894,0.0,3.894
N-99.9257052-20.2880047,TH570908,2.057,0.0,2.057
N-99.9370216-20.2868607,TH570908,9.967,0.0,9.967
N-99.9375287-20.2874846,TH570908,7.618,0.0,7.618
N-99.9376723-20.2876416,TH570908,8.243,0.0,8.243
N-99.9383545-20.2879782,TH570908,8.339,0.0,8.339
N-99.9396739-20.2887322,TH570908,3.943,0.0,3.943
N-99.9399432-20.2891630,TH570908,4.031,0.0,4.031
N-99.9421870-20.2888922,TH570908,10.511,0.0,10.511
N-99.9451375-20.2886004,TH570908,3.167,0.0,3.167
N-99.9189399-20.2886245,TH570908,3.279,0.0,3.279
N-99.9278749-20.2870532,TH570908,5.083,0.0,5.083
N-99.9369049-20.2867037,TH570908,15.203,0.0,15.203
N-99.9373268-20.2872153,TH570908,8.415,0.0,8.415
N-99.9393912-20.2882116,TH570908,4.276,0.0,4.276
N-99.9395348-20.2883148,TH570908,4.314,0.0,4.314
N-99.9406494-20.2880105,TH570908,3.869,0.0,3.869
N-99.9185899-20.2872647,TH570908,2.652,0.0,2.652
N-99.9187739-20.2880231,TH570908,1.879,0.0,1.879
N-99.9255925-20.2876506,TH570908,5.346,0.0,5.346
N-99.9257615-20.2875184,TH570908,3.465,0.0,3.465
N-99.9261560-20.2873651,TH570908,3.603,0.0,3.603
N-99.9292665-20.2865152,TH570908,6.705,0.0,6.705
N-99.9365010-20.2860484,TH570908,7.271,0.0,7.271
N-99.9389424-20.2880276,TH570908,4.045,0.0,4.045
N-99.9402484-20.2874083,TH570908,4.088,0.0,4.088
N-99.9408882-20.2877047,TH570908,3.684,0.0,3.684
N-99.9184014-20.2869819,TH570908,2.826,0.0,2.826
N-99.9185181-20.2871076,TH570908,1.916,0.0,1.916
N-99.9270577-20.2869739,TH570908,2.59,0.0,2.59
N-99.9275931-20.2867361,TH570908,4.464,0.0,4.464
N-99.9300464-20.2866544,TH570908,1.469,0.0,1.469
N-99.9300605-20.2865931,TH570908,1.512,0.0,1.512
N-99.9324828-20.2847799,TH570908,31.463,0.0,31.463
N-99.9338776-20.2846252,TH570908,4.261,0.0,4.261
N-99.9363664-20.2858285,TH570908,7.663,0.0,7.663
N-99.9366670-20.2862773,TH570908,8.473,0.0,8.473
N-99.9396605-20.2865960,TH570908,8.323,0.0,8.323
N-99.9399379-20.2864209,TH570908,7.807,0.0,7.807
N-99.9171717-20.2860529,TH570908,2.857,0.0,2.857
N-99.9176205-20.2863716,TH570908,1.978,0.0,1.978
N-99.9273677-20.2868154,TH570908,2.641,0.0,2.641
N-99.9295582-20.2863581,TH570908,1.481,0.0,1.481
N-99.9298774-20.2861341,TH570908,20.179,0.0,20.179
N-99.9338481-20.2846201,TH570908,6.414,0.0,6.414
N-99.9361554-20.2854067,TH570908,3.563,0.0,3.563
N-99.9401574-20.2862985,TH570908,4.122,0.0,4.122
N-99.9149682-20.2852855,TH570908,0.813,0.0,0.813
N-99.9162203-20.2854471,TH570908,2.456,0.0,2.456
N-99.9163818-20.2854964,TH570908,1.773,0.0,1.773
N-99.9168172-20.2858285,TH570908,0.839,0.0,0.839
N-99.9339125-20.2846126,TH570908,3.216,0.0,3.216
N-99.9357425-20.2845405,TH570908,2.746,0.0,2.746
N-99.9359894-20.2849220,TH570908,2.664,0.0,2.664
N-99.9366919-20.2850273,TH570908,6.798,0.0,6.798
N-99.9133121-20.2842353,TH570908,1.104,0.0,1.104
N-99.9140077-20.2847111,TH570908,1.09,0.0,1.09
N-99.9147527-20.2852047,TH570908,1.096,0.0,1.096
N-99.9328516-20.2845748,TH570908,3.438,0.0,3.438
N-99.9333157-20.2843182,TH570908,3.363,0.0,3.363
N-99.9341002-20.2838943,TH570908,3.535,0.0,3.535
N-99.9352457-20.2838325,TH570908,3.611,0.0,3.611
N-99.9358413-20.2845001,TH570908,2.26,0.0,2.26
N-99.9361016-20.2846527,TH570908,2.344,0.0,2.344
N-99.9131326-20.2831941,TH570908,1.682,0.0,1.682
N-99.9141424-20.2827992,TH570908,5.143,0.0,5.143
N-99.9155192-20.2822395,TH570908,0.88,0.0,0.88
N-99.9155886-20.2822217,TH570908,2.27,0.0,2.27
N-99.9335076-20.2825928,TH570908,7.045,0.0,7.045
N-99.9339115-20.2828576,TH570908,3.537,0.0,3.537
N-99.9342660-20.2830505,TH570908,3.45,0.0,3.45
N-99.9349430-20.2834684,TH570908,3.563,0.0,3.563
N-99.9357364-20.2834427,TH570908,2.793,0.0,2.793
N-99.9363720-20.2832213,TH570908,7.157,0.0,7.157
N-99.9148102-20.2822318,TH570908,1.697,0.0,1.697
N-99.9323542-20.2809323,TH570908,18.059,0.0,18.059
N-99.9325113-20.2812419,TH570908,8.829,0.0,8.829
N-99.9327895-20.2816907,TH570908,11.131,0.0,11.131
N-99.9331171-20.2822068,TH570908,3.626,0.0,3.626
N-99.9150106-20.2821576,TH570908,1.65,0.0,1.65
N-99.9321612-20.2804896,TH570908,15.536,0.0,15.536
N-99.9320858-20.2802276,TH570908,21.669,0.0,21.669
N-99.8442221-20.3761127,TH570909,0.592,0.592,0.0
N-99.8402631-20.3740345,TH570909,0.28,0.28,0.0
N-99.8401855-20.3739168,TH570909,3.559,3.559,0.0
N-99.8402276-20.3739789,TH570909,0.294,0.294,0.0
N-99.8444661-20.3761026,TH570909,1.463,1.463,0.0
N-99.8455417-20.3762887,TH570909,7.463,7.463,0.0
N-99.8456812-20.3763515,TH570909,2.184,2.184,0.0
N-99.8397784-20.3736267,TH570909,4.79,4.79,0.0
N-99.8400004-20.3737736,TH570909,2.111,2.111,0.0
N-99.8360590-20.3714950,TH570909,0.317,0.317,0.0
N-99.8396918-20.3735907,TH570909,2.326,2.326,0.0
N-99.8398957-20.3737026,TH570909,1.212,1.212,0.0
N-99.8357409-20.3709946,TH570909,1.218,1.218,0.0
N-99.8395787-20.3735656,TH570909,0.327,0.327,0.0
N-99.8355424-20.3708167,TH570909,0.623,0.623,0.0
N-99.8356570-20.3709020,TH570909,2.936,2.936,0.0
N-99.8349687-20.3705668,TH570909,0.303,0.303,0.0
N-99.8354096-20.3707305,TH570909,1.254,1.254,0.0
N-99.8316734-20.3662013,TH570909,0.587,0.587,0.0
N-99.8333478-20.3622013,TH570909,2.019,2.019,0.0
N-99.8335630-20.3619724,TH570909,3.266,2.971,0.295
N-99.8335871-20.3619234,TH570909,5.138,5.138,0.0
N-99.8527327-20.3544827,TH570909,16.959,16.26,0.699
N-99.8319489-20.3623484,TH570909,0.266,0.266,0.0
N-99.8335934-20.3618888,TH570909,8.142,8.142,0.0
N-99.8314175-20.3625154,TH570909,0.302,0.302,0.0
N-99.8324188-20.3621929,TH570909,0.306,0.306,0.0
N-99.8311478-20.3618342,TH570909,0.542,0.542,0.0
N-99.8316325-20.3616636,TH570909,0.302,0.302,0.0
N-99.8325112-20.3614646,TH570909,0.312,0.312,0.0
N-99.8333667-20.3618255,TH570909,0.287,0.287,0.0
N-99.8335864-20.3618448,TH570909,5.607,5.607,0.0
N-99.8320217-20.3615512,TH570909,0.603,0.603,0.0
N-99.8329041-20.3611966,TH570909,0.314,0.0,0.314
N-99.8331598-20.3609303,TH570909,13.554,13.554,0.0
N-99.8332975-20.3610864,TH570909,8.665,8.665,0.0
N-99.8297282-20.3611073,TH570909,0.25,0.25,0.0
N-99.8291753-20.3602348,TH570909,0.253,0.253,0.0
N-99.8287791-20.3591751,TH570909,0.523,0.523,0.0
N-99.8494514-20.3506737,TH570909,15.344,15.344,0.0
N-99.8284812-20.3577612,TH570909,0.529,0.529,0.0
N-99.8495459-20.3507394,TH570909,3.503,3.503,0.0
N-99.8284290-20.3572976,TH570909,0.815,0.815,0.0
N-99.8282662-20.3564222,TH570909,3.703,3.703,0.0
N-99.8279283-20.3557569,TH570909,2.52,2.52,0.0
N-99.8500708-20.3509680,TH570909,1.366,1.366,0.0
N-99.8502264-20.3510133,TH570909,1.355,1.355,0.0
N-99.8533646-20.3543579,TH570909,0.885,0.885,0.0
N-99.8542926-20.3541014,TH570909,0.934,0.458,0.476
N-99.8546842-20.3539606,TH570909,0.483,0.0,0.483
N-99.8268809-20.3547807,TH570909,0.323,0.323,0.0
N-99.8306091-20.3485039,TH570909,5.295,5.295,0.0
N-99.8315845-20.3475929,TH570909,6.666,6.356,0.311
N-99.8509104-20.3511868,TH570909,1.386,1.045,0.341
N-99.8511786-20.3512774,TH570909,0.699,0.699,0.0
N-99.8550919-20.3537544,TH570909,0.468,0.0,0.468
N-99.8557679-20.3532464,TH570909,0.483,0.0,0.483
N-99.8566932-20.3532213,TH570909,0.56,0.0,0.56
N-99.8268410-20.3518086,TH570909,0.617,0.617,0.0
N-99.8274320-20.3507660,TH570909,0.631,0.631,0.0
N-99.8289163-20.3496672,TH570909,0.933,0.933,0.0
N-99.8291014-20.3495490,TH570909,0.889,0.889,0.0
N-99.8292569-20.3494257,TH570909,0.894,0.894,0.0
N-99.8494206-20.3505466,TH570909,43.136,43.136,0.0
N-99.8515860-20.3513328,TH570909,0.801,0.801,0.0
N-99.8530481-20.3518583,TH570909,1.326,1.326,0.0
N-99.8534448-20.3520370,TH570909,1.362,0.918,0.444
N-99.8539600-20.3522380,TH570909,1.374,0.93,0.443
N-99.8549686-20.3524970,TH570909,0.952,0.478,0.473
N-99.8556901-20.3526756,TH570909,0.498,0.498,0.0
N-99.8565108-20.3531006,TH570909,0.583,0.583,0.0
N-99.8574938-20.3526274,TH570909,1.228,1.228,0.0
N-99.8268849-20.3516406,TH570909,0.346,0.346,0.0
N-99.8273844-20.3508135,TH570909,0.344,0.344,0.0
N-99.8274921-20.3506769,TH570909,0.342,0.342,0.0
N-99.8316566-20.3474946,TH570909,17.554,17.237,0.317
N-99.8523853-20.3515114,TH570909,1.323,0.893,0.431
N-99.8554538-20.3525298,TH570909,0.502,0.502,0.0
N-99.8580766-20.3520018,TH570909,2.606,0.611,1.995
N-99.8266844-20.3506769,TH570909,0.347,0.347,0.0
N-99.8275523-20.3505492,TH570909,0.345,0.345,0.0
N-99.8288787-20.3496848,TH570909,0.343,0.343,0.0
N-99.8516936-20.3513050,TH570909,0.395,0.395,0.0
N-99.8520581-20.3513680,TH570909,1.3,1.3,0.0
N-99.8527045-20.3516698,TH570909,0.895,0.895,0.0
N-99.8545045-20.3524040,TH570909,0.479,0.479,0.0
N-99.8553763-20.3525046,TH570909,0.996,0.996,0.0
N-99.8589888-20.3508297,TH570909,1.294,0.604,0.69
N-99.8257547-20.3500033,TH570909,0.312,0.312,0.0
N-99.8268618-20.3502195,TH570909,0.35,0.35,0.0
N-99.8274066-20.3499166,TH570909,0.349,0.349,0.0
N-99.8280306-20.3497265,TH570909,0.344,0.344,0.0
N-99.8293213-20.3493603,TH570909,0.646,0.646,0.0
N-99.8300616-20.3487593,TH570909,0.299,0.299,0.0
N-99.8517765-20.3512951,TH570909,0.778,0.778,0.0
N-99.8519296-20.3513251,TH570909,0.85,0.85,0.0
N-99.8591324-20.3504417,TH570909,3.175,2.448,0.727
N-99.8251656-20.3488839,TH570909,0.315,0.315,0.0
N-99.8260154-20.3491831,TH570909,0.328,0.0,0.328
N-99.8266252-20.3491472,TH570909,0.352,0.352,0.0
N-99.8268975-20.3489710,TH570909,0.357,0.357,0.0
N-99.8283474-20.3494978,TH570909,0.35,0.35,0.0
N-99.8298095-20.3489203,TH570909,0.296,0.296,0.0
N-99.8518465-20.3513025,TH570909,1.634,1.634,0.0
N-99.8596015-20.3489620,TH570909,2.091,2.091,0.0
N-99.8597378-20.3493760,TH570909,0.773,0.0,0.773
N-99.8610428-20.3495178,TH570909,0.787,0.0,0.787
N-99.8251208-20.3486949,TH570909,0.704,0.704,0.0
N-99.8253336-20.3482623,TH570909,0.36,0.36,0.0
N-99.8253582-20.3483757,TH570909,0.357,0.0,0.357
N-99.8270088-20.3484567,TH570909,0.356,0.356,0.0
N-99.8274805-20.3481690,TH570909,0.351,0.351,0.0
N-99.8283727-20.3480755,TH570909,2.066,2.066,0.0
N-99.8301957-20.3486914,TH570909,0.294,0.294,0.0
N-99.8306365-20.3482079,TH570909,0.302,0.0,0.302
N-99.8311424-20.3478107,TH570909,0.31,0.31,0.0
N-99.8577775-20.3453583,TH570909,13.753,13.257,0.497
N-99.8590312-20.3471419,TH570909,1.768,1.768,0.0
N-99.8593172-20.3480979,TH570909,2.643,1.926,0.717
N-99.8599512-20.3482145,TH570909,0.759,0.759,0.0
N-99.8605167-20.3482684,TH570909,0.791,0.791,0.0
N-99.8618976-20.3482412,TH570909,0.795,0.0,0.795
N-99.8205654-20.3488807,TH570909,0.296,0.296,0.0
N-99.8251018-20.3471753,TH570909,0.691,0.691,0.0
N-99.8253229-20.3474713,TH570909,0.69,0.69,0.0
N-99.8271622-20.3482589,TH570909,0.343,0.343,0.0
N-99.8276685-20.3481439,TH570909,0.345,0.345,0.0
N-99.8306488-20.3477047,TH570909,0.586,0.586,0.0
N-99.8310560-20.3473924,TH570909,2.066,2.066,0.0
N-99.8589439-20.3468309,TH570909,1.902,1.902,0.0
N-99.8593544-20.3473170,TH570909,0.697,0.0,0.697
N-99.8602583-20.3475268,TH570909,0.723,0.723,0.0
N-99.8608311-20.3474017,TH570909,0.789,0.789,0.0
N-99.8612729-20.3474268,TH570909,0.788,0.788,0.0
N-99.8622992-20.3475148,TH570909,0.77,0.0,0.77
N-99.8632409-20.3474247,TH570909,0.781,0.0,0.781
N-99.8642207-20.3482042,TH570909,0.763,0.0,0.763
N-99.8651590-20.3477900,TH570909,1.579,0.0,1.579
N-99.8661228-20.3474678,TH570909,1.547,0.0,1.547
N-99.9171786-20.3462060,TH570909,1.643,0.0,1.643
N-99.8197582-20.3481945,TH570909,0.639,0.639,0.0
N-99.8251058-20.3470964,TH570909,2.034,2.034,0.0
N-99.8257012-20.3466115,TH570909,0.336,0.336,0.0
N-99.8265362-20.3461893,TH570909,0.338,0.338,0.0
N-99.8268899-20.3459155,TH570909,0.671,0.671,0.0
N-99.8316215-20.3473655,TH570909,32.343,31.982,0.362
N-99.8587937-20.3461167,TH570909,1.261,1.261,0.0
N-99.8603212-20.3466252,TH570909,0.695,0.695,0.0
N-99.8605076-20.3465983,TH570909,0.743,0.743,0.0
N-99.8619704-20.3463817,TH570909,0.749,0.0,0.749
N-99.8623025-20.3464150,TH570909,1.452,0.0,1.452
N-99.8633037-20.3465755,TH570909,0.737,0.0,0.737
N-99.8636253-20.3463823,TH570909,0.746,0.0,0.746
N-99.8670714-20.3472608,TH570909,1.517,0.0,1.517
N-99.8684109-20.3470477,TH570909,0.761,0.0,0.761
N-99.8695263-20.3468650,TH570909,0.772,0.0,0.772
N-99.8700125-20.3469143,TH570909,0.788,0.0,0.788
N-99.8708239-20.3471684,TH570909,0.824,0.0,0.824
N-99.8719070-20.3469624,TH570909,2.558,0.0,2.558
N-99.9174139-20.3460706,TH570909,4.564,0.0,4.564
N-99.8196598-20.3481379,TH570909,0.922,0.922,0.0
N-99.8254997-20.3467252,TH570909,0.344,0.344,0.0
N-99.8257651-20.3462953,TH570909,0.341,0.341,0.0
N-99.8259337-20.3461758,TH570909,0.333,0.333,0.0
N-99.8272888-20.3456166,TH570909,0.676,0.676,0.0
N-99.8273032-20.3455627,TH570909,5.568,5.568,0.0
N-99.8582989-20.3453537,TH570909,0.612,0.0,0.612
N-99.8601935-20.3458192,TH570909,0.678,0.678,0.0
N-99.8602740-20.3460651,TH570909,0.722,0.722,0.0
N-99.8617183-20.3458340,TH570909,1.439,0.0,1.439
N-99.8632383-20.3462756,TH570909,0.717,0.0,0.717
N-99.8639740-20.3459346,TH570909,0.733,0.0,0.733
N-99.8645721-20.3454618,TH570909,0.769,0.0,0.769
N-99.8656155-20.3451751,TH570909,0.751,0.751,0.0
N-99.8659990-20.3449916,TH570909,1.502,0.0,1.502
N-99.8674999-20.3444582,TH570909,3.987,0.761,3.226
N-99.8695912-20.3456430,TH570909,1.548,0.766,0.782
N-99.8698430-20.3454427,TH570909,3.325,0.0,3.325
N-99.8734438-20.3466500,TH570909,3.932,0.0,3.932
N-99.8742318-20.3464899,TH570909,1.123,0.0,1.123
N-99.8750729-20.3462453,TH570909,3.71,0.0,3.71
N-99.8764897-20.3457368,TH570909,3.31,0.0,3.31
N-99.9163279-20.3461308,TH570909,0.805,0.0,0.805
N-99.9193719-20.3441744,TH570909,8.991,0.0,8.991
N-99.8173502-20.3463220,TH570909,0.289,0.289,0.0
N-99.8259090-20.3449843,TH570909,25.126,24.795,0.331
N-99.8268364-20.3452213,TH570909,11.494,11.494,0.0
N-99.8586628-20.3449795,TH570909,1.25,0.634,0.615
N-99.8599769-20.3449810,TH570909,0.674,0.0,0.674
N-99.8604081-20.3444125,TH570909,2.055,2.055,0.0
N-99.8627709-20.3441346,TH570909,3.54,0.0,3.54
N-99.8641832-20.3455272,TH570909,0.693,0.0,0.693
N-99.8642744-20.3454845,TH570909,0.71,0.0,0.71
N-99.8650388-20.3452833,TH570909,1.536,0.0,1.536
N-99.8663477-20.3447300,TH570909,0.759,0.759,0.0
N-99.8694501-20.3447348,TH570909,0.819,0.819,0.0
N-99.8696722-20.3448341,TH570909,0.817,0.0,0.817
N-99.8746042-20.3463946,TH570909,1.121,0.0,1.121
N-99.8767497-20.3444286,TH570909,5.27,0.0,5.27
N-99.9092765-20.3447222,TH570909,3.388,0.0,3.388
N-99.9151566-20.3455936,TH570909,12.103,0.0,12.103
N-99.9157760-20.3454097,TH570909,11.064,0.0,11.064
N-99.9161106-20.3456367,TH570909,0.801,0.0,0.801
N-99.9230796-20.3449182,TH570909,3.323,0.0,3.323
N-99.8169830-20.3457140,TH570909,0.833,0.833,0.0
N-99.8171700-20.3459940,TH570909,0.581,0.581,0.0
N-99.8263100-20.3451192,TH570909,0.337,0.337,0.0
N-99.8539550-20.3391252,TH570909,13.203,12.816,0.387
N-99.8551459-20.3400105,TH570909,4.796,4.796,0.0
N-99.8555520-20.3402917,TH570909,3.525,3.525,0.0
N-99.8587379-20.3438830,TH570909,0.572,0.572,0.0
N-99.8587615-20.3443462,TH570909,1.237,1.237,0.0
N-99.8603425-20.3443973,TH570909,0.651,0.651,0.0
N-99.8665489-20.3443804,TH570909,1.567,0.787,0.781
N-99.8692726-20.3442562,TH570909,0.849,0.849,0.0
N-99.8693085-20.3440588,TH570909,0.846,0.0,0.846
N-99.8706683-20.3429547,TH570909,1.853,0.0,1.853
N-99.8710812-20.3429323,TH570909,10.099,0.0,10.099
N-99.9074913-20.3448980,TH570909,1.286,0.0,1.286
N-99.9075452-20.3448576,TH570909,1.326,0.0,1.326
N-99.9083055-20.3438370,TH570909,0.938,0.0,0.938
N-99.9090887-20.3443802,TH570909,3.393,0.0,3.393
N-99.9092121-20.3445210,TH570909,5.184,0.0,5.184
N-99.9200586-20.3431483,TH570909,13.145,0.0,13.145
N-99.8163710-20.3447836,TH570909,2.233,2.233,0.0
N-99.8581392-20.3426965,TH570909,3.57,1.963,1.607
N-99.8592063-20.3430939,TH570909,1.18,0.598,0.582
N-99.8625871-20.3430541,TH570909,7.359,0.0,7.359
N-99.8667903-20.3435053,TH570909,2.38,0.791,1.589
N-99.8668868-20.3430727,TH570909,1.621,0.0,1.621
N-99.8692322-20.3434978,TH570909,1.756,0.0,1.756
N-99.8699098-20.3429682,TH570909,0.92,0.0,0.92
N-99.8761596-20.3428391,TH570909,4.149,0.0,4.149
N-99.9065943-20.3424688,TH570909,2.451,0.0,2.451
N-99.9068303-20.3425946,TH570909,1.271,0.0,1.271
N-99.9079193-20.3428863,TH570909,1.253,0.0,1.253
N-99.9081875-20.3432032,TH570909,2.845,0.0,2.845
N-99.9204877-20.3428465,TH570909,24.765,3.186,21.579
N-99.9235849-20.3447903,TH570909,0.857,0.0,0.857
N-99.9249088-20.3430714,TH570909,0.827,0.0,0.827
N-99.8156917-20.3440134,TH570909,1.415,1.415,0.0
N-99.8475384-20.3336076,TH570909,53.094,53.094,0.0
N-99.8527410-20.3375353,TH570909,9.605,9.107,0.497
N-99.8528245-20.3376411,TH570909,3.021,2.533,0.488
N-99.8574724-20.3413681,TH570909,3.062,1.539,1.523
N-99.8593050-20.3425194,TH570909,0.567,0.0,0.567
N-99.8595384-20.3421021,TH570909,0.594,0.594,0.0
N-99.8600410-20.3417475,TH570909,1.296,0.696,0.6
N-99.8669539-20.3429017,TH570909,0.816,0.0,0.816
N-99.8671095-20.3427055,TH570909,0.849,0.0,0.849
N-99.8673911-20.3424641,TH570909,0.895,0.0,0.895
N-99.8676808-20.3420944,TH570909,0.894,0.0,0.894
N-99.8694611-20.3431612,TH570909,0.945,0.0,0.945
N-99.8700400-20.3429278,TH570909,1.092,0.0,1.092
N-99.8709421-20.3422367,TH570909,1.293,0.0,1.293
N-99.8755588-20.3415867,TH570909,8.907,0.0,8.907
N-99.9045742-20.3431598,TH570909,0.829,0.0,0.829
N-99.9047191-20.3428150,TH570909,1.689,0.0,1.689
N-99.9048370-20.3425774,TH570909,1.209,0.0,1.209
N-99.9061330-20.3421017,TH570909,2.877,0.0,2.877
N-99.9073479-20.3425521,TH570909,1.231,0.0,1.231
N-99.9079299-20.3423334,TH570909,0.86,0.0,0.86
N-99.9081071-20.3430322,TH570909,0.848,0.0,0.848
N-99.9234918-20.3413376,TH570909,31.579,6.025,25.555
N-99.9249223-20.3429682,TH570909,1.261,0.0,1.261
N-99.8155487-20.3439083,TH570909,1.16,1.16,0.0
N-99.8156335-20.3439517,TH570909,4.676,4.39,0.286
N-99.8531288-20.3379784,TH570909,4.682,3.694,0.988
N-99.8558524-20.3403017,TH570909,1.441,0.963,0.478
N-99.8596640-20.3419450,TH570909,0.556,0.0,0.556
N-99.8605111-20.3410558,TH570909,0.695,0.0,0.695
N-99.8606158-20.3409649,TH570909,1.398,0.0,1.398
N-99.8650136-20.3402261,TH570909,1.638,0.0,1.638
N-99.8651706-20.3402710,TH570909,1.698,0.0,1.698
N-99.8659830-20.3404550,TH570909,9.226,7.469,1.756
N-99.8672396-20.3409666,TH570909,0.882,0.0,0.882
N-99.8679624-20.3417876,TH570909,0.894,0.0,0.894
N-99.8681609-20.3415009,TH570909,0.917,0.0,0.917
N-99.8688931-20.3409702,TH570909,4.393,0.0,4.393
N-99.8706638-20.3412628,TH570909,1.293,0.0,1.293
N-99.8708209-20.3417789,TH570909,2.63,0.0,2.63
N-99.8708703-20.3420033,TH570909,1.369,0.0,1.369
N-99.9042769-20.3411510,TH570909,3.224,0.0,3.224
N-99.9044163-20.3413723,TH570909,0.823,0.0,0.823
N-99.9049276-20.3416381,TH570909,1.625,0.0,1.625
N-99.9057950-20.3419407,TH570909,1.648,0.0,1.648
N-99.9081767-20.3416493,TH570909,2.508,0.0,2.508
N-99.9084932-20.3408068,TH570909,7.104,0.0,7.104
N-99.9243882-20.3410474,TH570909,8.898,1.109,7.789
N-99.9250750-20.3418645,TH570909,1.075,0.0,1.075
N-99.8138285-20.3430258,TH570909,0.573,0.573,0.0
N-99.8571291-20.3408249,TH570909,1.573,1.573,0.0
N-99.8571732-20.3409083,TH570909,0.506,0.506,0.0
N-99.8603148-20.3411596,TH570909,1.751,0.0,1.751
N-99.8610036-20.3404440,TH570909,2.785,2.029,0.755
N-99.8618272-20.3397998,TH570909,1.487,0.0,1.487
N-99.8637390-20.3395888,TH570909,3.506,1.937,1.569
N-99.8644795-20.3399883,TH570909,2.057,1.267,0.79
N-99.8665619-20.3406390,TH570909,8.285,0.0,8.285
N-99.8673742-20.3410339,TH570909,0.94,0.0,0.94
N-99.8683808-20.3412946,TH570909,1.019,0.0,1.019
N-99.8700599-20.3404320,TH570909,1.315,0.0,1.315
N-99.8705830-20.3409038,TH570909,1.339,0.0,1.339
N-99.8706234-20.3410339,TH570909,1.368,0.0,1.368
N-99.8715165-20.3398184,TH570909,3.573,0.0,3.573
N-99.8747777-20.3397681,TH570909,6.365,0.0,6.365
N-99.9033220-20.3397779,TH570909,5.2,0.0,5.2
N-99.9036009-20.3400394,TH570909,2.216,0.0,2.216
N-99.9037833-20.3402859,TH570909,3.055,0.0,3.055
N-99.9087882-20.3399894,TH570909,6.826,0.0,6.826
N-99.9090859-20.3391746,TH570909,46.847,3.424,43.423
N-99.9249563-20.3408547,TH570909,1.607,0.0,1.607
N-99.9255135-20.3405889,TH570909,3.898,0.0,3.898
N-99.8123841-20.3404162,TH570909,1.765,1.765,0.0
N-99.8565728-20.3402821,TH570909,4.357,4.357,0.0
N-99.8612169-20.3401685,TH570909,2.185,1.488,0.697
N-99.8621727-20.3394677,TH570909,2.297,0.0,2.297
N-99.8641609-20.3397639,TH570909,6.46,5.613,0.848
N-99.8657316-20.3404011,TH570909,0.922,0.0,0.922
N-99.8668985-20.3407826,TH570909,3.939,0.0,3.939
N-99.8694832-20.3406684,TH570909,4.392,0.0,4.392
N-99.8702450-20.3403188,TH570909,1.908,0.0,1.908
N-99.8711195-20.3399039,TH570909,1.99,0.0,1.99
N-99.8722782-20.3393657,TH570909,5.447,0.0,5.447
N-99.8724177-20.3393003,TH570909,5.538,0.0,5.538
N-99.9016590-20.3379067,TH570909,3.653,0.0,3.653
N-99.9024872-20.3386538,TH570909,6.573,0.0,6.573
N-99.9260643-20.3402925,TH570909,1.459,0.0,1.459
N-99.8123440-20.3403327,TH570909,0.291,0.291,0.0
N-99.8561635-20.3401810,TH570909,0.489,0.0,0.489
N-99.8563137-20.3401810,TH570909,3.84,1.256,2.583
N-99.8613837-20.3400631,TH570909,1.497,0.0,1.497
N-99.8625093-20.3391984,TH570909,1.564,0.0,1.564
N-99.8632633-20.3393285,TH570909,1.641,0.0,1.641
N-99.8655117-20.3403338,TH570909,3.326,1.58,1.746
N-99.8706285-20.3397203,TH570909,5.057,0.0,5.057
N-99.8709182-20.3387344,TH570909,12.125,0.0,12.125
N-99.8739412-20.3388727,TH570909,4.895,0.0,4.895
N-99.8747074-20.3394572,TH570909,2.233,0.0,2.233
N-99.8754658-20.3392626,TH570909,6.314,0.0,6.314
N-99.8958588-20.3425015,TH570909,2.338,0.0,2.338
N-99.8994805-20.3366044,TH570909,3.381,0.0,3.381
N-99.9002928-20.3370532,TH570909,3.173,0.0,3.173
N-99.9012245-20.3375445,TH570909,2.975,0.0,2.975
N-99.8119680-20.3389010,TH570909,2.43,2.43,0.0
N-99.8119987-20.3390586,TH570909,0.906,0.906,0.0
N-99.8604045-20.3368423,TH570909,4.504,3.07,1.434
N-99.8606917-20.3372237,TH570909,5.092,3.694,1.398
N-99.8611046-20.3377174,TH570909,6.923,5.368,1.556
N-99.8614098-20.3381662,TH570909,3.115,1.628,1.487
N-99.8616073-20.3384130,TH570909,1.551,0.0,1.551
N-99.8619573-20.3386688,TH570909,1.625,0.0,1.625
N-99.8629491-20.3391086,TH570909,6.017,4.322,1.695
N-99.8634518-20.3394497,TH570909,1.868,1.868,0.0
N-99.8710758-20.3382769,TH570909,18.105,0.0,18.105
N-99.8727671-20.3383055,TH570909,4.255,0.0,4.255
N-99.8735810-20.3380631,TH570909,3.291,0.0,3.291
N-99.8745272-20.3386602,TH570909,5.298,0.0,5.298
N-99.8908120-20.3357013,TH570909,33.229,0.0,33.229
N-99.8932772-20.3354714,TH570909,17.388,0.0,17.388
N-99.8946964-20.3355901,TH570909,2.9,0.0,2.9
N-99.8949387-20.3355812,TH570909,7.825,0.0,7.825
N-99.8958633-20.3355767,TH570909,6.251,0.0,6.251
N-99.8974385-20.3356575,TH570909,5.17,0.0,5.17
N-99.8993817-20.3365191,TH570909,2.987,0.0,2.987
N-99.9023993-20.3385355,TH570909,2.099,0.0,2.099
N-99.8118854-20.3387786,TH570909,0.308,0.308,0.0
N-99.8525586-20.3368914,TH570909,4.939,3.944,0.995
N-99.8591885-20.3359676,TH570909,5.317,3.967,1.35
N-99.8602340-20.3366403,TH570909,2.791,1.386,1.405
N-99.8608802-20.3374257,TH570909,3.1,1.607,1.493
N-99.8626529-20.3390189,TH570909,1.829,1.829,0.0
N-99.8713306-20.3377739,TH570909,20.5,0.0,20.5
N-99.8724470-20.3373512,TH570909,4.293,0.0,4.293
N-99.8734291-20.3375042,TH570909,3.539,0.0,3.539
N-99.8743265-20.3374975,TH570909,3.167,0.0,3.167
N-99.8747671-20.3374059,TH570909,3.054,0.0,3.054
N-99.8753920-20.3370217,TH570909,5.527,0.0,5.527
N-99.8764834-20.3362461,TH570909,9.745,0.0,9.745
N-99.8789888-20.3359716,TH570909,17.812,0.0,17.812
N-99.8838026-20.3371696,TH570909,5.646,0.0,5.646
N-99.8838667-20.3373281,TH570909,3.805,0.0,3.805
N-99.8841018-20.3374117,TH570909,4.336,0.0,4.336
N-99.8854267-20.3372414,TH570909,8.77,0.0,8.77
N-99.8857192-20.3368771,TH570909,31.145,0.0,31.145
N-99.8981745-20.3358684,TH570909,3.589,0.0,3.589
N-99.9021472-20.3382840,TH570909,2.072,0.0,2.072
N-99.8112392-20.3363624,TH570909,0.614,0.614,0.0
N-99.8125087-20.3337809,TH570909,15.089,15.089,0.0
N-99.8196772-20.3278144,TH570909,1.902,1.902,0.0
N-99.8276793-20.3284153,TH570909,0.309,0.309,0.0
N-99.8278134-20.3284228,TH570909,2.667,2.667,0.0
N-99.8285088-20.3280710,TH570909,0.7,0.7,0.0
N-99.8301174-20.3273438,TH570909,2.952,2.952,0.0
N-99.8577163-20.3349418,TH570909,5.288,5.288,0.0
N-99.8591185-20.3358704,TH570909,2.771,1.337,1.434
N-99.8653262-20.3337880,TH570909,57.769,10.433,47.336
N-99.8717722-20.3370667,TH570909,4.691,0.0,4.691
N-99.8719573-20.3367703,TH570909,4.572,0.0,4.572
N-99.8723285-20.3365958,TH570909,4.553,0.0,4.553
N-99.8731492-20.3362260,TH570909,4.147,0.0,4.147
N-99.8746715-20.3366472,TH570909,6.58,0.0,6.58
N-99.8775418-20.3358799,TH570909,5.851,0.0,5.851
N-99.8836467-20.3363698,TH570909,20.561,0.0,20.561
N-99.8841430-20.3366045,TH570909,4.841,0.0,4.841
N-99.8853473-20.3366052,TH570909,4.94,0.0,4.94
N-99.8897016-20.3348161,TH570909,27.747,0.0,27.747
N-99.8944585-20.3355228,TH570909,5.97,0.0,5.97
N-99.8966980-20.3354779,TH570909,2.683,0.0,2.683
N-99.8999023-20.3366493,TH570909,0.787,0.0,0.787
N-99.9005915-20.3367750,TH570909,0.753,0.0,0.753
N-99.8112391-20.3362029,TH570909,0.313,0.313,0.0
N-99.8236656-20.3276405,TH570909,0.632,0.632,0.0
N-99.8256507-20.3281017,TH570909,0.634,0.634,0.0
N-99.8257671-20.3281298,TH570909,0.943,0.943,0.0
N-99.8274917-20.3283857,TH570909,0.309,0.309,0.0
N-99.8279797-20.3283398,TH570909,0.35,0.35,0.0
N-99.8325913-20.3262758,TH570909,1.753,1.753,0.0
N-99.8524938-20.3357278,TH570909,3.017,0.991,2.026
N-99.8558119-20.3337748,TH570909,2.936,2.342,0.593
N-99.8572120-20.3345469,TH570909,1.905,1.905,0.0
N-99.8585068-20.3352135,TH570909,1.329,1.329,0.0
N-99.8598166-20.3360344,TH570909,5.019,3.52,1.499
N-99.8643172-20.3335786,TH570909,10.351,5.614,4.737
N-99.8717953-20.3359852,TH570909,21.933,0.0,21.933
N-99.8726973-20.3356517,TH570909,4.249,0.0,4.249
N-99.8733270-20.3361603,TH570909,3.867,0.0,3.867
N-99.8740656-20.3360371,TH570909,3.506,0.0,3.506
N-99.8753330-20.3355706,TH570909,3.299,0.0,3.299
N-99.8762288-20.3355318,TH570909,3.072,0.0,3.072
N-99.8789529-20.3359357,TH570909,10.162,0.0,10.162
N-99.8843970-20.3363521,TH570909,4.889,0.0,4.889
N-99.8851138-20.3362973,TH570909,4.645,0.0,4.645
N-99.8852569-20.3363240,TH570909,4.672,0.0,4.672
N-99.8931197-20.3353164,TH570909,3.69,0.0,3.69
N-99.8990496-20.3361870,TH570909,0.831,0.0,0.831
N-99.8999428-20.3361219,TH570909,0.785,0.0,0.785
N-99.9005619-20.3353467,TH570909,1.475,0.0,1.475
N-99.9005713-20.3353266,TH570909,0.692,0.0,0.692
N-99.9033205-20.3335849,TH570909,20.278,0.0,20.278
N-99.8524835-20.3355434,TH570909,3.116,2.071,1.044
N-99.8585114-20.3348063,TH570909,1.409,1.409,0.0
N-99.8588710-20.3353186,TH570909,0.675,0.0,0.675
N-99.8596685-20.3359581,TH570909,0.705,0.705,0.0
N-99.8642689-20.3335409,TH570909,4.708,4.708,0.0
N-99.8719562-20.3347780,TH570909,19.618,0.0,19.618
N-99.8723111-20.3352907,TH570909,4.5,0.0,4.5
N-99.8733293-20.3348697,TH570909,3.393,0.0,3.393
N-99.8742534-20.3348513,TH570909,3.432,0.0,3.432
N-99.8751654-20.3349330,TH570909,3.278,0.0,3.278
N-99.8758383-20.3349573,TH570909,3.304,0.0,3.304
N-99.8768379-20.3350396,TH570909,3.226,0.0,3.226
N-99.8773138-20.3351744,TH570909,3.772,0.0,3.772
N-99.8781945-20.3346701,TH570909,3.498,0.0,3.498
N-99.8810398-20.3339072,TH570909,14.933,0.0,14.933
N-99.8834253-20.3340313,TH570909,30.042,0.0,30.042
N-99.8851277-20.3339597,TH570909,23.266,0.0,23.266
N-99.8909757-20.3351531,TH570909,3.926,0.0,3.926
N-99.8910937-20.3347456,TH570909,3.85,0.0,3.85
N-99.8927621-20.3348855,TH570909,3.777,0.0,3.777
N-99.8934263-20.3349259,TH570909,3.701,0.0,3.701
N-99.8943823-20.3347015,TH570909,2.874,0.0,2.874
N-99.8951842-20.3344661,TH570909,3.967,0.0,3.967
N-99.8958333-20.3347428,TH570909,2.132,0.0,2.132
N-99.8966433-20.3347428,TH570909,5.765,0.0,5.765
N-99.8977162-20.3348233,TH570909,2.668,0.0,2.668
N-99.8981755-20.3349787,TH570909,1.182,0.0,1.182
N-99.8988588-20.3351955,TH570909,0.829,0.0,0.829
N-99.9004304-20.3351480,TH570909,2.333,0.0,2.333
N-99.9005431-20.3352348,TH570909,0.765,0.0,0.765
N-99.9005699-20.3352977,TH570909,0.726,0.0,0.726
N-99.8195889-20.3278257,TH570909,0.987,0.987,0.0
N-99.8476190-20.3334471,TH570909,0.486,0.486,0.0
N-99.8522904-20.3335112,TH570909,4.173,2.061,2.112
N-99.8552674-20.3330932,TH570909,1.807,1.807,0.0
N-99.8569679-20.3338176,TH570909,0.672,0.672,0.0
N-99.8582715-20.3345972,TH570909,1.379,1.379,0.0
N-99.8584110-20.3346425,TH570909,6.847,6.847,0.0
N-99.8597493-20.3359851,TH570909,1.268,1.268,0.0
N-99.8642528-20.3334856,TH570909,1.581,1.581,0.0
N-99.8718978-20.3341844,TH570909,17.068,0.0,17.068
N-99.8729593-20.3341156,TH570909,7.477,0.0,7.477
N-99.8745914-20.3345897,TH570909,2.844,0.0,2.844
N-99.8750098-20.3343558,TH570909,2.381,0.0,2.381
N-99.8757258-20.3345208,TH570909,2.355,0.0,2.355
N-99.8770657-20.3349226,TH570909,2.432,0.0,2.432
N-99.8779701-20.3343739,TH570909,7.265,0.0,7.265
N-99.8786028-20.3339732,TH570909,12.986,0.0,12.986
N-99.8793538-20.3336311,TH570909,15.33,0.0,15.33
N-99.8859978-20.3329381,TH570909,20.079,0.0,20.079
N-99.8875882-20.3326000,TH570909,15.207,0.0,15.207
N-99.8895488-20.3337770,TH570909,5.21,0.0,5.21
N-99.8895892-20.3338174,TH570909,5.174,0.0,5.174
N-99.8899841-20.3338982,TH570909,3.867,0.0,3.867
N-99.8909984-20.3340553,TH570909,3.864,0.0,3.864
N-99.8918062-20.3341989,TH570909,3.606,0.0,3.606
N-99.8925332-20.3341854,TH570909,3.52,0.0,3.52
N-99.8930999-20.3341053,TH570909,3.475,0.0,3.475
N-99.8944810-20.3344098,TH570909,2.553,0.0,2.553
N-99.8948891-20.3342750,TH570909,2.396,0.0,2.396
N-99.8954953-20.3346321,TH570909,2.09,0.0,2.09
N-99.8985596-20.3341848,TH570909,0.962,0.0,0.962
N-99.8987259-20.3339308,TH570909,0.821,0.0,0.821
N-99.9023871-20.3331473,TH570909,1.336,0.0,1.336
N-99.9028015-20.3333523,TH570909,0.699,0.0,0.699
N-99.9099911-20.3289032,TH570909,19.986,0.498,19.488
N-99.9103771-20.3285666,TH570909,7.98,1.63,6.35
N-99.9114721-20.3275568,TH570909,16.109,4.753,11.356
N-99.8476600-20.3333742,TH570909,0.462,0.462,0.0
N-99.8477180-20.3331792,TH570909,0.963,0.475,0.488
N-99.8480786-20.3322469,TH570909,0.492,0.492,0.0
N-99.8532603-20.3323688,TH570909,1.666,0.0,1.666
N-99.8545271-20.3325953,TH570909,1.825,1.212,0.613
N-99.8557234-20.3335057,TH570909,0.631,0.631,0.0
N-99.8569062-20.3333271,TH570909,1.364,0.674,0.69
N-99.8637570-20.3322018,TH570909,23.322,23.322,0.0
N-99.8642528-20.3331888,TH570909,5.886,5.886,0.0
N-99.8651352-20.3332114,TH570909,4.193,0.0,4.193
N-99.8653047-20.3335516,TH570909,15.735,0.0,15.735
N-99.8717710-20.3328950,TH570909,24.61,0.0,24.61
N-99.8722860-20.3328015,TH570909,4.324,0.0,4.324
N-99.8734890-20.3328556,TH570909,3.295,0.0,3.295
N-99.8735259-20.3328505,TH570909,6.08,0.0,6.08
N-99.8753692-20.3330731,TH570909,2.187,0.0,2.187
N-99.8760403-20.3334135,TH570909,4.734,0.0,4.734
N-99.8800619-20.3332036,TH570909,11.636,0.0,11.636
N-99.8810084-20.3329917,TH570909,4.646,0.0,4.646
N-99.8818937-20.3334378,TH570909,10.018,0.0,10.018
N-99.8834632-20.3333327,TH570909,10.539,0.0,10.539
N-99.8850744-20.3330680,TH570909,10.096,0.0,10.096
N-99.8882249-20.3326730,TH570909,9.758,0.0,9.758
N-99.8895623-20.3336334,TH570909,5.076,0.0,5.076
N-99.8899529-20.3332198,TH570909,3.659,0.0,3.659
N-99.8912306-20.3335054,TH570909,3.526,0.0,3.526
N-99.8917617-20.3333696,TH570909,3.111,0.0,3.111
N-99.8928788-20.3331891,TH570909,3.091,0.0,3.091
N-99.8932262-20.3333947,TH570909,3.086,0.0,3.086
N-99.8937143-20.3336010,TH570909,3.966,0.0,3.966
N-99.8946111-20.3341226,TH570909,2.014,0.0,2.014
N-99.8986508-20.3340326,TH570909,1.31,0.0,1.31
N-99.8988587-20.3335736,TH570909,0.832,0.0,0.832
N-99.8990303-20.3332907,TH570909,0.802,0.0,0.802
N-99.8990504-20.3332152,TH570909,0.775,0.0,0.775
N-99.9011144-20.3325299,TH570909,2.133,0.0,2.133
N-99.9017796-20.3328241,TH570909,1.992,0.0,1.992
N-99.9025628-20.3332454,TH570909,0.683,0.0,0.683
N-99.9031341-20.3334894,TH570909,1.245,0.0,1.245
N-99.8184566-20.3277456,TH570909,0.359,0.359,0.0
N-99.8476883-20.3327947,TH570909,1.69,1.69,0.0
N-99.8476968-20.3327456,TH570909,2.449,2.045,0.403
N-99.8477406-20.3326262,TH570909,5.09,4.623,0.467
N-99.8480249-20.3323146,TH570909,0.473,0.473,0.0
N-99.8481833-20.3320546,TH570909,0.478,0.478,0.0
N-99.8483658-20.3317191,TH570909,0.966,0.966,0.0
N-99.8526243-20.3322460,TH570909,2.629,0.506,2.124
N-99.8548517-20.3325676,TH570909,3.155,1.278,1.878
N-99.8567292-20.3329474,TH570909,17.045,14.195,2.849
N-99.8642515-20.3326217,TH570909,3.319,0.0,3.319
N-99.8649059-20.3321749,TH570909,9.331,0.0,9.331
N-99.8651958-20.3322092,TH570909,13.443,0.0,13.443
N-99.8679570-20.3304146,TH570909,8.777,0.0,8.777
N-99.8680429-20.3304297,TH570909,12.872,0.0,12.872
N-99.8686832-20.3303520,TH570909,14.0,0.0,14.0
N-99.8716718-20.3319821,TH570909,17.643,0.0,17.643
N-99.8727717-20.3327561,TH570909,4.897,0.0,4.897
N-99.8732284-20.3325556,TH570909,3.764,0.0,3.764
N-99.8749313-20.3321803,TH570909,2.469,0.0,2.469
N-99.8756913-20.3324544,TH570909,2.547,0.0,2.547
N-99.8761350-20.3321023,TH570909,2.634,0.0,2.634
N-99.8761538-20.3320520,TH570909,4.134,0.0,4.134
N-99.8805661-20.3328062,TH570909,6.351,0.0,6.351
N-99.8807346-20.3326640,TH570909,5.407,0.0,5.407
N-99.8818454-20.3322607,TH570909,5.47,0.0,5.47
N-99.8818749-20.3327763,TH570909,5.606,0.0,5.606
N-99.8836203-20.3317530,TH570909,21.889,0.0,21.889
N-99.8866762-20.3319963,TH570909,4.76,0.0,4.76
N-99.8892404-20.3328414,TH570909,4.819,0.0,4.819
N-99.8901277-20.3323095,TH570909,3.317,0.0,3.317
N-99.8908429-20.3324494,TH570909,3.131,0.0,3.131
N-99.8916651-20.3325346,TH570909,3.097,0.0,3.097
N-99.8922391-20.3327257,TH570909,2.816,0.0,2.816
N-99.8931526-20.3323319,TH570909,5.024,0.0,5.024
N-99.8952065-20.3306120,TH570909,16.645,0.0,16.645
N-99.8991229-20.3329071,TH570909,1.755,0.0,1.755
N-99.8993415-20.3326745,TH570909,0.787,0.0,0.787
N-99.9001072-20.3322934,TH570909,2.959,0.0,2.959
N-99.9006209-20.3323261,TH570909,2.13,0.0,2.13
N-99.9014309-20.3326569,TH570909,1.987,0.0,1.987
N-99.9021001-20.3329813,TH570909,1.292,0.0,1.292
N-99.9029624-20.3334189,TH570909,1.203,0.0,1.203
N-99.9127422-20.3261252,TH570909,18.883,6.525,12.358
N-99.8182207-20.3276656,TH570909,0.749,0.749,0.0
N-99.8477166-20.3326846,TH570909,1.216,1.216,0.0
N-99.8477887-20.3325705,TH570909,0.453,0.0,0.453
N-99.8482229-20.3319671,TH570909,0.923,0.0,0.923
N-99.8487222-20.3311369,TH570909,0.479,0.479,0.0
N-99.8492341-20.3307059,TH570909,1.888,1.888,0.0
N-99.8500870-20.3302179,TH570909,0.511,0.511,0.0
N-99.8642530-20.3321885,TH570909,4.0,0.0,4.0
N-99.8664523-20.3305001,TH570909,9.946,0.0,9.946
N-99.8696737-20.3302310,TH570909,10.299,0.0,10.299
N-99.8716168-20.3313031,TH570909,5.747,0.0,5.747
N-99.8725250-20.3316395,TH570909,5.488,0.0,5.488
N-99.8735413-20.3319438,TH570909,3.828,0.0,3.828
N-99.8739959-20.3317137,TH570909,3.614,0.0,3.614
N-99.8749005-20.3321645,TH570909,2.573,0.0,2.573
N-99.8759419-20.3316697,TH570909,2.494,0.0,2.494
N-99.8767573-20.3313251,TH570909,31.15,0.0,31.15
N-99.8806045-20.3317036,TH570909,25.031,0.0,25.031
N-99.8816174-20.3319008,TH570909,5.189,0.0,5.189
N-99.8825836-20.3316094,TH570909,6.089,0.0,6.089
N-99.8847174-20.3312674,TH570909,5.455,0.0,5.455
N-99.8861988-20.3317096,TH570909,5.0,0.0,5.0
N-99.8864327-20.3316035,TH570909,4.427,0.0,4.427
N-99.8872347-20.3317172,TH570909,4.231,0.0,4.231
N-99.8882670-20.3317478,TH570909,4.358,0.0,4.358
N-99.8891814-20.3320567,TH570909,4.231,0.0,4.231
N-99.8903162-20.3316767,TH570909,6.169,0.0,6.169
N-99.8919761-20.3316898,TH570909,5.557,0.0,5.557
N-99.8933231-20.3317575,TH570909,3.404,0.0,3.404
N-99.8994501-20.3322884,TH570909,1.68,0.0,1.68
N-99.8994622-20.3322758,TH570909,3.795,0.0,3.795
N-99.8484845-20.3314419,TH570909,0.468,0.468,0.0
N-99.8485326-20.3313125,TH570909,3.933,2.984,0.949
N-99.8486048-20.3312165,TH570909,5.428,3.53,1.898
N-99.8491337-20.3307828,TH570909,0.479,0.479,0.0
N-99.8496938-20.3303996,TH570909,0.502,0.502,0.0
N-99.8502312-20.3301250,TH570909,0.509,0.509,0.0
N-99.8529917-20.3304204,TH570909,5.208,0.0,5.208
N-99.8635066-20.3294038,TH570909,17.404,15.605,1.799
N-99.8635676-20.3294698,TH570909,8.6,8.6,0.0
N-99.8647607-20.3307421,TH570909,9.091,4.531,4.56
N-99.8651696-20.3307469,TH570909,4.755,0.0,4.755
N-99.8659742-20.3305129,TH570909,4.447,0.0,4.447
N-99.8674416-20.3303045,TH570909,9.561,0.0,9.561
N-99.8715768-20.3308085,TH570909,9.468,0.0,9.468
N-99.8725196-20.3310912,TH570909,4.942,0.0,4.942
N-99.8732867-20.3307391,TH570909,4.187,0.0,4.187
N-99.8736140-20.3310409,TH570909,3.811,0.0,3.811
N-99.8759472-20.3315867,TH570909,3.345,0.0,3.345
N-99.8759794-20.3315666,TH570909,2.582,0.0,2.582
N-99.8810129-20.3313985,TH570909,5.87,0.0,5.87
N-99.8822291-20.3313726,TH570909,6.169,0.0,6.169
N-99.8825024-20.3312522,TH570909,6.152,0.0,6.152
N-99.8830871-20.3308548,TH570909,5.219,0.0,5.219
N-99.8845395-20.3311020,TH570909,5.502,0.0,5.502
N-99.8853244-20.3304470,TH570909,5.133,0.0,5.133
N-99.8859495-20.3306624,TH570909,4.421,0.0,4.421
N-99.8867459-20.3309199,TH570909,4.441,0.0,4.441
N-99.8872073-20.3312217,TH570909,4.205,0.0,4.205
N-99.8885992-20.3307680,TH570909,7.559,0.0,7.559
N-99.8904374-20.3312234,TH570909,5.523,0.0,5.523
N-99.8914665-20.3301506,TH570909,4.193,0.0,4.193
N-99.8932685-20.3305001,TH570909,6.141,0.0,6.141
N-99.8936555-20.3305200,TH570909,3.218,0.0,3.218
N-99.9005672-20.3323123,TH570909,1.414,0.0,1.414
N-99.9088961-20.3278979,TH570909,3.693,0.0,3.693
N-99.8485694-20.3312603,TH570909,1.324,0.848,0.476
N-99.8490715-20.3308266,TH570909,1.866,0.918,0.948
N-99.8495127-20.3305083,TH570909,2.395,1.43,0.965
N-99.8501605-20.3301728,TH570909,0.507,0.0,0.507
N-99.8506484-20.3298134,TH570909,1.027,0.516,0.511
N-99.8512410-20.3294924,TH570909,0.518,0.0,0.518
N-99.8640641-20.3295686,TH570909,4.566,0.0,4.566
N-99.8652802-20.3300700,TH570909,4.765,0.0,4.765
N-99.8660151-20.3297883,TH570909,4.661,0.0,4.661
N-99.8670249-20.3299720,TH570909,5.025,0.0,5.025
N-99.8686303-20.3299641,TH570909,9.617,0.0,9.617
N-99.8697148-20.3301661,TH570909,4.55,0.0,4.55
N-99.8704798-20.3300745,TH570909,4.319,0.0,4.319
N-99.8715737-20.3299196,TH570909,4.803,0.0,4.803
N-99.8724884-20.3303372,TH570909,4.461,0.0,4.461
N-99.8730346-20.3299795,TH570909,4.137,0.0,4.137
N-99.8739680-20.3293306,TH570909,7.952,0.0,7.952
N-99.8748073-20.3293080,TH570909,21.061,0.0,21.061
N-99.8801489-20.3292263,TH570909,32.148,0.0,32.148
N-99.8814494-20.3294596,TH570909,6.852,0.0,6.852
N-99.8816956-20.3295188,TH570909,7.004,0.0,7.004
N-99.8824131-20.3297649,TH570909,6.975,0.0,6.975
N-99.8832856-20.3295771,TH570909,6.015,0.0,6.015
N-99.8843330-20.3301427,TH570909,5.199,0.0,5.199
N-99.8844700-20.3301088,TH570909,4.853,0.0,4.853
N-99.8860393-20.3302092,TH570909,4.366,0.0,4.366
N-99.8870764-20.3304548,TH570909,4.249,0.0,4.249
N-99.8874086-20.3300259,TH570909,4.003,0.0,4.003
N-99.8883359-20.3295878,TH570909,6.345,0.0,6.345
N-99.8892030-20.3298334,TH570909,7.861,0.0,7.861
N-99.8907503-20.3300424,TH570909,5.191,0.0,5.191
N-99.9038517-20.3265112,TH570909,7.984,0.0,7.984
N-99.9078369-20.3273504,TH570909,2.212,0.0,2.212
N-99.8497673-20.3303531,TH570909,1.986,1.494,0.492
N-99.8505749-20.3298664,TH570909,1.014,0.501,0.512
N-99.8511378-20.3295720,TH570909,0.507,0.0,0.507
N-99.8516288-20.3291302,TH570909,0.515,0.0,0.515
N-99.8522346-20.3290760,TH570909,0.54,0.0,0.54
N-99.8528327-20.3287614,TH570909,0.564,0.0,0.564
N-99.8533410-20.3285228,TH570909,3.76,0.703,3.057
N-99.8634261-20.3290139,TH570909,25.443,25.443,0.0
N-99.8642395-20.3291319,TH570909,4.086,0.0,4.086
N-99.8651993-20.3292506,TH570909,5.224,0.0,5.224
N-99.8659308-20.3290325,TH570909,4.497,0.0,4.497
N-99.8668087-20.3291770,TH570909,4.899,0.0,4.899
N-99.8677317-20.3292400,TH570909,5.272,0.0,5.272
N-99.8684361-20.3291281,TH570909,5.234,0.0,5.234
N-99.8688473-20.3291216,TH570909,5.289,0.0,5.289
N-99.8695845-20.3291172,TH570909,5.183,0.0,5.183
N-99.8710604-20.3288223,TH570909,4.47,0.0,4.47
N-99.8721412-20.3294853,TH570909,4.48,0.0,4.48
N-99.8725409-20.3287370,TH570909,8.961,0.0,8.961
N-99.8742065-20.3292149,TH570909,6.336,0.0,6.336
N-99.8808351-20.3290863,TH570909,7.267,0.0,7.267
N-99.8813674-20.3292258,TH570909,7.023,0.0,7.023
N-99.8825346-20.3290791,TH570909,6.743,0.0,6.743
N-99.8829638-20.3290238,TH570909,6.129,0.0,6.129
N-99.8840301-20.3287922,TH570909,8.767,0.0,8.767
N-99.8842419-20.3297365,TH570909,4.419,0.0,4.419
N-99.8863220-20.3292577,TH570909,7.943,0.0,7.943
N-99.8877731-20.3294119,TH570909,3.893,0.0,3.893
N-99.8918045-20.3285459,TH570909,2.725,0.0,2.725
N-99.8925179-20.3285006,TH570909,2.659,0.0,2.659
N-99.8925957-20.3284956,TH570909,1.269,0.0,1.269
N-99.8981923-20.3262828,TH570909,3.067,0.0,3.067
N-99.8992022-20.3263272,TH570909,4.604,0.0,4.604
N-99.8998934-20.3263316,TH570909,2.939,0.0,2.939
N-99.9014103-20.3263765,TH570909,3.599,0.0,3.599
N-99.9019398-20.3264304,TH570909,4.777,0.0,4.777
N-99.9077472-20.3272831,TH570909,1.644,0.0,1.644
N-99.9085819-20.3276915,TH570909,1.582,0.0,1.582
N-99.8493275-20.3306396,TH570909,0.469,0.469,0.0
N-99.8507644-20.3297537,TH570909,0.519,0.0,0.519
N-99.8517317-20.3290106,TH570909,0.512,0.0,0.512
N-99.8520661-20.3286799,TH570909,0.514,0.0,0.514
N-99.8524154-20.3282515,TH570909,0.541,0.0,0.541
N-99.8534816-20.3277593,TH570909,3.875,1.456,2.42
N-99.8551749-20.3249781,TH570909,13.907,8.501,5.405
N-99.8634563-20.3289643,TH570909,7.613,7.613,0.0
N-99.8635119-20.3289410,TH570909,2.237,2.237,0.0
N-99.8641471-20.3283847,TH570909,8.309,0.0,8.309
N-99.8661984-20.3277723,TH570909,4.083,0.0,4.083
N-99.8667369-20.3287955,TH570909,4.879,0.0,4.879
N-99.8675479-20.3285565,TH570909,5.392,0.0,5.392
N-99.8682507-20.3283220,TH570909,5.582,0.0,5.582
N-99.8693110-20.3280388,TH570909,5.727,0.0,5.727
N-99.8704703-20.3285861,TH570909,5.832,0.0,5.832
N-99.8710067-20.3284299,TH570909,10.996,0.0,10.996
N-99.8731097-20.3276002,TH570909,13.329,0.0,13.329
N-99.8761404-20.3261766,TH570909,27.916,0.0,27.916
N-99.8801865-20.3291772,TH570909,5.379,0.0,5.379
N-99.8807870-20.3281908,TH570909,12.841,0.0,12.841
N-99.8812406-20.3285245,TH570909,6.19,0.0,6.19
N-99.8826365-20.3284755,TH570909,6.206,0.0,6.206
N-99.8831576-20.3282213,TH570909,5.773,0.0,5.773
N-99.8838924-20.3281783,TH570909,4.572,0.0,4.572
N-99.8865214-20.3285118,TH570909,6.33,0.0,6.33
N-99.8875250-20.3280643,TH570909,5.037,0.0,5.037
N-99.8881781-20.3280643,TH570909,12.036,0.0,12.036
N-99.8918420-20.3284830,TH570909,2.766,0.0,2.766
N-99.8926520-20.3284352,TH570909,2.911,0.0,2.911
N-99.8980421-20.3262627,TH570909,5.999,0.0,5.999
N-99.9071862-20.3267221,TH570909,3.798,0.0,3.798
N-99.8489414-20.3309327,TH570909,1.795,1.795,0.0
N-99.8517692-20.3289653,TH570909,0.523,0.523,0.0
N-99.8523178-20.3283682,TH570909,0.522,0.0,0.522
N-99.8525908-20.3279717,TH570909,0.533,0.0,0.533
N-99.8527705-20.3276907,TH570909,0.559,0.0,0.559
N-99.8536447-20.3268235,TH570909,2.416,0.0,2.416
N-99.8642207-20.3272380,TH570909,38.241,31.905,6.337
N-99.8661573-20.3274593,TH570909,12.418,4.095,8.323
N-99.8667030-20.3277197,TH570909,4.942,0.0,4.942
N-99.8676471-20.3271513,TH570909,5.256,0.0,5.256
N-99.8683526-20.3272292,TH570909,5.211,0.0,5.211
N-99.8690434-20.3270731,TH570909,6.168,0.0,6.168
N-99.8707114-20.3275919,TH570909,7.017,0.0,7.017
N-99.8709600-20.3275030,TH570909,6.806,0.0,6.806
N-99.8717954-20.3273989,TH570909,6.27,0.0,6.27
N-99.8722728-20.3274342,TH570909,5.791,0.0,5.791
N-99.8782207-20.3255169,TH570909,23.408,0.0,23.408
N-99.8806301-20.3271359,TH570909,20.503,0.0,20.503
N-99.8818317-20.3278391,TH570909,6.273,0.0,6.273
N-99.8826152-20.3277581,TH570909,5.407,0.0,5.407
N-99.8836689-20.3271818,TH570909,10.222,0.0,10.222
N-99.8840960-20.3268657,TH570909,14.25,4.951,9.298
N-99.8868075-20.3275034,TH570909,5.923,0.0,5.923
N-99.8926789-20.3273864,TH570909,5.424,0.0,5.424
N-99.9005576-20.3263137,TH570909,4.448,0.0,4.448
N-99.9080927-20.3274132,TH570909,1.041,0.0,1.041
N-99.9135904-20.3244467,TH570909,9.264,0.0,9.264
N-99.8522052-20.3259951,TH570909,24.821,22.53,2.291
N-99.8530504-20.3271654,TH570909,0.573,0.0,0.573
N-99.8534351-20.3269160,TH570909,0.568,0.0,0.568
N-99.8677357-20.3270884,TH570909,4.795,0.0,4.795
N-99.8682010-20.3270268,TH570909,4.677,0.0,4.677
N-99.8689407-20.3267027,TH570909,6.197,0.0,6.197
N-99.8692875-20.3270255,TH570909,7.401,0.0,7.401
N-99.8710991-20.3268633,TH570909,8.086,0.0,8.086
N-99.8718983-20.3271170,TH570909,6.855,0.0,6.855
N-99.8725840-20.3267544,TH570909,6.773,0.0,6.773
N-99.8734400-20.3263045,TH570909,6.195,0.0,6.195
N-99.8738142-20.3261079,TH570909,5.944,0.0,5.944
N-99.8746815-20.3257362,TH570909,5.275,0.0,5.275
N-99.8804390-20.3264317,TH570909,13.945,0.0,13.945
N-99.8807371-20.3264553,TH570909,7.311,0.0,7.311
N-99.8816331-20.3269423,TH570909,7.045,0.0,7.045
N-99.8825453-20.3268205,TH570909,6.023,0.0,6.023
N-99.8835847-20.3268066,TH570909,5.416,0.0,5.416
N-99.8866761-20.3266306,TH570909,9.063,0.0,9.063
N-99.8902783-20.3256585,TH570909,10.648,0.0,10.648
N-99.8927754-20.3267954,TH570909,4.732,0.0,4.732
N-99.8947389-20.3250705,TH570909,1.863,0.0,1.863
N-99.8958388-20.3249774,TH570909,3.165,0.0,3.165
N-99.9023303-20.3263092,TH570909,2.067,0.0,2.067
N-99.9048480-20.3258918,TH570909,2.507,0.0,2.507
N-99.9065893-20.3260938,TH570909,2.197,0.0,2.197
N-99.9080075-20.3273773,TH570909,0.526,0.0,0.526
N-99.9221936-20.3198511,TH570909,0.459,0.459,0.0
N-99.8537984-20.3259416,TH570909,1.199,0.0,1.199
N-99.8550273-20.3249718,TH570909,1.943,0.659,1.284
N-99.8572585-20.3225888,TH570909,20.745,17.688,3.057
N-99.8665562-20.3252420,TH570909,6.614,3.888,2.726
N-99.8670524-20.3254885,TH570909,3.78,0.0,3.78
N-99.8675331-20.3256375,TH570909,4.14,0.0,4.14
N-99.8688824-20.3260606,TH570909,4.498,0.0,4.498
N-99.8691857-20.3260563,TH570909,5.716,0.0,5.716
N-99.8696960-20.3259265,TH570909,6.794,0.0,6.794
N-99.8709478-20.3256081,TH570909,7.394,0.0,7.394
N-99.8714293-20.3257255,TH570909,6.975,0.0,6.975
N-99.8721514-20.3257787,TH570909,6.868,0.0,6.868
N-99.8733505-20.3259351,TH570909,6.265,0.0,6.265
N-99.8744380-20.3258215,TH570909,6.384,0.0,6.384
N-99.8750001-20.3256384,TH570909,6.143,0.0,6.143
N-99.8760894-20.3257012,TH570909,5.552,0.0,5.552
N-99.8768861-20.3253586,TH570909,13.346,0.0,13.346
N-99.8788237-20.3250527,TH570909,21.832,0.0,21.832
N-99.8804500-20.3258133,TH570909,14.663,0.0,14.663
N-99.8807139-20.3258091,TH570909,6.771,0.0,6.771
N-99.8816884-20.3256854,TH570909,6.646,0.0,6.646
N-99.8825698-20.3255780,TH570909,6.04,0.0,6.04
N-99.8833896-20.3259365,TH570909,6.297,0.0,6.297
N-99.8839031-20.3260624,TH570909,10.552,0.0,10.552
N-99.8865902-20.3262294,TH570909,8.383,0.0,8.383
N-99.8881834-20.3243914,TH570909,7.739,0.0,7.739
N-99.8910990-20.3254422,TH570909,1.749,0.0,1.749
N-99.8911688-20.3254598,TH570909,1.596,0.0,1.596
N-99.8923758-20.3254447,TH570909,1.534,0.0,1.534
N-99.8928478-20.3255478,TH570909,1.118,0.0,1.118
N-99.8939981-20.3250419,TH570909,3.652,0.0,3.652
N-99.8966102-20.3248771,TH570909,2.237,0.0,2.237
N-99.8979239-20.3258440,TH570909,0.882,0.0,0.882
N-99.8980100-20.3260565,TH570909,0.799,0.0,0.799
N-99.9001537-20.3263137,TH570909,2.307,0.0,2.307
N-99.9032054-20.3260848,TH570909,3.335,0.0,3.335
N-99.9061988-20.3256585,TH570909,1.649,0.0,1.649
N-99.9123269-20.3259078,TH570909,3.812,0.0,3.812
N-99.8532060-20.3252635,TH570909,1.84,0.0,1.84
N-99.8542455-20.3249190,TH570909,0.632,0.0,0.632
N-99.8661726-20.3245798,TH570909,2.052,0.0,2.052
N-99.8662204-20.3247491,TH570909,7.188,3.869,3.319
N-99.8665956-20.3247806,TH570909,3.965,0.0,3.965
N-99.8671444-20.3251350,TH570909,3.954,0.0,3.954
N-99.8686867-20.3247747,TH570909,4.303,0.0,4.303
N-99.8694725-20.3251331,TH570909,13.51,0.0,13.51
N-99.8708999-20.3247722,TH570909,13.726,0.0,13.726
N-99.8714010-20.3251529,TH570909,7.114,0.0,7.114
N-99.8719951-20.3250072,TH570909,6.345,0.0,6.345
N-99.8732217-20.3254874,TH570909,5.73,0.0,5.73
N-99.8747778-20.3249178,TH570909,5.928,0.0,5.928
N-99.8751496-20.3248408,TH570909,5.317,0.0,5.317
N-99.8756871-20.3246423,TH570909,11.011,0.0,11.011
N-99.8768416-20.3248399,TH570909,17.109,0.0,17.109
N-99.8780565-20.3251994,TH570909,6.359,0.0,6.359
N-99.8783103-20.3251509,TH570909,13.19,0.0,13.19
N-99.8810440-20.3251664,TH570909,7.485,0.0,7.485
N-99.8815052-20.3247441,TH570909,7.198,0.0,7.198
N-99.8822234-20.3248757,TH570909,7.566,0.0,7.566
N-99.8832875-20.3254816,TH570909,13.52,0.0,13.52
N-99.8855364-20.3240945,TH570909,5.403,0.0,5.403
N-99.8862979-20.3249266,TH570909,5.737,0.0,5.737
N-99.8875162-20.3244391,TH570909,5.301,0.0,5.301
N-99.8892214-20.3244687,TH570909,6.411,0.0,6.411
N-99.8902889-20.3251895,TH570909,1.802,0.0,1.802
N-99.8910798-20.3252322,TH570909,1.669,0.0,1.669
N-99.8911588-20.3246406,TH570909,3.374,0.0,3.374
N-99.8925469-20.3247482,TH570909,4.718,0.0,4.718
N-99.8934100-20.3249201,TH570909,1.343,0.0,1.343
N-99.8951926-20.3250321,TH570909,2.704,0.0,2.704
N-99.8973587-20.3248700,TH570909,1.295,0.0,1.295
N-99.8976566-20.3253713,TH570909,0.797,0.0,0.797
N-99.9029676-20.3261476,TH570909,0.698,0.0,0.698
N-99.9056334-20.3253982,TH570909,1.928,0.0,1.928
N-99.9057860-20.3253174,TH570909,6.189,0.0,6.189
N-99.9060283-20.3254475,TH570909,1.071,0.0,1.071
N-99.8535695-20.3247743,TH570909,1.212,1.212,0.0
N-99.8538388-20.3243480,TH570909,1.244,0.618,0.626
N-99.8540587-20.3241101,TH570909,0.625,0.0,0.625
N-99.8661496-20.3244006,TH570909,4.409,4.409,0.0
N-99.8661656-20.3241981,TH570909,8.947,2.885,6.062
N-99.8662576-20.3240139,TH570909,3.765,0.0,3.765
N-99.8672455-20.3241730,TH570909,3.928,0.0,3.928
N-99.8684175-20.3242698,TH570909,4.317,0.0,4.317
N-99.8691286-20.3243413,TH570909,11.564,0.0,11.564
N-99.8719841-20.3240370,TH570909,5.817,0.0,5.817
N-99.8725487-20.3243570,TH570909,5.147,0.0,5.147
N-99.8731713-20.3241980,TH570909,5.518,0.0,5.518
N-99.8739052-20.3240124,TH570909,5.273,0.0,5.273
N-99.8749720-20.3237427,TH570909,5.114,0.0,5.114
N-99.8811407-20.3239090,TH570909,29.8,0.0,29.8
N-99.8814263-20.3244528,TH570909,8.25,0.0,8.25
N-99.8821759-20.3242816,TH570909,7.822,0.0,7.822
N-99.8831618-20.3241851,TH570909,8.059,0.0,8.059
N-99.8840796-20.3239601,TH570909,6.852,0.0,6.852
N-99.8850133-20.3238137,TH570909,5.909,0.0,5.909
N-99.8859434-20.3241511,TH570909,3.996,0.0,3.996
N-99.8868875-20.3241550,TH570909,3.664,0.0,3.664
N-99.8899076-20.3245285,TH570909,1.61,0.0,1.61
N-99.8908009-20.3238498,TH570909,6.345,0.0,6.345
N-99.8931559-20.3248169,TH570909,2.463,0.0,2.463
N-99.8965332-20.3240048,TH570909,1.351,0.0,1.351
N-99.8966329-20.3242478,TH570909,1.38,0.0,1.38
N-99.8972332-20.3240412,TH570909,14.373,0.0,14.373
N-99.9031381-20.3260893,TH570909,4.84,0.0,4.84
N-99.9051173-20.3257213,TH570909,0.659,0.0,0.659
N-99.9058847-20.3253174,TH570909,2.162,0.0,2.162
N-99.9110368-20.3224900,TH570909,1.996,0.0,1.996
N-99.9114676-20.3229074,TH570909,0.986,0.0,0.986
N-99.9115708-20.3229657,TH570909,0.477,0.0,0.477
N-99.9127556-20.3239665,TH570909,1.39,0.0,1.39
N-99.9135859-20.3243570,TH570909,4.375,0.0,4.375
N-99.8541911-20.3230942,TH570909,6.242,4.313,1.929
N-99.8561659-20.3225321,TH570909,1.409,1.409,0.0
N-99.8563577-20.3225019,TH570909,0.763,0.0,0.763
N-99.8661886-20.3241351,TH570909,1.466,1.466,0.0
N-99.8663478-20.3236870,TH570909,3.987,3.987,0.0
N-99.8664133-20.3235012,TH570909,2.704,2.704,0.0
N-99.8664682-20.3233236,TH570909,11.198,11.198,0.0
N-99.8675848-20.3233594,TH570909,4.029,0.0,4.029
N-99.8680674-20.3237137,TH570909,4.509,0.0,4.509
N-99.8687832-20.3236840,TH570909,10.006,0.0,10.006
N-99.8718548-20.3234712,TH570909,9.584,0.0,9.584
N-99.8723987-20.3232313,TH570909,4.516,0.0,4.516
N-99.8732778-20.3235979,TH570909,4.853,0.0,4.853
N-99.8738095-20.3233671,TH570909,4.741,0.0,4.741
N-99.8752016-20.3236284,TH570909,4.493,0.0,4.493
N-99.8759548-20.3234824,TH570909,4.483,0.0,4.483
N-99.8767079-20.3232799,TH570909,4.79,0.0,4.79
N-99.8770459-20.3231890,TH570909,4.2,0.0,4.2
N-99.8785298-20.3227900,TH570909,23.75,0.0,23.75
N-99.8816013-20.3234818,TH570909,13.94,0.0,13.94
N-99.8827688-20.3231686,TH570909,7.075,0.0,7.075
N-99.8835159-20.3235107,TH570909,7.213,0.0,7.213
N-99.8844501-20.3234400,TH570909,6.351,0.0,6.351
N-99.8851582-20.3234300,TH570909,5.581,0.0,5.581
N-99.8858851-20.3233654,TH570909,3.989,0.0,3.989
N-99.8866865-20.3233314,TH570909,3.374,0.0,3.374
N-99.8875697-20.3232171,TH570909,5.699,0.0,5.699
N-99.8959216-20.3228817,TH570909,11.263,0.0,11.263
N-99.8961979-20.3233219,TH570909,3.57,0.0,3.57
N-99.9101482-20.3215745,TH570909,2.044,0.0,2.044
N-99.9118401-20.3231049,TH570909,1.868,0.0,1.868
N-99.8543854-20.3222902,TH570909,4.481,3.827,0.655
N-99.8565039-20.3224277,TH570909,0.779,0.779,0.0
N-99.8575053-20.3213995,TH570909,4.447,4.447,0.0
N-99.8670215-20.3222080,TH570909,3.161,0.0,3.161
N-99.8671798-20.3226306,TH570909,3.932,0.0,3.932
N-99.8682578-20.3227488,TH570909,4.397,0.0,4.397
N-99.8690326-20.3220651,TH570909,5.374,0.0,5.374
N-99.8694889-20.3216626,TH570909,10.752,0.0,10.752
N-99.8716244-20.3226186,TH570909,8.159,0.0,8.159
N-99.8725476-20.3225220,TH570909,3.032,0.0,3.032
N-99.8735131-20.3224340,TH570909,3.543,0.0,3.543
N-99.8736056-20.3227093,TH570909,3.538,0.0,3.538
N-99.8748647-20.3225146,TH570909,4.388,0.0,4.388
N-99.8756298-20.3226584,TH570909,4.441,0.0,4.441
N-99.8767402-20.3224335,TH570909,9.031,0.0,9.031
N-99.8805995-20.3214329,TH570909,43.302,0.0,43.302
N-99.8827288-20.3222243,TH570909,5.6,0.0,5.6
N-99.8834680-20.3221230,TH570909,27.445,0.0,27.445
N-99.8854263-20.3230552,TH570909,4.767,0.0,4.767
N-99.8857453-20.3228691,TH570909,14.281,0.0,14.281
N-99.8867458-20.3227408,TH570909,9.206,0.0,9.206
N-99.8878214-20.3225899,TH570909,11.702,0.0,11.702
N-99.8902130-20.3223195,TH570909,3.079,0.0,3.079
N-99.8903791-20.3221624,TH570909,1.203,0.0,1.203
N-99.8904015-20.3221355,TH570909,2.269,0.0,2.269
N-99.8946288-20.3212040,TH570909,8.121,0.0,8.121
N-99.9095423-20.3208699,TH570909,3.135,0.0,3.135
N-99.9105970-20.3218168,TH570909,0.501,0.0,0.501
N-99.8546599-20.3215417,TH570909,1.446,0.744,0.703
N-99.8555721-20.3209200,TH570909,0.764,0.764,0.0
N-99.8566257-20.3213142,TH570909,0.781,0.0,0.781
N-99.8572495-20.3217675,TH570909,0.764,0.0,0.764
N-99.8576759-20.3208699,TH570909,4.397,2.321,2.077
N-99.8667962-20.3213855,TH570909,17.522,8.337,9.185
N-99.8668940-20.3217675,TH570909,6.825,0.0,6.825
N-99.8687819-20.3217620,TH570909,4.587,0.0,4.587
N-99.8698695-20.3212424,TH570909,10.429,0.0,10.429
N-99.8713233-20.3215042,TH570909,4.309,0.0,4.309
N-99.8713961-20.3217736,TH570909,4.29,0.0,4.29
N-99.8723933-20.3215712,TH570909,4.428,0.0,4.428
N-99.8732811-20.3217423,TH570909,3.731,0.0,3.731
N-99.8739376-20.3213046,TH570909,9.252,0.0,9.252
N-99.8753891-20.3215042,TH570909,18.775,0.0,18.775
N-99.8766596-20.3223881,TH570909,4.76,0.0,4.76
N-99.8781975-20.3216011,TH570909,23.604,0.0,23.604
N-99.8816160-20.3211902,TH570909,5.931,0.0,5.931
N-99.8824475-20.3217363,TH570909,6.057,0.0,6.057
N-99.8902355-20.3215924,TH570909,5.292,0.0,5.292
N-99.8904105-20.3220771,TH570909,1.134,0.0,1.134
N-99.8941568-20.3204696,TH570909,6.808,0.0,6.808
N-99.8944598-20.3209701,TH570909,2.812,0.0,2.812
N-99.9082588-20.3194203,TH570909,6.357,0.0,6.357
N-99.8541463-20.3200112,TH570909,25.545,24.197,1.347
N-99.8543943-20.3205234,TH570909,1.37,1.37,0.0
N-99.8549562-20.3207308,TH570909,1.515,0.753,0.762
N-99.8556429-20.3209013,TH570909,0.755,0.0,0.755
N-99.8563520-20.3206455,TH570909,1.762,0.994,0.768
N-99.8577118-20.3206500,TH570909,4.138,4.138,0.0
N-99.8592287-20.3181458,TH570909,12.14,8.328,3.812
N-99.8665602-20.3202763,TH570909,19.717,15.992,3.725
N-99.8686418-20.3211760,TH570909,4.958,0.0,4.958
N-99.8693399-20.3207263,TH570909,5.637,0.0,5.637
N-99.8709378-20.3208621,TH570909,5.136,0.0,5.136
N-99.8715659-20.3211437,TH570909,5.228,0.0,5.228
N-99.8726163-20.3202445,TH570909,10.445,0.0,10.445
N-99.8731215-20.3212569,TH570909,5.154,0.0,5.154
N-99.8770402-20.3204243,TH570909,4.863,0.0,4.863
N-99.8771797-20.3204469,TH570909,11.526,0.0,11.526
N-99.8795870-20.3199288,TH570909,18.673,0.0,18.673
N-99.8817686-20.3211543,TH570909,5.481,0.0,5.481
N-99.8822800-20.3209891,TH570909,23.552,0.0,23.552
N-99.8897238-20.3201294,TH570909,4.219,0.0,4.219
N-99.8899841-20.3208250,TH570909,5.04,0.0,5.04
N-99.8562520-20.3206784,TH570909,0.766,0.766,0.0
N-99.8568981-20.3204526,TH570909,1.182,1.182,0.0
N-99.8574284-20.3199733,TH570909,2.39,1.182,1.208
N-99.8576894-20.3204929,TH570909,2.547,1.379,1.168
N-99.8641471-20.3170919,TH570909,3.711,1.237,2.474
N-99.8644847-20.3172468,TH570909,6.308,6.308,0.0
N-99.8665039-20.3194890,TH570909,8.828,4.023,4.805
N-99.8693063-20.3206607,TH570909,9.691,0.0,9.691
N-99.8702655-20.3198406,TH570909,5.188,0.0,5.188
N-99.8706352-20.3203616,TH570909,5.283,0.0,5.283
N-99.8717758-20.3204668,TH570909,5.417,0.0,5.417
N-99.8730712-20.3201561,TH570909,6.065,0.0,6.065
N-99.8740027-20.3199750,TH570909,5.115,0.0,5.115
N-99.8750546-20.3197262,TH570909,9.678,0.0,9.678
N-99.8769839-20.3199049,TH570909,5.034,0.0,5.034
N-99.8769920-20.3200671,TH570909,5.885,0.0,5.885
N-99.8812238-20.3188997,TH570909,11.006,0.0,11.006
N-99.8840757-20.3180599,TH570909,11.697,0.0,11.697
N-99.8846564-20.3179492,TH570909,6.554,0.0,6.554
N-99.8853524-20.3178147,TH570909,2.556,0.0,2.556
N-99.8886826-20.3185182,TH570909,8.424,0.0,8.424
N-99.8892616-20.3194113,TH570909,7.243,0.0,7.243
N-99.8896161-20.3199319,TH570909,2.926,0.0,2.926
N-99.8932287-20.3188522,TH570909,7.801,0.0,7.801
N-99.8959538-20.3173933,TH570909,9.364,0.0,9.364
N-99.8959780-20.3173581,TH570909,8.645,0.0,8.645
N-99.9035061-20.3148831,TH570909,10.585,0.0,10.585
N-99.9082184-20.3192767,TH570909,4.752,0.0,4.752
N-99.9084473-20.3195011,TH570909,0.538,0.0,0.538
N-99.9092192-20.3200262,TH570909,0.529,0.0,0.529
N-99.8577425-20.3185145,TH570909,3.393,1.016,2.377
N-99.8580618-20.3185497,TH570909,1.213,0.0,1.213
N-99.8588068-20.3182086,TH570909,1.253,1.253,0.0
N-99.8634025-20.3168000,TH570909,2.494,1.235,1.259
N-99.8663805-20.3185382,TH570909,6.373,2.048,4.324
N-99.8695126-20.3186911,TH570909,8.627,0.0,8.627
N-99.8699616-20.3193714,TH570909,4.683,0.0,4.683
N-99.8706496-20.3189564,TH570909,5.034,0.0,5.034
N-99.8716042-20.3189385,TH570909,5.073,0.0,5.073
N-99.8723403-20.3191715,TH570909,5.15,0.0,5.15
N-99.8732749-20.3192668,TH570909,5.412,0.0,5.412
N-99.8740876-20.3191096,TH570909,5.136,0.0,5.136
N-99.8749373-20.3191024,TH570909,9.633,0.0,9.633
N-99.8761178-20.3190129,TH570909,12.999,0.0,12.999
N-99.8766687-20.3191100,TH570909,4.986,0.0,4.986
N-99.8779067-20.3188580,TH570909,16.09,0.0,16.09
N-99.8785320-20.3187745,TH570909,13.356,0.0,13.356
N-99.8792891-20.3186985,TH570909,14.941,0.0,14.941
N-99.8795993-20.3186535,TH570909,6.715,0.0,6.715
N-99.8817788-20.3187546,TH570909,10.873,0.0,10.873
N-99.8832992-20.3180310,TH570909,9.456,0.0,9.456
N-99.8854154-20.3178033,TH570909,2.606,0.0,2.606
N-99.8856300-20.3177555,TH570909,6.869,0.0,6.869
N-99.8577836-20.3182669,TH570909,3.408,2.191,1.217
N-99.8583266-20.3182714,TH570909,1.278,0.0,1.278
N-99.8612881-20.3166068,TH570909,4.294,2.413,1.881
N-99.8625883-20.3166472,TH570909,4.703,2.487,2.217
N-99.8647577-20.3172603,TH570909,3.192,1.878,1.314
N-99.8662169-20.3179874,TH570909,2.048,0.0,2.048
N-99.8687584-20.3177042,TH570909,2.301,0.0,2.301
N-99.8691176-20.3181690,TH570909,2.713,0.0,2.713
N-99.8702673-20.3181764,TH570909,7.252,0.0,7.252
N-99.8708522-20.3185775,TH570909,3.523,0.0,3.523
N-99.8719898-20.3182767,TH570909,4.047,0.0,4.047
N-99.8725274-20.3184397,TH570909,4.034,0.0,4.034
N-99.8730890-20.3184530,TH570909,4.973,0.0,4.973
N-99.8736499-20.3184259,TH570909,4.738,0.0,4.738
N-99.8765534-20.3189579,TH570909,4.959,0.0,4.959
N-99.8800300-20.3180560,TH570909,6.267,0.0,6.267
N-99.8811192-20.3183232,TH570909,6.238,0.0,6.238
N-99.8816515-20.3181870,TH570909,4.883,0.0,4.883
N-99.8823939-20.3180511,TH570909,4.847,0.0,4.847
N-99.8850547-20.3178738,TH570909,3.162,0.0,3.162
N-99.8873225-20.3175166,TH570909,4.356,0.0,4.356
N-99.8881486-20.3178047,TH570909,4.207,0.0,4.207
N-99.8884120-20.3181566,TH570909,1.641,0.0,1.641
N-99.8902821-20.3177055,TH570909,1.121,0.0,1.121
N-99.8905985-20.3176884,TH570909,2.137,0.0,2.137
N-99.8912477-20.3175043,TH570909,2.387,0.0,2.387
N-99.9041030-20.3148876,TH570909,2.822,0.0,2.822
N-99.9074061-20.3163686,TH570909,1.725,0.0,1.725
N-99.9080927-20.3174277,TH570909,1.123,0.0,1.123
N-99.9082722-20.3186260,TH570909,1.103,0.0,1.103
N-99.8580556-20.3169841,TH570909,12.612,8.227,4.385
N-99.8584747-20.3175174,TH570909,1.287,0.0,1.287
N-99.8591973-20.3176970,TH570909,2.597,0.0,2.597
N-99.8606746-20.3165710,TH570909,2.122,0.94,1.182
N-99.8634862-20.3168157,TH570909,1.241,1.241,0.0
N-99.8661073-20.3172511,TH570909,7.021,3.071,3.95
N-99.8684887-20.3173369,TH570909,8.234,4.038,4.196
N-99.8693550-20.3173680,TH570909,4.98,4.98,0.0
N-99.8699464-20.3171486,TH570909,5.496,0.0,5.496
N-99.8719883-20.3171066,TH570909,3.773,0.0,3.773
N-99.8724814-20.3174329,TH570909,8.492,4.675,3.817
N-99.8736097-20.3166085,TH570909,8.801,0.0,8.801
N-99.8739436-20.3162979,TH570909,23.45,0.0,23.45
N-99.8769291-20.3189332,TH570909,7.282,0.0,7.282
N-99.8791292-20.3164753,TH570909,20.835,0.0,20.835
N-99.8799537-20.3176745,TH570909,13.141,0.0,13.141
N-99.8808468-20.3174726,TH570909,5.793,0.0,5.793
N-99.8817219-20.3176835,TH570909,5.459,0.0,5.459
N-99.8824176-20.3175982,TH570909,5.378,0.0,5.378
N-99.8834461-20.3174757,TH570909,5.356,0.0,5.356
N-99.8838645-20.3174259,TH570909,4.747,0.0,4.747
N-99.8852767-20.3175089,TH570909,3.713,0.0,3.713
N-99.8873708-20.3174399,TH570909,2.716,0.0,2.716
N-99.8900947-20.3176070,TH570909,10.372,0.0,10.372
N-99.8917762-20.3172990,TH570909,2.119,0.0,2.119
N-99.8921451-20.3172097,TH570909,1.964,0.0,1.964
N-99.8946288-20.3167243,TH570909,0.84,0.0,0.84
N-99.8947817-20.3167318,TH570909,1.642,0.0,1.642
N-99.9032548-20.3146901,TH570909,2.521,0.0,2.521
N-99.9069708-20.3157941,TH570909,1.708,0.0,1.708
N-99.9077292-20.3166692,TH570909,1.124,0.0,1.124
N-99.8584435-20.3167618,TH570909,1.287,0.0,1.287
N-99.8590402-20.3166468,TH570909,1.333,0.0,1.333
N-99.8596718-20.3165125,TH570909,1.329,0.0,1.329
N-99.8652390-20.3172198,TH570909,1.248,0.0,1.248
N-99.8706719-20.3165356,TH570909,5.382,0.0,5.382
N-99.8716235-20.3168073,TH570909,3.389,0.0,3.389
N-99.8730806-20.3164057,TH570909,3.652,0.0,3.652
N-99.8798251-20.3166563,TH570909,5.095,0.0,5.095
N-99.8807089-20.3169564,TH570909,5.218,0.0,5.218
N-99.8815544-20.3170043,TH570909,5.067,0.0,5.067
N-99.8822695-20.3169520,TH570909,5.027,0.0,5.027
N-99.8833914-20.3165660,TH570909,4.798,0.0,4.798
N-99.8839434-20.3164404,TH570909,8.194,0.0,8.194
N-99.8848904-20.3166917,TH570909,3.446,0.0,3.446
N-99.8859720-20.3164673,TH570909,2.216,0.0,2.216
N-99.8865464-20.3165481,TH570909,10.093,0.0,10.093
N-99.8873094-20.3168802,TH570909,4.05,0.0,4.05
N-99.8877043-20.3172616,TH570909,2.234,0.0,2.234
N-99.8920884-20.3171658,TH570909,3.12,0.0,3.12
N-99.8939234-20.3156980,TH570909,3.381,0.0,3.381
N-99.8945671-20.3166488,TH570909,0.845,0.0,0.845
N-99.8956776-20.3169632,TH570909,0.789,0.0,0.789
N-99.8959646-20.3172726,TH570909,4.339,0.0,4.339
N-99.9011883-20.3137015,TH570909,3.837,0.0,3.837
N-99.9017154-20.3138598,TH570909,2.507,0.0,2.507
N-99.9052698-20.3148023,TH570909,1.686,0.0,1.686
N-99.8587171-20.3160409,TH570909,2.504,1.277,1.227
N-99.8589684-20.3157447,TH570909,2.173,1.303,0.87
N-99.8598888-20.3154691,TH570909,1.31,0.0,1.31
N-99.8605648-20.3151496,TH570909,1.821,0.0,1.821
N-99.8634025-20.3159671,TH570909,1.126,0.0,1.126
N-99.8643950-20.3156678,TH570909,2.111,0.0,2.111
N-99.8652211-20.3156427,TH570909,2.426,0.0,2.426
N-99.8655027-20.3155571,TH570909,1.248,0.0,1.248
N-99.8666963-20.3148880,TH570909,2.567,0.0,2.567
N-99.8676753-20.3150541,TH570909,1.392,0.0,1.392
N-99.8681661-20.3150365,TH570909,4.208,0.0,4.208
N-99.8690969-20.3148604,TH570909,3.835,0.0,3.835
N-99.8711556-20.3163864,TH570909,2.088,0.0,2.088
N-99.8717422-20.3161988,TH570909,3.212,0.0,3.212
N-99.8723782-20.3158345,TH570909,3.391,0.0,3.391
N-99.8732747-20.3160738,TH570909,4.879,0.0,4.879
N-99.8753907-20.3145842,TH570909,3.486,0.0,3.486
N-99.8757107-20.3144747,TH570909,7.272,0.0,7.272
N-99.8789768-20.3159418,TH570909,25.337,4.895,20.442
N-99.8797692-20.3165944,TH570909,4.951,0.0,4.951
N-99.8814033-20.3163192,TH570909,4.109,0.0,4.109
N-99.8818213-20.3156150,TH570909,4.153,0.0,4.153
N-99.8819912-20.3158121,TH570909,4.074,0.0,4.074
N-99.8831715-20.3165481,TH570909,4.086,0.0,4.086
N-99.8852001-20.3160903,TH570909,18.966,0.0,18.966
N-99.8856847-20.3164583,TH570909,2.726,0.0,2.726
N-99.8870446-20.3167186,TH570909,5.972,0.0,5.972
N-99.8874664-20.3169969,TH570909,5.874,0.0,5.874
N-99.8935264-20.3153911,TH570909,1.019,0.0,1.019
N-99.8936444-20.3155068,TH570909,0.962,0.0,0.962
N-99.8952994-20.3165381,TH570909,0.822,0.0,0.822
N-99.8953691-20.3165507,TH570909,4.593,0.0,4.593
N-99.9064726-20.3153139,TH570909,0.566,0.0,0.566
N-99.8587844-20.3159108,TH570909,6.051,6.051,0.0
N-99.8595069-20.3150491,TH570909,1.713,1.713,0.0
N-99.8600900-20.3153257,TH570909,0.885,0.0,0.885
N-99.8619595-20.3143523,TH570909,2.688,0.0,2.688
N-99.8624101-20.3144479,TH570909,1.805,0.0,1.805
N-99.8632588-20.3142144,TH570909,1.789,0.0,1.789
N-99.8660821-20.3147547,TH570909,1.229,0.0,1.229
N-99.8674151-20.3150188,TH570909,2.483,0.0,2.483
N-99.8701322-20.3147170,TH570909,3.318,0.0,3.318
N-99.8703870-20.3146264,TH570909,1.993,0.0,1.993
N-99.8707177-20.3144343,TH570909,4.439,0.0,4.439
N-99.8730209-20.3153163,TH570909,3.412,0.0,3.412
N-99.8737021-20.3148171,TH570909,4.403,0.0,4.403
N-99.8739374-20.3149423,TH570909,4.668,0.0,4.668
N-99.8747456-20.3146128,TH570909,3.73,0.0,3.73
N-99.8759545-20.3143413,TH570909,7.806,0.0,7.806
N-99.8777781-20.3138221,TH570909,8.81,0.0,8.81
N-99.8785451-20.3140793,TH570909,4.588,0.0,4.588
N-99.8817810-20.3155345,TH570909,11.821,0.0,11.821
N-99.8819447-20.3157257,TH570909,2.882,0.0,2.882
N-99.8847961-20.3161980,TH570909,5.575,0.0,5.575
N-99.8868651-20.3166378,TH570909,4.866,0.0,4.866
N-99.8929095-20.3142491,TH570909,7.358,0.0,7.358
N-99.8931831-20.3148730,TH570909,1.819,0.0,1.819
N-99.8933011-20.3150138,TH570909,0.958,0.0,0.958
N-99.8934513-20.3151698,TH570909,1.632,0.0,1.632
N-99.9010782-20.3136040,TH570909,1.907,0.0,1.907
N-99.9056199-20.3145824,TH570909,0.564,0.0,0.564
N-99.8595653-20.3149414,TH570909,1.647,1.647,0.0
N-99.8596191-20.3148741,TH570909,0.853,0.853,0.0
N-99.8601128-20.3142907,TH570909,1.731,0.862,0.869
N-99.8642237-20.3139496,TH570909,0.856,0.0,0.856
N-99.8645700-20.3138013,TH570909,1.7,0.0,1.7
N-99.8661330-20.3147296,TH570909,0.919,0.0,0.919
N-99.8662966-20.3147623,TH570909,0.99,0.0,0.99
N-99.8693088-20.3148076,TH570909,1.444,0.0,1.444
N-99.8716422-20.3138105,TH570909,2.174,0.0,2.174
N-99.8718262-20.3137207,TH570909,3.965,0.0,3.965
N-99.8734818-20.3143455,TH570909,3.627,0.0,3.627
N-99.8741299-20.3146513,TH570909,4.786,0.0,4.786
N-99.8749035-20.3138080,TH570909,10.247,0.0,10.247
N-99.8765878-20.3138688,TH570909,4.124,0.0,4.124
N-99.8782708-20.3140078,TH570909,5.136,0.0,5.136
N-99.8790398-20.3138668,TH570909,9.381,0.0,9.381
N-99.8805416-20.3135322,TH570909,12.344,0.0,12.344
N-99.8807568-20.3136673,TH570909,4.144,0.0,4.144
N-99.8811879-20.3135502,TH570909,3.865,0.0,3.865
N-99.8813533-20.3134485,TH570909,13.604,0.0,13.604
N-99.8925662-20.3132128,TH570909,7.477,0.0,7.477
N-99.8996869-20.3122173,TH570909,3.226,0.0,3.226
N-99.9007416-20.3131283,TH570909,0.623,0.0,0.623
N-99.9025457-20.3141246,TH570909,0.575,0.0,0.575
N-99.8601308-20.3133886,TH570909,3.365,3.365,0.0
N-99.8601622-20.3131687,TH570909,4.555,2.919,1.636
N-99.8620829-20.3143472,TH570909,0.86,0.0,0.86
N-99.8636268-20.3140977,TH570909,1.638,0.0,1.638
N-99.8644758-20.3138359,TH570909,0.837,0.0,0.837
N-99.8652739-20.3136175,TH570909,2.524,0.0,2.524
N-99.8662567-20.3133392,TH570909,2.531,0.0,2.531
N-99.8668357-20.3131597,TH570909,2.614,0.0,2.614
N-99.8674460-20.3129982,TH570909,3.654,0.0,3.654
N-99.8694745-20.3126616,TH570909,1.15,0.0,1.15
N-99.8699188-20.3127154,TH570909,3.48,0.0,3.48
N-99.8707760-20.3128815,TH570909,4.757,0.0,4.757
N-99.8726250-20.3132629,TH570909,1.767,0.0,1.767
N-99.8734514-20.3132118,TH570909,3.581,0.0,3.581
N-99.8741688-20.3132001,TH570909,4.599,0.0,4.599
N-99.8762692-20.3131597,TH570909,4.588,0.0,4.588
N-99.8764397-20.3135367,TH570909,4.218,0.0,4.218
N-99.8775168-20.3130924,TH570909,5.116,0.0,5.116
N-99.8777524-20.3130241,TH570909,5.434,0.0,5.434
N-99.8821257-20.3123060,TH570909,9.532,0.0,9.532
N-99.8921746-20.3120809,TH570909,3.102,0.0,3.102
N-99.8923409-20.3124582,TH570909,5.402,0.0,5.402
N-99.8989464-20.3116159,TH570909,3.403,0.0,3.403
N-99.9005621-20.3128590,TH570909,0.598,0.0,0.598
N-99.9009435-20.3132809,TH570909,0.598,0.0,0.598
N-99.8602564-20.3128725,TH570909,0.807,0.0,0.807
N-99.8603596-20.3123564,TH570909,3.721,2.203,1.518
N-99.8607366-20.3116832,TH570909,2.353,0.769,1.584
N-99.8688372-20.3125314,TH570909,6.858,0.0,6.858
N-99.8711979-20.3129219,TH570909,1.669,0.0,1.669
N-99.8730585-20.3120210,TH570909,1.705,0.0,1.705
N-99.8733171-20.3122231,TH570909,3.477,0.0,3.477
N-99.8740714-20.3124859,TH570909,4.566,0.0,4.566
N-99.8750862-20.3126476,TH570909,5.106,0.0,5.106
N-99.8757845-20.3126975,TH570909,4.804,0.0,4.804
N-99.8770081-20.3123764,TH570909,4.463,0.0,4.463
N-99.8771890-20.3123055,TH570909,5.079,0.0,5.079
N-99.8783426-20.3119076,TH570909,10.794,0.0,10.794
N-99.8788802-20.3117153,TH570909,4.99,0.0,4.99
N-99.8803003-20.3126032,TH570909,4.54,0.0,4.54
N-99.8809971-20.3122692,TH570909,4.236,0.0,4.236
N-99.8818173-20.3122305,TH570909,3.95,0.0,3.95
N-99.8823547-20.3118223,TH570909,7.398,0.0,7.398
N-99.8829091-20.3112802,TH570909,19.444,0.0,19.444
N-99.8872094-20.3097950,TH570909,28.666,0.0,28.666
N-99.8920727-20.3118243,TH570909,4.045,0.0,4.045
N-99.8978783-20.3106061,TH570909,2.15,0.0,2.15
N-99.8984842-20.3111132,TH570909,2.04,0.0,2.04
N-99.9001851-20.3125449,TH570909,0.598,0.0,0.598
N-99.8604449-20.3120692,TH570909,4.184,3.485,0.699
N-99.8604808-20.3120063,TH570909,1.462,1.462,0.0
N-99.8608219-20.3115037,TH570909,1.501,0.0,1.501
N-99.8633979-20.3096996,TH570909,2.38,0.0,2.38
N-99.8640644-20.3096560,TH570909,2.407,0.0,2.407
N-99.8729795-20.3118459,TH570909,9.25,0.0,9.25
N-99.8739277-20.3122838,TH570909,4.192,0.0,4.192
N-99.8750541-20.3120771,TH570909,4.612,0.0,4.612
N-99.8757306-20.3120467,TH570909,4.467,0.0,4.467
N-99.8766372-20.3118986,TH570909,4.876,0.0,4.876
N-99.8776155-20.3115755,TH570909,5.453,0.0,5.453
N-99.8790680-20.3115803,TH570909,5.302,0.0,5.302
N-99.8799478-20.3114594,TH570909,4.943,0.0,4.943
N-99.8808603-20.3115306,TH570909,4.24,0.0,4.24
N-99.8818835-20.3119974,TH570909,3.921,0.0,3.921
N-99.8919278-20.3112759,TH570909,5.75,0.0,5.75
N-99.8977302-20.3104356,TH570909,2.937,0.0,2.937
N-99.8608937-20.3109876,TH570909,2.191,2.191,0.0
N-99.8609700-20.3107228,TH570909,0.74,0.0,0.74
N-99.8626440-20.3096457,TH570909,1.556,0.0,1.556
N-99.8646625-20.3096535,TH570909,0.808,0.0,0.808
N-99.8652653-20.3094466,TH570909,0.824,0.0,0.824
N-99.8655466-20.3092897,TH570909,0.851,0.0,0.851
N-99.8709538-20.3093061,TH570909,4.545,0.0,4.545
N-99.8715787-20.3094948,TH570909,5.032,0.0,5.032
N-99.8723905-20.3097912,TH570909,7.629,0.0,7.629
N-99.8749946-20.3100541,TH570909,9.464,0.0,9.464
N-99.8756423-20.3109383,TH570909,8.316,0.0,8.316
N-99.8773956-20.3111312,TH570909,9.909,0.0,9.909
N-99.8785818-20.3107087,TH570909,5.259,0.0,5.259
N-99.8786710-20.3108609,TH570909,5.28,0.0,5.28
N-99.8799041-20.3108644,TH570909,4.896,0.0,4.896
N-99.8806435-20.3108916,TH570909,4.17,0.0,4.17
N-99.8820092-20.3112254,TH570909,3.873,0.0,3.873
N-99.8824276-20.3107541,TH570909,3.869,0.0,3.869
N-99.8848764-20.3090978,TH570909,14.11,0.0,14.11
N-99.8917293-20.3104811,TH570909,4.465,0.0,4.465
N-99.8983316-20.3107542,TH570909,0.617,0.0,0.617
N-99.8610059-20.3101618,TH570909,4.424,4.424,0.0
N-99.8613111-20.3096367,TH570909,1.679,0.853,0.826
N-99.8648248-20.3096050,TH570909,0.828,0.0,0.828
N-99.8654762-20.3093299,TH570909,0.848,0.0,0.848
N-99.8655751-20.3092595,TH570909,0.855,0.0,0.855
N-99.8655973-20.3092214,TH570909,3.525,0.0,3.525
N-99.8694740-20.3088211,TH570909,2.839,0.0,2.839
N-99.8695463-20.3088424,TH570909,1.048,0.0,1.048
N-99.8700918-20.3089558,TH570909,5.336,0.0,5.336
N-99.8760717-20.3093360,TH570909,18.981,0.0,18.981
N-99.8775751-20.3097938,TH570909,4.479,0.0,4.479
N-99.8783246-20.3097983,TH570909,4.69,0.0,4.69
N-99.8793322-20.3100217,TH570909,5.145,0.0,5.145
N-99.8802324-20.3103367,TH570909,4.605,0.0,4.605
N-99.8811071-20.3098881,TH570909,4.179,0.0,4.179
N-99.8817130-20.3100272,TH570909,3.742,0.0,3.742
N-99.8818856-20.3100484,TH570909,3.513,0.0,3.513
N-99.8835634-20.3091334,TH570909,9.491,0.0,9.491
N-99.8915459-20.3095919,TH570909,1.752,0.0,1.752
N-99.8916267-20.3100003,TH570909,2.615,0.0,2.615
N-99.8969211-20.3088607,TH570909,2.114,0.0,2.114
N-99.8977886-20.3102471,TH570909,1.323,0.0,1.323
N-99.8607815-20.3078506,TH570909,18.106,15.774,2.332
N-99.8611181-20.3098701,TH570909,1.436,1.436,0.0
N-99.8618721-20.3090129,TH570909,0.826,0.826,0.0
N-99.8621413-20.3093719,TH570909,0.858,0.858,0.0
N-99.8634884-20.3088359,TH570909,0.869,0.0,0.869
N-99.8640043-20.3088568,TH570909,0.883,0.0,0.883
N-99.8650293-20.3091504,TH570909,0.867,0.0,0.867
N-99.8722396-20.3096295,TH570909,3.077,0.0,3.077
N-99.8741958-20.3086449,TH570909,2.765,0.0,2.765
N-99.8746042-20.3092553,TH570909,2.791,0.0,2.791
N-99.8751786-20.3088648,TH570909,3.474,0.0,3.474
N-99.8777457-20.3088469,TH570909,4.833,0.0,4.833
N-99.8781451-20.3094168,TH570909,4.768,0.0,4.768
N-99.8790066-20.3093201,TH570909,5.103,0.0,5.103
N-99.8805373-20.3098172,TH570909,5.102,0.0,5.102
N-99.8813764-20.3094348,TH570909,4.57,0.0,4.57
N-99.8814392-20.3092867,TH570909,3.737,0.0,3.737
N-99.8826402-20.3086699,TH570909,3.504,0.0,3.504
N-99.8841532-20.3089382,TH570909,3.364,0.0,3.364
N-99.8907471-20.3083622,TH570909,2.071,0.0,2.071
N-99.8908593-20.3085148,TH570909,0.949,0.0,0.949
N-99.8910702-20.3087840,TH570909,1.802,0.0,1.802
N-99.8914606-20.3093046,TH570909,0.884,0.0,0.884
N-99.8915100-20.3094393,TH570909,0.838,0.0,0.838
N-99.8954683-20.3076486,TH570909,2.176,0.0,2.176
N-99.8964224-20.3082847,TH570909,1.383,0.0,1.383
N-99.8975866-20.3091565,TH570909,0.653,0.0,0.653
N-99.8611540-20.3084071,TH570909,0.826,0.826,0.0
N-99.8613963-20.3084878,TH570909,0.828,0.828,0.0
N-99.8624734-20.3084654,TH570909,0.839,0.839,0.0
N-99.8632364-20.3082365,TH570909,0.878,0.0,0.878
N-99.8640107-20.3084762,TH570909,0.886,0.0,0.886
N-99.8651143-20.3083893,TH570909,0.873,0.0,0.873
N-99.8655933-20.3083511,TH570909,1.742,0.0,1.742
N-99.8690861-20.3080531,TH570909,1.804,0.0,1.804
N-99.8692729-20.3084640,TH570909,1.015,0.0,1.015
N-99.8742227-20.3083397,TH570909,5.5,0.0,5.5
N-99.8752639-20.3088199,TH570909,3.379,0.0,3.379
N-99.8761108-20.3082725,TH570909,8.738,0.0,8.738
N-99.8765266-20.3081869,TH570909,4.923,0.0,4.923
N-99.8772159-20.3080964,TH570909,9.078,0.0,9.078
N-99.8781493-20.3080888,TH570909,4.764,0.0,4.764
N-99.8791728-20.3077428,TH570909,9.721,0.0,9.721
N-99.8806132-20.3075788,TH570909,5.082,0.0,5.082
N-99.8810353-20.3080121,TH570909,4.719,0.0,4.719
N-99.8818656-20.3084205,TH570909,3.703,0.0,3.703
N-99.8823054-20.3083038,TH570909,3.672,0.0,3.672
N-99.8831581-20.3084430,TH570909,3.637,0.0,3.637
N-99.8840046-20.3082983,TH570909,3.323,0.0,3.323
N-99.8904509-20.3078012,TH570909,3.896,0.0,3.896
N-99.8913754-20.3091476,TH570909,0.837,0.0,0.837
N-99.8946874-20.3068857,TH570909,1.532,0.0,1.532
N-99.8950868-20.3073120,TH570909,1.42,0.0,1.42
N-99.8965562-20.3083702,TH570909,0.677,0.0,0.677
N-99.8634069-20.3074152,TH570909,1.742,1.742,0.0
N-99.8640651-20.3077077,TH570909,0.915,0.0,0.915
N-99.8648906-20.3074926,TH570909,0.864,0.0,0.864
N-99.8656167-20.3076266,TH570909,1.77,0.0,1.77
N-99.8690071-20.3076017,TH570909,3.909,0.0,3.909
N-99.8742945-20.3071864,TH570909,5.657,0.0,5.657
N-99.8743349-20.3075813,TH570909,8.837,0.0,8.837
N-99.8767331-20.3080989,TH570909,9.17,0.0,9.17
N-99.8783964-20.3075813,TH570909,4.506,0.0,4.506
N-99.8804743-20.3073389,TH570909,4.838,0.0,4.838
N-99.8807256-20.3075768,TH570909,4.5,0.0,4.5
N-99.8816950-20.3077159,TH570909,3.697,0.0,3.697
N-99.8823463-20.3075862,TH570909,3.461,0.0,3.461
N-99.8832882-20.3075274,TH570909,3.609,0.0,3.609
N-99.8840381-20.3074883,TH570909,5.902,0.0,5.902
N-99.8855987-20.3062797,TH570909,2.685,0.0,2.685
N-99.8857160-20.3062346,TH570909,2.752,1.273,1.479
N-99.8863168-20.3058019,TH570909,2.507,0.0,2.507
N-99.8897014-20.3064548,TH570909,3.245,0.0,3.245
N-99.8900918-20.3072402,TH570909,3.872,0.0,3.872
N-99.8909715-20.3086359,TH570909,0.826,0.0,0.826
N-99.8942027-20.3063785,TH570909,1.609,0.0,1.609
N-99.8634877-20.3071774,TH570909,0.879,0.879,0.0
N-99.8636189-20.3070230,TH570909,0.953,0.953,0.0
N-99.8644035-20.3069287,TH570909,0.975,0.975,0.0
N-99.8648218-20.3065629,TH570909,0.939,0.939,0.0
N-99.8657187-20.3069028,TH570909,0.939,0.0,0.939
N-99.8658150-20.3062631,TH570909,0.933,0.0,0.933
N-99.8689640-20.3071234,TH570909,5.172,0.0,5.172
N-99.8701073-20.3049469,TH570909,4.128,0.0,4.128
N-99.8741644-20.3063875,TH570909,11.116,0.0,11.116
N-99.8787779-20.3069171,TH570909,4.496,0.0,4.496
N-99.8787824-20.3069036,TH570909,5.029,0.0,5.029
N-99.8792087-20.3067465,TH570909,5.001,0.0,5.001
N-99.8800480-20.3065446,TH570909,9.552,0.0,9.552
N-99.8809336-20.3064587,TH570909,4.485,0.0,4.485
N-99.8818655-20.3068139,TH570909,3.704,0.0,3.704
N-99.8822430-20.3064862,TH570909,3.457,0.0,3.457
N-99.8829597-20.3070331,TH570909,3.572,0.0,3.572
N-99.8841231-20.3066600,TH570909,3.29,0.0,3.29
N-99.8854907-20.3062547,TH570909,2.568,0.0,2.568
N-99.8867299-20.3055454,TH570909,3.526,2.399,1.127
N-99.8895712-20.3061631,TH570909,4.057,0.0,4.057
N-99.8937270-20.3057547,TH570909,1.629,0.0,1.629
N-99.8944182-20.3065446,TH570909,0.726,0.0,0.726
N-99.8605077-20.3045430,TH570909,5.811,5.811,0.0
N-99.8613784-20.3047898,TH570909,0.848,0.848,0.0
N-99.8619394-20.3048706,TH570909,2.82,2.82,0.0
N-99.8637664-20.3069601,TH570909,0.967,0.967,0.0
N-99.8649530-20.3061688,TH570909,1.018,1.018,0.0
N-99.8651046-20.3059350,TH570909,1.042,1.042,0.0
N-99.8659803-20.3059600,TH570909,1.034,0.0,1.034
N-99.8662317-20.3057545,TH570909,1.04,0.0,1.04
N-99.8664544-20.3051920,TH570909,1.046,0.0,1.046
N-99.8689019-20.3056779,TH570909,1.022,0.0,1.022
N-99.8689424-20.3059848,TH570909,1.293,0.0,1.293
N-99.8694117-20.3053867,TH570909,1.317,0.0,1.317
N-99.8704663-20.3046372,TH570909,4.395,0.0,4.395
N-99.8733700-20.3047225,TH570909,12.056,0.0,12.056
N-99.8740432-20.3055034,TH570909,10.477,0.0,10.477
N-99.8773637-20.3053529,TH570909,17.559,0.0,17.559
N-99.8795229-20.3066299,TH570909,4.341,0.0,4.341
N-99.8814048-20.3055572,TH570909,4.133,0.0,4.133
N-99.8815876-20.3057811,TH570909,2.995,0.0,2.995
N-99.8826407-20.3057041,TH570909,2.724,0.0,2.724
N-99.8834963-20.3059393,TH570909,2.779,0.0,2.779
N-99.8841871-20.3057214,TH570909,2.721,0.0,2.721
N-99.8849864-20.3059831,TH570909,1.997,0.0,1.997
N-99.8890821-20.3052431,TH570909,2.118,0.0,2.118
N-99.8930224-20.3051489,TH570909,1.677,0.0,1.677
N-99.8608847-20.3045116,TH570909,0.877,0.877,0.0
N-99.8621907-20.3047584,TH570909,0.985,0.985,0.0
N-99.8626619-20.3045654,TH570909,1.11,1.11,0.0
N-99.8653789-20.3051871,TH570909,2.376,2.376,0.0
N-99.8654399-20.3049394,TH570909,1.212,0.0,1.212
N-99.8665729-20.3049326,TH570909,1.156,0.0,1.156
N-99.8679300-20.3045164,TH570909,3.876,0.0,3.876
N-99.8685192-20.3048927,TH570909,2.465,0.0,2.465
N-99.8688275-20.3052775,TH570909,1.362,0.0,1.362
N-99.8706901-20.3044011,TH570909,1.726,0.0,1.726
N-99.8739804-20.3053194,TH570909,6.899,0.0,6.899
N-99.8771915-20.3049830,TH570909,22.205,0.0,22.205
N-99.8782504-20.3044329,TH570909,11.021,0.0,11.021
N-99.8801044-20.3043472,TH570909,6.305,0.0,6.305
N-99.8808917-20.3050475,TH570909,3.667,0.0,3.667
N-99.8824395-20.3052111,TH570909,2.64,0.0,2.64
N-99.8833959-20.3050501,TH570909,2.598,0.0,2.598
N-99.8842037-20.3053104,TH570909,2.193,0.0,2.193
N-99.8850160-20.3049065,TH570909,1.975,0.0,1.975
N-99.8854302-20.3044590,TH570909,1.47,0.0,1.47
N-99.8871107-20.3050775,TH570909,1.151,0.0,1.151
N-99.8872878-20.3048863,TH570909,1.12,0.0,1.12
N-99.8881300-20.3045895,TH570909,4.245,0.0,4.245
N-99.8897618-20.3044776,TH570909,0.93,0.0,0.93
N-99.8902857-20.3043527,TH570909,2.706,0.0,2.706
N-99.8922460-20.3044936,TH570909,0.862,0.0,0.862
N-99.8926679-20.3047180,TH570909,0.818,0.0,0.818
N-99.8611944-20.3046103,TH570909,0.971,0.0,0.971
N-99.8627651-20.3041122,TH570909,1.133,1.133,0.0
N-99.8631062-20.3037127,TH570909,1.392,0.0,1.392
N-99.8643388-20.3032551,TH570909,1.427,1.427,0.0
N-99.8652520-20.3041200,TH570909,2.86,1.417,1.443
N-99.8667776-20.3042016,TH570909,1.448,0.0,1.448
N-99.8708615-20.3041741,TH570909,3.497,0.0,3.497
N-99.8726609-20.3040179,TH570909,1.834,0.0,1.834
N-99.8751562-20.3027478,TH570909,13.964,0.0,13.964
N-99.8777933-20.3043043,TH570909,7.651,0.0,7.651
N-99.8792866-20.3038136,TH570909,3.04,0.0,3.04
N-99.8843171-20.3038304,TH570909,1.924,0.0,1.924
N-99.8850340-20.3042019,TH570909,1.976,0.0,1.976
N-99.8860994-20.3040967,TH570909,3.475,0.0,3.475
N-99.8875721-20.3047454,TH570909,1.123,1.123,0.0
N-99.8892549-20.3045422,TH570909,2.084,0.0,2.084
N-99.8908442-20.3041432,TH570909,1.733,0.0,1.733
N-99.8916533-20.3038014,TH570909,0.844,0.0,0.844
N-99.8671619-20.3034471,TH570909,3.547,0.0,3.547
N-99.8691975-20.3023887,TH570909,1.709,0.0,1.709
N-99.8706683-20.3036050,TH570909,3.232,0.0,3.232
N-99.8719249-20.3033537,TH570909,1.873,0.0,1.873
N-99.8721179-20.3035018,TH570909,1.884,0.0,1.884
N-99.8733251-20.3030844,TH570909,6.851,0.0,6.851
N-99.8739759-20.3029498,TH570909,7.267,0.0,7.267
N-99.8758247-20.3024271,TH570909,9.5,0.0,9.5
N-99.8785958-20.3034325,TH570909,3.354,0.0,3.354
N-99.8847782-20.3033043,TH570909,1.452,0.0,1.452
N-99.8718441-20.3027703,TH570909,2.012,0.0,2.012
